Workbook

Sheet Veda
G1: 1,2,3,4,5,6,7,8,9,10,11,12,13,14,15,21,22,23,24,25,31,32,33,34,35,36,37,38,39,40,41,42,43,44,45,46,47,48,49,50,56,57,58,59,60,66,67,68,69,70
D2: ="~Inputcell: "&_xlfn.TEXTJOIN(",",TRUE,G1:EE1) -> ~Inputcell: 1,2,3,4,5,6,7,8,9,10,11,12,13,14,15,21,22,23,24,25,31,32,33,34,35,36,37,38,39,40,41,42,43,44,45,46,47,48,49,50,56,57,58,59,60,66,67,68,69,70 | G2: 5 | H2: 6 | I2: 7 | J2: 9 | K2: 10 | L2: 11 | M2: 16 | N2: 17 | O2: 18 | P2: 20 | Q2: 21 | R2: 22 | S2: 27 | T2: 28 | U2: 29 | V2: 31 | W2: 32 | X2: 33 | Y2: 38 | Z2: 39 | AA2: 40 | AB2: 42 | AC2: 43 | AD2: 44 | AE2: 49 | AF2: 50 | AG2: 51 | AH2: 53 | AI2: 54 | AJ2: 55
D3: 3
D5: =VLOOKUP(D3,$C$9:$E$999,2,FALSE) -> ts_annual | E5: =VLOOKUP(D3,$C$9:$E$999,3,FALSE) -> C3
B7: ~Scenmap
A8: priority | B8: scen | C8: case_no | D8: timeslice | E8: climate | AM8: bio price multiplier
A9: 5 | B9: =VLOOKUP(E9,$AK$9:$AL$15,2,FALSE)&"."&VLOOKUP(D9,$AH$9:$AI$24,2,FALSE) -> e 1.5 deg no OS.kAnn | C9: 1 | D9: =VLOOKUP(AJ9,$AG$9:$AH$22,2,FALSE) -> ts_annual | E9: C1 | G9: Limit warming to 1.5°C (>50%) with no or limited overshoot | AG9: 1 | AH9: ts_annual | AI9: kAnn | AJ9: 1 | AK9: C1 | AL9: e 1.5 deg no OS | AM9: 5
A10: 5 | B10: =VLOOKUP(E10,$AK$9:$AL$15,2,FALSE)&"."&VLOOKUP(D10,$AH$9:$AI$24,2,FALSE) -> d 1.5 deg OS.kAnn | C10: =C9+1 -> 2 | D10: =VLOOKUP(AJ10,$AG$9:$AH$22,2,FALSE) -> ts_annual | E10: C2 | G10: Limit warming to 1.5°C (>67%) with high overshoot | S10: IEA | AG10: 2 | AH10: ts_12t | AI10: k12 | AJ10: 1 | AK10: C2 | AL10: d 1.5 deg OS | AM10: 4
A11: 5 | B11: =VLOOKUP(E11,$AK$9:$AL$15,2,FALSE)&"."&VLOOKUP(D11,$AH$9:$AI$24,2,FALSE) -> c 2 deg (67%).kAnn | C11: =C10+1 -> 3 | D11: =VLOOKUP(AJ11,$AG$9:$AH$22,2,FALSE) -> ts_annual | E11: C3 | G11: Limit warming to 2°C (>67%) with higher action post-2030 | S11: 2022 | AG11: 3 | AH11: ts_012 | AI11: j12 | AJ11: 1 | AK11: C3 | AL11: c 2 deg (67%) | AM11: 3
A12: 5 | B12: =VLOOKUP(E12,$AK$9:$AL$15,2,FALSE)&"."&VLOOKUP(D12,$AH$9:$AI$24,2,FALSE) -> b 2 deg (50%).kAnn | C12: =C11+1 -> 4 | D12: =VLOOKUP(AJ12,$AG$9:$AH$22,2,FALSE) -> ts_annual | E12: C4 | G12: Limit warming to 2°C (>50%) with immediate action | S12: =SUMIFS(iea_data!I3:I9999,iea_data!$B$3:$B$9999,Veda!$S$11)+T28-T29 -> 22.63 | T12: base-year generation (TWh) | AG12: 4 | AH12: ts_024 | AI12: i24 | AJ12: 1 | AK12: C4 | AL12: b 2 deg (50%) | AM12: 3
A13: 5 | B13: =VLOOKUP(E13,$AK$9:$AL$15,2,FALSE)&"."&VLOOKUP(D13,$AH$9:$AI$24,2,FALSE) -> a 3 deg.kAnn | C13: =C12+1 -> 5 | D13: =VLOOKUP(AJ13,$AG$9:$AH$22,2,FALSE) -> ts_annual | E13: C7 | G13: Likely above 3°C warming with limited mitigation | AG13: 5 | AH13: ts_048 | AI13: h48 | AJ13: 1 | AK13: C7 | AL13: a 3 deg | AM13: 1.5
A14: 5 | B14: =VLOOKUP(E14,$AK$9:$AL$15,2,FALSE)&"."&VLOOKUP(D14,$AH$9:$AI$24,2,FALSE) -> e 1.5 deg no OS.k12 | C14: =C13+1 -> 6 | D14: =VLOOKUP(AJ14,$AG$9:$AH$22,2,FALSE) -> ts_12t | E14: =E9 -> C1 | T14: =S12 -> 22.63 | U14: =$S$12*J15 -> 26.4771 | V14: =$S$12*K15 -> 31.682 | W14: =$S$12*L15 -> 37.1132 | X14: =$S$12*M15 -> 42.3181 | Y14: =$S$12*N15 -> 53.4068 | Z14: =$S$12*O15 -> 65.627 | AG14: 6 | AH14: ts_064 | AI14: g64 | AJ14: =AJ9+1 -> 2
A15: 5 | B15: =VLOOKUP(E15,$AK$9:$AL$15,2,FALSE)&"."&VLOOKUP(D15,$AH$9:$AI$24,2,FALSE) -> d 1.5 deg OS.k12 | C15: =C14+1 -> 7 | D15: =VLOOKUP(AJ15,$AG$9:$AH$22,2,FALSE) -> ts_12t | E15: =E10 -> C2 | G15: Electricity growth relative to 2020 | I15: =SUMIFS(ar6_r10!$F$2:$F$999,ar6_r10!$A$2:$A$999,Veda!$E$5,ar6_r10!$C$2:$C$999,Veda!I$17,ar6_r10!$M$2:$M$999,Veda!$G15) -> 1 | J15: =SUMIFS(ar6_r10!$F$2:$F$999,ar6_r10!$A$2:$A$999,Veda!$E$5,ar6_r10!$C$2:$C$999,Veda!J$17,ar6_r10!$M$2:$M$999,Veda!$G15) -> 1.17 | K15: =SUMIFS(ar6_r10!$F$2:$F$999,ar6_r10!$A$2:$A$999,Veda!$E$5,ar6_r10!$C$2:$C$999,Veda!K$17,ar6_r10!$M$2:$M$999,Veda!$G15) -> 1.4 | L15: =SUMIFS(ar6_r10!$F$2:$F$999,ar6_r10!$A$2:$A$999,Veda!$E$5,ar6_r10!$C$2:$C$999,Veda!L$17,ar6_r10!$M$2:$M$999,Veda!$G15) -> 1.64 | M15: =SUMIFS(ar6_r10!$F$2:$F$999,ar6_r10!$A$2:$A$999,Veda!$E$5,ar6_r10!$C$2:$C$999,Veda!M$17,ar6_r10!$M$2:$M$999,Veda!$G15) -> 1.87 | N15: =SUMIFS(ar6_r10!$F$2:$F$999,ar6_r10!$A$2:$A$999,Veda!$E$5,ar6_r10!$C$2:$C$999,Veda!N$17,ar6_r10!$M$2:$M$999,Veda!$G15) -> 2.36 | O15: =SUMIFS(ar6_r10!$F$2:$F$999,ar6_r10!$A$2:$A$999,Veda!$E$5,ar6_r10!$C$2:$C$999,Veda!O$17,ar6_r10!$M$2:$M$999,Veda!$G15) -> 2.9 | AG15: 7 | AH15: ts_096P50 | AI15: f96p50 | AJ15: =AJ10+1 -> 2
A16: 5 | B16: =VLOOKUP(E16,$AK$9:$AL$15,2,FALSE)&"."&VLOOKUP(D16,$AH$9:$AI$24,2,FALSE) -> c 2 deg (67%).k12 | C16: =C15+1 -> 8 | D16: =VLOOKUP(AJ16,$AG$9:$AH$22,2,FALSE) -> ts_12t | E16: =E11 -> C3 | S16: ~TFM_INS-TS | AG16: 8 | AH16: ts_096P10 | AI16: f96p10 | AJ16: =AJ11+1 -> 2
A17: 5 | B17: =VLOOKUP(E17,$AK$9:$AL$15,2,FALSE)&"."&VLOOKUP(D17,$AH$9:$AI$24,2,FALSE) -> b 2 deg (50%).k12 | C17: =C16+1 -> 9 | D17: =VLOOKUP(AJ17,$AG$9:$AH$22,2,FALSE) -> ts_12t | E17: =E12 -> C4 | I17: 2020 | J17: =U17 -> 2025 | K17: =V17 -> 2030 | L17: =W17 -> 2035 | M17: =X17 -> 2040 | N17: =Y17 -> 2045 | O17: =Z17 -> 2050 | S17: commodity | T17: 2022 | U17: 2025 | V17: 2030 | W17: 2035 | X17: 2040 | Y17: 2045 | Z17: 2050 | AA17: attribute | AG17: 9 | AH17: ts_096P90 | AI17: f96p90 | AJ17: =AJ12+1 -> 2
A18: 5 | B18: =VLOOKUP(E18,$AK$9:$AL$15,2,FALSE)&"."&VLOOKUP(D18,$AH$9:$AI$24,2,FALSE) -> a 3 deg.k12 | C18: =C17+1 -> 10 | D18: =VLOOKUP(AJ18,$AG$9:$AH$22,2,FALSE) -> ts_12t | E18: =E13 -> C7 | G18: Hydrogen as a share of electricity | I18: =SUMIFS(ar6_r10!$F$2:$F$999,ar6_r10!$A$2:$A$999,Veda!$E$5,ar6_r10!$C$2:$C$999,Veda!I$17,ar6_r10!$M$2:$M$999,Veda!$G18) -> 0 | J18: =SUMIFS(ar6_r10!$F$2:$F$999,ar6_r10!$A$2:$A$999,Veda!$E$5,ar6_r10!$C$2:$C$999,Veda!J$17,ar6_r10!$M$2:$M$999,Veda!$G18) -> 0 | K18: =SUMIFS(ar6_r10!$F$2:$F$999,ar6_r10!$A$2:$A$999,Veda!$E$5,ar6_r10!$C$2:$C$999,Veda!K$17,ar6_r10!$M$2:$M$999,Veda!$G18) -> 0 | L18: =SUMIFS(ar6_r10!$F$2:$F$999,ar6_r10!$A$2:$A$999,Veda!$E$5,ar6_r10!$C$2:$C$999,Veda!L$17,ar6_r10!$M$2:$M$999,Veda!$G18) -> 0.02 | M18: =SUMIFS(ar6_r10!$F$2:$F$999,ar6_r10!$A$2:$A$999,Veda!$E$5,ar6_r10!$C$2:$C$999,Veda!M$17,ar6_r10!$M$2:$M$999,Veda!$G18) -> 0.03 | N18: =SUMIFS(ar6_r10!$F$2:$F$999,ar6_r10!$A$2:$A$999,Veda!$E$5,ar6_r10!$C$2:$C$999,Veda!N$17,ar6_r10!$M$2:$M$999,Veda!$G18) -> 0.04 | O18: =SUMIFS(ar6_r10!$F$2:$F$999,ar6_r10!$A$2:$A$999,Veda!$E$5,ar6_r10!$C$2:$C$999,Veda!O$17,ar6_r10!$M$2:$M$999,Veda!$G18) -> 0.06 | S18: hydrogen_allsect | T18: =I18*T$14 -> 0 | U18: =J18*U$14 -> 0 | V18: =K18*V$14 -> 0 | W18: =L18*W$14 -> 0.742264 | X18: =M18*X$14 -> 1.269543 | Y18: =N18*Y$14 -> 2.136272 | Z18: =O18*Z$14 -> 3.93762 | AA18: demand | AG18: 10 | AH18: s1p1v1_d | AI18: e3d | AJ18: =AJ13+1 -> 2
A19: 5 | B19: =VLOOKUP(E19,$AK$9:$AL$15,2,FALSE)&"."&VLOOKUP(D19,$AH$9:$AI$24,2,FALSE) -> e 1.5 deg no OS.j12 | C19: =C18+1 -> 11 | D19: =VLOOKUP(AJ19,$AG$9:$AH$22,2,FALSE) -> ts_012 | E19: =E14 -> C1 | G19: Industry electricity share | I19: =SUMIFS(ar6_r10!$F$2:$F$999,ar6_r10!$A$2:$A$999,Veda!$E$5,ar6_r10!$C$2:$C$999,Veda!I$17,ar6_r10!$M$2:$M$999,Veda!$G19) -> 0.25 | J19: =SUMIFS(ar6_r10!$F$2:$F$999,ar6_r10!$A$2:$A$999,Veda!$E$5,ar6_r10!$C$2:$C$999,Veda!J$17,ar6_r10!$M$2:$M$999,Veda!$G19) -> 0.27 | K19: =SUMIFS(ar6_r10!$F$2:$F$999,ar6_r10!$A$2:$A$999,Veda!$E$5,ar6_r10!$C$2:$C$999,Veda!K$17,ar6_r10!$M$2:$M$999,Veda!$G19) -> 0.29 | L19: =SUMIFS(ar6_r10!$F$2:$F$999,ar6_r10!$A$2:$A$999,Veda!$E$5,ar6_r10!$C$2:$C$999,Veda!L$17,ar6_r10!$M$2:$M$999,Veda!$G19) -> 0.3 | M19: =SUMIFS(ar6_r10!$F$2:$F$999,ar6_r10!$A$2:$A$999,Veda!$E$5,ar6_r10!$C$2:$C$999,Veda!M$17,ar6_r10!$M$2:$M$999,Veda!$G19) -> 0.31 | N19: =SUMIFS(ar6_r10!$F$2:$F$999,ar6_r10!$A$2:$A$999,Veda!$E$5,ar6_r10!$C$2:$C$999,Veda!N$17,ar6_r10!$M$2:$M$999,Veda!$G19) -> 0.33 | O19: =SUMIFS(ar6_r10!$F$2:$F$999,ar6_r10!$A$2:$A$999,Veda!$E$5,ar6_r10!$C$2:$C$999,Veda!O$17,ar6_r10!$M$2:$M$999,Veda!$G19) -> 0.33 | S19: elc_industry | T19: =I19*T$14 -> 5.6575 | U19: =J19*U$14 -> 7.148817 | V19: =K19*V$14 -> 9.18778 | W19: =L19*W$14 -> 11.13396 | X19: =M19*X$14 -> 13.118611 | Y19: =N19*Y$14 -> 17.624244 | Z19: =O19*Z$14 -> 21.65691 | AA19: demand | AG19: 11 | AH19: s3p3v3_d | AI19: d9d | AJ19: =AJ14+1 -> 3
A20: 5 | B20: =VLOOKUP(E20,$AK$9:$AL$15,2,FALSE)&"."&VLOOKUP(D20,$AH$9:$AI$24,2,FALSE) -> d 1.5 deg OS.j12 | C20: =C19+1 -> 12 | D20: =VLOOKUP(AJ20,$AG$9:$AH$22,2,FALSE) -> ts_012 | E20: =E15 -> C2 | G20: Residential and commercial electricity share | I20: =SUMIFS(ar6_r10!$F$2:$F$999,ar6_r10!$A$2:$A$999,Veda!$E$5,ar6_r10!$C$2:$C$999,Veda!I$17,ar6_r10!$M$2:$M$999,Veda!$G20) -> 0.73 | J20: =SUMIFS(ar6_r10!$F$2:$F$999,ar6_r10!$A$2:$A$999,Veda!$E$5,ar6_r10!$C$2:$C$999,Veda!J$17,ar6_r10!$M$2:$M$999,Veda!$G20) -> 0.71 | K20: =SUMIFS(ar6_r10!$F$2:$F$999,ar6_r10!$A$2:$A$999,Veda!$E$5,ar6_r10!$C$2:$C$999,Veda!K$17,ar6_r10!$M$2:$M$999,Veda!$G20) -> 0.69 | L20: =SUMIFS(ar6_r10!$F$2:$F$999,ar6_r10!$A$2:$A$999,Veda!$E$5,ar6_r10!$C$2:$C$999,Veda!L$17,ar6_r10!$M$2:$M$999,Veda!$G20) -> 0.65 | M20: =SUMIFS(ar6_r10!$F$2:$F$999,ar6_r10!$A$2:$A$999,Veda!$E$5,ar6_r10!$C$2:$C$999,Veda!M$17,ar6_r10!$M$2:$M$999,Veda!$G20) -> 0.64 | N20: =SUMIFS(ar6_r10!$F$2:$F$999,ar6_r10!$A$2:$A$999,Veda!$E$5,ar6_r10!$C$2:$C$999,Veda!N$17,ar6_r10!$M$2:$M$999,Veda!$G20) -> 0.59 | O20: =SUMIFS(ar6_r10!$F$2:$F$999,ar6_r10!$A$2:$A$999,Veda!$E$5,ar6_r10!$C$2:$C$999,Veda!O$17,ar6_r10!$M$2:$M$999,Veda!$G20) -> 0.58 | S20: elc_buildings | T20: =I20*T$14 -> 16.5199 | U20: =J20*U$14 -> 18.798741 | V20: =K20*V$14 -> 21.86058 | W20: =L20*W$14 -> 24.12358 | X20: =M20*X$14 -> 27.083584 | Y20: =N20*Y$14 -> 31.510012 | Z20: =O20*Z$14 -> 38.06366 | AA20: demand | AG20: 12 | AH20: s5p5v5_d | AI20: c15d | AJ20: =AJ15+1 -> 3
A21: 5 | B21: =VLOOKUP(E21,$AK$9:$AL$15,2,FALSE)&"."&VLOOKUP(D21,$AH$9:$AI$24,2,FALSE) -> c 2 deg (67%).j12 | C21: =C20+1 -> 13 | D21: =VLOOKUP(AJ21,$AG$9:$AH$22,2,FALSE) -> ts_012 | E21: =E16 -> C3 | G21: Transportation electricity share | I21: =SUMIFS(ar6_r10!$F$2:$F$999,ar6_r10!$A$2:$A$999,Veda!$E$5,ar6_r10!$C$2:$C$999,Veda!I$17,ar6_r10!$M$2:$M$999,Veda!$G21) -> 0 | J21: =SUMIFS(ar6_r10!$F$2:$F$999,ar6_r10!$A$2:$A$999,Veda!$E$5,ar6_r10!$C$2:$C$999,Veda!J$17,ar6_r10!$M$2:$M$999,Veda!$G21) -> 0.01 | K21: =SUMIFS(ar6_r10!$F$2:$F$999,ar6_r10!$A$2:$A$999,Veda!$E$5,ar6_r10!$C$2:$C$999,Veda!K$17,ar6_r10!$M$2:$M$999,Veda!$G21) -> 0.01 | L21: =SUMIFS(ar6_r10!$F$2:$F$999,ar6_r10!$A$2:$A$999,Veda!$E$5,ar6_r10!$C$2:$C$999,Veda!L$17,ar6_r10!$M$2:$M$999,Veda!$G21) -> 0.01 | M21: =SUMIFS(ar6_r10!$F$2:$F$999,ar6_r10!$A$2:$A$999,Veda!$E$5,ar6_r10!$C$2:$C$999,Veda!M$17,ar6_r10!$M$2:$M$999,Veda!$G21) -> 0.03 | N21: =SUMIFS(ar6_r10!$F$2:$F$999,ar6_r10!$A$2:$A$999,Veda!$E$5,ar6_r10!$C$2:$C$999,Veda!N$17,ar6_r10!$M$2:$M$999,Veda!$G21) -> 0.05 | O21: =SUMIFS(ar6_r10!$F$2:$F$999,ar6_r10!$A$2:$A$999,Veda!$E$5,ar6_r10!$C$2:$C$999,Veda!O$17,ar6_r10!$M$2:$M$999,Veda!$G21) -> 0.07 | S21: elc_transport | T21: =I21*T$14 -> 0 | U21: =T21 -> 0 | V21: =U21 -> 0 | W21: =V21 -> 0 | X21: =W21 -> 0 | Y21: =X21 -> 0 | Z21: =Y21 -> 0 | AA21: demand | AC21: non-road transport demand assumed to be constant | AG21: 13 | AH21: s2_w | AI21: b2w | AJ21: =AJ16+1 -> 3
A22: 5 | B22: =VLOOKUP(E22,$AK$9:$AL$15,2,FALSE)&"."&VLOOKUP(D22,$AH$9:$AI$24,2,FALSE) -> b 2 deg (50%).j12 | C22: =C21+1 -> 14 | D22: =VLOOKUP(AJ22,$AG$9:$AH$22,2,FALSE) -> ts_012 | E22: =E17 -> C4 | S22: elc_roadtransport | T22: =T14-SUM(T19:T21) -> 0.4526 | U22: =U14-SUM(U19:U21) -> 0.529542 | V22: =V14-SUM(V19:V21) -> 0.63364 | W22: =W14-SUM(W19:W21) -> 1.85566 | X22: =X14-SUM(X19:X21) -> 2.115905 | Y22: =Y14-SUM(Y19:Y21) -> 4.272544 | Z22: =Z14-SUM(Z19:Z21) -> 5.90643 | AA22: demand | AG22: 14 | AH22: s2_w_p2_d | AI22: a2w2d | AJ22: =AJ17+1 -> 3
A23: 5 | B23: =VLOOKUP(E23,$AK$9:$AL$15,2,FALSE)&"."&VLOOKUP(D23,$AH$9:$AI$24,2,FALSE) -> a 3 deg.j12 | C23: =C22+1 -> 15 | D23: =VLOOKUP(AJ23,$AG$9:$AH$22,2,FALSE) -> ts_012 | E23: =E18 -> C7 | S23: * | AJ23: =AJ18+1 -> 3
A24: 5 | B24: =VLOOKUP(E24,$AK$9:$AL$15,2,FALSE)&"."&VLOOKUP(D24,$AH$9:$AI$24,2,FALSE) -> e 1.5 deg no OS.i24 | C24: =C23+1 -> 16 | D24: =VLOOKUP(AJ24,$AG$9:$AH$22,2,FALSE) -> ts_024 | E24: =E19 -> C1 | G24: CO2 price | I24: 0 | J24: 0 | K24: =SUMIFS(ar6_r10!$F$2:$F$999,ar6_r10!$A$2:$A$999,Veda!$E$5,ar6_r10!$C$2:$C$999,Veda!K$17,ar6_r10!$M$2:$M$999,Veda!$G24) -> 49.21 | L24: =SUMIFS(ar6_r10!$F$2:$F$999,ar6_r10!$A$2:$A$999,Veda!$E$5,ar6_r10!$C$2:$C$999,Veda!L$17,ar6_r10!$M$2:$M$999,Veda!$G24) -> 100.47 | M24: =SUMIFS(ar6_r10!$F$2:$F$999,ar6_r10!$A$2:$A$999,Veda!$E$5,ar6_r10!$C$2:$C$999,Veda!M$17,ar6_r10!$M$2:$M$999,Veda!$G24) -> 127.66 | N24: =SUMIFS(ar6_r10!$F$2:$F$999,ar6_r10!$A$2:$A$999,Veda!$E$5,ar6_r10!$C$2:$C$999,Veda!N$17,ar6_r10!$M$2:$M$999,Veda!$G24) -> 171.28 | O24: =SUMIFS(ar6_r10!$F$2:$F$999,ar6_r10!$A$2:$A$999,Veda!$E$5,ar6_r10!$C$2:$C$999,Veda!O$17,ar6_r10!$M$2:$M$999,Veda!$G24) -> 208.73 | S24: co2net | U24: 0 | V24: =K24/1000 -> 0.04921 | W24: =L24/1000 -> 0.10047 | X24: =M24/1000 -> 0.12766 | Y24: =N24/1000 -> 0.17128 | Z24: =O24/1000 -> 0.20873 | AA24: com_taxnet | AJ24: =AJ19+1 -> 4
A25: 5 | B25: =VLOOKUP(E25,$AK$9:$AL$15,2,FALSE)&"."&VLOOKUP(D25,$AH$9:$AI$24,2,FALSE) -> d 1.5 deg OS.i24 | C25: =C24+1 -> 17 | D25: =VLOOKUP(AJ25,$AG$9:$AH$22,2,FALSE) -> ts_024 | E25: =E20 -> C2 | AJ25: =AJ20+1 -> 4
A26: 5 | B26: =VLOOKUP(E26,$AK$9:$AL$15,2,FALSE)&"."&VLOOKUP(D26,$AH$9:$AI$24,2,FALSE) -> c 2 deg (67%).i24 | C26: =C25+1 -> 18 | D26: =VLOOKUP(AJ26,$AG$9:$AH$22,2,FALSE) -> ts_024 | E26: =E21 -> C3 | S26: ~TFM_INS-TS | AJ26: =AJ21+1 -> 4
A27: 5 | B27: =VLOOKUP(E27,$AK$9:$AL$15,2,FALSE)&"."&VLOOKUP(D27,$AH$9:$AI$24,2,FALSE) -> b 2 deg (50%).i24 | C27: =C26+1 -> 19 | D27: =VLOOKUP(AJ27,$AG$9:$AH$22,2,FALSE) -> ts_024 | E27: =E22 -> C4 | S27: process | T27: =T17 -> 2022 | U27: =U17 -> 2025 | V27: =V17 -> 2030 | W27: =W17 -> 2035 | X27: =X17 -> 2040 | Y27: =Y17 -> 2045 | Z27: =Z17 -> 2050 | AA27: attribute | AB27: limtype | AJ27: =AJ22+1 -> 4
A28: 5 | B28: =VLOOKUP(E28,$AK$9:$AL$15,2,FALSE)&"."&VLOOKUP(D28,$AH$9:$AI$24,2,FALSE) -> a 3 deg.i24 | C28: =C27+1 -> 20 | D28: =VLOOKUP(AJ28,$AG$9:$AH$22,2,FALSE) -> ts_024 | E28: =E23 -> C7 | Q28: =SUMIFS(iea_data!G3:G9999,iea_data!$B$3:$B$9999,Veda!$S$11) -> 0.26 | S28: Trd_electricity import | T28: =Q28 -> 0.26 | AA28: ACT_BND | AB28: FX | AJ28: =AJ23+1 -> 4
A29: 5 | B29: =VLOOKUP(E29,$AK$9:$AL$15,2,FALSE)&"."&VLOOKUP(D29,$AH$9:$AI$24,2,FALSE) -> e 1.5 deg no OS.h48 | C29: =C28+1 -> 21 | D29: =VLOOKUP(AJ29,$AG$9:$AH$22,2,FALSE) -> ts_048 | E29: =E24 -> C1 | Q29: =SUMIFS(iea_data!H3:H9999,iea_data!$B$3:$B$9999,Veda!$S$11) -> -0.19 | S29: Trd_electricity export | T29: =-1*Q29 -> 0.19 | AA29: ACT_BND | AB29: FX | AJ29: =AJ24+1 -> 5
A30: 5 | B30: =VLOOKUP(E30,$AK$9:$AL$15,2,FALSE)&"."&VLOOKUP(D30,$AH$9:$AI$24,2,FALSE) -> d 1.5 deg OS.h48 | C30: =C29+1 -> 22 | D30: =VLOOKUP(AJ30,$AG$9:$AH$22,2,FALSE) -> ts_048 | E30: =E25 -> C2 | AJ30: =AJ25+1 -> 5
A31: 5 | B31: =VLOOKUP(E31,$AK$9:$AL$15,2,FALSE)&"."&VLOOKUP(D31,$AH$9:$AI$24,2,FALSE) -> c 2 deg (67%).h48 | C31: =C30+1 -> 23 | D31: =VLOOKUP(AJ31,$AG$9:$AH$22,2,FALSE) -> ts_048 | E31: =E26 -> C3 | AJ31: =AJ26+1 -> 5
A32: 5 | B32: =VLOOKUP(E32,$AK$9:$AL$15,2,FALSE)&"."&VLOOKUP(D32,$AH$9:$AI$24,2,FALSE) -> b 2 deg (50%).h48 | C32: =C31+1 -> 24 | D32: =VLOOKUP(AJ32,$AG$9:$AH$22,2,FALSE) -> ts_048 | E32: =E27 -> C4 | AJ32: =AJ27+1 -> 5
A33: 5 | B33: =VLOOKUP(E33,$AK$9:$AL$15,2,FALSE)&"."&VLOOKUP(D33,$AH$9:$AI$24,2,FALSE) -> a 3 deg.h48 | C33: =C32+1 -> 25 | D33: =VLOOKUP(AJ33,$AG$9:$AH$22,2,FALSE) -> ts_048 | E33: =E28 -> C7 | AJ33: =AJ28+1 -> 5
A34: 5 | B34: =VLOOKUP(E34,$AK$9:$AL$15,2,FALSE)&"."&VLOOKUP(D34,$AH$9:$AI$24,2,FALSE) -> e 1.5 deg no OS.g64 | C34: =C33+1 -> 26 | D34: =VLOOKUP(AJ34,$AG$9:$AH$22,2,FALSE) -> ts_064 | E34: =E29 -> C1 | AJ34: =AJ29+1 -> 6
A35: 5 | B35: =VLOOKUP(E35,$AK$9:$AL$15,2,FALSE)&"."&VLOOKUP(D35,$AH$9:$AI$24,2,FALSE) -> d 1.5 deg OS.g64 | C35: =C34+1 -> 27 | D35: =VLOOKUP(AJ35,$AG$9:$AH$22,2,FALSE) -> ts_064 | E35: =E30 -> C2 | AJ35: =AJ30+1 -> 6
A36: 5 | B36: =VLOOKUP(E36,$AK$9:$AL$15,2,FALSE)&"."&VLOOKUP(D36,$AH$9:$AI$24,2,FALSE) -> c 2 deg (67%).g64 | C36: =C35+1 -> 28 | D36: =VLOOKUP(AJ36,$AG$9:$AH$22,2,FALSE) -> ts_064 | E36: =E31 -> C3 | G36: C7 | AJ36: =AJ31+1 -> 6
A37: 5 | B37: =VLOOKUP(E37,$AK$9:$AL$15,2,FALSE)&"."&VLOOKUP(D37,$AH$9:$AI$24,2,FALSE) -> b 2 deg (50%).g64 | C37: =C36+1 -> 29 | D37: =VLOOKUP(AJ37,$AG$9:$AH$22,2,FALSE) -> ts_064 | E37: =E32 -> C4 | G37: Gas Price | I37: =SUMIFS(ar6_r10!$F$2:$F$999,ar6_r10!$A$2:$A$999,Veda!$G$36,ar6_r10!$C$2:$C$999,Veda!I$17,ar6_r10!$M$2:$M$999,Veda!$G37) -> 1 | J37: =SUMIFS(ar6_r10!$F$2:$F$999,ar6_r10!$A$2:$A$999,Veda!$G$36,ar6_r10!$C$2:$C$999,Veda!J$17,ar6_r10!$M$2:$M$999,Veda!$G37) -> 1.15 | K37: =SUMIFS(ar6_r10!$F$2:$F$999,ar6_r10!$A$2:$A$999,Veda!$G$36,ar6_r10!$C$2:$C$999,Veda!K$17,ar6_r10!$M$2:$M$999,Veda!$G37) -> 1.28 | L37: =SUMIFS(ar6_r10!$F$2:$F$999,ar6_r10!$A$2:$A$999,Veda!$G$36,ar6_r10!$C$2:$C$999,Veda!L$17,ar6_r10!$M$2:$M$999,Veda!$G37) -> 1.22 | M37: =SUMIFS(ar6_r10!$F$2:$F$999,ar6_r10!$A$2:$A$999,Veda!$G$36,ar6_r10!$C$2:$C$999,Veda!M$17,ar6_r10!$M$2:$M$999,Veda!$G37) -> 1.41 | N37: =SUMIFS(ar6_r10!$F$2:$F$999,ar6_r10!$A$2:$A$999,Veda!$G$36,ar6_r10!$C$2:$C$999,Veda!N$17,ar6_r10!$M$2:$M$999,Veda!$G37) -> 1.47 | O37: =SUMIFS(ar6_r10!$F$2:$F$999,ar6_r10!$A$2:$A$999,Veda!$G$36,ar6_r10!$C$2:$C$999,Veda!O$17,ar6_r10!$M$2:$M$999,Veda!$G37) -> 1.59 | AJ37: =AJ32+1 -> 6
A38: 5 | B38: =VLOOKUP(E38,$AK$9:$AL$15,2,FALSE)&"."&VLOOKUP(D38,$AH$9:$AI$24,2,FALSE) -> a 3 deg.g64 | C38: =C37+1 -> 30 | D38: =VLOOKUP(AJ38,$AG$9:$AH$22,2,FALSE) -> ts_064 | E38: =E33 -> C7 | G38: Coal Price | I38: =SUMIFS(ar6_r10!$F$2:$F$999,ar6_r10!$A$2:$A$999,Veda!$G$36,ar6_r10!$C$2:$C$999,Veda!I$17,ar6_r10!$M$2:$M$999,Veda!$G38) -> 1 | J38: =SUMIFS(ar6_r10!$F$2:$F$999,ar6_r10!$A$2:$A$999,Veda!$G$36,ar6_r10!$C$2:$C$999,Veda!J$17,ar6_r10!$M$2:$M$999,Veda!$G38) -> 1.02 | K38: =SUMIFS(ar6_r10!$F$2:$F$999,ar6_r10!$A$2:$A$999,Veda!$G$36,ar6_r10!$C$2:$C$999,Veda!K$17,ar6_r10!$M$2:$M$999,Veda!$G38) -> 1.06 | L38: =SUMIFS(ar6_r10!$F$2:$F$999,ar6_r10!$A$2:$A$999,Veda!$G$36,ar6_r10!$C$2:$C$999,Veda!L$17,ar6_r10!$M$2:$M$999,Veda!$G38) -> 1.08 | M38: =SUMIFS(ar6_r10!$F$2:$F$999,ar6_r10!$A$2:$A$999,Veda!$G$36,ar6_r10!$C$2:$C$999,Veda!M$17,ar6_r10!$M$2:$M$999,Veda!$G38) -> 1.17 | N38: =SUMIFS(ar6_r10!$F$2:$F$999,ar6_r10!$A$2:$A$999,Veda!$G$36,ar6_r10!$C$2:$C$999,Veda!N$17,ar6_r10!$M$2:$M$999,Veda!$G38) -> 1.21 | O38: =SUMIFS(ar6_r10!$F$2:$F$999,ar6_r10!$A$2:$A$999,Veda!$G$36,ar6_r10!$C$2:$C$999,Veda!O$17,ar6_r10!$M$2:$M$999,Veda!$G38) -> 1.26 | AJ38: =AJ33+1 -> 6
A39: 5 | B39: =VLOOKUP(E39,$AK$9:$AL$15,2,FALSE)&"."&VLOOKUP(D39,$AH$9:$AI$24,2,FALSE) -> e 1.5 deg no OS.f96p50 | C39: =C38+1 -> 31 | D39: =VLOOKUP(AJ39,$AG$9:$AH$22,2,FALSE) -> ts_096P50 | E39: =E34 -> C1 | G39: Oil Price | I39: =SUMIFS(ar6_r10!$F$2:$F$999,ar6_r10!$A$2:$A$999,Veda!$G$36,ar6_r10!$C$2:$C$999,Veda!I$17,ar6_r10!$M$2:$M$999,Veda!$G39) -> 1 | J39: =SUMIFS(ar6_r10!$F$2:$F$999,ar6_r10!$A$2:$A$999,Veda!$G$36,ar6_r10!$C$2:$C$999,Veda!J$17,ar6_r10!$M$2:$M$999,Veda!$G39) -> 0.97 | K39: =SUMIFS(ar6_r10!$F$2:$F$999,ar6_r10!$A$2:$A$999,Veda!$G$36,ar6_r10!$C$2:$C$999,Veda!K$17,ar6_r10!$M$2:$M$999,Veda!$G39) -> 1.28 | L39: =SUMIFS(ar6_r10!$F$2:$F$999,ar6_r10!$A$2:$A$999,Veda!$G$36,ar6_r10!$C$2:$C$999,Veda!L$17,ar6_r10!$M$2:$M$999,Veda!$G39) -> 1.09 | M39: =SUMIFS(ar6_r10!$F$2:$F$999,ar6_r10!$A$2:$A$999,Veda!$G$36,ar6_r10!$C$2:$C$999,Veda!M$17,ar6_r10!$M$2:$M$999,Veda!$G39) -> 1.39 | N39: =SUMIFS(ar6_r10!$F$2:$F$999,ar6_r10!$A$2:$A$999,Veda!$G$36,ar6_r10!$C$2:$C$999,Veda!N$17,ar6_r10!$M$2:$M$999,Veda!$G39) -> 1.53 | O39: =SUMIFS(ar6_r10!$F$2:$F$999,ar6_r10!$A$2:$A$999,Veda!$G$36,ar6_r10!$C$2:$C$999,Veda!O$17,ar6_r10!$M$2:$M$999,Veda!$G39) -> 1.73 | AJ39: =AJ34+1 -> 7
A40: 5 | B40: =VLOOKUP(E40,$AK$9:$AL$15,2,FALSE)&"."&VLOOKUP(D40,$AH$9:$AI$24,2,FALSE) -> d 1.5 deg OS.f96p50 | C40: =C39+1 -> 32 | D40: =VLOOKUP(AJ40,$AG$9:$AH$22,2,FALSE) -> ts_096P50 | E40: =E35 -> C2 | G40: Biomass Price | I40: =SUMIFS(ar6_r10!$F$2:$F$999,ar6_r10!$A$2:$A$999,Veda!$G$36,ar6_r10!$C$2:$C$999,Veda!I$17,ar6_r10!$M$2:$M$999,Veda!$G40) -> 1 | J40: =SUMIFS(ar6_r10!$F$2:$F$999,ar6_r10!$A$2:$A$999,Veda!$G$36,ar6_r10!$C$2:$C$999,Veda!J$17,ar6_r10!$M$2:$M$999,Veda!$G40) -> 1.05 | K40: =SUMIFS(ar6_r10!$F$2:$F$999,ar6_r10!$A$2:$A$999,Veda!$G$36,ar6_r10!$C$2:$C$999,Veda!K$17,ar6_r10!$M$2:$M$999,Veda!$G40) -> 1.1 | L40: =SUMIFS(ar6_r10!$F$2:$F$999,ar6_r10!$A$2:$A$999,Veda!$G$36,ar6_r10!$C$2:$C$999,Veda!L$17,ar6_r10!$M$2:$M$999,Veda!$G40) -> 1.16 | M40: =SUMIFS(ar6_r10!$F$2:$F$999,ar6_r10!$A$2:$A$999,Veda!$G$36,ar6_r10!$C$2:$C$999,Veda!M$17,ar6_r10!$M$2:$M$999,Veda!$G40) -> 1.17 | N40: =SUMIFS(ar6_r10!$F$2:$F$999,ar6_r10!$A$2:$A$999,Veda!$G$36,ar6_r10!$C$2:$C$999,Veda!N$17,ar6_r10!$M$2:$M$999,Veda!$G40) -> 1.16 | O40: =SUMIFS(ar6_r10!$F$2:$F$999,ar6_r10!$A$2:$A$999,Veda!$G$36,ar6_r10!$C$2:$C$999,Veda!O$17,ar6_r10!$M$2:$M$999,Veda!$G40) -> 1.17 | AJ40: =AJ35+1 -> 7
A41: 5 | B41: =VLOOKUP(E41,$AK$9:$AL$15,2,FALSE)&"."&VLOOKUP(D41,$AH$9:$AI$24,2,FALSE) -> c 2 deg (67%).f96p50 | C41: =C40+1 -> 33 | D41: =VLOOKUP(AJ41,$AG$9:$AH$22,2,FALSE) -> ts_096P50 | E41: =E36 -> C3 | AJ41: =AJ36+1 -> 7
A42: 5 | B42: =VLOOKUP(E42,$AK$9:$AL$15,2,FALSE)&"."&VLOOKUP(D42,$AH$9:$AI$24,2,FALSE) -> b 2 deg (50%).f96p50 | C42: =C41+1 -> 34 | D42: =VLOOKUP(AJ42,$AG$9:$AH$22,2,FALSE) -> ts_096P50 | E42: =E37 -> C4 | AJ42: =AJ37+1 -> 7
A43: 5 | B43: =VLOOKUP(E43,$AK$9:$AL$15,2,FALSE)&"."&VLOOKUP(D43,$AH$9:$AI$24,2,FALSE) -> a 3 deg.f96p50 | C43: =C42+1 -> 35 | D43: =VLOOKUP(AJ43,$AG$9:$AH$22,2,FALSE) -> ts_096P50 | E43: =E38 -> C7 | G43: ~TFM_INS-TS: attribute=flo_cost;pset_pn=-IMP*Z | AJ43: =AJ38+1 -> 7
A44: 5 | B44: =VLOOKUP(E44,$AK$9:$AL$15,2,FALSE)&"."&VLOOKUP(D44,$AH$9:$AI$24,2,FALSE) -> e 1.5 deg no OS.f96p10 | C44: =C43+1 -> 36 | D44: =VLOOKUP(AJ44,$AG$9:$AH$22,2,FALSE) -> ts_096P10 | E44: =E39 -> C1 | G44: commodity | H44: pset_co | I44: 2022 | J44: =J17 -> 2025 | K44: =K17 -> 2030 | L44: =L17 -> 2035 | M44: =M17 -> 2040 | N44: =N17 -> 2045 | O44: =O17 -> 2050 | R44: low | S44: high | AJ44: =AJ39+1 -> 8
A45: 5 | B45: =VLOOKUP(E45,$AK$9:$AL$15,2,FALSE)&"."&VLOOKUP(D45,$AH$9:$AI$24,2,FALSE) -> d 1.5 deg OS.f96p10 | C45: =C44+1 -> 37 | D45: =VLOOKUP(AJ45,$AG$9:$AH$22,2,FALSE) -> ts_096P10 | E45: =E40 -> C2 | G45: Gas | H45: =G45 -> Gas | I45: =AVERAGE($R45:$S45)*I37 -> 36.9 | J45: =AVERAGE($R45:$S45)*J37 -> 42.435 | K45: =AVERAGE($R45:$S45)*K37 -> 47.232 | L45: =AVERAGE($R45:$S45)*L37 -> 45.018 | M45: =AVERAGE($R45:$S45)*M37 -> 52.029 | N45: =AVERAGE($R45:$S45)*N37 -> 54.243 | O45: =AVERAGE($R45:$S45)*O37 -> 58.671 | R45: =HLOOKUP($G45&"_"&R$44,fuel_prices!$B$10:$I$11,2,FALSE) -> 30.9 | S45: =HLOOKUP($G45&"_"&S$44,fuel_prices!$B$10:$I$11,2,FALSE) -> 42.9 | AJ45: =AJ40+1 -> 8
A46: 5 | B46: =VLOOKUP(E46,$AK$9:$AL$15,2,FALSE)&"."&VLOOKUP(D46,$AH$9:$AI$24,2,FALSE) -> c 2 deg (67%).f96p10 | C46: =C45+1 -> 38 | D46: =VLOOKUP(AJ46,$AG$9:$AH$22,2,FALSE) -> ts_096P10 | E46: =E41 -> C3 | G46: Coal | H46: =G46 -> Coal | I46: =AVERAGE($R46:$S46)*I38 -> 17.5 | J46: =AVERAGE($R46:$S46)*J38 -> 17.85 | K46: =AVERAGE($R46:$S46)*K38 -> 18.55 | L46: =AVERAGE($R46:$S46)*L38 -> 18.9 | M46: =AVERAGE($R46:$S46)*M38 -> 20.475 | N46: =AVERAGE($R46:$S46)*N38 -> 21.175 | O46: =AVERAGE($R46:$S46)*O38 -> 22.05 | R46: =HLOOKUP($G46&"_"&R$44,fuel_prices!$B$10:$I$11,2,FALSE) -> 15.2 | S46: =HLOOKUP($G46&"_"&S$44,fuel_prices!$B$10:$I$11,2,FALSE) -> 19.8 | AJ46: =AJ41+1 -> 8
A47: 5 | B47: =VLOOKUP(E47,$AK$9:$AL$15,2,FALSE)&"."&VLOOKUP(D47,$AH$9:$AI$24,2,FALSE) -> b 2 deg (50%).f96p10 | C47: =C46+1 -> 39 | D47: =VLOOKUP(AJ47,$AG$9:$AH$22,2,FALSE) -> ts_096P10 | E47: =E42 -> C4 | G47: Oil | H47: =G47 -> Oil | I47: =AVERAGE($R47:$S47)*I39 -> 53 | J47: =AVERAGE($R47:$S47)*J39 -> 51.41 | K47: =AVERAGE($R47:$S47)*K39 -> 67.84 | L47: =AVERAGE($R47:$S47)*L39 -> 57.77 | M47: =AVERAGE($R47:$S47)*M39 -> 73.67 | N47: =AVERAGE($R47:$S47)*N39 -> 81.09 | O47: =AVERAGE($R47:$S47)*O39 -> 91.69 | R47: =HLOOKUP($G47&"_"&R$44,fuel_prices!$B$10:$I$11,2,FALSE) -> 48 | S47: =HLOOKUP($G47&"_"&S$44,fuel_prices!$B$10:$I$11,2,FALSE) -> 58 | AJ47: =AJ42+1 -> 8
A48: 5 | B48: =VLOOKUP(E48,$AK$9:$AL$15,2,FALSE)&"."&VLOOKUP(D48,$AH$9:$AI$24,2,FALSE) -> a 3 deg.f96p10 | C48: =C47+1 -> 40 | D48: =VLOOKUP(AJ48,$AG$9:$AH$22,2,FALSE) -> ts_096P10 | E48: =E43 -> C7 | G48: Bioenergy | H48: =G48 -> Bioenergy | I48: =AVERAGE($R48:$S48)*I40 -> 28 | O48: =VLOOKUP($E$5,$AK$9:$AM$15,3,FALSE)*I48 -> 84 | R48: =HLOOKUP($G48&"_"&R$44,fuel_prices!$B$10:$I$11,2,FALSE) -> 24 | S48: =HLOOKUP($G48&"_"&S$44,fuel_prices!$B$10:$I$11,2,FALSE) -> 32 | AJ48: =AJ43+1 -> 8
A49: 5 | B49: =VLOOKUP(E49,$AK$9:$AL$15,2,FALSE)&"."&VLOOKUP(D49,$AH$9:$AI$24,2,FALSE) -> e 1.5 deg no OS.f96p90 | C49: =C48+1 -> 41 | D49: =VLOOKUP(AJ49,$AG$9:$AH$22,2,FALSE) -> ts_096P90 | E49: =E44 -> C1 | AJ49: =AJ44+1 -> 9
A50: 5 | B50: =VLOOKUP(E50,$AK$9:$AL$15,2,FALSE)&"."&VLOOKUP(D50,$AH$9:$AI$24,2,FALSE) -> d 1.5 deg OS.f96p90 | C50: =C49+1 -> 42 | D50: =VLOOKUP(AJ50,$AG$9:$AH$22,2,FALSE) -> ts_096P90 | E50: =E45 -> C2 | AJ50: =AJ45+1 -> 9
A51: 5 | B51: =VLOOKUP(E51,$AK$9:$AL$15,2,FALSE)&"."&VLOOKUP(D51,$AH$9:$AI$24,2,FALSE) -> c 2 deg (67%).f96p90 | C51: =C50+1 -> 43 | D51: =VLOOKUP(AJ51,$AG$9:$AH$22,2,FALSE) -> ts_096P90 | E51: =E46 -> C3 | AJ51: =AJ46+1 -> 9
A52: 5 | B52: =VLOOKUP(E52,$AK$9:$AL$15,2,FALSE)&"."&VLOOKUP(D52,$AH$9:$AI$24,2,FALSE) -> b 2 deg (50%).f96p90 | C52: =C51+1 -> 44 | D52: =VLOOKUP(AJ52,$AG$9:$AH$22,2,FALSE) -> ts_096P90 | E52: =E47 -> C4 | AJ52: =AJ47+1 -> 9
A53: 5 | B53: =VLOOKUP(E53,$AK$9:$AL$15,2,FALSE)&"."&VLOOKUP(D53,$AH$9:$AI$24,2,FALSE) -> a 3 deg.f96p90 | C53: =C52+1 -> 45 | D53: =VLOOKUP(AJ53,$AG$9:$AH$22,2,FALSE) -> ts_096P90 | E53: =E48 -> C7 | AJ53: =AJ48+1 -> 9
A54: 5 | B54: =VLOOKUP(E54,$AK$9:$AL$15,2,FALSE)&"."&VLOOKUP(D54,$AH$9:$AI$24,2,FALSE) -> e 1.5 deg no OS.e3d | C54: =C53+1 -> 46 | D54: =VLOOKUP(AJ54,$AG$9:$AH$22,2,FALSE) -> s1p1v1_d | E54: =E49 -> C1 | AJ54: =AJ49+1 -> 10
A55: 5 | B55: =VLOOKUP(E55,$AK$9:$AL$15,2,FALSE)&"."&VLOOKUP(D55,$AH$9:$AI$24,2,FALSE) -> d 1.5 deg OS.e3d | C55: =C54+1 -> 47 | D55: =VLOOKUP(AJ55,$AG$9:$AH$22,2,FALSE) -> s1p1v1_d | E55: =E50 -> C2 | AJ55: =AJ50+1 -> 10
A56: 5 | B56: =VLOOKUP(E56,$AK$9:$AL$15,2,FALSE)&"."&VLOOKUP(D56,$AH$9:$AI$24,2,FALSE) -> c 2 deg (67%).e3d | C56: =C55+1 -> 48 | D56: =VLOOKUP(AJ56,$AG$9:$AH$22,2,FALSE) -> s1p1v1_d | E56: =E51 -> C3 | AJ56: =AJ51+1 -> 10
A57: 5 | B57: =VLOOKUP(E57,$AK$9:$AL$15,2,FALSE)&"."&VLOOKUP(D57,$AH$9:$AI$24,2,FALSE) -> b 2 deg (50%).e3d | C57: =C56+1 -> 49 | D57: =VLOOKUP(AJ57,$AG$9:$AH$22,2,FALSE) -> s1p1v1_d | E57: =E52 -> C4 | AJ57: =AJ52+1 -> 10
A58: 5 | B58: =VLOOKUP(E58,$AK$9:$AL$15,2,FALSE)&"."&VLOOKUP(D58,$AH$9:$AI$24,2,FALSE) -> a 3 deg.e3d | C58: =C57+1 -> 50 | D58: =VLOOKUP(AJ58,$AG$9:$AH$22,2,FALSE) -> s1p1v1_d | E58: =E53 -> C7 | AJ58: =AJ53+1 -> 10
A59: 5 | B59: =VLOOKUP(E59,$AK$9:$AL$15,2,FALSE)&"."&VLOOKUP(D59,$AH$9:$AI$24,2,FALSE) -> e 1.5 deg no OS.d9d | C59: =C58+1 -> 51 | D59: =VLOOKUP(AJ59,$AG$9:$AH$22,2,FALSE) -> s3p3v3_d | E59: =E54 -> C1 | AJ59: =AJ54+1 -> 11
A60: 5 | B60: =VLOOKUP(E60,$AK$9:$AL$15,2,FALSE)&"."&VLOOKUP(D60,$AH$9:$AI$24,2,FALSE) -> d 1.5 deg OS.d9d | C60: =C59+1 -> 52 | D60: =VLOOKUP(AJ60,$AG$9:$AH$22,2,FALSE) -> s3p3v3_d | E60: =E55 -> C2 | AJ60: =AJ55+1 -> 11
... A78: 5 | B78: =VLOOKUP(E78,$AK$9:$AL$15,2,FALSE)&"."&VLOOKUP(D78,$AH$9:$AI$24,2,FALSE) -> a 3 deg.a2w2d | C78: =C77+1 -> 70 | D78: =VLOOKUP(AJ78,$AG$9:$AH$22,2,FALSE) -> s2_w_p2_d | E78: =E73 -> C7 | AJ78: =AJ73+1 -> 14

Sheet fuel_prices
A9: Fuel Prices
A10: iso | B10: gas_low | C10: gas_high | D10: coal_low | E10: coal_high | F10: oil_low | G10: oil_high | H10: bioenergy_low | I10: bioenergy_high | J10: Notes
A11: JOR | B11: 30.9 | C11: 42.9 | D11: 15.2 | E11: 19.8 | F11: 48 | G11: 58 | H11: 24 | I11: 32 | J11: LNG via Aqaba, limited biomass

Sheet iea_data
A9: IEA Baseline Data
A10: iso | B10: year | C10: industry_twh | D10: buildings_agri_twh | E10: nonroad_transport_twh | F10: road_transport_twh | G10: imports_twh | H10: exports_twh | I10: total_production_twh
A11: JOR | B11: 2000 | C11: 3.21 | D11: 4.22 | E11: 0 | F11: 0 | G11: 0.04 | H11: 0 | I11: 7.38
A12: JOR | B12: 2001 | C12: 3.37 | D12: 4.42 | E12: 0 | F12: 0 | G12: 0.27 | H12: 0 | I12: 7.55
A13: JOR | B13: 2002 | C13: 3.62 | D13: 5 | E13: 0 | F13: 0 | G13: 0.32 | H13: 0 | I13: 8.13
A14: JOR | B14: 2003 | C14: 3.81 | D14: 5.3 | E14: 0 | F14: 0 | G14: 0.97 | H14: 0 | I14: 7.99
A15: JOR | B15: 2004 | C15: 4.03 | D15: 5.86 | E15: 0 | F15: 0 | G15: 0.79 | H15: 0 | I15: 8.97
A16: JOR | B16: 2005 | C16: 4.48 | D16: 6.3 | E16: 0 | F16: 0 | G16: 0.74 | H16: 0 | I16: 9.65
A17: JOR | B17: 2006 | C17: 4.73 | D17: 7.12 | E17: 0 | F17: 0 | G17: 0.47 | H17: -0.01 | I17: 11.12
A18: JOR | B18: 2007 | C18: 5.34 | D18: 7.95 | E18: 0 | F18: 0 | G18: 0.2 | H18: -0.18 | I18: 13
A19: JOR | B19: 2008 | C19: 5.62 | D19: 8.44 | E19: 0 | F19: 0 | G19: 0.55 | H19: -0.32 | I19: 13.84
A20: JOR | B20: 2009 | C20: 5.51 | D20: 9.01 | E20: 0 | F20: 0 | G20: 0.38 | H20: -0.14 | I20: 14.27
A21: JOR | B21: 2010 | C21: 5.73 | D21: 9.66 | E21: 0 | F21: 0 | G21: 0.67 | H21: -0.06 | I21: 14.78
A22: JOR | B22: 2011 | C22: 6.19 | D22: 10.11 | E22: 0 | F22: 0 | G22: 1.74 | H22: -0.09 | I22: 14.65
... A33: JOR | B33: 2022 | C33: 7.84 | D33: 15.3 | E33: 0 | F33: 0 | G33: 0.26 | H33: -0.19 | I33: 22.56

Sheet ar6_r10
A9: AR6 Scenario Drivers
A10: Category | B10: Region | C10: Year | D10: count | E10: mean | F10: median | G10: std | H10: min | I10: max | J10: q25 | K10: q75 | L10: category_description | M10: attribute
A11: C1 | B11: R10MIDDLE_EAST | C11: 2020 | D11: 60 | E11: 2.9 | F11: 0.74 | G11: 3.32 | H11: 0 | I11: 15.11 | J11: 0 | K11: 5.64 | L11: Limit warming to 1.5°C (>50%) with no or limited overshoot | M11: CO2 price
A12: C1 | B12: R10MIDDLE_EAST | C12: 2025 | D12: 60 | E12: 153.67 | F12: 131.07 | G12: 125.79 | H12: 0 | I12: 626.48 | J12: 101.54 | K12: 190.02 | L12: Limit warming to 1.5°C (>50%) with no or limited overshoot | M12: CO2 price
A13: C1 | B13: R10MIDDLE_EAST | C13: 2030 | D13: 60 | E13: 220.76 | F13: 197.09 | G13: 111.16 | H13: 0 | I13: 673.46 | J13: 164.67 | K13: 241.99 | L13: Limit warming to 1.5°C (>50%) with no or limited overshoot | M13: CO2 price
A14: C1 | B14: R10MIDDLE_EAST | C14: 2035 | D14: 60 | E14: 310.56 | F14: 256.63 | G14: 147.59 | H14: 92.6 | I14: 859.53 | J14: 220.16 | K14: 396.19 | L14: Limit warming to 1.5°C (>50%) with no or limited overshoot | M14: CO2 price
A15: C1 | B15: R10MIDDLE_EAST | C15: 2040 | D15: 60 | E15: 420.22 | F15: 335.79 | G15: 205.86 | H15: 162.1 | I15: 1097.01 | J15: 287.98 | K15: 560.56 | L15: Limit warming to 1.5°C (>50%) with no or limited overshoot | M15: CO2 price
A16: C1 | B16: R10MIDDLE_EAST | C16: 2045 | D16: 60 | E16: 529.59 | F16: 460.87 | G16: 243.64 | H16: 193.42 | I16: 1269.88 | J16: 355.81 | K16: 713.93 | L16: Limit warming to 1.5°C (>50%) with no or limited overshoot | M16: CO2 price
A17: C1 | B17: R10MIDDLE_EAST | C17: 2050 | D17: 60 | E17: 625.34 | F17: 581.75 | G17: 256.99 | H17: 209.76 | I17: 1170.26 | J17: 412.98 | K17: 771.78 | L17: Limit warming to 1.5°C (>50%) with no or limited overshoot | M17: CO2 price
A18: C2 | B18: R10MIDDLE_EAST | C18: 2020 | D18: 86 | E18: 3.36 | F18: 0.55 | G18: 5.17 | H18: 0 | I18: 15.11 | J18: 0 | K18: 5.35 | L18: Limit warming to 1.5°C (>67%) with high overshoot | M18: CO2 price
A19: C2 | B19: R10MIDDLE_EAST | C19: 2025 | D19: 75 | E19: 37.47 | F19: 21.41 | G19: 46.36 | H19: 0 | I19: 174.97 | J19: 1.26 | K19: 55.72 | L19: Limit warming to 1.5°C (>67%) with high overshoot | M19: CO2 price
A20: C2 | B20: R10MIDDLE_EAST | C20: 2030 | D20: 86 | E20: 52.47 | F20: 41.97 | G20: 54.93 | H20: 0 | I20: 221.93 | J20: 1.28 | K20: 77.17 | L20: Limit warming to 1.5°C (>67%) with high overshoot | M20: CO2 price
A21: C2 | B21: R10MIDDLE_EAST | C21: 2035 | D21: 75 | E21: 208.06 | F21: 129.57 | G21: 312.6 | H21: 54.48 | I21: 2037.12 | J21: 87.35 | K21: 202.85 | L21: Limit warming to 1.5°C (>67%) with high overshoot | M21: CO2 price
A22: C2 | B22: R10MIDDLE_EAST | C22: 2040 | D22: 86 | E22: 247.16 | F22: 165.64 | G22: 360.3 | H22: 0 | I22: 2600 | J22: 108.54 | K22: 257.75 | L22: Limit warming to 1.5°C (>67%) with high overshoot | M22: CO2 price
... A360: C7 | B360: R10MIDDLE_EAST | C360: 2050 | D360: 7 | E360: 1.15 | F360: 1.17 | G360: 0.19 | H360: 0.9 | I360: 1.35 | J360: 1.03 | K360: 1.29 | L360: Likely above 3°C warming with limited mitigation | M360: Biomass price

Sheet ev_charging_uc
A10: =IFERROR(Veda!D5,"ts_12t") -> ts_annual | C10: day_night | D10: s5p5v5_d | F10: day_night | G10: s2_w_p2_d | I10: day_night | J10: ts_012 | L10: day_night | M10: ts_048 | O10: day_night | P10: ts_096P50 | R10: day_night | S10: ts_096P10 | U10: day_night | V10: ts_096P90 | X10: day_night | Y10: ts_annual | AA10: day_night | AB10: ts_12t
C11: D | D11: S01b0107h08,S02aH04,S02aH05,S02d0212h07,S02d0212h08,S02d0212h12,S10aH03,S10aH05,S11j1119h14,S12k1203h11,S12l1206h15,S12m1211h14,S12m1211h16,S12n1213h08,S12n1213h11,S12o1215h13,S12o1215h18,S12p1229h07,S12p1229h10,S01b0107h17,S03f0331h15,S04aH06,S04g0402h15,S04h0404h14,S05aH04,S06aH02,S06aH03,S10aH04,S11j1119h11,S12aH06,S12k1203h17,S12l1206h07,S12l1206h09,S12l1206h10,S01b0107h10,S01b0107h16,S01c0108h13,S03aH04,S03f0331h08,S04g0402h17,S08aH05,S10i1004h09,S10i1004h10,S11aH05,S12aH03,S12k1203h13,S12k1203h14,S12l1206h18,S12n1213h12,S12n1213h18,S12o1215h11,S12p1229h11,S01c0108h15,S01c0108h18,S02e0222h08,S02e0222h13,S03aH02,S03f0331h09,S04g0402h13,S07aH05,S11j1119h15,S12l1206h12,S12m1211h15,S12o1215h16,S12p1229h17,S01aH04,S01b0107h11,S01c0108h08,S02e0222h17,S04g0402h16,S07aH02,S07aH06,S11j1119h09,S01c0108h07,S01c0108h12,S01c0108h16,S02d0212h10,S02e0222h16,S03f0331h13,S03f0331h16,S04aH02,S04g0402h09,S04h0404h09,S04h0404h12,S09aH02,S09aH03,S11aH03,S11aH04,S11j1119h07,S11j1119h10,S12n1213h10,S01b0107h09,S02d0212h09,S02d0212h13,S02e0222h12,S02e0222h14,S03aH03,S09aH05,S11j1119h16,S12k1203h10,S12l1206h11,S12o1215h08,S12o1215h10,S12p1229h08,S01b0107h15,S03f0331h18,S04g0402h08,S04h0404h15,S08aH02,S09aH06,S11j1119h18,S12k1203h08,S12k1203h16,S12l1206h16,S12m1211h07,S12m1211h09,S12n1213h07,S01aH06,S01b0107h14,S01c0108h09,S01c0108h14,S02aH03,S07aH03,S08aH06,S10i1004h11,S12l1206h08,S12m1211h18,S12n1213h09,S12n1213h15,S12p1229h09,S02aH06,S03aH05,S03f0331h11,S04h0404h08,S05aH05,S06aH04,S08aH04,S11aH02,S12k1203h18,S12o1215h09,S12o1215h15,S01c0108h17,S02aH02,S02d0212h14,S02d0212h16,S02d0212h17,S03f0331h12,S03f0331h14,S04g0402h10,S06aH06,S12n1213h14,S12n1213h16,S12p1229h16,S01b0107h13,S02d0212h15,S02e0222h09,S02e0222h15,S02e0222h18,S03f0331h10,S03f0331h17,S04aH05,S04h0404h07,S04h0404h11,S10i1004h12,S12m1211h11,S12n1213h17,S12o1215h12,S12o1215h17,S01aH02,S01b0107h18,S02d0212h11,S02e0222h10,S04aH04,S04g0402h14,S04h0404h18,S10i1004h07,S10i1004h13,S10i1004h15,S10i1004h16,S10i1004h17,S12l1206h13,S12o1215h07,S12p1229h12,S01aH03,S01c0108h11,S04g0402h07,S04h0404h13,S04h0404h16,S04h0404h17,S05aH02,S05aH03,S05aH06,S10i1004h14,S11j1119h08,S12k1203h07,S12k1203h12,S12l1206h14,S12l1206h17,S12m1211h13,S12m1211h17,S12p1229h13,S12p1229h14,S01aH05,S01b0107h12,S02e0222h07,S02e0222h11,S03aH06,S03f0331h07,S04h0404h10,S06aH05,S10aH02,S10aH06,S10i1004h18,S11aH06,S11j1119h13,S12aH04,S12aH05,S12m1211h08,S12m1211h10,S12m1211h12,S01b0107h07,S01c0108h10,S02d0212h18,S04aH03,S04g0402h11,S04g0402h12,S04g0402h18,S07aH04,S08aH03,S09aH04,S10i1004h08,S11j1119h12,S11j1119h17,S12aH02,S12k1203h09,S12k1203h15,S12n1213h13,S12o1215h14,S12p1229h15,S12p1229h18 | F11: D | G11: S01c0108h17,S02aH02,S06aH06,S11d1114h18,S11d1115h09,S11d1116h08,S11d1118h09,S11d1118h15,S12e1203h16,S01c0108h15,S01c0108h18,S03aH02,S07aH05,S11d1112h08,S11d1115h10,S11d1115h11,S11d1115h13,S11d1115h17,S11d1116h16,S11d1117h13,S11d1118h11,S11d1118h14,S12e1203h18,S12e1204h08,S12e1207h10,S12e1207h11,S12e1207h15,S12e1208h07,S12e1209h10,S01b0107h13,S04aH05,S11d1112h12,S11d1112h16,S11d1118h12,S12e1204h10,S12e1205h09,S12e1206h18,S12e1207h07,S12e1207h13,S12e1209h13,S01aH06,S01b0107h14,S01c0108h09,S01c0108h14,S02aH03,S07aH03,S08aH06,S11d1112h07,S11d1112h17,S11d1113h10,S11d1113h14,S11d1116h11,S11d1117h14,S12e1204h12,S12e1205h10,S12e1205h12,S12e1205h18,S12e1207h17,S12e1208h10,S12e1208h15,S01b0107h08,S02aH04,S02aH05,S10aH03,S10aH05,S11d1114h09,S11d1114h15,S11d1116h07,S11d1116h09,S11d1117h16,S12e1203h11,S12e1203h15,S12e1204h13,S12e1208h09,S12e1208h18,S01aH03,S01c0108h11,S05aH02,S05aH03,S05aH06,S11d1112h13,S11d1117h07,S11d1118h13,S11d1118h16,S12e1203h10,S12e1203h17,S12e1204h17,S12e1206h08,S12e1206h14,S12e1206h17,S12e1207h08,S12e1207h09,S12e1208h11,S01aH02,S01b0107h18,S04aH04,S11d1115h07,S11d1115h16,S11d1116h12,S11d1116h13,S11d1116h18,S11d1118h10,S12e1203h08,S12e1203h12,S12e1204h14,S12e1204h16,S12e1205h16,S12e1206h11,S12e1208h14,S12e1209h14,S01b0107h10,S01b0107h16,S01c0108h13,S03aH04,S08aH05,S11aH05,S11d1112h09,S11d1113h12,S11d1113h17,S12aH03,S12e1205h11,S12e1209h07,S12e1209h11,S12e1209h15,S01b0107h17,S04aH06,S05aH04,S06aH02,S06aH03,S10aH04,S11d1112h18,S11d1113h11,S11d1113h16,S11d1114h10,S12aH06,S12e1204h15,S12e1209h09,S12e1209h12,S01aH05,S01b0107h12,S03aH06,S06aH05,S10aH02,S10aH06,S11aH06,S11d1112h15,S11d1113h15,S11d1114h08,S11d1117h08,S11d1117h09,S11d1117h10,S12aH04,S12aH05,S12e1203h09,S12e1206h09,S12e1209h08,S12e1209h16,S12e1209h17,S12e1209h18,S01aH04,S01b0107h11,S01c0108h08,S07aH02,S07aH06,S11d1112h11,S11d1116h14,S12e1203h07,S12e1203h14,S12e1204h07,S12e1204h09,S12e1205h13,S12e1205h15,S12e1205h17,S12e1207h18,S01c0108h07,S01c0108h12,S01c0108h16,S04aH02,S09aH02,S09aH03,S11aH03,S11aH04,S11d1113h08,S11d1114h12,S11d1117h12,S12e1204h11,S12e1206h13,S02aH06,S03aH05,S05aH05,S06aH04,S08aH04,S11aH02,S11d1114h17,S11d1115h18,S11d1118h18,S12e1205h07,S12e1205h14,S12e1206h07,S12e1206h16,S12e1207h16,S12e1208h13,S01b0107h07,S01c0108h10,S04aH03,S07aH04,S08aH03,S09aH04,S11d1113h07,S11d1113h18,S11d1114h16,S11d1115h08,S11d1115h14,S11d1115h15,S11d1116h10,S11d1117h18,S12aH02,S12e1205h08,S12e1208h12,S12e1208h16,S01b0107h09,S03aH03,S09aH05,S11d1112h10,S11d1112h14,S11d1114h11,S11d1114h13,S11d1116h15,S11d1116h17,S11d1117h11,S11d1117h17,S11d1118h08,S11d1118h17,S12e1204h18,S12e1206h10,S12e1206h12,S12e1208h17,S01b0107h15,S08aH02,S09aH06,S11d1113h09,S11d1113h13,S11d1114h07,S11d1114h14,S11d1115h12,S11d1117h15,S11d1118h07,S12e1203h13,S12e1206h15,S12e1207h12,S12e1207h14,S12e1208h08 | I11: D | J11: S02aH02,S04aH02,S03aH02,S03aH01,S01aH01,S04aH01,S01aH02,S02aH01 | L11: D | M11: S06aH04,S08aH04,S08aH02,S02aH04,S02aH03,S07aH03,S03aH02,S01aH03,S05aH02,S05aH03,S01aH04,S07aH02,S03aH03,S03aH04,S02aH02,S04aH03,S07aH04,S08aH03,S01aH02,S04aH04,S05aH04,S06aH02,S06aH03,S04aH02 | O11: D | P11: S01aH04,S07aH02,S07aH06,S02aH04,S02aH05,S10aH03,S10aH05,S04aH03,S07aH04,S08aH03,S09aH04,S12aH02,S03aH03,S09aH05,S04aH02,S09aH02,S09aH03,S11aH03,S11aH04,S04aH06,S05aH04,S06aH02,S06aH03,S10aH04,S12aH06,S01aH02,S04aH04,S04aH05,S02aH06,S03aH05,S05aH05,S06aH04,S08aH04,S11aH02,S03aH04,S08aH05,S11aH05,S12aH03,S02aH02,S06aH06,S01aH03,S05aH02,S05aH03,S05aH06,S01aH06,S02aH03,S07aH03,S08aH06,S03aH02,S07aH05,S08aH02,S09aH06,S01aH05,S03aH06,S06aH05,S10aH02,S10aH06,S11aH06,S12aH04,S12aH05 | R11: D | S11: S01aH06,S02aH03,S07aH03,S08aH06,S01aH04,S07aH02,S07aH06,S01aH03,S05aH02,S05aH03,S05aH06,S03aH02,S07aH05,S02aH02,S06aH06,S03aH03,S09aH05,S02aH04,S02aH05,S10aH03,S10aH05,S01aH02,S04aH04,S02aH06,S03aH05,S05aH05,S06aH04,S08aH04,S11aH02,S08aH02,S09aH06,S03aH04,S08aH05,S11aH05,S12aH03,S01aH05,S03aH06,S06aH05,S10aH02,S10aH06,S11aH06,S12aH04,S12aH05,S04aH06,S05aH04,S06aH02,S06aH03,S10aH04,S12aH06,S04aH03,S07aH04,S08aH03,S09aH04,S12aH02,S04aH02,S09aH02,S09aH03,S11aH03,S11aH04,S04aH05 | U11: D | V11: S01aH06,S02aH03,S07aH03,S08aH06,S03aH02,S07aH05,S03aH03,S09aH05,S01aH02,S04aH04,S04aH05,S04aH02,S09aH02,S09aH03,S11aH03,S11aH04,S01aH05,S03aH06,S06aH05,S10aH02,S10aH06,S11aH06,S12aH04,S12aH05,S01aH04,S07aH02,S07aH06,S04aH06,S05aH04,S06aH02,S06aH03,S10aH04,S12aH06,S08aH02,S09aH06,S01aH03,S05aH02,S05aH03,S05aH06,S04aH03,S07aH04,S08aH03,S09aH04,S12aH02,S02aH02,S06aH06,S02aH06,S03aH05,S05aH05,S06aH04,S08aH04,S11aH02,S02aH04,S02aH05,S10aH03,S10aH05,S03aH04,S08aH05,S11aH05,S12aH03 | X11: D | Y11: AllSaAllH | AA11: D | AB11: RaD,SaD,FaP,SaP,WaD,FaD,WaP,RaP
C12: N | D12: S02d0212h21,S03aH08,S03f0331h03,S03f0331h04,S04aH07,S04h0404h23,S06aH08,S11j1119h20,S12aH01,S12l1206h19,S12m1211h20,S12n1213h19,S12p1229h01,S01b0107h24,S02d0212h01,S02d0212h05,S02d0212h06,S04g0402h24,S05aH07,S07aH01,S10aH07,S10i1004h06,S11j1119h05,S11j1119h21,S12k1203h20,S12k1203h22,S12l1206h03,S12l1206h04,S12m1211h06,S12o1215h06,S12o1215h20,S01aH07,S01c0108h21,S01c0108h24,S02aH07,S05aH01,S10i1004h02,S11j1119h03,S12l1206h05,S12l1206h23,S12m1211h22,S12o1215h19,S12o1215h22,S01b0107h21,S01c0108h02,S01c0108h23,S03f0331h01,S04h0404h04,S08aH07,S12m1211h01,S12n1213h01,S12n1213h05,S12n1213h21,S12o1215h21,S12p1229h04,S01c0108h06,S01c0108h20,S02d0212h23,S02e0222h01,S04g0402h19,S08aH01,S09aH07,S10aH01,S10i1004h03,S10i1004h24,S11j1119h06,S12k1203h24,S12m1211h02,S12p1229h24,S01b0107h04,S01b0107h20,S01c0108h04,S02d0212h02,S02e0222h19,S03f0331h21,S10i1004h01,S10i1004h22,S12k1203h02,S12k1203h19,S12l1206h06,S12o1215h02,S12p1229h03,S12p1229h20,S02d0212h03,S02e0222h05,S03f0331h05,S03f0331h20,S10i1004h04,S11aH08,S11j1119h19,S12k1203h01,S12o1215h05,S01b0107h19,S02d0212h04,S02e0222h21,S02e0222h24,S04aH08,S04g0402h01,S04h0404h01,S04h0404h24,S06aH01,S10i1004h05,S12aH08,S12k1203h04,S12k1203h21,S12m1211h21,S12n1213h03,S12n1213h04,S12n1213h06,S12n1213h20,S12o1215h04,S12o1215h24,S12p1229h02,S12p1229h23,S01aH01,S01b0107h01,S01b0107h23,S01c0108h05,S04aH01,S04h0404h21,S09aH08,S10i1004h21,S11aH01,S11j1119h02,S12p1229h05,S12p1229h21,S01b0107h22,S02d0212h20,S02e0222h04,S02e0222h22,S04g0402h21,S04h0404h05,S04h0404h22,S06aH07,S07aH07,S07aH08,S08aH08,S10i1004h20,S12k1203h05,S12k1203h06,S12m1211h04,S12m1211h19,S12m1211h24,S12p1229h22,S02d0212h22,S02e0222h23,S03aH01,S03f0331h19,S04g0402h04,S04h0404h20,S12aH07,S12l1206h22,S12m1211h23,S12n1213h02,S12n1213h23,S12n1213h24,S12o1215h23,S01b0107h02,S01b0107h03,S02d0212h24,S02e0222h20,S03f0331h02,S03f0331h24,S04h0404h06,S05aH08,S10aH08,S10i1004h23,S11j1119h01,S11j1119h22,S12m1211h05,S12p1229h06,S01aH08,S02aH08,S02e0222h03,S03aH07,S04g0402h20,S11j1119h04,S12o1215h03,S12p1229h19,S01b0107h06,S01c0108h03,S02d0212h19,S02e0222h06,S04g0402h06,S04h0404h02,S09aH01,S11aH07,S12k1203h03,S12k1203h23,S12l1206h02,S01b0107h05,S01c0108h01,S01c0108h19,S01c0108h22,S02e0222h02,S03f0331h06,S03f0331h22,S04g0402h02,S04g0402h03,S04g0402h22,S04g0402h23,S11j1119h24,S12l1206h21,S12l1206h24,S12m1211h03,S02aH01,S03f0331h23,S04g0402h05,S04h0404h03,S04h0404h19,S10i1004h19,S11j1119h23,S12l1206h01,S12l1206h20,S12n1213h22,S12o1215h01 | F12: N | G12: S03aH01,S11d1112h21,S11d1113h03,S11d1116h04,S11d1116h05,S11d1117h20,S12aH07,S12e1203h20,S12e1206h21,S12e1207h05,S12e1207h24,S12e1209h20,S01b0107h21,S01c0108h02,S01c0108h23,S08aH07,S11d1113h20,S11d1118h02,S11d1118h06,S12e1204h24,S12e1205h05,S12e1206h22,S12e1208h01,S12e1208h06,S01b0107h02,S01b0107h03,S05aH08,S10aH08,S11d1112h03,S11d1113h22,S11d1114h19,S11d1114h21,S11d1116h21,S11d1117h06,S11d1118h03,S11d1118h24,S12e1203h03,S12e1204h01,S12e1204h20,S12e1205h06,S12e1208h21,S12e1209h23,S01aH01,S01b0107h01,S01b0107h23,S01c0108h05,S04aH01,S09aH08,S11aH01,S11d1112h20,S11d1112h24,S11d1113h01,S11d1113h04,S11d1114h22,S11d1114h24,S11d1117h03,S11d1117h05,S11d1118h04,S11d1118h20,S12e1203h06,S12e1203h22,S12e1204h03,S12e1204h19,S12e1205h20,S12e1205h21,S12e1205h22,S12e1209h04,S03aH08,S04aH07,S06aH08,S11d1114h04,S11d1115h01,S11d1116h06,S11d1116h19,S12aH01,S12e1203h19,S12e1204h21,S12e1206h04,S12e1206h24,S01b0107h06,S01c0108h03,S09aH01,S11aH07,S11d1112h01,S11d1112h06,S11d1112h19,S11d1113h23,S11d1114h05,S11d1118h19,S12e1203h05,S12e1204h04,S12e1204h22,S12e1207h02,S12e1207h21,S12e1207h23,S12e1208h03,S12e1208h20,S12e1209h03,S12e1209h05,S01aH08,S02aH08,S03aH07,S11d1116h23,S11d1117h01,S11d1117h02,S11d1117h23,S11d1118h05,S11d1118h21,S12e1205h01,S01aH07,S01c0108h21,S01c0108h24,S02aH07,S05aH01,S11d1112h02,S11d1114h03,S11d1115h03,S12e1204h05,S12e1205h04,S12e1206h23,S12e1207h01,S12e1208h04,S12e1209h24,S01b0107h24,S05aH07,S07aH01,S10aH07,S11d1113h02,S11d1113h21,S11d1115h22,S11d1115h23,S11d1118h01,S12e1203h02,S12e1204h23,S12e1205h02,S12e1207h22,S01b0107h05,S01c0108h01,S01c0108h19,S01c0108h22,S11d1113h19,S11d1113h24,S11d1114h01,S11d1114h06,S11d1115h06,S11d1117h04,S12e1203h21,S01c0108h06,S01c0108h20,S08aH01,S09aH07,S10aH01,S11d1112h04,S11d1112h23,S11d1113h06,S11d1115h04,S11d1115h19,S11d1116h02,S11d1118h23,S12e1205h24,S12e1206h01,S12e1206h03,S12e1208h24,S12e1209h06,S01b0107h04,S01b0107h20,S01c0108h04,S11d1112h05,S11d1115h02,S11d1115h05,S11d1116h22,S12e1203h23,S12e1204h06,S12e1205h03,S12e1207h19,S12e1208h19,S01b0107h22,S06aH07,S07aH07,S07aH08,S08aH08,S11d1112h22,S11d1114h02,S11d1115h20,S11d1117h24,S12e1203h04,S12e1206h02,S12e1206h20,S12e1209h19,S12e1209h22,S02aH01,S11d1114h20,S11d1115h21,S11d1116h01,S11d1116h03,S11d1116h24,S11d1117h21,S12e1203h01,S12e1204h02,S12e1205h19,S12e1205h23,S12e1206h06,S12e1208h05,S11aH08,S11d1117h19,S11d1118h22,S12e1207h04,S12e1207h20,S12e1208h02,S12e1208h23,S12e1209h21,S01b0107h19,S04aH08,S06aH01,S11d1113h05,S11d1114h23,S11d1115h24,S11d1116h20,S11d1117h22,S12aH08,S12e1203h24,S12e1206h05,S12e1206h19,S12e1207h03,S12e1207h06,S12e1208h22,S12e1209h01,S12e1209h02 | I12: N | J12: S03aH03,S03aH02,S04aH02,S02aH02,S02aH03,S01aH03,S01aH02,S04aH03 | L12: N | M12: S02aH05,S04aH05,S06aH01,S02aH06,S03aH05,S05aH05,S01aH01,S04aH01,S04aH06,S08aH01,S08aH05,S06aH06,S05aH01,S07aH06,S03aH01,S02aH01,S05aH06,S01aH05,S03aH06,S06aH05,S01aH06,S07aH01,S08aH06,S07aH05 | O12: N | P12: S08aH01,S09aH07,S10aH01,S03aH08,S04aH07,S06aH08,S12aH01,S02aH01,S11aH08,S05aH07,S07aH01,S10aH07,S01aH08,S02aH08,S03aH07,S05aH08,S10aH08,S06aH07,S07aH07,S07aH08,S08aH08,S01aH07,S02aH07,S05aH01,S03aH01,S12aH07,S09aH01,S11aH07,S01aH01,S04aH01,S09aH08,S11aH01,S08aH07,S04aH08,S06aH01,S12aH08 | R12: N | S12: S01aH01,S04aH01,S09aH08,S11aH01,S08aH01,S09aH07,S10aH01,S09aH01,S11aH07,S08aH07,S03aH01,S12aH07,S11aH08,S03aH08,S04aH07,S06aH08,S12aH01,S01aH08,S02aH08,S03aH07,S06aH07,S07aH07,S07aH08,S08aH08,S04aH08,S06aH01,S12aH08,S01aH07,S02aH07,S05aH01,S05aH07,S07aH01,S10aH07,S02aH01,S05aH08,S10aH08 | U12: N | V12: S01aH01,S04aH01,S09aH08,S11aH01,S08aH07,S11aH08,S01aH08,S02aH08,S03aH07,S05aH08,S10aH08,S08aH01,S09aH07,S10aH01,S05aH07,S07aH01,S10aH07,S04aH08,S06aH01,S12aH08,S09aH01,S11aH07,S02aH01,S03aH01,S12aH07,S06aH07,S07aH07,S07aH08,S08aH08,S03aH08,S04aH07,S06aH08,S12aH01,S01aH07,S02aH07,S05aH01 | X12: N | Y12: AllSaAllH | AA12: N | AB12: WaP,FaN,FaP,SaP,RaP,RaN,SaN,WaN
I17: 0.75 | K17: share of charging at night
C18: ~UC_Sets: R_E: AllRegions
H21: =IF(H23=H24,"Not Required!","~UC_T: LO") -> Not Required!
C22: UC_N | D22: Pset_CI | E22: Pset_CO | F22: pset_pn | G22: Cset_CN | H22: TimeSlice | I22: UC_FLO | J22: UC_RHSRT | K22: UC_RHSRT~0
C23: UC_bev night chg limit | D23: ELC | E23: =G23 -> AuxStoIN | F23: *EV* | G23: AuxStoIN | H23: =HLOOKUP($A$10,$D$10:$CU$12,3,FALSE) -> AllSaAllH | I23: =1+I24 -> 0.25 | J23: 0 | K23: 3 | M23: night
D24: ELC | E24: =G24 -> AuxStoIN | F24: *EV* | G24: AuxStoIN | H24: =HLOOKUP($A$10,$D$10:$CU$12,2,FALSE) -> AllSaAllH | I24: =-$I$17 -> -0.75 | M24: day

Sheet s1p1v1_d
C9: =IF(A11="x","DeActivated","~TimeSlices") -> DeActivated
A10: s1p1v1_d | C10: season | D10: weekly | E10: daynite | F10: wparent | G10: dparent
A11: =IFERROR(IF(Veda!D5=A10,"ok","x"),"") -> x | C11: S01 | D11: a | E11: 0107h01 | F11: S01,S02,S03,S04,S05,S06,S07,S08,S09,S10,S11,S12 | G11: b
C12: S02 | D12: b | E12: 0107h02 | F12: S01 | G12: b
C13: S03 | D13: c | E13: 0107h03 | F13: S03 | G13: b
C14: S04 | D14: d | E14: 0107h04 | F14: S12 | G14: b
C15: S05 | E15: 0107h05 | G15: b
C16: S06 | E16: 0107h06 | G16: b
C17: S07 | E17: 0107h07 | G17: b
C18: S08 | E18: 0107h08 | G18: b
C19: S09 | E19: 0107h09 | G19: b
C20: S10 | E20: 0107h10 | G20: b
C21: S11 | E21: 0107h11 | G21: b
C22: S12 | E22: 0107h12 | G22: b
E23: 0107h13 | G23: b
E24: 0107h14 | G24: b
E25: 0107h15 | G25: b
E26: 0107h16 | G26: b
E27: 0107h17 | G27: b
E28: 0107h18 | G28: b
E29: 0107h19 | G29: b
E30: 0107h20 | G30: b
E31: 0107h21 | G31: b
E32: 0107h22 | G32: b
E33: 0107h23 | G33: b
E34: 0107h24 | G34: b
... E90: H08 | G90: a

Sheet s5p5v5_d
C9: =IF(A11="x","DeActivated","~TimeSlices") -> DeActivated | I9: =IF(A11="x","DeActivated","~TFM_DINS-AT") -> DeActivated | N9: =IF(A11="x","DeActivated","~TFM_DINS-AT") -> DeActivated | S9: =IF(A11="x","DeActivated","~TFM_DINS-AT") -> DeActivated | X9: =IF(A11="x","DeActivated","~TFM_DINS-AT") -> DeActivated | AC9: =IF(A11="x","DeActivated","~TFM_DINS-AT") -> DeActivated | AG9: =IF(A11="x","DeActivated","~TFM_DINS-AT") -> DeActivated | AK9: =IF(A11="x","DeActivated","~TFM_INS-AT") -> DeActivated
A10: s5p5v5_d | C10: season | D10: weekly | E10: daynite | F10: wparent | G10: dparent | I10: commodity | J10: timeslice | K10: com_fr | L10: process | N10: commodity | O10: timeslice | P10: com_fr | Q10: process | S10: commodity | T10: timeslice | U10: com_fr | V10: process | X10: g_yrfr | Y10: com_fr | Z10: timeslice | AA10: commodity | AC10: commodity | AD10: timeslice | AE10: com_fr | AG10: commodity | AH10: timeslice | AI10: com_pkflx | AK10: Year | AL10: timeslice | AM10: ncap_afs | AN10: pset_ci
A11: =IFERROR(IF(Veda!D5=A10,"ok","x"),"") -> x | C11: S01 | D11: a | E11: 0107h01 | F11: S01,S02,S03,S04,S05,S06,S07,S08,S09,S10,S11,S12 | G11: b | I11: elc_spv_001 | J11: S01aH01 | K11: 0 | L11: IMPNRGZ | N11: elc_won_001 | O11: S01aH01 | P11: 0.023761553 | Q11: IMPNRGZ | S11: elc_wof_001 | T11: S01aH01 | U11: 0.023761553 | V11: IMPNRGZ | X11: 0.026484018 | Y11: 0.014679164 | Z11: S01aH01 | AA11: elc_roadtransport | AC11: elc_buildings | AD11: S01aH01 | AE11: 0.026088609 | AG11: ELC | AH11: S01aH01 | AI11: 0.20690356 | AK11: 2025 | AL11: S01 | AM11: 0.282 | AN11: hydro
C12: S02 | D12: b | E12: 0107h02 | F12: S01 | G12: b | I12: elc_spv_001 | J12: S01aH02 | K12: 0.0045185361 | L12: IMPNRGZ | N12: elc_won_001 | O12: S01aH02 | P12: 0.0019364168 | Q12: IMPNRGZ | S12: elc_wof_001 | T12: S01aH02 | U12: 0.0019364168 | V12: IMPNRGZ | X12: 0.0033105023 | Y12: 0.0042297525 | Z12: S01aH02 | AA12: elc_roadtransport | AC12: elc_buildings | AD12: S01aH02 | AE12: 0.0038097721 | AG12: ELC | AH12: S01aH02 | AI12: 0.084970608 | AK12: 2025 | AL12: S02 | AM12: 0.2808 | AN12: hydro
C13: S03 | D13: c | E13: 0107h03 | F13: S01 | G13: b | I13: elc_spv_001 | J13: S01aH03 | K13: 0.0063555069 | L13: IMPNRGZ | N13: elc_won_001 | O13: S01aH03 | P13: 0.0022390369 | Q13: IMPNRGZ | S13: elc_wof_001 | T13: S01aH03 | U13: 0.0022390369 | V13: IMPNRGZ | X13: 0.0033105023 | Y13: 0.0041913002 | Z13: S01aH03 | AA13: elc_roadtransport | AC13: elc_buildings | AD13: S01aH03 | AE13: 0.003773453 | AG13: ELC | AH13: S01aH03 | AI13: 0.10445604 | AK13: 2025 | AL13: S03 | AM13: 0.3252 | AN13: hydro
C14: S04 | D14: d | E14: 0107h04 | F14: S02 | G14: b | I14: elc_spv_001 | J14: S01aH04 | K14: 0.040736272 | L14: IMPNRGZ | N14: elc_won_001 | O14: S01aH04 | P14: 0.022063506 | Q14: IMPNRGZ | S14: elc_wof_001 | T14: S01aH04 | U14: 0.022063506 | V14: IMPNRGZ | X14: 0.019863014 | Y14: 0.025974525 | Z14: S01aH04 | AA14: elc_roadtransport | AC14: elc_buildings | AD14: S01aH04 | AE14: 0.022666706 | AG14: ELC | AH14: S01aH04 | AI14: 0.20545166 | AK14: 2025 | AL14: S04 | AM14: 0.3822 | AN14: hydro
C15: S05 | D15: e | E15: 0107h05 | F15: S02 | G15: b | I15: elc_spv_001 | J15: S01aH05 | K15: 0.0053880625 | L15: IMPNRGZ | N15: elc_won_001 | O15: S01aH05 | P15: 0.0041188464 | Q15: IMPNRGZ | S15: elc_wof_001 | T15: S01aH05 | U15: 0.0041188464 | V15: IMPNRGZ | X15: 0.0033105023 | Y15: 0.0064407594 | Z15: S01aH05 | AA15: elc_roadtransport | AC15: elc_buildings | AD15: S01aH05 | AE15: 0.0041793919 | AG15: ELC | AH15: S01aH05 | AI15: 0.11508497 | AK15: 2025 | AL15: S05 | AM15: 0.3801 | AN15: hydro
C16: S06 | D16: f | E16: 0107h06 | F16: S03 | G16: b | I16: elc_spv_001 | J16: S01aH06 | K16: 0.0034244644 | L16: IMPNRGZ | N16: elc_won_001 | O16: S01aH06 | P16: 0.0039878622 | Q16: IMPNRGZ | S16: elc_wof_001 | T16: S01aH06 | U16: 0.0039878622 | V16: IMPNRGZ | X16: 0.0033105023 | Y16: 0.0064407594 | Z16: S01aH06 | AA16: elc_roadtransport | AC16: elc_buildings | AD16: S01aH06 | AE16: 0.0043900063 | AG16: ELC | AH16: S01aH06 | AI16: 0.073903984 | AK16: 2025 | AL16: S06 | AM16: 0.3925 | AN16: hydro
C17: S07 | D17: g | E17: 0107h07 | F17: S04 | G17: b | I17: elc_spv_001 | J17: S01aH07 | K17: 0 | L17: IMPNRGZ | N17: elc_won_001 | O17: S01aH07 | P17: 0.0040839655 | Q17: IMPNRGZ | S17: elc_wof_001 | T17: S01aH07 | U17: 0.0040839655 | V17: IMPNRGZ | X17: 0.0033105023 | Y17: 0.0049987984 | Z17: S01aH07 | AA17: elc_roadtransport | AC17: elc_buildings | AD17: S01aH07 | AE17: 0.0043095624 | AG17: ELC | AH17: S01aH07 | AI17: 0.067987279 | AK17: 2025 | AL17: S07 | AM17: 0.3537 | AN17: hydro
C18: S08 | D18: h | E18: 0107h08 | F18: S04 | G18: b | I18: elc_spv_001 | J18: S01aH08 | K18: 0 | L18: IMPNRGZ | N18: elc_won_001 | O18: S01aH08 | P18: 0.01990172 | Q18: IMPNRGZ | S18: elc_wof_001 | T18: S01aH08 | U18: 0.01990172 | V18: IMPNRGZ | X18: 0.016552511 | Y18: 0.012496996 | Z18: S01aH08 | AA18: elc_roadtransport | AC18: elc_buildings | AD18: S01aH08 | AE18: 0.016800608 | AG18: ELC | AH18: S01aH08 | AI18: 0.28248078 | AK18: 2025 | AL18: S08 | AM18: 0.3485 | AN18: hydro
C19: S09 | D19: i | E19: 0107h09 | F19: S10 | G19: b | I19: elc_spv_001 | J19: S01b0107h01 | K19: 0 | L19: IMPNRGZ | N19: elc_won_001 | O19: S01b0107h01 | P19: 0.00040735053 | Q19: IMPNRGZ | S19: elc_wof_001 | T19: S01b0107h01 | U19: 0.00040735053 | V19: IMPNRGZ | X19: 0.00011415525 | Y19: 2.1546545e-05 | Z19: S01b0107h01 | AA19: elc_roadtransport | AC19: elc_buildings | AD19: S01b0107h01 | AE19: 8.8739699e-05 | AG19: ELC | AH19: S01b0107h01 | AI19: 0 | AK19: 2025 | AL19: S09 | AM19: 0.2918 | AN19: hydro
C20: S10 | D20: j | E20: 0107h10 | F20: S11 | G20: b | I20: elc_spv_001 | J20: S01b0107h02 | K20: 0 | L20: IMPNRGZ | N20: elc_won_001 | O20: S01b0107h02 | P20: 0.00048312598 | Q20: IMPNRGZ | S20: elc_wof_001 | T20: S01b0107h02 | U20: 0.00048312598 | V20: IMPNRGZ | X20: 0.00011415525 | Y20: 1.4916839e-05 | Z20: S01b0107h02 | AA20: elc_roadtransport | AC20: elc_buildings | AD20: S01b0107h02 | AE20: 8.9015192e-05 | AG20: ELC | AH20: S01b0107h02 | AI20: 0 | AK20: 2025 | AL20: S10 | AM20: 0.3121 | AN20: hydro
C21: S11 | D21: k | E21: 0107h11 | F21: S12 | G21: b | I21: elc_spv_001 | J21: S01b0107h03 | K21: 0 | L21: IMPNRGZ | N21: elc_won_001 | O21: S01b0107h03 | P21: 0.0005709368 | Q21: IMPNRGZ | S21: elc_wof_001 | T21: S01b0107h03 | U21: 0.0005709368 | V21: IMPNRGZ | X21: 0.00011415525 | Y21: 1.6574265e-05 | Z21: S01b0107h03 | AA21: elc_roadtransport | AC21: elc_buildings | AD21: S01b0107h03 | AE21: 9.6178011e-05 | AG21: ELC | AH21: S01b0107h03 | AI21: 0 | AK21: 2025 | AL21: S11 | AM21: 0.297 | AN21: hydro
C22: S12 | D22: l | E22: 0107h12 | F22: S12 | G22: b | I22: elc_spv_001 | J22: S01b0107h04 | K22: 0 | L22: IMPNRGZ | N22: elc_won_001 | O22: S01b0107h04 | P22: 0.00064412741 | Q22: IMPNRGZ | S22: elc_wof_001 | T22: S01b0107h04 | U22: 0.00064412741 | V22: IMPNRGZ | X22: 0.00011415525 | Y22: 1.4585353e-05 | Z22: S01b0107h04 | AA22: elc_roadtransport | AC22: elc_buildings | AD22: S01b0107h04 | AE22: 0.00010053998 | AG22: ELC | AH22: S01b0107h04 | AI22: 0 | AK22: 2025 | AL22: S12 | AM22: 0.3012 | AN22: hydro
D23: m | E23: 0107h13 | F23: S12 | G23: b | I23: elc_spv_001 | J23: S01b0107h05 | K23: 0 | L23: IMPNRGZ | N23: elc_won_001 | O23: S01b0107h05 | P23: 0.0006713354 | Q23: IMPNRGZ | S23: elc_wof_001 | T23: S01b0107h05 | U23: 0.0006713354 | V23: IMPNRGZ | X23: 0.00011415525 | Y23: 2.1215059e-05 | Z23: S01b0107h05 | AA23: elc_roadtransport | AC23: elc_buildings | AD23: S01b0107h05 | AE23: 0.00011133013 | AG23: ELC | AH23: S01b0107h05 | AI23: 0 | AK23: 2026 | AL23: S01 | AM23: 0.281 | AN23: hydro
D24: n | E24: 0107h14 | F24: S12 | G24: b | I24: elc_spv_001 | J24: S01b0107h06 | K24: 0 | L24: IMPNRGZ | N24: elc_won_001 | O24: S01b0107h06 | P24: 0.00067741423 | Q24: IMPNRGZ | S24: elc_wof_001 | T24: S01b0107h06 | U24: 0.00067741423 | V24: IMPNRGZ | X24: 0.00011415525 | Y24: 5.7678443e-05 | Z24: S01b0107h06 | AA24: elc_roadtransport | AC24: elc_buildings | AD24: S01b0107h06 | AE24: 0.00012533436 | AG24: ELC | AH24: S01b0107h06 | AI24: 0 | AK24: 2026 | AL24: S02 | AM24: 0.3212 | AN24: hydro
D25: o | E25: 0107h15 | F25: S12 | G25: b | I25: elc_spv_001 | J25: S01b0107h07 | K25: 0 | L25: IMPNRGZ | N25: elc_won_001 | O25: S01b0107h07 | P25: 0.00067928526 | Q25: IMPNRGZ | S25: elc_wof_001 | T25: S01b0107h07 | U25: 0.00067928526 | V25: IMPNRGZ | X25: 0.00011415525 | Y25: 0.0001690575 | Z25: S01b0107h07 | AA25: elc_roadtransport | AC25: elc_buildings | AD25: S01b0107h07 | AE25: 0.00013167069 | AG25: ELC | AH25: S01b0107h07 | AI25: 0 | AK25: 2026 | AL25: S03 | AM25: 0.3635 | AN25: hydro
D26: p | E26: 0107h16 | F26: S12 | G26: b | I26: elc_spv_001 | J26: S01b0107h08 | K26: 0 | L26: IMPNRGZ | N26: elc_won_001 | O26: S01b0107h08 | P26: 0.00067976116 | Q26: IMPNRGZ | S26: elc_wof_001 | T26: S01b0107h08 | U26: 0.00067976116 | V26: IMPNRGZ | X26: 0.00011415525 | Y26: 0.00019060405 | Z26: S01b0107h08 | AA26: elc_roadtransport | AC26: elc_buildings | AD26: S01b0107h08 | AE26: 0.00013649182 | AG26: ELC | AH26: S01b0107h08 | AI26: 0 | AK26: 2026 | AL26: S04 | AM26: 0.3661 | AN26: hydro
E27: 0107h17 | G27: b | I27: elc_spv_001 | J27: S01b0107h09 | K27: 0.00011889051 | L27: IMPNRGZ | N27: elc_won_001 | O27: S01b0107h09 | P27: 0.00067817399 | Q27: IMPNRGZ | S27: elc_wof_001 | T27: S01b0107h09 | U27: 0.00067817399 | V27: IMPNRGZ | X27: 0.00011415525 | Y27: 0.00014585353 | Z27: S01b0107h09 | AA27: elc_roadtransport | AC27: elc_buildings | AD27: S01b0107h09 | AE27: 0.00013809887 | AG27: ELC | AH27: S01b0107h09 | AI27: 0 | AK27: 2026 | AL27: S05 | AM27: 0.3922 | AN27: hydro
E28: 0107h18 | G28: b | I28: elc_spv_001 | J28: S01b0107h10 | K28: 0.00019302034 | L28: IMPNRGZ | N28: elc_won_001 | O28: S01b0107h10 | P28: 0.00068012151 | Q28: IMPNRGZ | S28: elc_wof_001 | T28: S01b0107h10 | U28: 0.00068012151 | V28: IMPNRGZ | X28: 0.00011415525 | Y28: 0.00014452759 | Z28: S01b0107h10 | AA28: elc_roadtransport | AC28: elc_buildings | AD28: S01b0107h10 | AE28: 0.00013860394 | AG28: ELC | AH28: S01b0107h10 | AI28: 0 | AK28: 2026 | AL28: S06 | AM28: 0.388 | AN28: hydro
E29: 0107h19 | G29: b | I29: elc_spv_001 | J29: S01b0107h11 | K29: 0.00021992335 | L29: IMPNRGZ | N29: elc_won_001 | O29: S01b0107h11 | P29: 0.00068012151 | Q29: IMPNRGZ | S29: elc_wof_001 | T29: S01b0107h11 | U29: 0.00068012151 | V29: IMPNRGZ | X29: 0.00011415525 | Y29: 0.00014088125 | Z29: S01b0107h11 | AA29: elc_roadtransport | AC29: elc_buildings | AD29: S01b0107h11 | AE29: 0.00013796112 | AG29: ELC | AH29: S01b0107h11 | AI29: 0 | AK29: 2026 | AL29: S07 | AM29: 0.3399 | AN29: hydro
E30: 0107h20 | G30: b | I30: elc_spv_001 | J30: S01b0107h12 | K30: 0.00019814477 | L30: IMPNRGZ | N30: elc_won_001 | O30: S01b0107h12 | P30: 0.000679224 | Q30: IMPNRGZ | S30: elc_wof_001 | T30: S01b0107h12 | U30: 0.000679224 | V30: IMPNRGZ | X30: 0.00011415525 | Y30: 0.00014054977 | Z30: S01b0107h12 | AA30: elc_roadtransport | AC30: elc_buildings | AD30: S01b0107h12 | AE30: 0.00013828253 | AG30: ELC | AH30: S01b0107h12 | AI30: 0 | AK30: 2026 | AL30: S08 | AM30: 0.3691 | AN30: hydro
E31: 0107h21 | G31: b | I31: elc_spv_001 | J31: S01b0107h13 | K31: 0.00014611046 | L31: IMPNRGZ | N31: elc_won_001 | O31: S01b0107h13 | P31: 0.00067995075 | Q31: IMPNRGZ | S31: elc_wof_001 | T31: S01b0107h13 | U31: 0.00067995075 | V31: IMPNRGZ | X31: 0.00011415525 | Y31: 0.00014253868 | Z31: S01b0107h13 | AA31: elc_roadtransport | AC31: elc_buildings | AD31: S01b0107h13 | AE31: 0.00013970591 | AG31: ELC | AH31: S01b0107h13 | AI31: 0 | AK31: 2026 | AL31: S09 | AM31: 0.3272 | AN31: hydro
E32: 0107h22 | G32: b | I32: elc_spv_001 | J32: S01b0107h14 | K32: 0.00019029256 | L32: IMPNRGZ | N32: elc_won_001 | O32: S01b0107h14 | P32: 0.00067577752 | Q32: IMPNRGZ | S32: elc_wof_001 | T32: S01b0107h14 | U32: 0.00067577752 | V32: IMPNRGZ | X32: 0.00011415525 | Y32: 0.0001488369 | Z32: S01b0107h14 | AA32: elc_roadtransport | AC32: elc_buildings | AD32: S01b0107h14 | AE32: 0.0001470983 | AG32: ELC | AH32: S01b0107h14 | AI32: 0 | AK32: 2026 | AL32: S10 | AM32: 0.3148 | AN32: hydro
E33: 0107h23 | G33: b | I33: elc_spv_001 | J33: S01b0107h15 | K33: 0.00023654525 | L33: IMPNRGZ | N33: elc_won_001 | O33: S01b0107h15 | P33: 0.00067504594 | Q33: IMPNRGZ | S33: elc_wof_001 | T33: S01b0107h15 | U33: 0.00067504594 | V33: IMPNRGZ | X33: 0.00011415525 | Y33: 0.00015049433 | Z33: S01b0107h15 | AA33: elc_roadtransport | AC33: elc_buildings | AD33: S01b0107h15 | AE33: 0.00015136845 | AG33: ELC | AH33: S01b0107h15 | AI33: 0 | AK33: 2026 | AL33: S11 | AM33: 0.3137 | AN33: hydro
E34: 0107h24 | G34: b | I34: elc_spv_001 | J34: S01b0107h16 | K34: 0.00021829986 | L34: IMPNRGZ | N34: elc_won_001 | O34: S01b0107h16 | P34: 0.00066272338 | Q34: IMPNRGZ | S34: elc_wof_001 | T34: S01b0107h16 | U34: 0.00066272338 | V34: IMPNRGZ | X34: 0.00011415525 | Y34: 0.00017237236 | Z34: S01b0107h16 | AA34: elc_roadtransport | AC34: elc_buildings | AD34: S01b0107h16 | AE34: 0.00015651098 | AG34: ELC | AH34: S01b0107h16 | AI34: 0 | AK34: 2026 | AL34: S12 | AM34: 0.3006 | AN34: hydro
E35: 0108h01 | G35: c | I35: elc_spv_001 | J35: S01b0107h17 | K35: 0.00017161159 | L35: IMPNRGZ | N35: elc_won_001 | O35: S01b0107h17 | P35: 0.00065881778 | Q35: IMPNRGZ | S35: elc_wof_001 | T35: S01b0107h17 | U35: 0.00065881778 | V35: IMPNRGZ | X35: 0.00011415525 | Y35: 0.00022209515 | Z35: S01b0107h17 | AA35: elc_roadtransport | AC35: elc_buildings | AD35: S01b0107h17 | AE35: 0.00015692422 | AG35: ELC | AH35: S01b0107h17 | AI35: 0 | AK35: 2027 | AL35: S01 | AM35: 0.3258 | AN35: hydro
E36: 0108h02 | G36: c | I36: elc_spv_001 | J36: S01b0107h18 | K36: 0.00011249392 | L36: IMPNRGZ | N36: elc_won_001 | O36: S01b0107h18 | P36: 0.0006357937 | Q36: IMPNRGZ | S36: elc_wof_001 | T36: S01b0107h18 | U36: 0.0006357937 | V36: IMPNRGZ | X36: 0.00011415525 | Y36: 0.00022209515 | Z36: S01b0107h18 | AA36: elc_roadtransport | AC36: elc_buildings | AD36: S01b0107h18 | AE36: 0.00016036788 | AG36: ELC | AH36: S01b0107h18 | AI36: 0 | AK36: 2027 | AL36: S02 | AM36: 0.2767 | AN36: hydro
E37: 0108h03 | G37: c | I37: elc_spv_001 | J37: S01b0107h19 | K37: 0 | L37: IMPNRGZ | N37: elc_won_001 | O37: S01b0107h19 | P37: 0.00059667111 | Q37: IMPNRGZ | S37: elc_wof_001 | T37: S01b0107h19 | U37: 0.00059667111 | V37: IMPNRGZ | X37: 0.00011415525 | Y37: 0.00017237236 | Z37: S01b0107h19 | AA37: elc_roadtransport | AC37: elc_buildings | AD37: S01b0107h19 | AE37: 0.00015439887 | AG37: ELC | AH37: S01b0107h19 | AI37: 0 | AK37: 2027 | AL37: S03 | AM37: 0.366 | AN37: hydro
E38: 0108h04 | G38: c | I38: elc_spv_001 | J38: S01b0107h20 | K38: 0 | L38: IMPNRGZ | N38: elc_won_001 | O38: S01b0107h20 | P38: 0.00056038356 | Q38: IMPNRGZ | S38: elc_wof_001 | T38: S01b0107h20 | U38: 0.00056038356 | V38: IMPNRGZ | X38: 0.00011415525 | Y38: 0.00015579809 | Z38: S01b0107h20 | AA38: elc_roadtransport | AC38: elc_buildings | AD38: S01b0107h20 | AE38: 0.00014888901 | AG38: ELC | AH38: S01b0107h20 | AI38: 0 | AK38: 2027 | AL38: S04 | AM38: 0.3432 | AN38: hydro
... E322: 1213h24 | G322: n | I322: elc_spv_001 | J322: S12aH08 | K322: 0 | L322: IMPNRGZ | N322: elc_won_001 | O322: S12aH08 | P322: 0.0099431473 | Q322: IMPNRGZ | S322: elc_wof_001 | T322: S12aH08 | U322: 0.0099431473 | V322: IMPNRGZ | X322: 0.014269406 | Y322: 0.010773272 | Z322: S12aH08 | AA322: elc_roadtransport | AC322: elc_buildings | AD322: S12aH08 | AE322: 0.01521927 | AG322: ELC | AH322: S12aH08 | AI322: 0.21640076 | AK322: 2050 | AL322: S12 | AM322: 0.391 | AN322: hydro
E323: 1215h01 | G323: o | I323: elc_spv_001 | J323: S12k1203h01 | K323: 0 | L323: IMPNRGZ | N323: elc_won_001 | O323: S12k1203h01 | P323: 4.9117799e-08 | Q323: IMPNRGZ | S323: elc_wof_001 | T323: S12k1203h01 | U323: 4.9117799e-08 | V323: IMPNRGZ | X323: 0.00011415525 | Y323: 2.1546545e-05 | Z323: S12k1203h01 | AA323: elc_roadtransport | AC323: elc_buildings | AD323: S12k1203h01 | AE323: 8.5644007e-05 | AG323: ELC | AH323: S12k1203h01 | AI323: 0
E324: 1215h02 | G324: o | I324: elc_spv_001 | J324: S12k1203h02 | K324: 0 | L324: IMPNRGZ | N324: elc_won_001 | O324: S12k1203h02 | P324: 2.1017612e-07 | Q324: IMPNRGZ | S324: elc_wof_001 | T324: S12k1203h02 | U324: 2.1017612e-07 | V324: IMPNRGZ | X324: 0.00011415525 | Y324: 1.4916839e-05 | Z324: S12k1203h02 | AA324: elc_roadtransport | AC324: elc_buildings | AD324: S12k1203h02 | AE324: 8.59195e-05 | AG324: ELC | AH324: S12k1203h02 | AI324: 0
E325: 1215h03 | G325: o | I325: elc_spv_001 | J325: S12k1203h03 | K325: 0 | L325: IMPNRGZ | N325: elc_won_001 | O325: S12k1203h03 | P325: 2.9529355e-07 | Q325: IMPNRGZ | S325: elc_wof_001 | T325: S12k1203h03 | U325: 2.9529355e-07 | V325: IMPNRGZ | X325: 0.00011415525 | Y325: 1.6574265e-05 | Z325: S12k1203h03 | AA325: elc_roadtransport | AC325: elc_buildings | AD325: S12k1203h03 | AE325: 9.1567107e-05 | AG325: ELC | AH325: S12k1203h03 | AI325: 0
E326: 1215h04 | G326: o | I326: elc_spv_001 | J326: S12k1203h04 | K326: 0 | L326: IMPNRGZ | N326: elc_won_001 | O326: S12k1203h04 | P326: 3.312996e-07 | Q326: IMPNRGZ | S326: elc_wof_001 | T326: S12k1203h04 | U326: 3.312996e-07 | V326: IMPNRGZ | X326: 0.00011415525 | Y326: 1.4585353e-05 | Z326: S12k1203h04 | AA326: elc_roadtransport | AC326: elc_buildings | AD326: S12k1203h04 | AE326: 9.6296404e-05 | AG326: ELC | AH326: S12k1203h04 | AI326: 0
E327: 1215h05 | G327: o | I327: elc_spv_001 | J327: S12k1203h05 | K327: 0 | L327: IMPNRGZ | N327: elc_won_001 | O327: S12k1203h05 | P327: 4.6256548e-07 | Q327: IMPNRGZ | S327: elc_wof_001 | T327: S12k1203h05 | U327: 4.6256548e-07 | V327: IMPNRGZ | X327: 0.00011415525 | Y327: 2.1215059e-05 | Z327: S12k1203h05 | AA327: elc_roadtransport | AC327: elc_buildings | AD327: S12k1203h05 | AE327: 0.00010639781 | AG327: ELC | AH327: S12k1203h05 | AI327: 0
E328: 1215h06 | G328: o | I328: elc_spv_001 | J328: S12k1203h06 | K328: 0 | L328: IMPNRGZ | N328: elc_won_001 | O328: S12k1203h06 | P328: 8.0363534e-07 | Q328: IMPNRGZ | S328: elc_wof_001 | T328: S12k1203h06 | U328: 8.0363534e-07 | V328: IMPNRGZ | X328: 0.00011415525 | Y328: 5.7678443e-05 | Z328: S12k1203h06 | AA328: elc_roadtransport | AC328: elc_buildings | AD328: S12k1203h06 | AE328: 0.00011874909 | AG328: ELC | AH328: S12k1203h06 | AI328: 0
E329: 1215h07 | G329: o | I329: elc_spv_001 | J329: S12k1203h07 | K329: 0 | L329: IMPNRGZ | N329: elc_won_001 | O329: S12k1203h07 | P329: 1.4951102e-06 | Q329: IMPNRGZ | S329: elc_wof_001 | T329: S12k1203h07 | U329: 1.4951102e-06 | V329: IMPNRGZ | X329: 0.00011415525 | Y329: 0.0001690575 | Z329: S12k1203h07 | AA329: elc_roadtransport | AC329: elc_buildings | AD329: S12k1203h07 | AE329: 0.00012852909 | AG329: ELC | AH329: S12k1203h07 | AI329: 0
E330: 1215h08 | G330: o | I330: elc_spv_001 | J330: S12k1203h08 | K330: 0.00012410009 | L330: IMPNRGZ | N330: elc_won_001 | O330: S12k1203h08 | P330: 3.7344945e-06 | Q330: IMPNRGZ | S330: elc_wof_001 | T330: S12k1203h08 | U330: 3.7344945e-06 | V330: IMPNRGZ | X330: 0.00011415525 | Y330: 0.00019060405 | Z330: S12k1203h08 | AA330: elc_roadtransport | AC330: elc_buildings | AD330: S12k1203h08 | AE330: 0.00012127444 | AG330: ELC | AH330: S12k1203h08 | AI330: 0
E331: 1215h09 | G331: o | I331: elc_spv_001 | J331: S12k1203h09 | K331: 0.00018563155 | L331: IMPNRGZ | N331: elc_won_001 | O331: S12k1203h09 | P331: 1.3942944e-05 | Q331: IMPNRGZ | S331: elc_wof_001 | T331: S12k1203h09 | U331: 1.3942944e-05 | V331: IMPNRGZ | X331: 0.00011415525 | Y331: 0.00014585353 | Z331: S12k1203h09 | AA331: elc_roadtransport | AC331: elc_buildings | AD331: S12k1203h09 | AE331: 0.00011833585 | AG331: ELC | AH331: S12k1203h09 | AI331: 0
E332: 1215h10 | G332: o | I332: elc_spv_001 | J332: S12k1203h10 | K332: 0.00023434396 | L332: IMPNRGZ | N332: elc_won_001 | O332: S12k1203h10 | P332: 1.8870637e-05 | Q332: IMPNRGZ | S332: elc_wof_001 | T332: S12k1203h10 | U332: 1.8870637e-05 | V332: IMPNRGZ | X332: 0.00011415525 | Y332: 0.00014452759 | Z332: S12k1203h10 | AA332: elc_roadtransport | AC332: elc_buildings | AD332: S12k1203h10 | AE332: 0.00011824401 | AG332: ELC | AH332: S12k1203h10 | AI332: 0
E333: 1215h11 | G333: o | I333: elc_spv_001 | J333: S12k1203h11 | K333: 0.00024678008 | L333: IMPNRGZ | N333: elc_won_001 | O333: S12k1203h11 | P333: 1.4672974e-05 | Q333: IMPNRGZ | S333: elc_wof_001 | T333: S12k1203h11 | U333: 1.4672974e-05 | V333: IMPNRGZ | X333: 0.00011415525 | Y333: 0.00014088125 | Z333: S12k1203h11 | AA333: elc_roadtransport | AC333: elc_buildings | AD333: S12k1203h11 | AE333: 0.00011755528 | AG333: ELC | AH333: S12k1203h11 | AI333: 0
E334: 1215h12 | G334: o | I334: elc_spv_001 | J334: S12k1203h12 | K334: 0.00021892242 | L334: IMPNRGZ | N334: elc_won_001 | O334: S12k1203h12 | P334: 2.9727403e-05 | Q334: IMPNRGZ | S334: elc_wof_001 | T334: S12k1203h12 | U334: 2.9727403e-05 | V334: IMPNRGZ | X334: 0.00011415525 | Y334: 0.00014054977 | Z334: S12k1203h12 | AA334: elc_roadtransport | AC334: elc_buildings | AD334: S12k1203h12 | AE334: 0.00011783078 | AG334: ELC | AH334: S12k1203h12 | AI334: 0
... E378: H08 | G378: a | I378: elc_spv_001 | J378: S12m1211h08 | K378: 6.9303109e-05 | L378: IMPNRGZ | N378: elc_won_001 | O378: S12m1211h08 | P378: 0.00020641727 | Q378: IMPNRGZ | S378: elc_wof_001 | T378: S12m1211h08 | U378: 0.00020641727 | V378: IMPNRGZ | X378: 0.00011415525 | Y378: 0.00019060405 | Z378: S12m1211h08 | AA378: elc_roadtransport | AC378: elc_buildings | AD378: S12m1211h08 | AE378: 0.00013436036 | AG378: ELC | AH378: S12m1211h08 | AI378: 0
I379: elc_spv_001 | J379: S12m1211h09 | K379: 0.00018548291 | L379: IMPNRGZ | N379: elc_won_001 | O379: S12m1211h09 | P379: 0.00024158037 | Q379: IMPNRGZ | S379: elc_wof_001 | T379: S12m1211h09 | U379: 0.00024158037 | V379: IMPNRGZ | X379: 0.00011415525 | Y379: 0.00014585353 | Z379: S12m1211h09 | AA379: elc_roadtransport | AC379: elc_buildings | AD379: S12m1211h09 | AE379: 0.0001359674 | AG379: ELC | AH379: S12m1211h09 | AI379: 0
I380: elc_spv_001 | J380: S12m1211h10 | K380: 0.00024608977 | L380: IMPNRGZ | N380: elc_won_001 | O380: S12m1211h10 | P380: 0.0003209663 | Q380: IMPNRGZ | S380: elc_wof_001 | T380: S12m1211h10 | U380: 0.0003209663 | V380: IMPNRGZ | X380: 0.00011415525 | Y380: 0.00014452759 | Z380: S12m1211h10 | AA380: elc_roadtransport | AC380: elc_buildings | AD380: S12m1211h10 | AE380: 0.0001377581 | AG380: ELC | AH380: S12m1211h10 | AI380: 0
I381: elc_spv_001 | J381: S12m1211h11 | K381: 0.00023035178 | L381: IMPNRGZ | N381: elc_won_001 | O381: S12m1211h11 | P381: 0.00050354605 | Q381: IMPNRGZ | S381: elc_wof_001 | T381: S12m1211h11 | U381: 0.00050354605 | V381: IMPNRGZ | X381: 0.00011415525 | Y381: 0.00014088125 | Z381: S12m1211h11 | AA381: elc_roadtransport | AC381: elc_buildings | AD381: S12m1211h11 | AE381: 0.00013798768 | AG381: ELC | AH381: S12m1211h11 | AI381: 0
I382: elc_spv_001 | J382: S12m1211h12 | K382: 0.00017266478 | L382: IMPNRGZ | N382: elc_won_001 | O382: S12m1211h12 | P382: 0.00064596256 | Q382: IMPNRGZ | S382: elc_wof_001 | T382: S12m1211h12 | U382: 0.00064596256 | V382: IMPNRGZ | X382: 0.00011415525 | Y382: 0.00014054977 | Z382: S12m1211h12 | AA382: elc_roadtransport | AC382: elc_buildings | AD382: S12m1211h12 | AE382: 0.00013830909 | AG382: ELC | AH382: S12m1211h12 | AI382: 0
I383: elc_spv_001 | J383: S12m1211h13 | K383: 0.00010353779 | L383: IMPNRGZ | N383: elc_won_001 | O383: S12m1211h13 | P383: 0.00067235338 | Q383: IMPNRGZ | S383: elc_wof_001 | T383: S12m1211h13 | U383: 0.00067235338 | V383: IMPNRGZ | X383: 0.00011415525 | Y383: 0.00014253868 | Z383: S12m1211h13 | AA383: elc_roadtransport | AC383: elc_buildings | AD383: S12m1211h13 | AE383: 0.00013973247 | AG383: ELC | AH383: S12m1211h13 | AI383: 0
I384: elc_spv_001 | J384: S12m1211h14 | K384: 6.7699e-05 | L384: IMPNRGZ | N384: elc_won_001 | O384: S12m1211h14 | P384: 0.00066672611 | Q384: IMPNRGZ | S384: elc_wof_001 | T384: S12m1211h14 | U384: 0.00066672611 | V384: IMPNRGZ | X384: 0.00011415525 | Y384: 0.0001488369 | Z384: S12m1211h14 | AA384: elc_roadtransport | AC384: elc_buildings | AD384: S12m1211h14 | AE384: 0.00014712487 | AG384: ELC | AH384: S12m1211h14 | AI384: 0
I385: elc_spv_001 | J385: S12m1211h15 | K385: 7.8724085e-05 | L385: IMPNRGZ | N385: elc_won_001 | O385: S12m1211h15 | P385: 0.00065921679 | Q385: IMPNRGZ | S385: elc_wof_001 | T385: S12m1211h15 | U385: 0.00065921679 | V385: IMPNRGZ | X385: 0.00011415525 | Y385: 0.00015049433 | Z385: S12m1211h15 | AA385: elc_roadtransport | AC385: elc_buildings | AD385: S12m1211h15 | AE385: 0.00015139501 | AG385: ELC | AH385: S12m1211h15 | AI385: 0
I386: elc_spv_001 | J386: S12m1211h16 | K386: 7.8607503e-05 | L386: IMPNRGZ | N386: elc_won_001 | O386: S12m1211h16 | P386: 0.00065205756 | Q386: IMPNRGZ | S386: elc_wof_001 | T386: S12m1211h16 | U386: 0.00065205756 | V386: IMPNRGZ | X386: 0.00011415525 | Y386: 0.00017237236 | Z386: S12m1211h16 | AA386: elc_roadtransport | AC386: elc_buildings | AD386: S12m1211h16 | AE386: 0.00015626205 | AG386: ELC | AH386: S12m1211h16 | AI386: 0
I387: elc_spv_001 | J387: S12m1211h17 | K387: 5.4439846e-05 | L387: IMPNRGZ | N387: elc_won_001 | O387: S12m1211h17 | P387: 0.00063288916 | Q387: IMPNRGZ | S387: elc_wof_001 | T387: S12m1211h17 | U387: 0.00063288916 | V387: IMPNRGZ | X387: 0.00011415525 | Y387: 0.00022209515 | Z387: S12m1211h17 | AA387: elc_roadtransport | AC387: elc_buildings | AD387: S12m1211h17 | AE387: 0.00015667529 | AG387: ELC | AH387: S12m1211h17 | AI387: 0
I388: elc_spv_001 | J388: S12m1211h18 | K388: 0 | L388: IMPNRGZ | N388: elc_won_001 | O388: S12m1211h18 | P388: 0.00064579431 | Q388: IMPNRGZ | S388: elc_wof_001 | T388: S12m1211h18 | U388: 0.00064579431 | V388: IMPNRGZ | X388: 0.00011415525 | Y388: 0.00022209515 | Z388: S12m1211h18 | AA388: elc_roadtransport | AC388: elc_buildings | AD388: S12m1211h18 | AE388: 0.00015947614 | AG388: ELC | AH388: S12m1211h18 | AI388: 0
I389: elc_spv_001 | J389: S12m1211h19 | K389: 0 | L389: IMPNRGZ | N389: elc_won_001 | O389: S12m1211h19 | P389: 0.00065308338 | Q389: IMPNRGZ | S389: elc_wof_001 | T389: S12m1211h19 | U389: 0.00065308338 | V389: IMPNRGZ | X389: 0.00011415525 | Y389: 0.00017237236 | Z389: S12m1211h19 | AA389: elc_roadtransport | AC389: elc_buildings | AD389: S12m1211h19 | AE389: 0.00015529783 | AG389: ELC | AH389: S12m1211h19 | AI389: 0
I390: elc_spv_001 | J390: S12m1211h20 | K390: 0 | L390: IMPNRGZ | N390: elc_won_001 | O390: S12m1211h20 | P390: 0.00067482282 | Q390: IMPNRGZ | S390: elc_wof_001 | T390: S12m1211h20 | U390: 0.00067482282 | V390: IMPNRGZ | X390: 0.00011415525 | Y390: 0.00015579809 | Z390: S12m1211h20 | AA390: elc_roadtransport | AC390: elc_buildings | AD390: S12m1211h20 | AE390: 0.00015309388 | AG390: ELC | AH390: S12m1211h20 | AI390: 0
... I466: elc_spv_001 | J466: S12p1229h24 | K466: 0 | L466: IMPNRGZ | N466: elc_won_001 | O466: S12p1229h24 | P466: 4.6545788e-05 | Q466: IMPNRGZ | S466: elc_wof_001 | T466: S12p1229h24 | U466: 4.6545788e-05 | V466: IMPNRGZ | X466: 0.00011415525 | Y466: 2.9833677e-05 | Z466: S12p1229h24 | AA466: elc_roadtransport | AC466: elc_buildings | AD466: S12p1229h24 | AE466: 0.00010318373 | AG466: ELC | AH466: S12p1229h24 | AI466: 0
I467: elc_spv_002 | J467: S01aH01 | K467: 0.00012200254 | L467: IMPNRGZ | N467: elc_won_002 | O467: S01aH01 | P467: 0.022524612 | Q467: IMPNRGZ | S467: elc_wof_002 | T467: S01aH01 | U467: 0.022524612 | V467: IMPNRGZ | AC467: elc_industry | AD467: S01aH01 | AE467: 0.026302037
I468: elc_spv_002 | J468: S01aH02 | K468: 0.0047020461 | L468: IMPNRGZ | N468: elc_won_002 | O468: S01aH02 | P468: 0.0020985034 | Q468: IMPNRGZ | S468: elc_wof_002 | T468: S01aH02 | U468: 0.0020985034 | V468: IMPNRGZ | AC468: elc_industry | AD468: S01aH02 | AE468: 0.0033286986
I469: elc_spv_002 | J469: S01aH03 | K469: 0.0063701226 | L469: IMPNRGZ | N469: elc_won_002 | O469: S01aH03 | P469: 0.0024090562 | Q469: IMPNRGZ | S469: elc_wof_002 | T469: S01aH03 | U469: 0.0024090562 | V469: IMPNRGZ | AC469: elc_industry | AD469: S01aH03 | AE469: 0.0033259885
I470: elc_spv_002 | J470: S01aH04 | K470: 0.040268379 | L470: IMPNRGZ | N470: elc_won_002 | O470: S01aH04 | P470: 0.025118909 | Q470: IMPNRGZ | S470: elc_wof_002 | T470: S01aH04 | U470: 0.025118909 | V470: IMPNRGZ | AC470: elc_industry | AD470: S01aH04 | AE470: 0.01995787
I471: elc_spv_002 | J471: S01aH05 | K471: 0.005144775 | L471: IMPNRGZ | N471: elc_won_002 | O471: S01aH05 | P471: 0.0049697145 | Q471: IMPNRGZ | S471: elc_wof_002 | T471: S01aH05 | U471: 0.0049697145 | V471: IMPNRGZ | AC471: elc_industry | AD471: S01aH05 | AE471: 0.0033562799
I472: elc_spv_002 | J472: S01aH06 | K472: 0.0032751608 | L472: IMPNRGZ | N472: elc_won_002 | O472: S01aH06 | P472: 0.0046159155 | Q472: IMPNRGZ | S472: elc_wof_002 | T472: S01aH06 | U472: 0.0046159155 | V472: IMPNRGZ | AC472: elc_industry | AD472: S01aH06 | AE472: 0.0033719961
I473: elc_spv_002 | J473: S01aH07 | K473: 0 | L473: IMPNRGZ | N473: elc_won_002 | O473: S01aH07 | P473: 0.0043049692 | Q473: IMPNRGZ | S473: elc_wof_002 | T473: S01aH07 | U473: 0.0043049692 | V473: IMPNRGZ | AC473: elc_industry | AD473: S01aH07 | AE473: 0.0033659933
I474: elc_spv_002 | J474: S01aH08 | K474: 0 | L474: IMPNRGZ | N474: elc_won_002 | O474: S01aH08 | P474: 0.01842783 | Q474: IMPNRGZ | S474: elc_wof_002 | T474: S01aH08 | U474: 0.01842783 | V474: IMPNRGZ | AC474: elc_industry | AD474: S01aH08 | AE474: 0.016475727
I475: elc_spv_002 | J475: S01b0107h01 | K475: 0 | L475: IMPNRGZ | N475: elc_won_002 | O475: S01b0107h01 | P475: 0.00067644998 | Q475: IMPNRGZ | S475: elc_wof_002 | T475: S01b0107h01 | U475: 0.00067644998 | V475: IMPNRGZ | AC475: elc_industry | AD475: S01b0107h01 | AE475: 0.0001116015
I476: elc_spv_002 | J476: S01b0107h02 | K476: 0 | L476: IMPNRGZ | N476: elc_won_002 | O476: S01b0107h02 | P476: 0.00082298914 | Q476: IMPNRGZ | S476: elc_wof_002 | T476: S01b0107h02 | U476: 0.00082298914 | V476: IMPNRGZ | AC476: elc_industry | AD476: S01b0107h02 | AE476: 0.00011162206
I477: elc_spv_002 | J477: S01b0107h03 | K477: 0 | L477: IMPNRGZ | N477: elc_won_002 | O477: S01b0107h03 | P477: 0.00088914901 | Q477: IMPNRGZ | S477: elc_wof_002 | T477: S01b0107h03 | U477: 0.00088914901 | V477: IMPNRGZ | AC477: elc_industry | AD477: S01b0107h03 | AE477: 0.00011215655
I478: elc_spv_002 | J478: S01b0107h04 | K478: 0 | L478: IMPNRGZ | N478: elc_won_002 | O478: S01b0107h04 | P478: 0.00096146268 | Q478: IMPNRGZ | S478: elc_wof_002 | T478: S01b0107h04 | U478: 0.00096146268 | V478: IMPNRGZ | AC478: elc_industry | AD478: S01b0107h04 | AE478: 0.00011248205
... I922: elc_spv_002 | J922: S12p1229h24 | K922: 0 | L922: IMPNRGZ | N922: elc_won_002 | O922: S12p1229h24 | P922: 2.4647072e-05 | Q922: IMPNRGZ | S922: elc_wof_002 | T922: S12p1229h24 | U922: 2.4647072e-05 | V922: IMPNRGZ | AC922: elc_industry | AD922: S12p1229h24 | AE922: 0.00011260705
I923: elc_spv_003 | J923: S01aH01 | K923: 0 | L923: IMPNRGZ | N923: elc_won_003 | O923: S01aH01 | P923: 0.02907964 | Q923: IMPNRGZ | S923: elc_wof_003 | T923: S01aH01 | U923: 0.02907964 | V923: IMPNRGZ
I924: elc_spv_003 | J924: S01aH02 | K924: 0.0040802075 | L924: IMPNRGZ | N924: elc_won_003 | O924: S01aH02 | P924: 0.0040735835 | Q924: IMPNRGZ | S924: elc_wof_003 | T924: S01aH02 | U924: 0.0040735835 | V924: IMPNRGZ
I925: elc_spv_003 | J925: S01aH03 | K925: 0.0060201512 | L925: IMPNRGZ | N925: elc_won_003 | O925: S01aH03 | P925: 0.0040404476 | Q925: IMPNRGZ | S925: elc_wof_003 | T925: S01aH03 | U925: 0.0040404476 | V925: IMPNRGZ
I926: elc_spv_003 | J926: S01aH04 | K926: 0.041399093 | L926: IMPNRGZ | N926: elc_won_003 | O926: S01aH04 | P926: 0.027237892 | Q926: IMPNRGZ | S926: elc_wof_003 | T926: S01aH04 | U926: 0.027237892 | V926: IMPNRGZ
I927: elc_spv_003 | J927: S01aH05 | K927: 0.005668944 | L927: IMPNRGZ | N927: elc_won_003 | O927: S01aH05 | P927: 0.0040863464 | Q927: IMPNRGZ | S927: elc_wof_003 | T927: S01aH05 | U927: 0.0040863464 | V927: IMPNRGZ
I928: elc_spv_003 | J928: S01aH06 | K928: 0.0034762864 | L928: IMPNRGZ | N928: elc_won_003 | O928: S01aH06 | P928: 0.0038909755 | Q928: IMPNRGZ | S928: elc_wof_003 | T928: S01aH06 | U928: 0.0038909755 | V928: IMPNRGZ
I929: elc_spv_003 | J929: S01aH07 | K929: 0 | L929: IMPNRGZ | N929: elc_won_003 | O929: S01aH07 | P929: 0.0038640729 | Q929: IMPNRGZ | S929: elc_wof_003 | T929: S01aH07 | U929: 0.0038640729 | V929: IMPNRGZ
I930: elc_spv_003 | J930: S01aH08 | K930: 0 | L930: IMPNRGZ | N930: elc_won_003 | O930: S01aH08 | P930: 0.019668024 | Q930: IMPNRGZ | S930: elc_wof_003 | T930: S01aH08 | U930: 0.019668024 | V930: IMPNRGZ
I931: elc_spv_003 | J931: S01b0107h01 | K931: 0 | L931: IMPNRGZ | N931: elc_won_003 | O931: S01b0107h01 | P931: 0.00070921721 | Q931: IMPNRGZ | S931: elc_wof_003 | T931: S01b0107h01 | U931: 0.00070921721 | V931: IMPNRGZ
I932: elc_spv_003 | J932: S01b0107h02 | K932: 0 | L932: IMPNRGZ | N932: elc_won_003 | O932: S01b0107h02 | P932: 0.00071398364 | Q932: IMPNRGZ | S932: elc_wof_003 | T932: S01b0107h02 | U932: 0.00071398364 | V932: IMPNRGZ
I933: elc_spv_003 | J933: S01b0107h03 | K933: 0 | L933: IMPNRGZ | N933: elc_won_003 | O933: S01b0107h03 | P933: 0.00071245834 | Q933: IMPNRGZ | S933: elc_wof_003 | T933: S01b0107h03 | U933: 0.00071245834 | V933: IMPNRGZ
I934: elc_spv_003 | J934: S01b0107h04 | K934: 0 | L934: IMPNRGZ | N934: elc_won_003 | O934: S01b0107h04 | P934: 0.00071441083 | Q934: IMPNRGZ | S934: elc_wof_003 | T934: S01b0107h04 | U934: 0.00071441083 | V934: IMPNRGZ
... I4570: elc_spv_010 | J4570: S12p1229h24 | K4570: 0 | L4570: IMPNRGZ | N4570: elc_won_010 | O4570: S12p1229h24 | P4570: 9.6715897e-05 | Q4570: IMPNRGZ | S4570: elc_wof_010 | T4570: S12p1229h24 | U4570: 9.6715897e-05 | V4570: IMPNRGZ

Sheet s2_w_p2_d
C9: =IF(A11="x","DeActivated","~TimeSlices") -> DeActivated | I9: =IF(A11="x","DeActivated","~TFM_DINS-AT") -> DeActivated | N9: =IF(A11="x","DeActivated","~TFM_DINS-AT") -> DeActivated | S9: =IF(A11="x","DeActivated","~TFM_DINS-AT") -> DeActivated | X9: =IF(A11="x","DeActivated","~TFM_DINS-AT") -> DeActivated | AC9: =IF(A11="x","DeActivated","~TFM_DINS-AT") -> DeActivated | AG9: =IF(A11="x","DeActivated","~TFM_DINS-AT") -> DeActivated | AK9: =IF(A11="x","DeActivated","~TFM_INS-AT") -> DeActivated
A10: s2_w_p2_d | C10: season | D10: weekly | E10: daynite | F10: wparent | G10: dparent | I10: commodity | J10: timeslice | K10: com_fr | L10: process | N10: commodity | O10: timeslice | P10: com_fr | Q10: process | S10: commodity | T10: timeslice | U10: com_fr | V10: process | X10: g_yrfr | Y10: com_fr | Z10: timeslice | AA10: commodity | AC10: commodity | AD10: timeslice | AE10: com_fr | AG10: commodity | AH10: timeslice | AI10: com_pkflx | AK10: Year | AL10: timeslice | AM10: ncap_afs | AN10: pset_ci
A11: =IFERROR(IF(Veda!D5=A10,"ok","x"),"") -> x | C11: S01 | D11: a | E11: 0107h01 | F11: S01,S02,S03,S04,S05,S06,S07,S08,S09,S10,S11,S12 | G11: b | I11: elc_spv_001 | J11: S01aH01 | K11: 0 | L11: IMPNRGZ | N11: elc_won_001 | O11: S01aH01 | P11: 0.023761553 | Q11: IMPNRGZ | S11: elc_wof_001 | T11: S01aH01 | U11: 0.023761553 | V11: IMPNRGZ | X11: 0.026484018 | Y11: 0.014679164 | Z11: S01aH01 | AA11: elc_roadtransport | AC11: elc_buildings | AD11: S01aH01 | AE11: 0.026088609 | AG11: ELC | AH11: S01aH01 | AI11: 0.20690356 | AK11: 2025 | AL11: S01 | AM11: 0.282 | AN11: hydro
C12: S02 | D12: b | E12: 0107h02 | F12: S01 | G12: b | I12: elc_spv_001 | J12: S01aH02 | K12: 0.0045185361 | L12: IMPNRGZ | N12: elc_won_001 | O12: S01aH02 | P12: 0.0019364168 | Q12: IMPNRGZ | S12: elc_wof_001 | T12: S01aH02 | U12: 0.0019364168 | V12: IMPNRGZ | X12: 0.0033105023 | Y12: 0.0042297525 | Z12: S01aH02 | AA12: elc_roadtransport | AC12: elc_buildings | AD12: S01aH02 | AE12: 0.0038097721 | AG12: ELC | AH12: S01aH02 | AI12: 0.084970608 | AK12: 2025 | AL12: S02 | AM12: 0.2808 | AN12: hydro
C13: S03 | D13: c | E13: 0107h03 | F13: S01 | G13: b | I13: elc_spv_001 | J13: S01aH03 | K13: 0.0063555069 | L13: IMPNRGZ | N13: elc_won_001 | O13: S01aH03 | P13: 0.0022390369 | Q13: IMPNRGZ | S13: elc_wof_001 | T13: S01aH03 | U13: 0.0022390369 | V13: IMPNRGZ | X13: 0.0033105023 | Y13: 0.0041913002 | Z13: S01aH03 | AA13: elc_roadtransport | AC13: elc_buildings | AD13: S01aH03 | AE13: 0.003773453 | AG13: ELC | AH13: S01aH03 | AI13: 0.10445604 | AK13: 2025 | AL13: S03 | AM13: 0.3252 | AN13: hydro
C14: S04 | D14: d | E14: 0107h04 | F14: S11 | G14: b | I14: elc_spv_001 | J14: S01aH04 | K14: 0.040736272 | L14: IMPNRGZ | N14: elc_won_001 | O14: S01aH04 | P14: 0.022063506 | Q14: IMPNRGZ | S14: elc_wof_001 | T14: S01aH04 | U14: 0.022063506 | V14: IMPNRGZ | X14: 0.019863014 | Y14: 0.025974525 | Z14: S01aH04 | AA14: elc_roadtransport | AC14: elc_buildings | AD14: S01aH04 | AE14: 0.022666706 | AG14: ELC | AH14: S01aH04 | AI14: 0.20545166 | AK14: 2025 | AL14: S04 | AM14: 0.3822 | AN14: hydro
C15: S05 | D15: e | E15: 0107h05 | F15: S12 | G15: b | I15: elc_spv_001 | J15: S01aH05 | K15: 0.0053880625 | L15: IMPNRGZ | N15: elc_won_001 | O15: S01aH05 | P15: 0.0041188464 | Q15: IMPNRGZ | S15: elc_wof_001 | T15: S01aH05 | U15: 0.0041188464 | V15: IMPNRGZ | X15: 0.0033105023 | Y15: 0.0064407594 | Z15: S01aH05 | AA15: elc_roadtransport | AC15: elc_buildings | AD15: S01aH05 | AE15: 0.0041793919 | AG15: ELC | AH15: S01aH05 | AI15: 0.11508497 | AK15: 2025 | AL15: S05 | AM15: 0.3801 | AN15: hydro
C16: S06 | E16: 0107h06 | G16: b | I16: elc_spv_001 | J16: S01aH06 | K16: 0.0034244644 | L16: IMPNRGZ | N16: elc_won_001 | O16: S01aH06 | P16: 0.0039878622 | Q16: IMPNRGZ | S16: elc_wof_001 | T16: S01aH06 | U16: 0.0039878622 | V16: IMPNRGZ | X16: 0.0033105023 | Y16: 0.0064407594 | Z16: S01aH06 | AA16: elc_roadtransport | AC16: elc_buildings | AD16: S01aH06 | AE16: 0.0043900063 | AG16: ELC | AH16: S01aH06 | AI16: 0.073903984 | AK16: 2025 | AL16: S06 | AM16: 0.3925 | AN16: hydro
C17: S07 | E17: 0107h07 | G17: b | I17: elc_spv_001 | J17: S01aH07 | K17: 0 | L17: IMPNRGZ | N17: elc_won_001 | O17: S01aH07 | P17: 0.0040839655 | Q17: IMPNRGZ | S17: elc_wof_001 | T17: S01aH07 | U17: 0.0040839655 | V17: IMPNRGZ | X17: 0.0033105023 | Y17: 0.0049987984 | Z17: S01aH07 | AA17: elc_roadtransport | AC17: elc_buildings | AD17: S01aH07 | AE17: 0.0043095624 | AG17: ELC | AH17: S01aH07 | AI17: 0.067987279 | AK17: 2025 | AL17: S07 | AM17: 0.3537 | AN17: hydro
C18: S08 | E18: 0107h08 | G18: b | I18: elc_spv_001 | J18: S01aH08 | K18: 0 | L18: IMPNRGZ | N18: elc_won_001 | O18: S01aH08 | P18: 0.01990172 | Q18: IMPNRGZ | S18: elc_wof_001 | T18: S01aH08 | U18: 0.01990172 | V18: IMPNRGZ | X18: 0.016552511 | Y18: 0.012496996 | Z18: S01aH08 | AA18: elc_roadtransport | AC18: elc_buildings | AD18: S01aH08 | AE18: 0.016800608 | AG18: ELC | AH18: S01aH08 | AI18: 0.28248078 | AK18: 2025 | AL18: S08 | AM18: 0.3485 | AN18: hydro
C19: S09 | E19: 0107h09 | G19: b | I19: elc_spv_001 | J19: S01b0107h01 | K19: 0 | L19: IMPNRGZ | N19: elc_won_001 | O19: S01b0107h01 | P19: 0.00040735053 | Q19: IMPNRGZ | S19: elc_wof_001 | T19: S01b0107h01 | U19: 0.00040735053 | V19: IMPNRGZ | X19: 0.00011415525 | Y19: 2.1546545e-05 | Z19: S01b0107h01 | AA19: elc_roadtransport | AC19: elc_buildings | AD19: S01b0107h01 | AE19: 8.8739699e-05 | AG19: ELC | AH19: S01b0107h01 | AI19: 0 | AK19: 2025 | AL19: S09 | AM19: 0.2918 | AN19: hydro
C20: S10 | E20: 0107h10 | G20: b | I20: elc_spv_001 | J20: S01b0107h02 | K20: 0 | L20: IMPNRGZ | N20: elc_won_001 | O20: S01b0107h02 | P20: 0.00048312598 | Q20: IMPNRGZ | S20: elc_wof_001 | T20: S01b0107h02 | U20: 0.00048312598 | V20: IMPNRGZ | X20: 0.00011415525 | Y20: 1.4916839e-05 | Z20: S01b0107h02 | AA20: elc_roadtransport | AC20: elc_buildings | AD20: S01b0107h02 | AE20: 8.9015192e-05 | AG20: ELC | AH20: S01b0107h02 | AI20: 0 | AK20: 2025 | AL20: S10 | AM20: 0.3121 | AN20: hydro
C21: S11 | E21: 0107h11 | G21: b | I21: elc_spv_001 | J21: S01b0107h03 | K21: 0 | L21: IMPNRGZ | N21: elc_won_001 | O21: S01b0107h03 | P21: 0.0005709368 | Q21: IMPNRGZ | S21: elc_wof_001 | T21: S01b0107h03 | U21: 0.0005709368 | V21: IMPNRGZ | X21: 0.00011415525 | Y21: 1.6574265e-05 | Z21: S01b0107h03 | AA21: elc_roadtransport | AC21: elc_buildings | AD21: S01b0107h03 | AE21: 9.6178011e-05 | AG21: ELC | AH21: S01b0107h03 | AI21: 0 | AK21: 2025 | AL21: S11 | AM21: 0.297 | AN21: hydro
C22: S12 | E22: 0107h12 | G22: b | I22: elc_spv_001 | J22: S01b0107h04 | K22: 0 | L22: IMPNRGZ | N22: elc_won_001 | O22: S01b0107h04 | P22: 0.00064412741 | Q22: IMPNRGZ | S22: elc_wof_001 | T22: S01b0107h04 | U22: 0.00064412741 | V22: IMPNRGZ | X22: 0.00011415525 | Y22: 1.4585353e-05 | Z22: S01b0107h04 | AA22: elc_roadtransport | AC22: elc_buildings | AD22: S01b0107h04 | AE22: 0.00010053998 | AG22: ELC | AH22: S01b0107h04 | AI22: 0 | AK22: 2025 | AL22: S12 | AM22: 0.3012 | AN22: hydro
E23: 0107h13 | G23: b | I23: elc_spv_001 | J23: S01b0107h05 | K23: 0 | L23: IMPNRGZ | N23: elc_won_001 | O23: S01b0107h05 | P23: 0.0006713354 | Q23: IMPNRGZ | S23: elc_wof_001 | T23: S01b0107h05 | U23: 0.0006713354 | V23: IMPNRGZ | X23: 0.00011415525 | Y23: 2.1215059e-05 | Z23: S01b0107h05 | AA23: elc_roadtransport | AC23: elc_buildings | AD23: S01b0107h05 | AE23: 0.00011133013 | AG23: ELC | AH23: S01b0107h05 | AI23: 0 | AK23: 2026 | AL23: S01 | AM23: 0.281 | AN23: hydro
E24: 0107h14 | G24: b | I24: elc_spv_001 | J24: S01b0107h06 | K24: 0 | L24: IMPNRGZ | N24: elc_won_001 | O24: S01b0107h06 | P24: 0.00067741423 | Q24: IMPNRGZ | S24: elc_wof_001 | T24: S01b0107h06 | U24: 0.00067741423 | V24: IMPNRGZ | X24: 0.00011415525 | Y24: 5.7678443e-05 | Z24: S01b0107h06 | AA24: elc_roadtransport | AC24: elc_buildings | AD24: S01b0107h06 | AE24: 0.00012533436 | AG24: ELC | AH24: S01b0107h06 | AI24: 0 | AK24: 2026 | AL24: S02 | AM24: 0.3212 | AN24: hydro
E25: 0107h15 | G25: b | I25: elc_spv_001 | J25: S01b0107h07 | K25: 0 | L25: IMPNRGZ | N25: elc_won_001 | O25: S01b0107h07 | P25: 0.00067928526 | Q25: IMPNRGZ | S25: elc_wof_001 | T25: S01b0107h07 | U25: 0.00067928526 | V25: IMPNRGZ | X25: 0.00011415525 | Y25: 0.0001690575 | Z25: S01b0107h07 | AA25: elc_roadtransport | AC25: elc_buildings | AD25: S01b0107h07 | AE25: 0.00013167069 | AG25: ELC | AH25: S01b0107h07 | AI25: 0 | AK25: 2026 | AL25: S03 | AM25: 0.3635 | AN25: hydro
E26: 0107h16 | G26: b | I26: elc_spv_001 | J26: S01b0107h08 | K26: 0 | L26: IMPNRGZ | N26: elc_won_001 | O26: S01b0107h08 | P26: 0.00067976116 | Q26: IMPNRGZ | S26: elc_wof_001 | T26: S01b0107h08 | U26: 0.00067976116 | V26: IMPNRGZ | X26: 0.00011415525 | Y26: 0.00019060405 | Z26: S01b0107h08 | AA26: elc_roadtransport | AC26: elc_buildings | AD26: S01b0107h08 | AE26: 0.00013649182 | AG26: ELC | AH26: S01b0107h08 | AI26: 0 | AK26: 2026 | AL26: S04 | AM26: 0.3661 | AN26: hydro
E27: 0107h17 | G27: b | I27: elc_spv_001 | J27: S01b0107h09 | K27: 0.00011889051 | L27: IMPNRGZ | N27: elc_won_001 | O27: S01b0107h09 | P27: 0.00067817399 | Q27: IMPNRGZ | S27: elc_wof_001 | T27: S01b0107h09 | U27: 0.00067817399 | V27: IMPNRGZ | X27: 0.00011415525 | Y27: 0.00014585353 | Z27: S01b0107h09 | AA27: elc_roadtransport | AC27: elc_buildings | AD27: S01b0107h09 | AE27: 0.00013809887 | AG27: ELC | AH27: S01b0107h09 | AI27: 0 | AK27: 2026 | AL27: S05 | AM27: 0.3922 | AN27: hydro
E28: 0107h18 | G28: b | I28: elc_spv_001 | J28: S01b0107h10 | K28: 0.00019302034 | L28: IMPNRGZ | N28: elc_won_001 | O28: S01b0107h10 | P28: 0.00068012151 | Q28: IMPNRGZ | S28: elc_wof_001 | T28: S01b0107h10 | U28: 0.00068012151 | V28: IMPNRGZ | X28: 0.00011415525 | Y28: 0.00014452759 | Z28: S01b0107h10 | AA28: elc_roadtransport | AC28: elc_buildings | AD28: S01b0107h10 | AE28: 0.00013860394 | AG28: ELC | AH28: S01b0107h10 | AI28: 0 | AK28: 2026 | AL28: S06 | AM28: 0.388 | AN28: hydro
E29: 0107h19 | G29: b | I29: elc_spv_001 | J29: S01b0107h11 | K29: 0.00021992335 | L29: IMPNRGZ | N29: elc_won_001 | O29: S01b0107h11 | P29: 0.00068012151 | Q29: IMPNRGZ | S29: elc_wof_001 | T29: S01b0107h11 | U29: 0.00068012151 | V29: IMPNRGZ | X29: 0.00011415525 | Y29: 0.00014088125 | Z29: S01b0107h11 | AA29: elc_roadtransport | AC29: elc_buildings | AD29: S01b0107h11 | AE29: 0.00013796112 | AG29: ELC | AH29: S01b0107h11 | AI29: 0 | AK29: 2026 | AL29: S07 | AM29: 0.3399 | AN29: hydro
E30: 0107h20 | G30: b | I30: elc_spv_001 | J30: S01b0107h12 | K30: 0.00019814477 | L30: IMPNRGZ | N30: elc_won_001 | O30: S01b0107h12 | P30: 0.000679224 | Q30: IMPNRGZ | S30: elc_wof_001 | T30: S01b0107h12 | U30: 0.000679224 | V30: IMPNRGZ | X30: 0.00011415525 | Y30: 0.00014054977 | Z30: S01b0107h12 | AA30: elc_roadtransport | AC30: elc_buildings | AD30: S01b0107h12 | AE30: 0.00013828253 | AG30: ELC | AH30: S01b0107h12 | AI30: 0 | AK30: 2026 | AL30: S08 | AM30: 0.3691 | AN30: hydro
E31: 0107h21 | G31: b | I31: elc_spv_001 | J31: S01b0107h13 | K31: 0.00014611046 | L31: IMPNRGZ | N31: elc_won_001 | O31: S01b0107h13 | P31: 0.00067995075 | Q31: IMPNRGZ | S31: elc_wof_001 | T31: S01b0107h13 | U31: 0.00067995075 | V31: IMPNRGZ | X31: 0.00011415525 | Y31: 0.00014253868 | Z31: S01b0107h13 | AA31: elc_roadtransport | AC31: elc_buildings | AD31: S01b0107h13 | AE31: 0.00013970591 | AG31: ELC | AH31: S01b0107h13 | AI31: 0 | AK31: 2026 | AL31: S09 | AM31: 0.3272 | AN31: hydro
E32: 0107h22 | G32: b | I32: elc_spv_001 | J32: S01b0107h14 | K32: 0.00019029256 | L32: IMPNRGZ | N32: elc_won_001 | O32: S01b0107h14 | P32: 0.00067577752 | Q32: IMPNRGZ | S32: elc_wof_001 | T32: S01b0107h14 | U32: 0.00067577752 | V32: IMPNRGZ | X32: 0.00011415525 | Y32: 0.0001488369 | Z32: S01b0107h14 | AA32: elc_roadtransport | AC32: elc_buildings | AD32: S01b0107h14 | AE32: 0.0001470983 | AG32: ELC | AH32: S01b0107h14 | AI32: 0 | AK32: 2026 | AL32: S10 | AM32: 0.3148 | AN32: hydro
E33: 0107h23 | G33: b | I33: elc_spv_001 | J33: S01b0107h15 | K33: 0.00023654525 | L33: IMPNRGZ | N33: elc_won_001 | O33: S01b0107h15 | P33: 0.00067504594 | Q33: IMPNRGZ | S33: elc_wof_001 | T33: S01b0107h15 | U33: 0.00067504594 | V33: IMPNRGZ | X33: 0.00011415525 | Y33: 0.00015049433 | Z33: S01b0107h15 | AA33: elc_roadtransport | AC33: elc_buildings | AD33: S01b0107h15 | AE33: 0.00015136845 | AG33: ELC | AH33: S01b0107h15 | AI33: 0 | AK33: 2026 | AL33: S11 | AM33: 0.3137 | AN33: hydro
E34: 0107h24 | G34: b | I34: elc_spv_001 | J34: S01b0107h16 | K34: 0.00021829986 | L34: IMPNRGZ | N34: elc_won_001 | O34: S01b0107h16 | P34: 0.00066272338 | Q34: IMPNRGZ | S34: elc_wof_001 | T34: S01b0107h16 | U34: 0.00066272338 | V34: IMPNRGZ | X34: 0.00011415525 | Y34: 0.00017237236 | Z34: S01b0107h16 | AA34: elc_roadtransport | AC34: elc_buildings | AD34: S01b0107h16 | AE34: 0.00015651098 | AG34: ELC | AH34: S01b0107h16 | AI34: 0 | AK34: 2026 | AL34: S12 | AM34: 0.3006 | AN34: hydro
... E322: 1206h24 | G322: e | I322: elc_spv_001 | J322: S12aH08 | K322: 0 | L322: IMPNRGZ | N322: elc_won_001 | O322: S12aH08 | P322: 0.014917497 | Q322: IMPNRGZ | S322: elc_wof_001 | T322: S12aH08 | U322: 0.014917497 | V322: IMPNRGZ | X322: 0.01369863 | Y322: 0.010342341 | Z322: S12aH08 | AA322: elc_roadtransport | AC322: elc_buildings | AD322: S12aH08 | AE322: 0.014971957 | AG322: ELC | AH322: S12aH08 | AI322: 0.1956537 | AK322: 2050 | AL322: S12 | AM322: 0.391 | AN322: hydro
E323: 1207h01 | G323: e | I323: elc_spv_001 | J323: S12e1203h01 | K323: 0 | L323: IMPNRGZ | N323: elc_won_001 | O323: S12e1203h01 | P323: 4.9117799e-08 | Q323: IMPNRGZ | S323: elc_wof_001 | T323: S12e1203h01 | U323: 4.9117799e-08 | V323: IMPNRGZ | X323: 0.00011415525 | Y323: 2.1546545e-05 | Z323: S12e1203h01 | AA323: elc_roadtransport | AC323: elc_buildings | AD323: S12e1203h01 | AE323: 8.5644007e-05 | AG323: ELC | AH323: S12e1203h01 | AI323: 0
E324: 1207h02 | G324: e | I324: elc_spv_001 | J324: S12e1203h02 | K324: 0 | L324: IMPNRGZ | N324: elc_won_001 | O324: S12e1203h02 | P324: 2.1017612e-07 | Q324: IMPNRGZ | S324: elc_wof_001 | T324: S12e1203h02 | U324: 2.1017612e-07 | V324: IMPNRGZ | X324: 0.00011415525 | Y324: 1.4916839e-05 | Z324: S12e1203h02 | AA324: elc_roadtransport | AC324: elc_buildings | AD324: S12e1203h02 | AE324: 8.59195e-05 | AG324: ELC | AH324: S12e1203h02 | AI324: 0
E325: 1207h03 | G325: e | I325: elc_spv_001 | J325: S12e1203h03 | K325: 0 | L325: IMPNRGZ | N325: elc_won_001 | O325: S12e1203h03 | P325: 2.9529355e-07 | Q325: IMPNRGZ | S325: elc_wof_001 | T325: S12e1203h03 | U325: 2.9529355e-07 | V325: IMPNRGZ | X325: 0.00011415525 | Y325: 1.6574265e-05 | Z325: S12e1203h03 | AA325: elc_roadtransport | AC325: elc_buildings | AD325: S12e1203h03 | AE325: 9.1567107e-05 | AG325: ELC | AH325: S12e1203h03 | AI325: 0
E326: 1207h04 | G326: e | I326: elc_spv_001 | J326: S12e1203h04 | K326: 0 | L326: IMPNRGZ | N326: elc_won_001 | O326: S12e1203h04 | P326: 3.312996e-07 | Q326: IMPNRGZ | S326: elc_wof_001 | T326: S12e1203h04 | U326: 3.312996e-07 | V326: IMPNRGZ | X326: 0.00011415525 | Y326: 1.4585353e-05 | Z326: S12e1203h04 | AA326: elc_roadtransport | AC326: elc_buildings | AD326: S12e1203h04 | AE326: 9.6296404e-05 | AG326: ELC | AH326: S12e1203h04 | AI326: 0
E327: 1207h05 | G327: e | I327: elc_spv_001 | J327: S12e1203h05 | K327: 0 | L327: IMPNRGZ | N327: elc_won_001 | O327: S12e1203h05 | P327: 4.6256548e-07 | Q327: IMPNRGZ | S327: elc_wof_001 | T327: S12e1203h05 | U327: 4.6256548e-07 | V327: IMPNRGZ | X327: 0.00011415525 | Y327: 2.1215059e-05 | Z327: S12e1203h05 | AA327: elc_roadtransport | AC327: elc_buildings | AD327: S12e1203h05 | AE327: 0.00010639781 | AG327: ELC | AH327: S12e1203h05 | AI327: 0
E328: 1207h06 | G328: e | I328: elc_spv_001 | J328: S12e1203h06 | K328: 0 | L328: IMPNRGZ | N328: elc_won_001 | O328: S12e1203h06 | P328: 8.0363534e-07 | Q328: IMPNRGZ | S328: elc_wof_001 | T328: S12e1203h06 | U328: 8.0363534e-07 | V328: IMPNRGZ | X328: 0.00011415525 | Y328: 5.7678443e-05 | Z328: S12e1203h06 | AA328: elc_roadtransport | AC328: elc_buildings | AD328: S12e1203h06 | AE328: 0.00011874909 | AG328: ELC | AH328: S12e1203h06 | AI328: 0
E329: 1207h07 | G329: e | I329: elc_spv_001 | J329: S12e1203h07 | K329: 0 | L329: IMPNRGZ | N329: elc_won_001 | O329: S12e1203h07 | P329: 1.4951102e-06 | Q329: IMPNRGZ | S329: elc_wof_001 | T329: S12e1203h07 | U329: 1.4951102e-06 | V329: IMPNRGZ | X329: 0.00011415525 | Y329: 0.0001690575 | Z329: S12e1203h07 | AA329: elc_roadtransport | AC329: elc_buildings | AD329: S12e1203h07 | AE329: 0.00012852909 | AG329: ELC | AH329: S12e1203h07 | AI329: 0
E330: 1207h08 | G330: e | I330: elc_spv_001 | J330: S12e1203h08 | K330: 0.00012410009 | L330: IMPNRGZ | N330: elc_won_001 | O330: S12e1203h08 | P330: 3.7344945e-06 | Q330: IMPNRGZ | S330: elc_wof_001 | T330: S12e1203h08 | U330: 3.7344945e-06 | V330: IMPNRGZ | X330: 0.00011415525 | Y330: 0.00019060405 | Z330: S12e1203h08 | AA330: elc_roadtransport | AC330: elc_buildings | AD330: S12e1203h08 | AE330: 0.00012127444 | AG330: ELC | AH330: S12e1203h08 | AI330: 0
E331: 1207h09 | G331: e | I331: elc_spv_001 | J331: S12e1203h09 | K331: 0.00018563155 | L331: IMPNRGZ | N331: elc_won_001 | O331: S12e1203h09 | P331: 1.3942944e-05 | Q331: IMPNRGZ | S331: elc_wof_001 | T331: S12e1203h09 | U331: 1.3942944e-05 | V331: IMPNRGZ | X331: 0.00011415525 | Y331: 0.00014585353 | Z331: S12e1203h09 | AA331: elc_roadtransport | AC331: elc_buildings | AD331: S12e1203h09 | AE331: 0.00011833585 | AG331: ELC | AH331: S12e1203h09 | AI331: 0
E332: 1207h10 | G332: e | I332: elc_spv_001 | J332: S12e1203h10 | K332: 0.00023434396 | L332: IMPNRGZ | N332: elc_won_001 | O332: S12e1203h10 | P332: 1.8870637e-05 | Q332: IMPNRGZ | S332: elc_wof_001 | T332: S12e1203h10 | U332: 1.8870637e-05 | V332: IMPNRGZ | X332: 0.00011415525 | Y332: 0.00014452759 | Z332: S12e1203h10 | AA332: elc_roadtransport | AC332: elc_buildings | AD332: S12e1203h10 | AE332: 0.00011824401 | AG332: ELC | AH332: S12e1203h10 | AI332: 0
E333: 1207h11 | G333: e | I333: elc_spv_001 | J333: S12e1203h11 | K333: 0.00024678008 | L333: IMPNRGZ | N333: elc_won_001 | O333: S12e1203h11 | P333: 1.4672974e-05 | Q333: IMPNRGZ | S333: elc_wof_001 | T333: S12e1203h11 | U333: 1.4672974e-05 | V333: IMPNRGZ | X333: 0.00011415525 | Y333: 0.00014088125 | Z333: S12e1203h11 | AA333: elc_roadtransport | AC333: elc_buildings | AD333: S12e1203h11 | AE333: 0.00011755528 | AG333: ELC | AH333: S12e1203h11 | AI333: 0
E334: 1207h12 | G334: e | I334: elc_spv_001 | J334: S12e1203h12 | K334: 0.00021892242 | L334: IMPNRGZ | N334: elc_won_001 | O334: S12e1203h12 | P334: 2.9727403e-05 | Q334: IMPNRGZ | S334: elc_wof_001 | T334: S12e1203h12 | U334: 2.9727403e-05 | V334: IMPNRGZ | X334: 0.00011415525 | Y334: 0.00014054977 | Z334: S12e1203h12 | AA334: elc_roadtransport | AC334: elc_buildings | AD334: S12e1203h12 | AE334: 0.00011783078 | AG334: ELC | AH334: S12e1203h12 | AI334: 0
... E402: H08 | G402: a | I402: elc_spv_001 | J402: S12e1206h08 | K402: 0.00011046416 | L402: IMPNRGZ | N402: elc_won_001 | O402: S12e1206h08 | P402: 1.078314e-05 | Q402: IMPNRGZ | S402: elc_wof_001 | T402: S12e1206h08 | U402: 1.078314e-05 | V402: IMPNRGZ | X402: 0.00011415525 | Y402: 0.00019060405 | Z402: S12e1206h08 | AA402: elc_roadtransport | AC402: elc_buildings | AD402: S12e1206h08 | AE402: 0.00013362571 | AG402: ELC | AH402: S12e1206h08 | AI402: 0
I403: elc_spv_001 | J403: S12e1206h09 | K403: 0.00017393882 | L403: IMPNRGZ | N403: elc_won_001 | O403: S12e1206h09 | P403: 1.2487914e-06 | Q403: IMPNRGZ | S403: elc_wof_001 | T403: S12e1206h09 | U403: 1.2487914e-06 | V403: IMPNRGZ | X403: 0.00011415525 | Y403: 0.00014585353 | Z403: S12e1206h09 | AA403: elc_roadtransport | AC403: elc_buildings | AD403: S12e1206h09 | AE403: 0.0001347736 | AG403: ELC | AH403: S12e1206h09 | AI403: 0
I404: elc_spv_001 | J404: S12e1206h10 | K404: 0.00023900517 | L404: IMPNRGZ | N404: elc_won_001 | O404: S12e1206h10 | P404: 2.3373631e-07 | Q404: IMPNRGZ | S404: elc_wof_001 | T404: S12e1206h10 | U404: 2.3373631e-07 | V404: IMPNRGZ | X404: 0.00011415525 | Y404: 0.00014452759 | Z404: S12e1206h10 | AA404: elc_roadtransport | AC404: elc_buildings | AD404: S12e1206h10 | AE404: 0.00013174317 | AG404: ELC | AH404: S12e1206h10 | AI404: 0
I405: elc_spv_001 | J405: S12e1206h11 | K405: 0.00025514301 | L405: IMPNRGZ | N405: elc_won_001 | O405: S12e1206h11 | P405: 2.3911182e-07 | Q405: IMPNRGZ | S405: elc_wof_001 | T405: S12e1206h11 | U405: 2.3911182e-07 | V405: IMPNRGZ | X405: 0.00011415525 | Y405: 0.00014088125 | Z405: S12e1206h11 | AA405: elc_roadtransport | AC405: elc_buildings | AD405: S12e1206h11 | AE405: 0.00012269782 | AG405: ELC | AH405: S12e1206h11 | AI405: 0
I406: elc_spv_001 | J406: S12e1206h12 | K406: 0.00023551437 | L406: IMPNRGZ | N406: elc_won_001 | O406: S12e1206h12 | P406: 4.1291612e-07 | Q406: IMPNRGZ | S406: elc_wof_001 | T406: S12e1206h12 | U406: 4.1291612e-07 | V406: IMPNRGZ | X406: 0.00011415525 | Y406: 0.00014054977 | Z406: S12e1206h12 | AA406: elc_roadtransport | AC406: elc_buildings | AD406: S12e1206h12 | AE406: 0.00012191726 | AG406: ELC | AH406: S12e1206h12 | AI406: 0
I407: elc_spv_001 | J407: S12e1206h13 | K407: 0.00019514848 | L407: IMPNRGZ | N407: elc_won_001 | O407: S12e1206h13 | P407: 5.8873311e-07 | Q407: IMPNRGZ | S407: elc_wof_001 | T407: S12e1206h13 | U407: 5.8873311e-07 | V407: IMPNRGZ | X407: 0.00011415525 | Y407: 0.00014253868 | Z407: S12e1206h13 | AA407: elc_roadtransport | AC407: elc_buildings | AD407: S12e1206h13 | AE407: 0.00012269782 | AG407: ELC | AH407: S12e1206h13 | AI407: 0
I408: elc_spv_001 | J408: S12e1206h14 | K408: 0.00020283748 | L408: IMPNRGZ | N408: elc_won_001 | O408: S12e1206h14 | P408: 1.1760233e-06 | Q408: IMPNRGZ | S408: elc_wof_001 | T408: S12e1206h14 | U408: 1.1760233e-06 | V408: IMPNRGZ | X408: 0.00011415525 | Y408: 0.0001488369 | Z408: S12e1206h14 | AA408: elc_roadtransport | AC408: elc_buildings | AD408: S12e1206h14 | AE408: 0.00012393754 | AG408: ELC | AH408: S12e1206h14 | AI408: 0
I409: elc_spv_001 | J409: S12e1206h15 | K409: 0.00018337284 | L409: IMPNRGZ | N409: elc_won_001 | O409: S12e1206h15 | P409: 2.8436295e-07 | Q409: IMPNRGZ | S409: elc_wof_001 | T409: S12e1206h15 | U409: 2.8436295e-07 | V409: IMPNRGZ | X409: 0.00011415525 | Y409: 0.00015049433 | Z409: S12e1206h15 | AA409: elc_roadtransport | AC409: elc_buildings | AD409: S12e1206h15 | AE409: 0.00013991613 | AG409: ELC | AH409: S12e1206h15 | AI409: 0
I410: elc_spv_001 | J410: S12e1206h16 | K410: 0.00013489009 | L410: IMPNRGZ | N410: elc_won_001 | O410: S12e1206h16 | P410: 1.1843151e-07 | Q410: IMPNRGZ | S410: elc_wof_001 | T410: S12e1206h16 | U410: 1.1843151e-07 | V410: IMPNRGZ | X410: 0.00011415525 | Y410: 0.00017237236 | Z410: S12e1206h16 | AA410: elc_roadtransport | AC410: elc_buildings | AD410: S12e1206h16 | AE410: 0.00014671163 | AG410: ELC | AH410: S12e1206h16 | AI410: 0
I411: elc_spv_001 | J411: S12e1206h17 | K411: 0.00012216402 | L411: IMPNRGZ | N411: elc_won_001 | O411: S12e1206h17 | P411: 9.7066528e-08 | Q411: IMPNRGZ | S411: elc_wof_001 | T411: S12e1206h17 | U411: 9.7066528e-08 | V411: IMPNRGZ | X411: 0.00011415525 | Y411: 0.00022209515 | Z411: S12e1206h17 | AA411: elc_roadtransport | AC411: elc_buildings | AD411: S12e1206h17 | AE411: 0.00014671163 | AG411: ELC | AH411: S12e1206h17 | AI411: 0
I412: elc_spv_001 | J412: S12e1206h18 | K412: 0 | L412: IMPNRGZ | N412: elc_won_001 | O412: S12e1206h18 | P412: 4.1074143e-07 | Q412: IMPNRGZ | S412: elc_wof_001 | T412: S12e1206h18 | U412: 4.1074143e-07 | V412: IMPNRGZ | X412: 0.00011415525 | Y412: 0.00022209515 | Z412: S12e1206h18 | AA412: elc_roadtransport | AC412: elc_buildings | AD412: S12e1206h18 | AE412: 0.00015483867 | AG412: ELC | AH412: S12e1206h18 | AI412: 0
I413: elc_spv_001 | J413: S12e1206h19 | K413: 0 | L413: IMPNRGZ | N413: elc_won_001 | O413: S12e1206h19 | P413: 7.3197259e-06 | Q413: IMPNRGZ | S413: elc_wof_001 | T413: S12e1206h19 | U413: 7.3197259e-06 | V413: IMPNRGZ | X413: 0.00011415525 | Y413: 0.00017237236 | Z413: S12e1206h19 | AA413: elc_roadtransport | AC413: elc_buildings | AD413: S12e1206h19 | AE413: 0.00014951247 | AG413: ELC | AH413: S12e1206h19 | AI413: 0
I414: elc_spv_001 | J414: S12e1206h20 | K414: 0 | L414: IMPNRGZ | N414: elc_won_001 | O414: S12e1206h20 | P414: 5.5124016e-06 | Q414: IMPNRGZ | S414: elc_wof_001 | T414: S12e1206h20 | U414: 5.5124016e-06 | V414: IMPNRGZ | X414: 0.00011415525 | Y414: 0.00015579809 | Z414: S12e1206h20 | AA414: elc_roadtransport | AC414: elc_buildings | AD414: S12e1206h20 | AE414: 0.00014381895 | AG414: ELC | AH414: S12e1206h20 | AI414: 0
... I490: elc_spv_001 | J490: S12e1209h24 | K490: 0 | L490: IMPNRGZ | N490: elc_won_001 | O490: S12e1209h24 | P490: 1.3182969e-05 | Q490: IMPNRGZ | S490: elc_wof_001 | T490: S12e1209h24 | U490: 1.3182969e-05 | V490: IMPNRGZ | X490: 0.00011415525 | Y490: 2.9833677e-05 | Z490: S12e1209h24 | AA490: elc_roadtransport | AC490: elc_buildings | AD490: S12e1209h24 | AE490: 9.8592179e-05 | AG490: ELC | AH490: S12e1209h24 | AI490: 0
I491: elc_spv_002 | J491: S01aH01 | K491: 0.00012200254 | L491: IMPNRGZ | N491: elc_won_002 | O491: S01aH01 | P491: 0.022524612 | Q491: IMPNRGZ | S491: elc_wof_002 | T491: S01aH01 | U491: 0.022524612 | V491: IMPNRGZ | AC491: elc_industry | AD491: S01aH01 | AE491: 0.026302037
I492: elc_spv_002 | J492: S01aH02 | K492: 0.0047020461 | L492: IMPNRGZ | N492: elc_won_002 | O492: S01aH02 | P492: 0.0020985034 | Q492: IMPNRGZ | S492: elc_wof_002 | T492: S01aH02 | U492: 0.0020985034 | V492: IMPNRGZ | AC492: elc_industry | AD492: S01aH02 | AE492: 0.0033286986
I493: elc_spv_002 | J493: S01aH03 | K493: 0.0063701226 | L493: IMPNRGZ | N493: elc_won_002 | O493: S01aH03 | P493: 0.0024090562 | Q493: IMPNRGZ | S493: elc_wof_002 | T493: S01aH03 | U493: 0.0024090562 | V493: IMPNRGZ | AC493: elc_industry | AD493: S01aH03 | AE493: 0.0033259885
I494: elc_spv_002 | J494: S01aH04 | K494: 0.040268379 | L494: IMPNRGZ | N494: elc_won_002 | O494: S01aH04 | P494: 0.025118909 | Q494: IMPNRGZ | S494: elc_wof_002 | T494: S01aH04 | U494: 0.025118909 | V494: IMPNRGZ | AC494: elc_industry | AD494: S01aH04 | AE494: 0.01995787
I495: elc_spv_002 | J495: S01aH05 | K495: 0.005144775 | L495: IMPNRGZ | N495: elc_won_002 | O495: S01aH05 | P495: 0.0049697145 | Q495: IMPNRGZ | S495: elc_wof_002 | T495: S01aH05 | U495: 0.0049697145 | V495: IMPNRGZ | AC495: elc_industry | AD495: S01aH05 | AE495: 0.0033562799
I496: elc_spv_002 | J496: S01aH06 | K496: 0.0032751608 | L496: IMPNRGZ | N496: elc_won_002 | O496: S01aH06 | P496: 0.0046159155 | Q496: IMPNRGZ | S496: elc_wof_002 | T496: S01aH06 | U496: 0.0046159155 | V496: IMPNRGZ | AC496: elc_industry | AD496: S01aH06 | AE496: 0.0033719961
I497: elc_spv_002 | J497: S01aH07 | K497: 0 | L497: IMPNRGZ | N497: elc_won_002 | O497: S01aH07 | P497: 0.0043049692 | Q497: IMPNRGZ | S497: elc_wof_002 | T497: S01aH07 | U497: 0.0043049692 | V497: IMPNRGZ | AC497: elc_industry | AD497: S01aH07 | AE497: 0.0033659933
I498: elc_spv_002 | J498: S01aH08 | K498: 0 | L498: IMPNRGZ | N498: elc_won_002 | O498: S01aH08 | P498: 0.01842783 | Q498: IMPNRGZ | S498: elc_wof_002 | T498: S01aH08 | U498: 0.01842783 | V498: IMPNRGZ | AC498: elc_industry | AD498: S01aH08 | AE498: 0.016475727
I499: elc_spv_002 | J499: S01b0107h01 | K499: 0 | L499: IMPNRGZ | N499: elc_won_002 | O499: S01b0107h01 | P499: 0.00067644998 | Q499: IMPNRGZ | S499: elc_wof_002 | T499: S01b0107h01 | U499: 0.00067644998 | V499: IMPNRGZ | AC499: elc_industry | AD499: S01b0107h01 | AE499: 0.0001116015
I500: elc_spv_002 | J500: S01b0107h02 | K500: 0 | L500: IMPNRGZ | N500: elc_won_002 | O500: S01b0107h02 | P500: 0.00082298914 | Q500: IMPNRGZ | S500: elc_wof_002 | T500: S01b0107h02 | U500: 0.00082298914 | V500: IMPNRGZ | AC500: elc_industry | AD500: S01b0107h02 | AE500: 0.00011162206
I501: elc_spv_002 | J501: S01b0107h03 | K501: 0 | L501: IMPNRGZ | N501: elc_won_002 | O501: S01b0107h03 | P501: 0.00088914901 | Q501: IMPNRGZ | S501: elc_wof_002 | T501: S01b0107h03 | U501: 0.00088914901 | V501: IMPNRGZ | AC501: elc_industry | AD501: S01b0107h03 | AE501: 0.00011215655
I502: elc_spv_002 | J502: S01b0107h04 | K502: 0 | L502: IMPNRGZ | N502: elc_won_002 | O502: S01b0107h04 | P502: 0.00096146268 | Q502: IMPNRGZ | S502: elc_wof_002 | T502: S01b0107h04 | U502: 0.00096146268 | V502: IMPNRGZ | AC502: elc_industry | AD502: S01b0107h04 | AE502: 0.00011248205
... I970: elc_spv_002 | J970: S12e1209h24 | K970: 0 | L970: IMPNRGZ | N970: elc_won_002 | O970: S12e1209h24 | P970: 1.0209248e-05 | Q970: IMPNRGZ | S970: elc_wof_002 | T970: S12e1209h24 | U970: 1.0209248e-05 | V970: IMPNRGZ | AC970: elc_industry | AD970: S12e1209h24 | AE970: 0.00011226443
I971: elc_spv_003 | J971: S01aH01 | K971: 0 | L971: IMPNRGZ | N971: elc_won_003 | O971: S01aH01 | P971: 0.02907964 | Q971: IMPNRGZ | S971: elc_wof_003 | T971: S01aH01 | U971: 0.02907964 | V971: IMPNRGZ
I972: elc_spv_003 | J972: S01aH02 | K972: 0.0040802075 | L972: IMPNRGZ | N972: elc_won_003 | O972: S01aH02 | P972: 0.0040735835 | Q972: IMPNRGZ | S972: elc_wof_003 | T972: S01aH02 | U972: 0.0040735835 | V972: IMPNRGZ
I973: elc_spv_003 | J973: S01aH03 | K973: 0.0060201512 | L973: IMPNRGZ | N973: elc_won_003 | O973: S01aH03 | P973: 0.0040404476 | Q973: IMPNRGZ | S973: elc_wof_003 | T973: S01aH03 | U973: 0.0040404476 | V973: IMPNRGZ
I974: elc_spv_003 | J974: S01aH04 | K974: 0.041399093 | L974: IMPNRGZ | N974: elc_won_003 | O974: S01aH04 | P974: 0.027237892 | Q974: IMPNRGZ | S974: elc_wof_003 | T974: S01aH04 | U974: 0.027237892 | V974: IMPNRGZ
I975: elc_spv_003 | J975: S01aH05 | K975: 0.005668944 | L975: IMPNRGZ | N975: elc_won_003 | O975: S01aH05 | P975: 0.0040863464 | Q975: IMPNRGZ | S975: elc_wof_003 | T975: S01aH05 | U975: 0.0040863464 | V975: IMPNRGZ
I976: elc_spv_003 | J976: S01aH06 | K976: 0.0034762864 | L976: IMPNRGZ | N976: elc_won_003 | O976: S01aH06 | P976: 0.0038909755 | Q976: IMPNRGZ | S976: elc_wof_003 | T976: S01aH06 | U976: 0.0038909755 | V976: IMPNRGZ
I977: elc_spv_003 | J977: S01aH07 | K977: 0 | L977: IMPNRGZ | N977: elc_won_003 | O977: S01aH07 | P977: 0.0038640729 | Q977: IMPNRGZ | S977: elc_wof_003 | T977: S01aH07 | U977: 0.0038640729 | V977: IMPNRGZ
I978: elc_spv_003 | J978: S01aH08 | K978: 0 | L978: IMPNRGZ | N978: elc_won_003 | O978: S01aH08 | P978: 0.019668024 | Q978: IMPNRGZ | S978: elc_wof_003 | T978: S01aH08 | U978: 0.019668024 | V978: IMPNRGZ
I979: elc_spv_003 | J979: S01b0107h01 | K979: 0 | L979: IMPNRGZ | N979: elc_won_003 | O979: S01b0107h01 | P979: 0.00070921721 | Q979: IMPNRGZ | S979: elc_wof_003 | T979: S01b0107h01 | U979: 0.00070921721 | V979: IMPNRGZ
I980: elc_spv_003 | J980: S01b0107h02 | K980: 0 | L980: IMPNRGZ | N980: elc_won_003 | O980: S01b0107h02 | P980: 0.00071398364 | Q980: IMPNRGZ | S980: elc_wof_003 | T980: S01b0107h02 | U980: 0.00071398364 | V980: IMPNRGZ
I981: elc_spv_003 | J981: S01b0107h03 | K981: 0 | L981: IMPNRGZ | N981: elc_won_003 | O981: S01b0107h03 | P981: 0.00071245834 | Q981: IMPNRGZ | S981: elc_wof_003 | T981: S01b0107h03 | U981: 0.00071245834 | V981: IMPNRGZ
I982: elc_spv_003 | J982: S01b0107h04 | K982: 0 | L982: IMPNRGZ | N982: elc_won_003 | O982: S01b0107h04 | P982: 0.00071441083 | Q982: IMPNRGZ | S982: elc_wof_003 | T982: S01b0107h04 | U982: 0.00071441083 | V982: IMPNRGZ
... I4810: elc_spv_010 | J4810: S12e1209h24 | K4810: 0 | L4810: IMPNRGZ | N4810: elc_won_010 | O4810: S12e1209h24 | P4810: 5.767468e-05 | Q4810: IMPNRGZ | S4810: elc_wof_010 | T4810: S12e1209h24 | U4810: 5.767468e-05 | V4810: IMPNRGZ

Sheet ts_012
C9: =IF(A11="x","DeActivated","~TimeSlices") -> DeActivated | I9: =IF(A11="x","DeActivated","~TFM_DINS-AT") -> DeActivated | N9: =IF(A11="x","DeActivated","~TFM_DINS-AT") -> DeActivated | S9: =IF(A11="x","DeActivated","~TFM_DINS-AT") -> DeActivated | X9: =IF(A11="x","DeActivated","~TFM_DINS-AT") -> DeActivated | AC9: =IF(A11="x","DeActivated","~TFM_DINS-AT") -> DeActivated | AG9: =IF(A11="x","DeActivated","~TFM_DINS-AT") -> DeActivated | AK9: =IF(A11="x","DeActivated","~TFM_INS-AT") -> DeActivated
A10: ts_012 | C10: season | D10: weekly | E10: daynite | F10: wparent | G10: dparent | I10: commodity | J10: timeslice | K10: com_fr | L10: process | N10: commodity | O10: timeslice | P10: com_fr | Q10: process | S10: commodity | T10: timeslice | U10: com_fr | V10: process | X10: g_yrfr | Y10: com_fr | Z10: timeslice | AA10: commodity | AC10: commodity | AD10: timeslice | AE10: com_fr | AG10: commodity | AH10: timeslice | AI10: com_pkflx | AK10: Year | AL10: timeslice | AM10: ncap_afs | AN10: pset_ci
A11: =IFERROR(IF(Veda!D5=A10,"ok","x"),"") -> x | C11: S01 | D11: a | E11: H01 | F11: S01,S02,S03,S04 | G11: a | I11: elc_spv_001 | J11: S01aH01 | K11: 0.72764703 | L11: IMPNRGZ | N11: elc_won_001 | O11: S01aH01 | P11: 0.46333829 | Q11: IMPNRGZ | S11: elc_wof_001 | T11: S01aH01 | U11: 0.46333829 | V11: IMPNRGZ | X11: 0.52979452 | Y11: 0.52261144 | Z11: S01aH01 | AA11: elc_roadtransport | AC11: elc_buildings | AD11: S01aH01 | AE11: 0.54259163 | AG11: ELC | AH11: S01aH01 | AI11: 0.32949369 | AK11: 2025 | AL11: S01 | AM11: 0.33742222 | AN11: hydro
C12: S02 | E12: H02 | G12: a | I12: elc_spv_001 | J12: S01aH02 | K12: 0.06814563 | L12: IMPNRGZ | N12: elc_won_001 | O12: S01aH02 | P12: 0.10350287 | Q12: IMPNRGZ | S12: elc_wof_001 | T12: S01aH02 | U12: 0.10350287 | V12: IMPNRGZ | X12: 0.062328767 | Y12: 0.10768963 | Z12: S01aH02 | AA12: elc_roadtransport | AC12: elc_buildings | AD12: S01aH02 | AE12: 0.073008162 | AG12: ELC | AH12: S01aH02 | AI12: 0.1826882 | AK12: 2025 | AL12: S02 | AM12: 0.3121 | AN12: hydro
C13: S03 | E13: H03 | G13: a | I13: elc_spv_001 | J13: S01aH03 | K13: 0.0007155685 | L13: IMPNRGZ | N13: elc_won_001 | O13: S01aH03 | P13: 0.27104035 | Q13: IMPNRGZ | S13: elc_wof_001 | T13: S01aH03 | U13: 0.27104035 | V13: IMPNRGZ | X13: 0.15582192 | Y13: 0.11764413 | Z13: S01aH03 | AA13: elc_roadtransport | AC13: elc_buildings | AD13: S01aH03 | AE13: 0.14546003 | AG13: ELC | AH13: S01aH03 | AI13: 0.3628685 | AK13: 2025 | AL13: S03 | AM13: 0.297 | AN13: hydro
C14: S04 | I14: elc_spv_001 | J14: S02aH01 | K14: 0.080078728 | L14: IMPNRGZ | N14: elc_won_001 | O14: S02aH01 | P14: 0.020203597 | Q14: IMPNRGZ | S14: elc_wof_001 | T14: S02aH01 | U14: 0.020203597 | V14: IMPNRGZ | X14: 0.060159817 | Y14: 0.059344156 | Z14: S02aH01 | AA14: elc_roadtransport | AC14: elc_buildings | AD14: S02aH01 | AE14: 0.053797436 | AG14: ELC | AH14: S02aH01 | AI14: 0.24226203 | AK14: 2025 | AL14: S04 | AM14: 0.3012 | AN14: hydro
I15: elc_spv_001 | J15: S02aH02 | K15: 0.0037379317 | L15: IMPNRGZ | N15: elc_won_001 | O15: S02aH02 | P15: 0.0063791451 | Q15: IMPNRGZ | S15: elc_wof_001 | T15: S02aH02 | U15: 0.0063791451 | V15: IMPNRGZ | X15: 0.0070776256 | Y15: 0.012228493 | Z15: S02aH02 | AA15: elc_roadtransport | AC15: elc_buildings | AD15: S02aH02 | AE15: 0.0072400683 | AG15: ELC | AH15: S02aH02 | AI15: 0.081028963 | AK15: 2026 | AL15: S01 | AM15: 0.3498 | AN15: hydro
I16: elc_spv_001 | J16: S02aH03 | K16: 0 | L16: IMPNRGZ | N16: elc_won_001 | O16: S02aH03 | P16: 0.021139622 | Q16: IMPNRGZ | S16: elc_wof_001 | T16: S02aH03 | U16: 0.021139622 | V16: IMPNRGZ | X16: 0.017694064 | Y16: 0.013358858 | Z16: S02aH03 | AA16: elc_roadtransport | AC16: elc_buildings | AD16: S02aH03 | AE16: 0.014250936 | AG16: ELC | AH16: S02aH03 | AI16: 0.21962298 | AK16: 2026 | AL16: S02 | AM16: 0.3148 | AN16: hydro
I17: elc_spv_001 | J17: S03aH01 | K17: 0.059535457 | L17: IMPNRGZ | N17: elc_won_001 | O17: S03aH01 | P17: 0.020746588 | Q17: IMPNRGZ | S17: elc_wof_001 | T17: S03aH01 | U17: 0.020746588 | V17: IMPNRGZ | X17: 0.058219178 | Y17: 0.057429829 | Z17: S03aH01 | AA17: elc_roadtransport | AC17: elc_buildings | AD17: S03aH01 | AE17: 0.050114835 | AG17: ELC | AH17: S03aH01 | AI17: 0.19091617 | AK17: 2026 | AL17: S03 | AM17: 0.3137 | AN17: hydro
I18: elc_spv_001 | J18: S03aH02 | K18: 0.0008956053 | L18: IMPNRGZ | N18: elc_won_001 | O18: S03aH02 | P18: 0.0039432436 | Q18: IMPNRGZ | S18: elc_wof_001 | T18: S03aH02 | U18: 0.0039432436 | V18: IMPNRGZ | X18: 0.0068493151 | Y18: 0.011834025 | Z18: S03aH02 | AA18: elc_roadtransport | AC18: elc_buildings | AD18: S03aH02 | AE18: 0.006927171 | AG18: ELC | AH18: S03aH02 | AI18: 0.033044562 | AK18: 2026 | AL18: S04 | AM18: 0.3006 | AN18: hydro
I19: elc_spv_001 | J19: S03aH03 | K19: 0 | L19: IMPNRGZ | N19: elc_won_001 | O19: S03aH03 | P19: 0.011566844 | Q19: IMPNRGZ | S19: elc_wof_001 | T19: S03aH03 | U19: 0.011566844 | V19: IMPNRGZ | X19: 0.017123288 | Y19: 0.012927927 | Z19: S03aH03 | AA19: elc_roadtransport | AC19: elc_buildings | AD19: S03aH03 | AE19: 0.01361886 | AG19: ELC | AH19: S03aH03 | AI19: 0.18272355 | AK19: 2027 | AL19: S01 | AM19: 0.3484 | AN19: hydro
I20: elc_spv_001 | J20: S04aH01 | K20: 0.058893892 | L20: IMPNRGZ | N20: elc_won_001 | O20: S04aH01 | P20: 0.052900129 | Q20: IMPNRGZ | S20: elc_wof_001 | T20: S04aH01 | U20: 0.052900129 | V20: IMPNRGZ | X20: 0.060159817 | Y20: 0.059344156 | Z20: S04aH01 | AA20: elc_roadtransport | AC20: elc_buildings | AD20: S04aH01 | AE20: 0.064831638 | AG20: ELC | AH20: S04aH01 | AI20: 0.25745205 | AK20: 2027 | AL20: S02 | AM20: 0.3303 | AN20: hydro
I21: elc_spv_001 | J21: S04aH02 | K21: 0.00035016102 | L21: IMPNRGZ | N21: elc_won_001 | O21: S04aH02 | P21: 0.0083559839 | Q21: IMPNRGZ | S21: elc_wof_001 | T21: S04aH02 | U21: 0.0083559839 | V21: IMPNRGZ | X21: 0.0070776256 | Y21: 0.012228493 | Z21: S04aH02 | AA21: elc_roadtransport | AC21: elc_buildings | AD21: S04aH02 | AE21: 0.0093629359 | AG21: ELC | AH21: S04aH02 | AI21: 0.071274821 | AK21: 2027 | AL21: S03 | AM21: 0.3142 | AN21: hydro
I22: elc_spv_001 | J22: S04aH03 | K22: 0 | L22: IMPNRGZ | N22: elc_won_001 | O22: S04aH03 | P22: 0.016883334 | Q22: IMPNRGZ | S22: elc_wof_001 | T22: S04aH03 | U22: 0.016883334 | V22: IMPNRGZ | X22: 0.017694064 | Y22: 0.013358858 | Z22: S04aH03 | AA22: elc_roadtransport | AC22: elc_buildings | AD22: S04aH03 | AE22: 0.018796298 | AG22: ELC | AH22: S04aH03 | AI22: 0.22183649 | AK22: 2027 | AL22: S04 | AM22: 0.3023 | AN22: hydro
I23: elc_spv_002 | J23: S01aH01 | K23: 0.72764808 | L23: IMPNRGZ | N23: elc_won_002 | O23: S01aH01 | P23: 0.46283836 | Q23: IMPNRGZ | S23: elc_wof_002 | T23: S01aH01 | U23: 0.46283836 | V23: IMPNRGZ | AC23: elc_industry | AD23: S01aH01 | AE23: 0.53012386 | AK23: 2028 | AL23: S01 | AM23: 0.34531111 | AN23: hydro
I24: elc_spv_002 | J24: S01aH02 | K24: 0.065026007 | L24: IMPNRGZ | N24: elc_won_002 | O24: S01aH02 | P24: 0.13615232 | Q24: IMPNRGZ | S24: elc_wof_002 | T24: S01aH02 | U24: 0.13615232 | V24: IMPNRGZ | AC24: elc_industry | AD24: S01aH02 | AE24: 0.063052072 | AK24: 2028 | AL24: S02 | AM24: 0.2806 | AN24: hydro
I25: elc_spv_002 | J25: S01aH03 | K25: 0 | L25: IMPNRGZ | N25: elc_won_002 | O25: S01aH03 | P25: 0.23391003 | Q25: IMPNRGZ | S25: elc_wof_002 | T25: S01aH03 | U25: 0.23391003 | V25: IMPNRGZ | AC25: elc_industry | AD25: S01aH03 | AE25: 0.15486471 | AK25: 2028 | AL25: S03 | AM25: 0.3129 | AN25: hydro
I26: elc_spv_002 | J26: S02aH01 | K26: 0.079932174 | L26: IMPNRGZ | N26: elc_won_002 | O26: S02aH01 | P26: 0.025982485 | Q26: IMPNRGZ | S26: elc_wof_002 | T26: S02aH01 | U26: 0.025982485 | V26: IMPNRGZ | AC26: elc_industry | AD26: S02aH01 | AE26: 0.060145041 | AK26: 2028 | AL26: S04 | AM26: 0.3324 | AN26: hydro
I27: elc_spv_002 | J27: S02aH02 | K27: 0.0036171923 | L27: IMPNRGZ | N27: elc_won_002 | O27: S02aH02 | P27: 0.0082489957 | Q27: IMPNRGZ | S27: elc_wof_002 | T27: S02aH02 | U27: 0.0082489957 | V27: IMPNRGZ | AC27: elc_industry | AD27: S02aH02 | AE27: 0.0071438635 | AK27: 2029 | AL27: S01 | AM27: 0.46436667 | AN27: hydro
I28: elc_spv_002 | J28: S02aH03 | K28: 0 | L28: IMPNRGZ | N28: elc_won_002 | O28: S02aH03 | P28: 0.014398834 | Q28: IMPNRGZ | S28: elc_wof_002 | T28: S02aH03 | U28: 0.014398834 | V28: IMPNRGZ | AC28: elc_industry | AD28: S02aH03 | AE28: 0.017572426 | AK28: 2029 | AL28: S02 | AM28: 0.4196 | AN28: hydro
I29: elc_spv_002 | J29: S03aH01 | K29: 0.060274133 | L29: IMPNRGZ | N29: elc_won_002 | O29: S03aH01 | P29: 0.018026926 | Q29: IMPNRGZ | S29: elc_wof_002 | T29: S03aH01 | U29: 0.018026926 | V29: IMPNRGZ | AC29: elc_industry | AD29: S03aH01 | AE29: 0.058164469 | AK29: 2029 | AL29: S03 | AM29: 0.3723 | AN29: hydro
I30: elc_spv_002 | J30: S03aH02 | K30: 0.00073489152 | L30: IMPNRGZ | N30: elc_won_002 | O30: S03aH02 | P30: 0.0040769087 | Q30: IMPNRGZ | S30: elc_wof_002 | T30: S03aH02 | U30: 0.0040769087 | V30: IMPNRGZ | AC30: elc_industry | AD30: S03aH02 | AE30: 0.0069198355 | AK30: 2029 | AL30: S04 | AM30: 0.4391 | AN30: hydro
I31: elc_spv_002 | J31: S03aH03 | K31: 0 | L31: IMPNRGZ | N31: elc_won_002 | O31: S03aH03 | P31: 0.007106949 | Q31: IMPNRGZ | S31: elc_wof_002 | T31: S03aH03 | U31: 0.007106949 | V31: IMPNRGZ | AC31: elc_industry | AD31: S03aH03 | AE31: 0.017023562 | AK31: 2030 | AL31: S01 | AM31: 0.42055556 | AN31: hydro
I32: elc_spv_002 | J32: S04aH01 | K32: 0.062441598 | L32: IMPNRGZ | N32: elc_won_002 | O32: S04aH01 | P32: 0.063711311 | Q32: IMPNRGZ | S32: elc_wof_002 | T32: S04aH01 | U32: 0.063711311 | V32: IMPNRGZ | AC32: elc_industry | AD32: S04aH01 | AE32: 0.060123988 | AK32: 2030 | AL32: S02 | AM32: 0.38 | AN32: hydro
I33: elc_spv_002 | J33: S04aH02 | K33: 0.00032592418 | L33: IMPNRGZ | N33: elc_won_002 | O33: S04aH02 | P33: 0.0087306171 | Q33: IMPNRGZ | S33: elc_wof_002 | T33: S04aH02 | U33: 0.0087306171 | V33: IMPNRGZ | AC33: elc_industry | AD33: S04aH02 | AE33: 0.0072029282 | AK33: 2030 | AL33: S03 | AM33: 0.3244 | AN33: hydro
I34: elc_spv_002 | J34: S04aH03 | K34: 0 | L34: IMPNRGZ | N34: elc_won_002 | O34: S04aH03 | P34: 0.016816264 | Q34: IMPNRGZ | S34: elc_wof_002 | T34: S04aH03 | U34: 0.016816264 | V34: IMPNRGZ | AC34: elc_industry | AD34: S04aH03 | AE34: 0.017663242 | AK34: 2030 | AL34: S04 | AM34: 0.3623 | AN34: hydro
I35: elc_spv_003 | J35: S01aH01 | K35: 0.71995031 | L35: IMPNRGZ | N35: elc_won_003 | O35: S01aH01 | P35: 0.5240144 | Q35: IMPNRGZ | S35: elc_wof_003 | T35: S01aH01 | U35: 0.5240144 | V35: IMPNRGZ | AK35: 2031 | AL35: S01 | AM35: 0.41415556 | AN35: hydro
I36: elc_spv_003 | J36: S01aH02 | K36: 0.072536944 | L36: IMPNRGZ | N36: elc_won_003 | O36: S01aH02 | P36: 0.091670339 | Q36: IMPNRGZ | S36: elc_wof_003 | T36: S01aH02 | U36: 0.091670339 | V36: IMPNRGZ | AK36: 2031 | AL36: S02 | AM36: 0.3609 | AN36: hydro
I37: elc_spv_003 | J37: S01aH03 | K37: 0.0023425426 | L37: IMPNRGZ | N37: elc_won_003 | O37: S01aH03 | P37: 0.17301085 | Q37: IMPNRGZ | S37: elc_wof_003 | T37: S01aH03 | U37: 0.17301085 | V37: IMPNRGZ | AK37: 2031 | AL37: S03 | AM37: 0.3918 | AN37: hydro
I38: elc_spv_003 | J38: S02aH01 | K38: 0.079731298 | L38: IMPNRGZ | N38: elc_won_003 | O38: S02aH01 | P38: 0.040981404 | Q38: IMPNRGZ | S38: elc_wof_003 | T38: S02aH01 | U38: 0.040981404 | V38: IMPNRGZ | AK38: 2031 | AL38: S04 | AM38: 0.3399 | AN38: hydro
I39: elc_spv_003 | J39: S02aH02 | K39: 0.0039501184 | L39: IMPNRGZ | N39: elc_won_003 | O39: S02aH02 | P39: 0.0064179727 | Q39: IMPNRGZ | S39: elc_wof_003 | T39: S02aH02 | U39: 0.0064179727 | V39: IMPNRGZ | AK39: 2032 | AL39: S01 | AM39: 0.41221111 | AN39: hydro
I40: elc_spv_003 | J40: S02aH03 | K40: 0 | L40: IMPNRGZ | N40: elc_won_003 | O40: S02aH03 | P40: 0.015253588 | Q40: IMPNRGZ | S40: elc_wof_003 | T40: S02aH03 | U40: 0.015253588 | V40: IMPNRGZ | AK40: 2032 | AL40: S02 | AM40: 0.3386 | AN40: hydro
I41: elc_spv_003 | J41: S03aH01 | K41: 0.061680554 | L41: IMPNRGZ | N41: elc_won_003 | O41: S03aH01 | P41: 0.024283855 | Q41: IMPNRGZ | S41: elc_wof_003 | T41: S03aH01 | U41: 0.024283855 | V41: IMPNRGZ | AK41: 2032 | AL41: S03 | AM41: 0.3397 | AN41: hydro
I42: elc_spv_003 | J42: S03aH02 | K42: 0.0018580112 | L42: IMPNRGZ | N42: elc_won_003 | O42: S03aH02 | P42: 0.0029296993 | Q42: IMPNRGZ | S42: elc_wof_003 | T42: S03aH02 | U42: 0.0029296993 | V42: IMPNRGZ | AK42: 2032 | AL42: S04 | AM42: 0.3377 | AN42: hydro
I43: elc_spv_003 | J43: S03aH03 | K43: 0 | L43: IMPNRGZ | N43: elc_won_003 | O43: S03aH03 | P43: 0.0088038408 | Q43: IMPNRGZ | S43: elc_wof_003 | T43: S03aH03 | U43: 0.0088038408 | V43: IMPNRGZ | AK43: 2033 | AL43: S01 | AM43: 0.42458889 | AN43: hydro
I44: elc_spv_003 | J44: S04aH01 | K44: 0.056167461 | L44: IMPNRGZ | N44: elc_won_003 | O44: S04aH01 | P44: 0.079994118 | Q44: IMPNRGZ | S44: elc_wof_003 | T44: S04aH01 | U44: 0.079994118 | V44: IMPNRGZ | AK44: 2033 | AL44: S02 | AM44: 0.3425 | AN44: hydro
I45: elc_spv_003 | J45: S04aH02 | K45: 0.0017827631 | L45: IMPNRGZ | N45: elc_won_003 | O45: S04aH02 | P45: 0.0091378544 | Q45: IMPNRGZ | S45: elc_wof_003 | T45: S04aH02 | U45: 0.0091378544 | V45: IMPNRGZ | AK45: 2033 | AL45: S03 | AM45: 0.3717 | AN45: hydro
I46: elc_spv_003 | J46: S04aH03 | K46: 0 | L46: IMPNRGZ | N46: elc_won_003 | O46: S04aH03 | P46: 0.023502078 | Q46: IMPNRGZ | S46: elc_wof_003 | T46: S04aH03 | U46: 0.023502078 | V46: IMPNRGZ | AK46: 2033 | AL46: S04 | AM46: 0.3239 | AN46: hydro
... I114: elc_spv_009 | J114: S03aH02 | K114: 0 | L114: IMPNRGZ | N114: elc_won_009 | O114: S03aH02 | P114: 0.0025825915 | Q114: IMPNRGZ | S114: elc_wof_009 | T114: S03aH02 | U114: 0.0025825915 | V114: IMPNRGZ | AK114: 2050 | AL114: S04 | AM114: 0.391 | AN114: hydro
I115: elc_spv_009 | J115: S03aH03 | K115: 0 | L115: IMPNRGZ | N115: elc_won_009 | O115: S03aH03 | P115: 0.01076471 | Q115: IMPNRGZ | S115: elc_wof_009 | T115: S03aH03 | U115: 0.01076471 | V115: IMPNRGZ
I116: elc_spv_009 | J116: S04aH01 | K116: 0.058917936 | L116: IMPNRGZ | N116: elc_won_009 | O116: S04aH01 | P116: 0.04161829 | Q116: IMPNRGZ | S116: elc_wof_009 | T116: S04aH01 | U116: 0.04161829 | V116: IMPNRGZ
I117: elc_spv_009 | J117: S04aH02 | K117: 0 | L117: IMPNRGZ | N117: elc_won_009 | O117: S04aH02 | P117: 0.0057848462 | Q117: IMPNRGZ | S117: elc_wof_009 | T117: S04aH02 | U117: 0.0057848462 | V117: IMPNRGZ
I118: elc_spv_009 | J118: S04aH03 | K118: 0 | L118: IMPNRGZ | N118: elc_won_009 | O118: S04aH03 | P118: 0.01718905 | Q118: IMPNRGZ | S118: elc_wof_009 | T118: S04aH03 | U118: 0.01718905 | V118: IMPNRGZ
I119: elc_spv_010 | J119: S01aH01 | K119: 0.74161171 | L119: IMPNRGZ | N119: elc_won_010 | O119: S01aH01 | P119: 0.52249555 | Q119: IMPNRGZ | S119: elc_wof_010 | T119: S01aH01 | U119: 0.52249555 | V119: IMPNRGZ
I120: elc_spv_010 | J120: S01aH02 | K120: 0.06017793 | L120: IMPNRGZ | N120: elc_won_010 | O120: S01aH02 | P120: 0.085393352 | Q120: IMPNRGZ | S120: elc_wof_010 | T120: S01aH02 | U120: 0.085393352 | V120: IMPNRGZ
I121: elc_spv_010 | J121: S01aH03 | K121: 5.1365812e-05 | L121: IMPNRGZ | N121: elc_won_010 | O121: S01aH03 | P121: 0.22451513 | Q121: IMPNRGZ | S121: elc_wof_010 | T121: S01aH03 | U121: 0.22451513 | V121: IMPNRGZ
I122: elc_spv_010 | J122: S02aH01 | K122: 0.081741911 | L122: IMPNRGZ | N122: elc_won_010 | O122: S02aH01 | P122: 0.034531386 | Q122: IMPNRGZ | S122: elc_wof_010 | T122: S02aH01 | U122: 0.034531386 | V122: IMPNRGZ
I123: elc_spv_010 | J123: S02aH02 | K123: 0.0032167816 | L123: IMPNRGZ | N123: elc_won_010 | O123: S02aH02 | P123: 0.0055348902 | Q123: IMPNRGZ | S123: elc_wof_010 | T123: S02aH02 | U123: 0.0055348902 | V123: IMPNRGZ
I124: elc_spv_010 | J124: S02aH03 | K124: 0 | L124: IMPNRGZ | N124: elc_won_010 | O124: S02aH03 | P124: 0.017333263 | Q124: IMPNRGZ | S124: elc_wof_010 | T124: S02aH03 | U124: 0.017333263 | V124: IMPNRGZ
I125: elc_spv_010 | J125: S03aH01 | K125: 0.058220755 | L125: IMPNRGZ | N125: elc_won_010 | O125: S03aH01 | P125: 0.025467954 | Q125: IMPNRGZ | S125: elc_wof_010 | T125: S03aH01 | U125: 0.025467954 | V125: IMPNRGZ
I126: elc_spv_010 | J126: S03aH02 | K126: 0 | L126: IMPNRGZ | N126: elc_won_010 | O126: S03aH02 | P126: 0.0027782614 | Q126: IMPNRGZ | S126: elc_wof_010 | T126: S03aH02 | U126: 0.0027782614 | V126: IMPNRGZ
... I130: elc_spv_010 | J130: S04aH03 | K130: 0 | L130: IMPNRGZ | N130: elc_won_010 | O130: S04aH03 | P130: 0.015832931 | Q130: IMPNRGZ | S130: elc_wof_010 | T130: S04aH03 | U130: 0.015832931 | V130: IMPNRGZ

Sheet ts_048
C9: =IF(A11="x","DeActivated","~TimeSlices") -> DeActivated | I9: =IF(A11="x","DeActivated","~TFM_DINS-AT") -> DeActivated | N9: =IF(A11="x","DeActivated","~TFM_DINS-AT") -> DeActivated | S9: =IF(A11="x","DeActivated","~TFM_DINS-AT") -> DeActivated | X9: =IF(A11="x","DeActivated","~TFM_DINS-AT") -> DeActivated | AC9: =IF(A11="x","DeActivated","~TFM_DINS-AT") -> DeActivated | AG9: =IF(A11="x","DeActivated","~TFM_DINS-AT") -> DeActivated | AK9: =IF(A11="x","DeActivated","~TFM_INS-AT") -> DeActivated
A10: ts_048 | C10: season | D10: weekly | E10: daynite | F10: wparent | G10: dparent | I10: commodity | J10: timeslice | K10: com_fr | L10: process | N10: commodity | O10: timeslice | P10: com_fr | Q10: process | S10: commodity | T10: timeslice | U10: com_fr | V10: process | X10: g_yrfr | Y10: com_fr | Z10: timeslice | AA10: commodity | AC10: commodity | AD10: timeslice | AE10: com_fr | AG10: commodity | AH10: timeslice | AI10: com_pkflx | AK10: Year | AL10: timeslice | AM10: ncap_afs | AN10: pset_ci
A11: =IFERROR(IF(Veda!D5=A10,"ok","x"),"") -> x | C11: S01 | D11: a | E11: H01 | F11: S01,S02,S03,S04,S05,S06,S07,S08 | G11: a | I11: elc_spv_001 | J11: S01aH01 | K11: 0.0048057628 | L11: IMPNRGZ | N11: elc_won_001 | O11: S01aH01 | P11: 0.034946489 | Q11: IMPNRGZ | S11: elc_wof_001 | T11: S01aH01 | U11: 0.034946489 | V11: IMPNRGZ | X11: 0.031849315 | Y11: 0.020212979 | Z11: S01aH01 | AA11: elc_roadtransport | AC11: elc_buildings | AD11: S01aH01 | AE11: 0.031959075 | AG11: ELC | AH11: S01aH01 | AI11: 0.20416296 | AK11: 2025 | AL11: S01 | AM11: 0.282 | AN11: hydro
C12: S02 | E12: H02 | G12: a | I12: elc_spv_001 | J12: S01aH02 | K12: 0.0067880628 | L12: IMPNRGZ | N12: elc_won_001 | O12: S01aH02 | P12: 0.0031628012 | Q12: IMPNRGZ | S12: elc_wof_001 | T12: S01aH02 | U12: 0.0031628012 | V12: IMPNRGZ | X12: 0.0035388128 | Y12: 0.0044803554 | Z12: S01aH02 | AA12: elc_roadtransport | AC12: elc_buildings | AD12: S01aH02 | AE12: 0.0040493752 | AG12: ELC | AH12: S01aH02 | AI12: 0.10115369 | AK12: 2025 | AL12: S02 | AM12: 0.2808 | AN12: hydro
C13: S03 | E13: H03 | G13: a | I13: elc_spv_001 | J13: S01aH03 | K13: 0.048829808 | L13: IMPNRGZ | N13: elc_won_001 | O13: S01aH03 | P13: 0.035193518 | Q13: IMPNRGZ | S13: elc_wof_001 | T13: S01aH03 | U13: 0.035193518 | V13: IMPNRGZ | X13: 0.024771689 | Y13: 0.034650822 | Z13: S01aH03 | AA13: elc_roadtransport | AC13: elc_buildings | AD13: S01aH03 | AE13: 0.028888439 | AG13: ELC | AH13: S01aH03 | AI13: 0.1864572 | AK13: 2025 | AL13: S03 | AM13: 0.37 | AN13: hydro
C14: S04 | E14: H04 | G14: a | I14: elc_spv_001 | J14: S01aH04 | K14: 0.0036309259 | L14: IMPNRGZ | N14: elc_won_001 | O14: S01aH04 | P14: 0.0052729739 | Q14: IMPNRGZ | S14: elc_wof_001 | T14: S01aH04 | U14: 0.0052729739 | V14: IMPNRGZ | X14: 0.0035388128 | Y14: 0.0068849497 | Z14: S01aH04 | AA14: elc_roadtransport | AC14: elc_buildings | AD14: S01aH04 | AE14: 0.0047039007 | AG14: ELC | AH14: S01aH04 | AI14: 0.071877164 | AK14: 2025 | AL14: S04 | AM14: 0.3511 | AN14: hydro
C15: S05 | E15: H05 | G15: a | I15: elc_spv_001 | J15: S01aH05 | K15: 0 | L15: IMPNRGZ | N15: elc_won_001 | O15: S01aH05 | P15: 0.0052884858 | Q15: IMPNRGZ | S15: elc_wof_001 | T15: S01aH05 | U15: 0.0052884858 | V15: IMPNRGZ | X15: 0.0035388128 | Y15: 0.0053435431 | Z15: S01aH05 | AA15: elc_roadtransport | AC15: elc_buildings | AD15: S01aH05 | AE15: 0.0046135849 | AG15: ELC | AH15: S01aH05 | AI15: 0.066735162 | AK15: 2025 | AL15: S05 | AM15: 0.2918 | AN15: hydro
C16: S06 | E16: H06 | G16: a | I16: elc_spv_001 | J16: S01aH06 | K16: 0 | L16: IMPNRGZ | N16: elc_won_001 | O16: S01aH06 | P16: 0.025770582 | Q16: IMPNRGZ | S16: elc_wof_001 | T16: S01aH06 | U16: 0.025770582 | V16: IMPNRGZ | X16: 0.017694064 | Y16: 0.013358858 | Z16: S01aH06 | AA16: elc_roadtransport | AC16: elc_buildings | AD16: S01aH06 | AE16: 0.017978053 | AG16: ELC | AH16: S01aH06 | AI16: 0.28147536 | AK16: 2025 | AL16: S06 | AM16: 0.3121 | AN16: hydro
C17: S07 | I17: elc_spv_001 | J17: S02aH01 | K17: 0.0078898943 | L17: IMPNRGZ | N17: elc_won_001 | O17: S02aH01 | P17: 0.024524186 | Q17: IMPNRGZ | S17: elc_wof_001 | T17: S02aH01 | U17: 0.024524186 | V17: IMPNRGZ | X17: 0.028767123 | Y17: 0.018256885 | Z17: S02aH01 | AA17: elc_roadtransport | AC17: elc_buildings | AD17: S02aH01 | AE17: 0.027085167 | AG17: ELC | AH17: S02aH01 | AI17: 0.1737761 | AK17: 2025 | AL17: S07 | AM17: 0.297 | AN17: hydro
C18: S08 | I18: elc_spv_001 | J18: S02aH02 | K18: 0.0070290499 | L18: IMPNRGZ | N18: elc_won_001 | O18: S02aH02 | P18: 0.0016672362 | Q18: IMPNRGZ | S18: elc_wof_001 | T18: S02aH02 | U18: 0.0016672362 | V18: IMPNRGZ | X18: 0.003196347 | Y18: 0.0040467726 | Z18: S02aH02 | AA18: elc_roadtransport | AC18: elc_buildings | AD18: S02aH02 | AE18: 0.0033611604 | AG18: ELC | AH18: S02aH02 | AI18: 0.084148809 | AK18: 2025 | AL18: S08 | AM18: 0.3012 | AN18: hydro
I19: elc_spv_001 | J19: S02aH03 | K19: 0.051155335 | L19: IMPNRGZ | N19: elc_won_001 | O19: S02aH03 | P19: 0.020810365 | Q19: IMPNRGZ | S19: elc_wof_001 | T19: S02aH03 | U19: 0.020810365 | V19: IMPNRGZ | X19: 0.022374429 | Y19: 0.031297516 | Z19: S02aH03 | AA19: elc_roadtransport | AC19: elc_buildings | AD19: S02aH03 | AE19: 0.023679736 | AG19: ELC | AH19: S02aH03 | AI19: 0.17755204 | AK19: 2026 | AL19: S01 | AM19: 0.281 | AN19: hydro
I20: elc_spv_001 | J20: S02aH04 | K20: 0.0039441835 | L20: IMPNRGZ | N20: elc_won_001 | O20: S02aH04 | P20: 0.0036360936 | Q20: IMPNRGZ | S20: elc_wof_001 | T20: S02aH04 | U20: 0.0036360936 | V20: IMPNRGZ | X20: 0.003196347 | Y20: 0.0062186643 | Z20: S02aH04 | AA20: elc_roadtransport | AC20: elc_buildings | AD20: S02aH04 | AE20: 0.003899336 | AG20: ELC | AH20: S02aH04 | AI20: 0.066401466 | AK20: 2026 | AL20: S02 | AM20: 0.3212 | AN20: hydro
I21: elc_spv_001 | J21: S02aH05 | K21: 0 | L21: IMPNRGZ | N21: elc_won_001 | O21: S02aH05 | P21: 0.0038448419 | Q21: IMPNRGZ | S21: elc_wof_001 | T21: S02aH05 | U21: 0.0038448419 | V21: IMPNRGZ | X21: 0.003196347 | Y21: 0.004826426 | Z21: S02aH05 | AA21: elc_roadtransport | AC21: elc_buildings | AD21: S02aH05 | AE21: 0.0038212797 | AG21: ELC | AH21: S02aH05 | AI21: 0.05900072 | AK21: 2026 | AL21: S03 | AM21: 0.37745 | AN21: hydro
I22: elc_spv_001 | J22: S02aH06 | K22: 0 | L22: IMPNRGZ | N22: elc_won_001 | O22: S02aH06 | P22: 0.019171762 | Q22: IMPNRGZ | S22: elc_wof_001 | T22: S02aH06 | U22: 0.019171762 | V22: IMPNRGZ | X22: 0.015981735 | Y22: 0.012066065 | Z22: S02aH06 | AA22: elc_roadtransport | AC22: elc_buildings | AD22: S02aH06 | AE22: 0.015026025 | AG22: ELC | AH22: S02aH06 | AI22: 0.23720317 | AK22: 2026 | AL22: S04 | AM22: 0.3545 | AN22: hydro
I23: elc_spv_001 | J23: S03aH01 | K23: 0.063572671 | L23: IMPNRGZ | N23: elc_won_001 | O23: S03aH01 | P23: 0.099161185 | Q23: IMPNRGZ | S23: elc_wof_001 | T23: S03aH01 | U23: 0.099161185 | V23: IMPNRGZ | X23: 0.12534247 | Y23: 0.079547854 | Z23: S03aH01 | AA23: elc_roadtransport | AC23: elc_buildings | AD23: S03aH01 | AE23: 0.10420879 | AG23: ELC | AH23: S03aH01 | AI23: 0.45496018 | AK23: 2026 | AL23: S05 | AM23: 0.3272 | AN23: hydro
I24: elc_spv_001 | J24: S03aH02 | K24: 0.034977773 | L24: IMPNRGZ | N24: elc_won_001 | O24: S03aH02 | P24: 0.0079581101 | Q24: IMPNRGZ | S24: elc_wof_001 | T24: S03aH02 | U24: 0.0079581101 | V24: IMPNRGZ | X24: 0.013926941 | Y24: 0.017632366 | Z24: S03aH02 | AA24: elc_roadtransport | AC24: elc_buildings | AD24: S03aH02 | AE24: 0.014965834 | AG24: ELC | AH24: S03aH02 | AI24: 0.20504629 | AK24: 2026 | AL24: S06 | AM24: 0.3148 | AN24: hydro
I25: elc_spv_001 | J25: S03aH03 | K25: 0.24572221 | L25: IMPNRGZ | N25: elc_won_001 | O25: S03aH03 | P25: 0.13317833 | Q25: IMPNRGZ | S25: elc_wof_001 | T25: S03aH03 | U25: 0.13317833 | V25: IMPNRGZ | X25: 0.097488584 | Y25: 0.13636775 | Z25: S03aH03 | AA25: elc_roadtransport | AC25: elc_buildings | AD25: S03aH03 | AE25: 0.10794719 | AG25: ELC | AH25: S03aH03 | AI25: 0.1773014 | AK25: 2026 | AL25: S07 | AM25: 0.3137 | AN25: hydro
I26: elc_spv_001 | J26: S03aH04 | K26: 0.022751063 | L26: IMPNRGZ | N26: elc_won_001 | O26: S03aH04 | P26: 0.028032123 | Q26: IMPNRGZ | S26: elc_wof_001 | T26: S03aH04 | U26: 0.028032123 | V26: IMPNRGZ | X26: 0.013926941 | Y26: 0.027095609 | Z26: S03aH04 | AA26: elc_roadtransport | AC26: elc_buildings | AD26: S03aH04 | AE26: 0.015352994 | AG26: ELC | AH26: S03aH04 | AI26: 0.15648921 | AK26: 2026 | AL26: S08 | AM26: 0.3006 | AN26: hydro
I27: elc_spv_001 | J27: S03aH05 | K27: 0.011920171 | L27: IMPNRGZ | N27: elc_won_001 | O27: S03aH05 | P27: 0.028247839 | Q27: IMPNRGZ | S27: elc_wof_001 | T27: S03aH05 | U27: 0.028247839 | V27: IMPNRGZ | X27: 0.013926941 | Y27: 0.021029428 | Z27: S03aH05 | AA27: elc_roadtransport | AC27: elc_buildings | AD27: S03aH05 | AE27: 0.01508122 | AG27: ELC | AH27: S03aH05 | AI27: 0.16358047 | AK27: 2027 | AL27: S01 | AM27: 0.3258 | AN27: hydro
I28: elc_spv_001 | J28: S03aH06 | K28: 0.00036696196 | L28: IMPNRGZ | N28: elc_won_001 | O28: S03aH06 | P28: 0.12572169 | Q28: IMPNRGZ | S28: elc_wof_001 | T28: S03aH06 | U28: 0.12572169 | V28: IMPNRGZ | X28: 0.069634703 | Y28: 0.052573569 | Z28: S03aH06 | AA28: elc_roadtransport | AC28: elc_buildings | AD28: S03aH06 | AE28: 0.060686599 | AG28: ELC | AH28: S03aH06 | AI28: 0.33487776 | AK28: 2027 | AL28: S02 | AM28: 0.2767 | AN28: hydro
I29: elc_spv_001 | J29: S04aH01 | K29: 0.033391975 | L29: IMPNRGZ | N29: elc_won_001 | O29: S04aH01 | P29: 0.046604514 | Q29: IMPNRGZ | S29: elc_wof_001 | T29: S04aH01 | U29: 0.046604514 | V29: IMPNRGZ | X29: 0.06369863 | Y29: 0.040425959 | Z29: S04aH01 | AA29: elc_roadtransport | AC29: elc_buildings | AD29: S04aH01 | AE29: 0.060173695 | AG29: ELC | AH29: S04aH01 | AI29: 0.41085168 | AK29: 2027 | AL29: S03 | AM29: 0.39155 | AN29: hydro
I30: elc_spv_001 | J30: S04aH02 | K30: 0.017356594 | L30: IMPNRGZ | N30: elc_won_001 | O30: S04aH02 | P30: 0.0015924725 | Q30: IMPNRGZ | S30: elc_wof_001 | T30: S04aH02 | U30: 0.0015924725 | V30: IMPNRGZ | X30: 0.0070776256 | Y30: 0.0089607107 | Z30: S04aH02 | AA30: elc_roadtransport | AC30: elc_buildings | AD30: S04aH02 | AE30: 0.0092538315 | AG30: ELC | AH30: S04aH02 | AI30: 0.10106784 | AK30: 2027 | AL30: S04 | AM30: 0.33425 | AN30: hydro
... I58: elc_spv_001 | J58: S08aH06 | K58: 0 | L58: IMPNRGZ | N58: elc_won_001 | O58: S08aH06 | P58: 0.016883334 | Q58: IMPNRGZ | S58: elc_wof_001 | T58: S08aH06 | U58: 0.016883334 | V58: IMPNRGZ | X58: 0.017694064 | Y58: 0.013358858 | Z58: S08aH06 | AA58: elc_roadtransport | AC58: elc_buildings | AD58: S08aH06 | AE58: 0.018796298 | AG58: ELC | AH58: S08aH06 | AI58: 0.22183649 | AK58: 2030 | AL58: S08 | AM58: 0.3623 | AN58: hydro
I59: elc_spv_002 | J59: S01aH01 | K59: 0.0051256784 | L59: IMPNRGZ | N59: elc_won_002 | O59: S01aH01 | P59: 0.037634367 | Q59: IMPNRGZ | S59: elc_wof_002 | T59: S01aH01 | U59: 0.037634367 | V59: IMPNRGZ | AC59: elc_industry | AD59: S01aH01 | AE59: 0.03167414 | AK59: 2031 | AL59: S01 | AM59: 0.3385 | AN59: hydro
I60: elc_spv_002 | J60: S01aH02 | K60: 0.0068601455 | L60: IMPNRGZ | N60: elc_won_002 | O60: S01aH02 | P60: 0.0037837175 | Q60: IMPNRGZ | S60: elc_wof_002 | T60: S01aH02 | U60: 0.0037837175 | V60: IMPNRGZ | AC60: elc_industry | AD60: S01aH02 | AE60: 0.0035565374 | AK60: 2031 | AL60: S02 | AM60: 0.3937 | AN60: hydro
I61: elc_spv_002 | J61: S01aH03 | K61: 0.048348779 | L61: IMPNRGZ | N61: elc_won_002 | O61: S01aH03 | P61: 0.04351498 | Q61: IMPNRGZ | S61: elc_wof_002 | T61: S01aH03 | U61: 0.04351498 | V61: IMPNRGZ | AC61: elc_industry | AD61: S01aH03 | AE61: 0.024936267 | AK61: 2031 | AL61: S03 | AM61: 0.449525 | AN61: hydro
I62: elc_spv_002 | J62: S01aH04 | K62: 0.0034465588 | L62: IMPNRGZ | N62: elc_won_002 | O62: S01aH04 | P62: 0.0062994449 | Q62: IMPNRGZ | S62: elc_wof_002 | T62: S01aH04 | U62: 0.0062994449 | V62: IMPNRGZ | AC62: elc_industry | AD62: S01aH04 | AE62: 0.0036053785 | AK62: 2031 | AL62: S04 | AM62: 0.41955 | AN62: hydro
I63: elc_spv_002 | J63: S01aH05 | K63: 0 | L63: IMPNRGZ | N63: elc_won_002 | O63: S01aH05 | P63: 0.0058246004 | Q63: IMPNRGZ | S63: elc_wof_002 | T63: S01aH05 | U63: 0.0058246004 | V63: IMPNRGZ | AC63: elc_industry | AD63: S01aH05 | AE63: 0.003598639 | AK63: 2031 | AL63: S05 | AM63: 0.358 | AN63: hydro
I64: elc_spv_002 | J64: S01aH06 | K64: 0 | L64: IMPNRGZ | N64: elc_won_002 | O64: S01aH06 | P64: 0.026186862 | Q64: IMPNRGZ | S64: elc_wof_002 | T64: S01aH06 | U64: 0.026186862 | V64: IMPNRGZ | AC64: elc_industry | AD64: S01aH06 | AE64: 0.017613386 | AK64: 2031 | AL64: S06 | AM64: 0.3609 | AN64: hydro
I65: elc_spv_002 | J65: S02aH01 | K65: 0.0087772062 | L65: IMPNRGZ | N65: elc_won_002 | O65: S02aH01 | P65: 0.020527291 | Q65: IMPNRGZ | S65: elc_wof_002 | T65: S02aH01 | U65: 0.020527291 | V65: IMPNRGZ | AC65: elc_industry | AD65: S02aH01 | AE65: 0.028637565 | AK65: 2031 | AL65: S07 | AM65: 0.3918 | AN65: hydro
I66: elc_spv_002 | J66: S02aH02 | K66: 0.0072937612 | L66: IMPNRGZ | N66: elc_won_002 | O66: S02aH02 | P66: 0.0015418492 | Q66: IMPNRGZ | S66: elc_wof_002 | T66: S02aH02 | U66: 0.0015418492 | V66: IMPNRGZ | AC66: elc_industry | AD66: S02aH02 | AE66: 0.0032081955 | AK66: 2031 | AL66: S08 | AM66: 0.3399 | AN66: hydro
I67: elc_spv_002 | J67: S02aH03 | K67: 0.052038764 | L67: IMPNRGZ | N67: elc_won_002 | O67: S02aH03 | P67: 0.021386154 | Q67: IMPNRGZ | S67: elc_wof_002 | T67: S02aH03 | U67: 0.021386154 | V67: IMPNRGZ | AC67: elc_industry | AD67: S02aH03 | AE67: 0.022468682 | AK67: 2032 | AL67: S01 | AM67: 0.3892 | AN67: hydro
I68: elc_spv_002 | J68: S02aH04 | K68: 0.0039486916 | L68: IMPNRGZ | N68: elc_won_002 | O68: S02aH04 | P68: 0.0041479112 | Q68: IMPNRGZ | S68: elc_wof_002 | T68: S02aH04 | U68: 0.0041479112 | V68: IMPNRGZ | AC68: elc_industry | AD68: S02aH04 | AE68: 0.0032483545 | AK68: 2032 | AL68: S02 | AM68: 0.3544 | AN68: hydro
I69: elc_spv_002 | J69: S02aH05 | K69: 0 | L69: IMPNRGZ | N69: elc_won_002 | O69: S02aH05 | P69: 0.0039439441 | Q69: IMPNRGZ | S69: elc_wof_002 | T69: S02aH05 | U69: 0.0039439441 | V69: IMPNRGZ | AC69: elc_industry | AD69: S02aH05 | AE69: 0.0032425299 | AK69: 2032 | AL69: S03 | AM69: 0.4573 | AN69: hydro
I70: elc_spv_002 | J70: S02aH06 | K70: 0 | L70: IMPNRGZ | N70: elc_won_002 | O70: S02aH06 | P70: 0.014583367 | Q70: IMPNRGZ | S70: elc_wof_002 | T70: S02aH06 | U70: 0.014583367 | V70: IMPNRGZ | AC70: elc_industry | AD70: S02aH06 | AE70: 0.015908169 | AK70: 2032 | AL70: S04 | AM70: 0.3858 | AN70: hydro
... I106: elc_spv_002 | J106: S08aH06 | K106: 0 | L106: IMPNRGZ | N106: elc_won_002 | O106: S08aH06 | P106: 0.016816264 | Q106: IMPNRGZ | S106: elc_wof_002 | T106: S08aH06 | U106: 0.016816264 | V106: IMPNRGZ | AC106: elc_industry | AD106: S08aH06 | AE106: 0.017663242 | AK106: 2036 | AL106: S08 | AM106: 0.34 | AN106: hydro
I107: elc_spv_003 | J107: S01aH01 | K107: 0.0043121955 | L107: IMPNRGZ | N107: elc_won_003 | O107: S01aH01 | P107: 0.044812884 | Q107: IMPNRGZ | S107: elc_wof_003 | T107: S01aH01 | U107: 0.044812884 | V107: IMPNRGZ | AK107: 2037 | AL107: S01 | AM107: 0.3673 | AN107: hydro
I108: elc_spv_003 | J108: S01aH02 | K108: 0.006331379 | L108: IMPNRGZ | N108: elc_won_003 | O108: S01aH02 | P108: 0.0052441566 | Q108: IMPNRGZ | S108: elc_wof_003 | T108: S01aH02 | U108: 0.0052441566 | V108: IMPNRGZ | AK108: 2037 | AL108: S02 | AM108: 0.339 | AN108: hydro
I109: elc_spv_003 | J109: S01aH03 | K109: 0.049222624 | L109: IMPNRGZ | N109: elc_won_003 | O109: S01aH03 | P109: 0.040971385 | Q109: IMPNRGZ | S109: elc_wof_003 | T109: S01aH03 | U109: 0.040971385 | V109: IMPNRGZ | AK109: 2037 | AL109: S03 | AM109: 0.47275 | AN109: hydro
I110: elc_spv_003 | J110: S01aH04 | K110: 0.00362004 | L110: IMPNRGZ | N110: elc_won_003 | O110: S01aH04 | P110: 0.0051951287 | Q110: IMPNRGZ | S110: elc_wof_003 | T110: S01aH04 | U110: 0.0051951287 | V110: IMPNRGZ | AK110: 2037 | AL110: S04 | AM110: 0.40285 | AN110: hydro
I111: elc_spv_003 | J111: S01aH05 | K111: 0 | L111: IMPNRGZ | N111: elc_won_003 | O111: S01aH05 | P111: 0.00508975 | Q111: IMPNRGZ | S111: elc_wof_003 | T111: S01aH05 | U111: 0.00508975 | V111: IMPNRGZ | AK111: 2037 | AL111: S05 | AM111: 0.3457 | AN111: hydro
I112: elc_spv_003 | J112: S01aH06 | K112: 0 | L112: IMPNRGZ | N112: elc_won_003 | O112: S01aH06 | P112: 0.025153814 | Q112: IMPNRGZ | S112: elc_wof_003 | T112: S01aH06 | U112: 0.025153814 | V112: IMPNRGZ | AK112: 2037 | AL112: S06 | AM112: 0.3414 | AN112: hydro
I113: elc_spv_003 | J113: S02aH01 | K113: 0.0066220503 | L113: IMPNRGZ | N113: elc_won_003 | O113: S02aH01 | P113: 0.035719351 | Q113: IMPNRGZ | S113: elc_wof_003 | T113: S02aH01 | U113: 0.035719351 | V113: IMPNRGZ | AK113: 2037 | AL113: S07 | AM113: 0.3538 | AN113: hydro
I114: elc_spv_003 | J114: S02aH02 | K114: 0.0065093926 | L114: IMPNRGZ | N114: elc_won_003 | O114: S02aH02 | P114: 0.0029489716 | Q114: IMPNRGZ | S114: elc_wof_003 | T114: S02aH02 | U114: 0.0029489716 | V114: IMPNRGZ | AK114: 2037 | AL114: S08 | AM114: 0.3461 | AN114: hydro
I115: elc_spv_003 | J115: S02aH03 | K115: 0.049532674 | L115: IMPNRGZ | N115: elc_won_003 | O115: S02aH03 | P115: 0.026204926 | Q115: IMPNRGZ | S115: elc_wof_003 | T115: S02aH03 | U115: 0.026204926 | V115: IMPNRGZ | AK115: 2038 | AL115: S01 | AM115: 0.3126 | AN115: hydro
I116: elc_spv_003 | J116: S02aH04 | K116: 0.0040147515 | L116: IMPNRGZ | N116: elc_won_003 | O116: S02aH04 | P116: 0.0036094277 | Q116: IMPNRGZ | S116: elc_wof_003 | T116: S02aH04 | U116: 0.0036094277 | V116: IMPNRGZ | AK116: 2038 | AL116: S02 | AM116: 0.3003 | AN116: hydro
I117: elc_spv_003 | J117: S02aH05 | K117: 0 | L117: IMPNRGZ | N117: elc_won_003 | O117: S02aH05 | P117: 0.0036236608 | Q117: IMPNRGZ | S117: elc_wof_003 | T117: S02aH05 | U117: 0.0036236608 | V117: IMPNRGZ | AK117: 2038 | AL117: S03 | AM117: 0.373375 | AN117: hydro
I118: elc_spv_003 | J118: S02aH06 | K118: 0 | L118: IMPNRGZ | N118: elc_won_003 | O118: S02aH06 | P118: 0.019485272 | Q118: IMPNRGZ | S118: elc_wof_003 | T118: S02aH06 | U118: 0.019485272 | V118: IMPNRGZ | AK118: 2038 | AL118: S04 | AM118: 0.34385 | AN118: hydro
... I218: elc_spv_005 | J218: S03aH04 | K218: 0.02446829 | L218: IMPNRGZ | N218: elc_won_005 | O218: S03aH04 | P218: 0.023051355 | Q218: IMPNRGZ | S218: elc_wof_005 | T218: S03aH04 | U218: 0.023051355 | V218: IMPNRGZ | AK218: 2050 | AL218: S08 | AM218: 0.391 | AN218: hydro
I219: elc_spv_005 | J219: S03aH05 | K219: 0.014228591 | L219: IMPNRGZ | N219: elc_won_005 | O219: S03aH05 | P219: 0.017656433 | Q219: IMPNRGZ | S219: elc_wof_005 | T219: S03aH05 | U219: 0.017656433 | V219: IMPNRGZ
I220: elc_spv_005 | J220: S03aH06 | K220: 0.0019402021 | L220: IMPNRGZ | N220: elc_won_005 | O220: S03aH06 | P220: 0.050501118 | Q220: IMPNRGZ | S220: elc_wof_005 | T220: S03aH06 | U220: 0.050501118 | V220: IMPNRGZ
I221: elc_spv_005 | J221: S04aH01 | K221: 0.028941491 | L221: IMPNRGZ | N221: elc_won_005 | O221: S04aH01 | P221: 0.0073352193 | Q221: IMPNRGZ | S221: elc_wof_005 | T221: S04aH01 | U221: 0.0073352193 | V221: IMPNRGZ
I222: elc_spv_005 | J222: S04aH02 | K222: 0.016464281 | L222: IMPNRGZ | N222: elc_won_005 | O222: S04aH02 | P222: 0.0014077967 | Q222: IMPNRGZ | S222: elc_wof_005 | T222: S04aH02 | U222: 0.0014077967 | V222: IMPNRGZ
I223: elc_spv_005 | J223: S04aH03 | K223: 0.13484556 | L223: IMPNRGZ | N223: elc_won_005 | O223: S04aH03 | P223: 0.076106321 | Q223: IMPNRGZ | S223: elc_wof_005 | T223: S04aH03 | U223: 0.076106321 | V223: IMPNRGZ
I224: elc_spv_005 | J224: S04aH04 | K224: 0.013941246 | L224: IMPNRGZ | N224: elc_won_005 | O224: S04aH04 | P224: 0.013072903 | Q224: IMPNRGZ | S224: elc_wof_005 | T224: S04aH04 | U224: 0.013072903 | V224: IMPNRGZ
I225: elc_spv_005 | J225: S04aH05 | K225: 0.0087993177 | L225: IMPNRGZ | N225: elc_won_005 | O225: S04aH05 | P225: 0.0070471996 | Q225: IMPNRGZ | S225: elc_wof_005 | T225: S04aH05 | U225: 0.0070471996 | V225: IMPNRGZ
I226: elc_spv_005 | J226: S04aH06 | K226: 0.0017501942 | L226: IMPNRGZ | N226: elc_won_005 | O226: S04aH06 | P226: 0.007509439 | Q226: IMPNRGZ | S226: elc_wof_005 | T226: S04aH06 | U226: 0.007509439 | V226: IMPNRGZ
I227: elc_spv_005 | J227: S05aH01 | K227: 0.012891848 | L227: IMPNRGZ | N227: elc_won_005 | O227: S05aH01 | P227: 0.0083477436 | Q227: IMPNRGZ | S227: elc_wof_005 | T227: S05aH01 | U227: 0.0083477436 | V227: IMPNRGZ
I228: elc_spv_005 | J228: S05aH02 | K228: 0.0082180219 | L228: IMPNRGZ | N228: elc_won_005 | O228: S05aH02 | P228: 0.00086266001 | Q228: IMPNRGZ | S228: elc_wof_005 | T228: S05aH02 | U228: 0.00086266001 | V228: IMPNRGZ
I229: elc_spv_005 | J229: S05aH03 | K229: 0.06168883 | L229: IMPNRGZ | N229: elc_won_005 | O229: S05aH03 | P229: 0.034855035 | Q229: IMPNRGZ | S229: elc_wof_005 | T229: S05aH03 | U229: 0.034855035 | V229: IMPNRGZ
I230: elc_spv_005 | J230: S05aH04 | K230: 0.0054198139 | L230: IMPNRGZ | N230: elc_won_005 | O230: S05aH04 | P230: 0.0056647388 | Q230: IMPNRGZ | S230: elc_wof_005 | T230: S05aH04 | U230: 0.0056647388 | V230: IMPNRGZ
... I490: elc_spv_010 | J490: S08aH06 | K490: 0 | L490: IMPNRGZ | N490: elc_won_010 | O490: S08aH06 | P490: 0.015832931 | Q490: IMPNRGZ | S490: elc_wof_010 | T490: S08aH06 | U490: 0.015832931 | V490: IMPNRGZ

Sheet ts_096P50
C9: =IF(A11="x","DeActivated","~TimeSlices") -> DeActivated | I9: =IF(A11="x","DeActivated","~TFM_DINS-AT") -> DeActivated | N9: =IF(A11="x","DeActivated","~TFM_DINS-AT") -> DeActivated | S9: =IF(A11="x","DeActivated","~TFM_DINS-AT") -> DeActivated | X9: =IF(A11="x","DeActivated","~TFM_DINS-AT") -> DeActivated | AC9: =IF(A11="x","DeActivated","~TFM_DINS-AT") -> DeActivated | AG9: =IF(A11="x","DeActivated","~TFM_DINS-AT") -> DeActivated | AK9: =IF(A11="x","DeActivated","~TFM_INS-AT") -> DeActivated
A10: ts_096P50 | C10: season | D10: weekly | E10: daynite | F10: wparent | G10: dparent | I10: commodity | J10: timeslice | K10: com_fr | L10: process | N10: commodity | O10: timeslice | P10: com_fr | Q10: process | S10: commodity | T10: timeslice | U10: com_fr | V10: process | X10: g_yrfr | Y10: com_fr | Z10: timeslice | AA10: commodity | AC10: commodity | AD10: timeslice | AE10: com_fr | AG10: commodity | AH10: timeslice | AI10: com_pkflx | AK10: Year | AL10: timeslice | AM10: ncap_afs | AN10: pset_ci
A11: =IFERROR(IF(Veda!D5=A10,"ok","x"),"") -> x | C11: S01 | D11: a | E11: H01 | F11: S01,S02,S03,S04,S05,S06,S07,S08,S09,S10,S11,S12 | G11: a | I11: elc_spv_001 | J11: S01aH01 | K11: 0 | L11: IMPNRGZ | N11: elc_won_001 | O11: S01aH01 | P11: 0.032099221 | Q11: IMPNRGZ | S11: elc_wof_001 | T11: S01aH01 | U11: 0.032099221 | V11: IMPNRGZ | X11: 0.028310502 | Y11: 0.01569152 | Z11: S01aH01 | AA11: elc_roadtransport | AC11: elc_buildings | AD11: S01aH01 | AE11: 0.027873977 | AG11: ELC | AH11: S01aH01 | AI11: 0.20734985 | AK11: 2025 | AL11: S01 | AM11: 0.282 | AN11: hydro
C12: S02 | E12: H02 | G12: a | I12: elc_spv_001 | J12: S01aH02 | K12: 0.0048057628 | L12: IMPNRGZ | N12: elc_won_001 | O12: S01aH02 | P12: 0.0028472679 | Q12: IMPNRGZ | S12: elc_wof_001 | T12: S01aH02 | U12: 0.0028472679 | V12: IMPNRGZ | X12: 0.0035388128 | Y12: 0.0045214595 | Z12: S01aH02 | AA12: elc_roadtransport | AC12: elc_buildings | AD12: S01aH02 | AE12: 0.0040850975 | AG12: ELC | AH12: S01aH02 | AI12: 0.082385672 | AK12: 2025 | AL12: S02 | AM12: 0.2808 | AN12: hydro
C13: S03 | E13: H03 | G13: a | I13: elc_spv_001 | J13: S01aH03 | K13: 0.0067880628 | L13: IMPNRGZ | N13: elc_won_001 | O13: S01aH03 | P13: 0.0031628012 | Q13: IMPNRGZ | S13: elc_wof_001 | T13: S01aH03 | U13: 0.0031628012 | V13: IMPNRGZ | X13: 0.0035388128 | Y13: 0.0044803554 | Z13: S01aH03 | AA13: elc_roadtransport | AC13: elc_buildings | AD13: S01aH03 | AE13: 0.0040493752 | AG13: ELC | AH13: S01aH03 | AI13: 0.10115369 | AK13: 2025 | AL13: S03 | AM13: 0.3252 | AN13: hydro
C14: S04 | E14: H04 | G14: a | I14: elc_spv_001 | J14: S01aH04 | K14: 0.04316504 | L14: IMPNRGZ | N14: elc_won_001 | O14: S01aH04 | P14: 0.029739556 | Q14: IMPNRGZ | S14: elc_wof_001 | T14: S01aH04 | U14: 0.029739556 | V14: IMPNRGZ | X14: 0.021232877 | Y14: 0.027765872 | Z14: S01aH04 | AA14: elc_roadtransport | AC14: elc_buildings | AD14: S01aH04 | AE14: 0.024399699 | AG14: ELC | AH14: S01aH04 | AI14: 0.19897049 | AK14: 2025 | AL14: S04 | AM14: 0.3822 | AN14: hydro
C15: S05 | E15: H05 | G15: a | I15: elc_spv_001 | J15: S01aH05 | K15: 0.0056647678 | L15: IMPNRGZ | N15: elc_won_001 | O15: S01aH05 | P15: 0.0054539621 | Q15: IMPNRGZ | S15: elc_wof_001 | T15: S01aH05 | U15: 0.0054539621 | V15: IMPNRGZ | X15: 0.0035388128 | Y15: 0.0068849497 | Z15: S01aH05 | AA15: elc_roadtransport | AC15: elc_buildings | AD15: S01aH05 | AE15: 0.0044887406 | AG15: ELC | AH15: S01aH05 | AI15: 0.11094329 | AK15: 2025 | AL15: S05 | AM15: 0.3801 | AN15: hydro
C16: S06 | E16: H06 | G16: a | I16: elc_spv_001 | J16: S01aH06 | K16: 0.0036309259 | L16: IMPNRGZ | N16: elc_won_001 | O16: S01aH06 | P16: 0.0052729739 | Q16: IMPNRGZ | S16: elc_wof_001 | T16: S01aH06 | U16: 0.0052729739 | V16: IMPNRGZ | X16: 0.0035388128 | Y16: 0.0068849497 | Z16: S01aH06 | AA16: elc_roadtransport | AC16: elc_buildings | AD16: S01aH06 | AE16: 0.0047039007 | AG16: ELC | AH16: S01aH06 | AI16: 0.071877164 | AK16: 2025 | AL16: S06 | AM16: 0.3925 | AN16: hydro
C17: S07 | E17: H07 | G17: a | I17: elc_spv_001 | J17: S01aH07 | K17: 0 | L17: IMPNRGZ | N17: elc_won_001 | O17: S01aH07 | P17: 0.0052884858 | Q17: IMPNRGZ | S17: elc_wof_001 | T17: S01aH07 | U17: 0.0052884858 | V17: IMPNRGZ | X17: 0.0035388128 | Y17: 0.0053435431 | Z17: S01aH07 | AA17: elc_roadtransport | AC17: elc_buildings | AD17: S01aH07 | AE17: 0.0046135849 | AG17: ELC | AH17: S01aH07 | AI17: 0.066735162 | AK17: 2025 | AL17: S07 | AM17: 0.3537 | AN17: hydro
C18: S08 | E18: H08 | G18: a | I18: elc_spv_001 | J18: S01aH08 | K18: 0 | L18: IMPNRGZ | N18: elc_won_001 | O18: S01aH08 | P18: 0.025770582 | Q18: IMPNRGZ | S18: elc_wof_001 | T18: S01aH08 | U18: 0.025770582 | V18: IMPNRGZ | X18: 0.017694064 | Y18: 0.013358858 | Z18: S01aH08 | AA18: elc_roadtransport | AC18: elc_buildings | AD18: S01aH08 | AE18: 0.017978053 | AG18: ELC | AH18: S01aH08 | AI18: 0.28147536 | AK18: 2025 | AL18: S08 | AM18: 0.3485 | AN18: hydro
C19: S09 | I19: elc_spv_001 | J19: S02aH01 | K19: 0.0026153727 | L19: IMPNRGZ | N19: elc_won_001 | O19: S02aH01 | P19: 0.022643501 | Q19: IMPNRGZ | S19: elc_wof_001 | T19: S02aH01 | U19: 0.022643501 | V19: IMPNRGZ | X19: 0.025570776 | Y19: 0.014172986 | Z19: S02aH01 | AA19: elc_roadtransport | AC19: elc_buildings | AD19: S02aH01 | AE19: 0.02365899 | AG19: ELC | AH19: S02aH01 | AI19: 0.1879402 | AK19: 2025 | AL19: S09 | AM19: 0.2918 | AN19: hydro
C20: S10 | I20: elc_spv_001 | J20: S02aH02 | K20: 0.0052745215 | L20: IMPNRGZ | N20: elc_won_001 | O20: S02aH02 | P20: 0.0018806853 | Q20: IMPNRGZ | S20: elc_wof_001 | T20: S02aH02 | U20: 0.0018806853 | V20: IMPNRGZ | X20: 0.003196347 | Y20: 0.0040838989 | Z20: S02aH02 | AA20: elc_roadtransport | AC20: elc_buildings | AD20: S02aH02 | AE20: 0.0034261768 | AG20: ELC | AH20: S02aH02 | AI20: 0.06539698 | AK20: 2025 | AL20: S10 | AM20: 0.3121 | AN20: hydro
C21: S11 | I21: elc_spv_001 | J21: S02aH03 | K21: 0.0070290499 | L21: IMPNRGZ | N21: elc_won_001 | O21: S02aH03 | P21: 0.0016672362 | Q21: IMPNRGZ | S21: elc_wof_001 | T21: S02aH03 | U21: 0.0016672362 | V21: IMPNRGZ | X21: 0.003196347 | Y21: 0.0040467726 | Z21: S02aH03 | AA21: elc_roadtransport | AC21: elc_buildings | AD21: S02aH03 | AE21: 0.0033611604 | AG21: ELC | AH21: S02aH03 | AI21: 0.084148809 | AK21: 2025 | AL21: S11 | AM21: 0.297 | AN21: hydro
C22: S12 | I22: elc_spv_001 | J22: S02aH04 | K22: 0.045075151 | L22: IMPNRGZ | N22: elc_won_001 | O22: S02aH04 | P22: 0.017142559 | Q22: IMPNRGZ | S22: elc_wof_001 | T22: S02aH04 | U22: 0.017142559 | V22: IMPNRGZ | X22: 0.019178082 | Y22: 0.025078852 | Z22: S02aH04 | AA22: elc_roadtransport | AC22: elc_buildings | AD22: S02aH04 | AE22: 0.020020951 | AG22: ELC | AH22: S02aH04 | AI22: 0.18369211 | AK22: 2025 | AL22: S12 | AM22: 0.3012 | AN22: hydro
I23: elc_spv_001 | J23: S02aH05 | K23: 0.0060801839 | L23: IMPNRGZ | N23: elc_won_001 | O23: S02aH05 | P23: 0.0036678061 | Q23: IMPNRGZ | S23: elc_wof_001 | T23: S02aH05 | U23: 0.0036678061 | V23: IMPNRGZ | X23: 0.003196347 | Y23: 0.0062186643 | Z23: S02aH05 | AA23: elc_roadtransport | AC23: elc_buildings | AD23: S02aH05 | AE23: 0.0036587847 | AG23: ELC | AH23: S02aH05 | AI23: 0.10907719 | AK23: 2026 | AL23: S01 | AM23: 0.281 | AN23: hydro
I24: elc_spv_001 | J24: S02aH06 | K24: 0.0039441835 | L24: IMPNRGZ | N24: elc_won_001 | O24: S02aH06 | P24: 0.0036360936 | Q24: IMPNRGZ | S24: elc_wof_001 | T24: S02aH06 | U24: 0.0036360936 | V24: IMPNRGZ | X24: 0.003196347 | Y24: 0.0062186643 | Z24: S02aH06 | AA24: elc_roadtransport | AC24: elc_buildings | AD24: S02aH06 | AE24: 0.003899336 | AG24: ELC | AH24: S02aH06 | AI24: 0.066401466 | AK24: 2026 | AL24: S02 | AM24: 0.3212 | AN24: hydro
I25: elc_spv_001 | J25: S02aH07 | K25: 0 | L25: IMPNRGZ | N25: elc_won_001 | O25: S02aH07 | P25: 0.0038448419 | Q25: IMPNRGZ | S25: elc_wof_001 | T25: S02aH07 | U25: 0.0038448419 | V25: IMPNRGZ | X25: 0.003196347 | Y25: 0.004826426 | Z25: S02aH07 | AA25: elc_roadtransport | AC25: elc_buildings | AD25: S02aH07 | AE25: 0.0038212797 | AG25: ELC | AH25: S02aH07 | AI25: 0.05900072 | AK25: 2026 | AL25: S03 | AM25: 0.3635 | AN25: hydro
I26: elc_spv_001 | J26: S02aH08 | K26: 0 | L26: IMPNRGZ | N26: elc_won_001 | O26: S02aH08 | P26: 0.019171762 | Q26: IMPNRGZ | S26: elc_wof_001 | T26: S02aH08 | U26: 0.019171762 | V26: IMPNRGZ | X26: 0.015981735 | Y26: 0.012066065 | Z26: S02aH08 | AA26: elc_roadtransport | AC26: elc_buildings | AD26: S02aH08 | AE26: 0.015026025 | AG26: ELC | AH26: S02aH08 | AI26: 0.23720317 | AK26: 2026 | AL26: S04 | AM26: 0.3661 | AN26: hydro
I27: elc_spv_001 | J27: S03aH01 | K27: 0.0045229878 | L27: IMPNRGZ | N27: elc_won_001 | O27: S03aH01 | P27: 0.023670742 | Q27: IMPNRGZ | S27: elc_wof_001 | T27: S03aH01 | U27: 0.023670742 | V27: IMPNRGZ | X27: 0.028310502 | Y27: 0.01569152 | Z27: S03aH01 | AA27: elc_roadtransport | AC27: elc_buildings | AD27: S03aH01 | AE27: 0.0218044 | AG27: ELC | AH27: S03aH01 | AI27: 0.27400911 | AK27: 2026 | AL27: S05 | AM27: 0.3922 | AN27: hydro
I28: elc_spv_001 | J28: S03aH02 | K28: 0.0073120321 | L28: IMPNRGZ | N28: elc_won_001 | O28: S03aH02 | P28: 0.0017576697 | Q28: IMPNRGZ | S28: elc_wof_001 | T28: S03aH02 | U28: 0.0017576697 | V28: IMPNRGZ | X28: 0.0035388128 | Y28: 0.0045214595 | Z28: S03aH02 | AA28: elc_roadtransport | AC28: elc_buildings | AD28: S03aH02 | AE28: 0.0033930294 | AG28: ELC | AH28: S03aH02 | AI28: 0.10085315 | AK28: 2026 | AL28: S06 | AM28: 0.388 | AN28: hydro
I29: elc_spv_001 | J29: S03aH03 | K29: 0.0087445329 | L29: IMPNRGZ | N29: elc_won_001 | O29: S03aH03 | P29: 0.0021562185 | Q29: IMPNRGZ | S29: elc_wof_001 | T29: S03aH03 | U29: 0.0021562185 | V29: IMPNRGZ | X29: 0.0035388128 | Y29: 0.0044803554 | Z29: S03aH03 | AA29: elc_roadtransport | AC29: elc_buildings | AD29: S03aH03 | AE29: 0.0033971618 | AG29: ELC | AH29: S03aH03 | AI29: 0.10357086 | AK29: 2026 | AL29: S07 | AM29: 0.3399 | AN29: hydro
I30: elc_spv_001 | J30: S03aH04 | K30: 0.054587913 | L30: IMPNRGZ | N30: elc_won_001 | O30: S03aH04 | P30: 0.032148811 | Q30: IMPNRGZ | S30: elc_wof_001 | T30: S03aH04 | U30: 0.032148811 | V30: IMPNRGZ | X30: 0.021232877 | Y30: 0.027765872 | Z30: S03aH04 | AA30: elc_roadtransport | AC30: elc_buildings | AD30: S03aH04 | AE30: 0.020741066 | AG30: ELC | AH30: S03aH04 | AI30: 0.23361454 | AK30: 2026 | AL30: S08 | AM30: 0.3691 | AN30: hydro
I31: elc_spv_001 | J31: S03aH05 | K31: 0.0077606836 | L31: IMPNRGZ | N31: elc_won_001 | O31: S03aH05 | P31: 0.0067232966 | Q31: IMPNRGZ | S31: elc_wof_001 | T31: S03aH05 | U31: 0.0067232966 | V31: IMPNRGZ | X31: 0.0035388128 | Y31: 0.0068849497 | Z31: S03aH05 | AA31: elc_roadtransport | AC31: elc_buildings | AD31: S03aH05 | AE31: 0.0036715988 | AG31: ELC | AH31: S03aH05 | AI31: 0.17967876 | AK31: 2026 | AL31: S09 | AM31: 0.3272 | AN31: hydro
I32: elc_spv_001 | J32: S03aH06 | K32: 0.0055528357 | L32: IMPNRGZ | N32: elc_won_001 | O32: S03aH06 | P32: 0.0062955239 | Q32: IMPNRGZ | S32: elc_wof_001 | T32: S03aH06 | U32: 0.0062955239 | V32: IMPNRGZ | X32: 0.0035388128 | Y32: 0.0068849497 | Z32: S03aH06 | AA32: elc_roadtransport | AC32: elc_buildings | AD32: S03aH06 | AE32: 0.0037368447 | AG32: ELC | AH32: S03aH06 | AI32: 0.13998071 | AK32: 2026 | AL32: S10 | AM32: 0.3148 | AN32: hydro
I33: elc_spv_001 | J33: S03aH07 | K33: 0.0021323848 | L33: IMPNRGZ | N33: elc_won_001 | O33: S03aH07 | P33: 0.0056595081 | Q33: IMPNRGZ | S33: elc_wof_001 | T33: S03aH07 | U33: 0.0056595081 | V33: IMPNRGZ | X33: 0.0035388128 | Y33: 0.0053435431 | Z33: S03aH07 | AA33: elc_roadtransport | AC33: elc_buildings | AD33: S03aH07 | AE33: 0.0037033723 | AG33: ELC | AH33: S03aH07 | AI33: 0.084636718 | AK33: 2026 | AL33: S11 | AM33: 0.3137 | AN33: hydro
I34: elc_spv_001 | J34: S03aH08 | K34: 0 | L34: IMPNRGZ | N34: elc_won_001 | O34: S03aH08 | P34: 0.024352477 | Q34: IMPNRGZ | S34: elc_wof_001 | T34: S03aH08 | U34: 0.024352477 | V34: IMPNRGZ | X34: 0.017694064 | Y34: 0.013358858 | Z34: S03aH08 | AA34: elc_roadtransport | AC34: elc_buildings | AD34: S03aH08 | AE34: 0.014530799 | AG34: ELC | AH34: S03aH08 | AI34: 0.25409003 | AK34: 2026 | AL34: S12 | AM34: 0.3006 | AN34: hydro
... I106: elc_spv_001 | J106: S12aH08 | K106: 0 | L106: IMPNRGZ | N106: elc_won_001 | O106: S12aH08 | P106: 0.016883334 | Q106: IMPNRGZ | S106: elc_wof_001 | T106: S12aH08 | U106: 0.016883334 | V106: IMPNRGZ | X106: 0.017694064 | Y106: 0.013358858 | Z106: S12aH08 | AA106: elc_roadtransport | AC106: elc_buildings | AD106: S12aH08 | AE106: 0.018796298 | AG106: ELC | AH106: S12aH08 | AI106: 0.22183649 | AK106: 2032 | AL106: S12 | AM106: 0.3377 | AN106: hydro
I107: elc_spv_002 | J107: S01aH01 | K107: 0.00012200254 | L107: IMPNRGZ | N107: elc_won_002 | O107: S01aH01 | P107: 0.034227776 | Q107: IMPNRGZ | S107: elc_wof_002 | T107: S01aH01 | U107: 0.034227776 | V107: IMPNRGZ | AC107: elc_industry | AD107: S01aH01 | AE107: 0.028114937 | AK107: 2033 | AL107: S01 | AM107: 0.3618 | AN107: hydro
I108: elc_spv_002 | J108: S01aH02 | K108: 0.0050036759 | L108: IMPNRGZ | N108: elc_won_002 | O108: S01aH02 | P108: 0.003406591 | Q108: IMPNRGZ | S108: elc_wof_002 | T108: S01aH02 | U108: 0.003406591 | V108: IMPNRGZ | AC108: elc_industry | AD108: S01aH02 | AE108: 0.003559203 | AK108: 2033 | AL108: S02 | AM108: 0.394 | AN108: hydro
I109: elc_spv_002 | J109: S01aH03 | K109: 0.0068601455 | L109: IMPNRGZ | N109: elc_won_002 | O109: S01aH03 | P109: 0.0037837175 | Q109: IMPNRGZ | S109: elc_wof_002 | T109: S01aH03 | U109: 0.0037837175 | V109: IMPNRGZ | AC109: elc_industry | AD109: S01aH03 | AE109: 0.0035565374 | AK109: 2033 | AL109: S03 | AM109: 0.4289 | AN109: hydro
I110: elc_spv_002 | J110: S01aH04 | K110: 0.042946787 | L110: IMPNRGZ | N110: elc_won_002 | O110: S01aH04 | P110: 0.036651295 | Q110: IMPNRGZ | S110: elc_wof_002 | T110: S01aH04 | U110: 0.036651295 | V110: IMPNRGZ | AC110: elc_industry | AD110: S01aH04 | AE110: 0.021346943 | AK110: 2033 | AL110: S04 | AM110: 0.4452 | AN110: hydro
I111: elc_spv_002 | J111: S01aH05 | K111: 0.0054019917 | L111: IMPNRGZ | N111: elc_won_002 | O111: S01aH05 | P111: 0.0068636847 | Q111: IMPNRGZ | S111: elc_wof_002 | T111: S01aH05 | U111: 0.0068636847 | V111: IMPNRGZ | AC111: elc_industry | AD111: S01aH05 | AE111: 0.0035893231 | AK111: 2033 | AL111: S05 | AM111: 0.4596 | AN111: hydro
I112: elc_spv_002 | J112: S01aH06 | K112: 0.0034465588 | L112: IMPNRGZ | N112: elc_won_002 | O112: S01aH06 | P112: 0.0062994449 | Q112: IMPNRGZ | S112: elc_wof_002 | T112: S01aH06 | U112: 0.0062994449 | V112: IMPNRGZ | AC112: elc_industry | AD112: S01aH06 | AE112: 0.0036053785 | AK112: 2033 | AL112: S06 | AM112: 0.5179 | AN112: hydro
I113: elc_spv_002 | J113: S01aH07 | K113: 0 | L113: IMPNRGZ | N113: elc_won_002 | O113: S01aH07 | P113: 0.0058246004 | Q113: IMPNRGZ | S113: elc_wof_002 | T113: S01aH07 | U113: 0.0058246004 | V113: IMPNRGZ | AC113: elc_industry | AD113: S01aH07 | AE113: 0.003598639 | AK113: 2033 | AL113: S07 | AM113: 0.4183 | AN113: hydro
I114: elc_spv_002 | J114: S01aH08 | K114: 0 | L114: IMPNRGZ | N114: elc_won_002 | O114: S01aH08 | P114: 0.026186862 | Q114: IMPNRGZ | S114: elc_wof_002 | T114: S01aH08 | U114: 0.026186862 | V114: IMPNRGZ | AC114: elc_industry | AD114: S01aH08 | AE114: 0.017613386 | AK114: 2033 | AL114: S08 | AM114: 0.4211 | AN114: hydro
I115: elc_spv_002 | J115: S02aH01 | K115: 0.0031393302 | L115: IMPNRGZ | N115: elc_won_002 | O115: S02aH01 | P115: 0.018716077 | Q115: IMPNRGZ | S115: elc_wof_002 | T115: S02aH01 | U115: 0.018716077 | V115: IMPNRGZ | AC115: elc_industry | AD115: S02aH01 | AE115: 0.025424517 | AK115: 2033 | AL115: S09 | AM115: 0.3745 | AN115: hydro
I116: elc_spv_002 | J116: S02aH02 | K116: 0.005637876 | L116: IMPNRGZ | N116: elc_won_002 | O116: S02aH02 | P116: 0.0018112136 | Q116: IMPNRGZ | S116: elc_wof_002 | T116: S02aH02 | U116: 0.0018112136 | V116: IMPNRGZ | AC116: elc_industry | AD116: S02aH02 | AE116: 0.0032130471 | AK116: 2033 | AL116: S10 | AM116: 0.3425 | AN116: hydro
I117: elc_spv_002 | J117: S02aH03 | K117: 0.0072937612 | L117: IMPNRGZ | N117: elc_won_002 | O117: S02aH03 | P117: 0.0015418492 | Q117: IMPNRGZ | S117: elc_wof_002 | T117: S02aH03 | U117: 0.0015418492 | V117: IMPNRGZ | AC117: elc_industry | AD117: S02aH03 | AE117: 0.0032081955 | AK117: 2033 | AL117: S11 | AM117: 0.3717 | AN117: hydro
I118: elc_spv_002 | J118: S02aH04 | K118: 0.045802804 | L118: IMPNRGZ | N118: elc_won_002 | O118: S02aH04 | P118: 0.017443153 | Q118: IMPNRGZ | S118: elc_wof_002 | T118: S02aH04 | U118: 0.017443153 | V118: IMPNRGZ | AC118: elc_industry | AD118: S02aH04 | AE118: 0.019238278 | AK118: 2033 | AL118: S12 | AM118: 0.3239 | AN118: hydro
... I202: elc_spv_002 | J202: S12aH08 | K202: 0 | L202: IMPNRGZ | N202: elc_won_002 | O202: S12aH08 | P202: 0.016816264 | Q202: IMPNRGZ | S202: elc_wof_002 | T202: S12aH08 | U202: 0.016816264 | V202: IMPNRGZ | AC202: elc_industry | AD202: S12aH08 | AE202: 0.017663242 | AK202: 2040 | AL202: S12 | AM202: 0.3691 | AN202: hydro
I203: elc_spv_003 | J203: S01aH01 | K203: 0 | L203: IMPNRGZ | N203: elc_won_003 | O203: S01aH01 | P203: 0.039535443 | Q203: IMPNRGZ | S203: elc_wof_003 | T203: S01aH01 | U203: 0.039535443 | V203: IMPNRGZ | AK203: 2041 | AL203: S01 | AM203: 0.3888 | AN203: hydro
I204: elc_spv_003 | J204: S01aH02 | K204: 0.0043121955 | L204: IMPNRGZ | N204: elc_won_003 | O204: S01aH02 | P204: 0.0052774418 | Q204: IMPNRGZ | S204: elc_wof_003 | T204: S01aH02 | U204: 0.0052774418 | V204: IMPNRGZ | AK204: 2041 | AL204: S02 | AM204: 0.4423 | AN204: hydro
I205: elc_spv_003 | J205: S01aH03 | K205: 0.006331379 | L205: IMPNRGZ | N205: elc_won_003 | O205: S01aH03 | P205: 0.0052441566 | Q205: IMPNRGZ | S205: elc_wof_003 | T205: S01aH03 | U205: 0.0052441566 | V205: IMPNRGZ | AK205: 2041 | AL205: S03 | AM205: 0.4589 | AN205: hydro
I206: elc_spv_003 | J206: S01aH04 | K206: 0.043340172 | L206: IMPNRGZ | N206: elc_won_003 | O206: S01aH04 | P206: 0.035508987 | Q206: IMPNRGZ | S206: elc_wof_003 | T206: S01aH04 | U206: 0.035508987 | V206: IMPNRGZ | AK206: 2041 | AL206: S04 | AM206: 0.5369 | AN206: hydro
I207: elc_spv_003 | J207: S01aH05 | K207: 0.0058824524 | L207: IMPNRGZ | N207: elc_won_003 | O207: S01aH05 | P207: 0.0054623976 | Q207: IMPNRGZ | S207: elc_wof_003 | T207: S01aH05 | U207: 0.0054623976 | V207: IMPNRGZ | AK207: 2041 | AL207: S05 | AM207: 0.5773 | AN207: hydro
I208: elc_spv_003 | J208: S01aH06 | K208: 0.00362004 | L208: IMPNRGZ | N208: elc_won_003 | O208: S01aH06 | P208: 0.0051951287 | Q208: IMPNRGZ | S208: elc_wof_003 | T208: S01aH06 | U208: 0.0051951287 | V208: IMPNRGZ | AK208: 2041 | AL208: S06 | AM208: 0.5057 | AN208: hydro
I209: elc_spv_003 | J209: S01aH07 | K209: 0 | L209: IMPNRGZ | N209: elc_won_003 | O209: S01aH07 | P209: 0.00508975 | Q209: IMPNRGZ | S209: elc_wof_003 | T209: S01aH07 | U209: 0.00508975 | V209: IMPNRGZ | AK209: 2041 | AL209: S07 | AM209: 0.4701 | AN209: hydro
I210: elc_spv_003 | J210: S01aH08 | K210: 0 | L210: IMPNRGZ | N210: elc_won_003 | O210: S01aH08 | P210: 0.025153814 | Q210: IMPNRGZ | S210: elc_wof_003 | T210: S01aH08 | U210: 0.025153814 | V210: IMPNRGZ | AK210: 2041 | AL210: S08 | AM210: 0.4674 | AN210: hydro
I211: elc_spv_003 | J211: S02aH01 | K211: 0.0018852858 | L211: IMPNRGZ | N211: elc_won_003 | O211: S02aH01 | P211: 0.032269256 | Q211: IMPNRGZ | S211: elc_wof_003 | T211: S02aH01 | U211: 0.032269256 | V211: IMPNRGZ | AK211: 2041 | AL211: S09 | AM211: 0.3784 | AN211: hydro
I212: elc_spv_003 | J212: S02aH02 | K212: 0.0047367645 | L212: IMPNRGZ | N212: elc_won_003 | O212: S02aH02 | P212: 0.0034500947 | Q212: IMPNRGZ | S212: elc_wof_003 | T212: S02aH02 | U212: 0.0034500947 | V212: IMPNRGZ | AK212: 2041 | AL212: S10 | AM212: 0.3908 | AN212: hydro
I213: elc_spv_003 | J213: S02aH03 | K213: 0.0065093926 | L213: IMPNRGZ | N213: elc_won_003 | O213: S02aH03 | P213: 0.0029489716 | Q213: IMPNRGZ | S213: elc_wof_003 | T213: S02aH03 | U213: 0.0029489716 | V213: IMPNRGZ | AK213: 2041 | AL213: S11 | AM213: 0.4466 | AN213: hydro
I214: elc_spv_003 | J214: S02aH04 | K214: 0.043596487 | L214: IMPNRGZ | N214: elc_won_003 | O214: S02aH04 | P214: 0.02264347 | Q214: IMPNRGZ | S214: elc_wof_003 | T214: S02aH04 | U214: 0.02264347 | V214: IMPNRGZ | AK214: 2041 | AL214: S12 | AM214: 0.3942 | AN214: hydro
... I322: elc_spv_004 | J322: S03aH08 | K322: 0 | L322: IMPNRGZ | N322: elc_won_004 | O322: S03aH08 | P322: 0.02159539 | Q322: IMPNRGZ | S322: elc_wof_004 | T322: S03aH08 | U322: 0.02159539 | V322: IMPNRGZ | AK322: 2050 | AL322: S12 | AM322: 0.391 | AN322: hydro
I323: elc_spv_004 | J323: S04aH01 | K323: 0.0083785428 | L323: IMPNRGZ | N323: elc_won_004 | O323: S04aH01 | P323: 0.021637781 | Q323: IMPNRGZ | S323: elc_wof_004 | T323: S04aH01 | U323: 0.021637781 | V323: IMPNRGZ
I324: elc_spv_004 | J324: S04aH02 | K324: 0.0077275009 | L324: IMPNRGZ | N324: elc_won_004 | O324: S04aH02 | P324: 0.0026062889 | Q324: IMPNRGZ | S324: elc_wof_004 | T324: S04aH02 | U324: 0.0026062889 | V324: IMPNRGZ
I325: elc_spv_004 | J325: S04aH03 | K325: 0.0088141236 | L325: IMPNRGZ | N325: elc_won_004 | O325: S04aH03 | P325: 0.0032578786 | Q325: IMPNRGZ | S325: elc_wof_004 | T325: S04aH03 | U325: 0.0032578786 | V325: IMPNRGZ
I326: elc_spv_004 | J326: S04aH04 | K326: 0.054569568 | L326: IMPNRGZ | N326: elc_won_004 | O326: S04aH04 | P326: 0.030472343 | Q326: IMPNRGZ | S326: elc_wof_004 | T326: S04aH04 | U326: 0.030472343 | V326: IMPNRGZ
I327: elc_spv_004 | J327: S04aH05 | K327: 0.0076468843 | L327: IMPNRGZ | N327: elc_won_004 | O327: S04aH05 | P327: 0.0061109708 | Q327: IMPNRGZ | S327: elc_wof_004 | T327: S04aH05 | U327: 0.0061109708 | V327: IMPNRGZ
I328: elc_spv_004 | J328: S04aH06 | K328: 0.0059829143 | L328: IMPNRGZ | N328: elc_won_004 | O328: S04aH06 | P328: 0.0058947371 | Q328: IMPNRGZ | S328: elc_wof_004 | T328: S04aH06 | U328: 0.0058947371 | V328: IMPNRGZ
I329: elc_spv_004 | J329: S04aH07 | K329: 0.0032271139 | L329: IMPNRGZ | N329: elc_won_004 | O329: S04aH07 | P329: 0.0052317787 | Q329: IMPNRGZ | S329: elc_wof_004 | T329: S04aH07 | U329: 0.0052317787 | V329: IMPNRGZ
I330: elc_spv_004 | J330: S04aH08 | K330: 0 | L330: IMPNRGZ | N330: elc_won_004 | O330: S04aH08 | P330: 0.016232951 | Q330: IMPNRGZ | S330: elc_wof_004 | T330: S04aH08 | U330: 0.016232951 | V330: IMPNRGZ
I331: elc_spv_004 | J331: S05aH01 | K331: 0.0096171676 | L331: IMPNRGZ | N331: elc_won_004 | O331: S05aH01 | P331: 0.0079596941 | Q331: IMPNRGZ | S331: elc_wof_004 | T331: S05aH01 | U331: 0.0079596941 | V331: IMPNRGZ
I332: elc_spv_004 | J332: S05aH02 | K332: 0.0077704716 | L332: IMPNRGZ | N332: elc_won_004 | O332: S05aH02 | P332: 0.00097423635 | Q332: IMPNRGZ | S332: elc_wof_004 | T332: S05aH02 | U332: 0.00097423635 | V332: IMPNRGZ
I333: elc_spv_004 | J333: S05aH03 | K333: 0.0088020571 | L333: IMPNRGZ | N333: elc_won_004 | O333: S05aH03 | P333: 0.0014525436 | Q333: IMPNRGZ | S333: elc_wof_004 | T333: S05aH03 | U333: 0.0014525436 | V333: IMPNRGZ
I334: elc_spv_004 | J334: S05aH04 | K334: 0.054693939 | L334: IMPNRGZ | N334: elc_won_004 | O334: S05aH04 | P334: 0.026268555 | Q334: IMPNRGZ | S334: elc_wof_004 | T334: S05aH04 | U334: 0.026268555 | V334: IMPNRGZ
... I970: elc_spv_010 | J970: S12aH08 | K970: 0 | L970: IMPNRGZ | N970: elc_won_010 | O970: S12aH08 | P970: 0.015832931 | Q970: IMPNRGZ | S970: elc_wof_010 | T970: S12aH08 | U970: 0.015832931 | V970: IMPNRGZ

Sheet ts_096P10
C9: =IF(A11="x","DeActivated","~TimeSlices") -> DeActivated | I9: =IF(A11="x","DeActivated","~TFM_DINS-AT") -> DeActivated | N9: =IF(A11="x","DeActivated","~TFM_DINS-AT") -> DeActivated | S9: =IF(A11="x","DeActivated","~TFM_DINS-AT") -> DeActivated | X9: =IF(A11="x","DeActivated","~TFM_DINS-AT") -> DeActivated | AC9: =IF(A11="x","DeActivated","~TFM_DINS-AT") -> DeActivated | AG9: =IF(A11="x","DeActivated","~TFM_DINS-AT") -> DeActivated | AK9: =IF(A11="x","DeActivated","~TFM_INS-AT") -> DeActivated
A10: ts_096P10 | C10: season | D10: weekly | E10: daynite | F10: wparent | G10: dparent | I10: commodity | J10: timeslice | K10: com_fr | L10: process | N10: commodity | O10: timeslice | P10: com_fr | Q10: process | S10: commodity | T10: timeslice | U10: com_fr | V10: process | X10: g_yrfr | Y10: com_fr | Z10: timeslice | AA10: commodity | AC10: commodity | AD10: timeslice | AE10: com_fr | AG10: commodity | AH10: timeslice | AI10: com_pkflx | AK10: Year | AL10: timeslice | AM10: ncap_afs | AN10: pset_ci
A11: =IFERROR(IF(Veda!D5=A10,"ok","x"),"") -> x | C11: S01 | D11: a | E11: H01 | F11: S01,S02,S03,S04,S05,S06,S07,S08,S09,S10,S11,S12 | G11: a | I11: elc_spv_001 | J11: S01aH01 | K11: 0 | L11: IMPNRGZ | N11: elc_won_001 | O11: S01aH01 | P11: 0.032099221 | Q11: IMPNRGZ | S11: elc_wof_001 | T11: S01aH01 | U11: 0.032099221 | V11: IMPNRGZ | X11: 0.028310502 | Y11: 0.01569152 | Z11: S01aH01 | AA11: elc_roadtransport | AC11: elc_buildings | AD11: S01aH01 | AE11: 0.027873977 | AG11: ELC | AH11: S01aH01 | AI11: 0.20734985 | AK11: 2025 | AL11: S01 | AM11: 0.3294 | AN11: hydro
C12: S02 | E12: H02 | G12: a | I12: elc_spv_001 | J12: S01aH02 | K12: 0.0048057628 | L12: IMPNRGZ | N12: elc_won_001 | O12: S01aH02 | P12: 0.0028472679 | Q12: IMPNRGZ | S12: elc_wof_001 | T12: S01aH02 | U12: 0.0028472679 | V12: IMPNRGZ | X12: 0.0035388128 | Y12: 0.0045214595 | Z12: S01aH02 | AA12: elc_roadtransport | AC12: elc_buildings | AD12: S01aH02 | AE12: 0.0040850975 | AG12: ELC | AH12: S01aH02 | AI12: 0.082385672 | AK12: 2025 | AL12: S02 | AM12: 0.3818 | AN12: hydro
C13: S03 | E13: H03 | G13: a | I13: elc_spv_001 | J13: S01aH03 | K13: 0.0067880628 | L13: IMPNRGZ | N13: elc_won_001 | O13: S01aH03 | P13: 0.0031628012 | Q13: IMPNRGZ | S13: elc_wof_001 | T13: S01aH03 | U13: 0.0031628012 | V13: IMPNRGZ | X13: 0.0035388128 | Y13: 0.0044803554 | Z13: S01aH03 | AA13: elc_roadtransport | AC13: elc_buildings | AD13: S01aH03 | AE13: 0.0040493752 | AG13: ELC | AH13: S01aH03 | AI13: 0.10115369 | AK13: 2025 | AL13: S03 | AM13: 0.4076 | AN13: hydro
C14: S04 | E14: H04 | G14: a | I14: elc_spv_001 | J14: S01aH04 | K14: 0.04316504 | L14: IMPNRGZ | N14: elc_won_001 | O14: S01aH04 | P14: 0.029739556 | Q14: IMPNRGZ | S14: elc_wof_001 | T14: S01aH04 | U14: 0.029739556 | V14: IMPNRGZ | X14: 0.021232877 | Y14: 0.027765872 | Z14: S01aH04 | AA14: elc_roadtransport | AC14: elc_buildings | AD14: S01aH04 | AE14: 0.024399699 | AG14: ELC | AH14: S01aH04 | AI14: 0.19897049 | AK14: 2025 | AL14: S04 | AM14: 0.4633 | AN14: hydro
C15: S05 | E15: H05 | G15: a | I15: elc_spv_001 | J15: S01aH05 | K15: 0.0056647678 | L15: IMPNRGZ | N15: elc_won_001 | O15: S01aH05 | P15: 0.0054539621 | Q15: IMPNRGZ | S15: elc_wof_001 | T15: S01aH05 | U15: 0.0054539621 | V15: IMPNRGZ | X15: 0.0035388128 | Y15: 0.0068849497 | Z15: S01aH05 | AA15: elc_roadtransport | AC15: elc_buildings | AD15: S01aH05 | AE15: 0.0044887406 | AG15: ELC | AH15: S01aH05 | AI15: 0.11094329 | AK15: 2025 | AL15: S05 | AM15: 0.442 | AN15: hydro
C16: S06 | E16: H06 | G16: a | I16: elc_spv_001 | J16: S01aH06 | K16: 0.0036309259 | L16: IMPNRGZ | N16: elc_won_001 | O16: S01aH06 | P16: 0.0052729739 | Q16: IMPNRGZ | S16: elc_wof_001 | T16: S01aH06 | U16: 0.0052729739 | V16: IMPNRGZ | X16: 0.0035388128 | Y16: 0.0068849497 | Z16: S01aH06 | AA16: elc_roadtransport | AC16: elc_buildings | AD16: S01aH06 | AE16: 0.0047039007 | AG16: ELC | AH16: S01aH06 | AI16: 0.071877164 | AK16: 2025 | AL16: S06 | AM16: 0.4996 | AN16: hydro
C17: S07 | E17: H07 | G17: a | I17: elc_spv_001 | J17: S01aH07 | K17: 0 | L17: IMPNRGZ | N17: elc_won_001 | O17: S01aH07 | P17: 0.0052884858 | Q17: IMPNRGZ | S17: elc_wof_001 | T17: S01aH07 | U17: 0.0052884858 | V17: IMPNRGZ | X17: 0.0035388128 | Y17: 0.0053435431 | Z17: S01aH07 | AA17: elc_roadtransport | AC17: elc_buildings | AD17: S01aH07 | AE17: 0.0046135849 | AG17: ELC | AH17: S01aH07 | AI17: 0.066735162 | AK17: 2025 | AL17: S07 | AM17: 0.4325 | AN17: hydro
C18: S08 | E18: H08 | G18: a | I18: elc_spv_001 | J18: S01aH08 | K18: 0 | L18: IMPNRGZ | N18: elc_won_001 | O18: S01aH08 | P18: 0.025770582 | Q18: IMPNRGZ | S18: elc_wof_001 | T18: S01aH08 | U18: 0.025770582 | V18: IMPNRGZ | X18: 0.017694064 | Y18: 0.013358858 | Z18: S01aH08 | AA18: elc_roadtransport | AC18: elc_buildings | AD18: S01aH08 | AE18: 0.017978053 | AG18: ELC | AH18: S01aH08 | AI18: 0.28147536 | AK18: 2025 | AL18: S08 | AM18: 0.3909 | AN18: hydro
C19: S09 | I19: elc_spv_001 | J19: S02aH01 | K19: 0.0026153727 | L19: IMPNRGZ | N19: elc_won_001 | O19: S02aH01 | P19: 0.022643501 | Q19: IMPNRGZ | S19: elc_wof_001 | T19: S02aH01 | U19: 0.022643501 | V19: IMPNRGZ | X19: 0.025570776 | Y19: 0.014172986 | Z19: S02aH01 | AA19: elc_roadtransport | AC19: elc_buildings | AD19: S02aH01 | AE19: 0.02365899 | AG19: ELC | AH19: S02aH01 | AI19: 0.1879402 | AK19: 2025 | AL19: S09 | AM19: 0.3532 | AN19: hydro
C20: S10 | I20: elc_spv_001 | J20: S02aH02 | K20: 0.0052745215 | L20: IMPNRGZ | N20: elc_won_001 | O20: S02aH02 | P20: 0.0018806853 | Q20: IMPNRGZ | S20: elc_wof_001 | T20: S02aH02 | U20: 0.0018806853 | V20: IMPNRGZ | X20: 0.003196347 | Y20: 0.0040838989 | Z20: S02aH02 | AA20: elc_roadtransport | AC20: elc_buildings | AD20: S02aH02 | AE20: 0.0034261768 | AG20: ELC | AH20: S02aH02 | AI20: 0.06539698 | AK20: 2025 | AL20: S10 | AM20: 0.3953 | AN20: hydro
C21: S11 | I21: elc_spv_001 | J21: S02aH03 | K21: 0.0070290499 | L21: IMPNRGZ | N21: elc_won_001 | O21: S02aH03 | P21: 0.0016672362 | Q21: IMPNRGZ | S21: elc_wof_001 | T21: S02aH03 | U21: 0.0016672362 | V21: IMPNRGZ | X21: 0.003196347 | Y21: 0.0040467726 | Z21: S02aH03 | AA21: elc_roadtransport | AC21: elc_buildings | AD21: S02aH03 | AE21: 0.0033611604 | AG21: ELC | AH21: S02aH03 | AI21: 0.084148809 | AK21: 2025 | AL21: S11 | AM21: 0.3441 | AN21: hydro
C22: S12 | I22: elc_spv_001 | J22: S02aH04 | K22: 0.045075151 | L22: IMPNRGZ | N22: elc_won_001 | O22: S02aH04 | P22: 0.017142559 | Q22: IMPNRGZ | S22: elc_wof_001 | T22: S02aH04 | U22: 0.017142559 | V22: IMPNRGZ | X22: 0.019178082 | Y22: 0.025078852 | Z22: S02aH04 | AA22: elc_roadtransport | AC22: elc_buildings | AD22: S02aH04 | AE22: 0.020020951 | AG22: ELC | AH22: S02aH04 | AI22: 0.18369211 | AK22: 2025 | AL22: S12 | AM22: 0.337 | AN22: hydro
I23: elc_spv_001 | J23: S02aH05 | K23: 0.0060801839 | L23: IMPNRGZ | N23: elc_won_001 | O23: S02aH05 | P23: 0.0036678061 | Q23: IMPNRGZ | S23: elc_wof_001 | T23: S02aH05 | U23: 0.0036678061 | V23: IMPNRGZ | X23: 0.003196347 | Y23: 0.0062186643 | Z23: S02aH05 | AA23: elc_roadtransport | AC23: elc_buildings | AD23: S02aH05 | AE23: 0.0036587847 | AG23: ELC | AH23: S02aH05 | AI23: 0.10907719 | AK23: 2026 | AL23: S01 | AM23: 0.3828 | AN23: hydro
I24: elc_spv_001 | J24: S02aH06 | K24: 0.0039441835 | L24: IMPNRGZ | N24: elc_won_001 | O24: S02aH06 | P24: 0.0036360936 | Q24: IMPNRGZ | S24: elc_wof_001 | T24: S02aH06 | U24: 0.0036360936 | V24: IMPNRGZ | X24: 0.003196347 | Y24: 0.0062186643 | Z24: S02aH06 | AA24: elc_roadtransport | AC24: elc_buildings | AD24: S02aH06 | AE24: 0.003899336 | AG24: ELC | AH24: S02aH06 | AI24: 0.066401466 | AK24: 2026 | AL24: S02 | AM24: 0.3247 | AN24: hydro
I25: elc_spv_001 | J25: S02aH07 | K25: 0 | L25: IMPNRGZ | N25: elc_won_001 | O25: S02aH07 | P25: 0.0038448419 | Q25: IMPNRGZ | S25: elc_wof_001 | T25: S02aH07 | U25: 0.0038448419 | V25: IMPNRGZ | X25: 0.003196347 | Y25: 0.004826426 | Z25: S02aH07 | AA25: elc_roadtransport | AC25: elc_buildings | AD25: S02aH07 | AE25: 0.0038212797 | AG25: ELC | AH25: S02aH07 | AI25: 0.05900072 | AK25: 2026 | AL25: S03 | AM25: 0.4351 | AN25: hydro
I26: elc_spv_001 | J26: S02aH08 | K26: 0 | L26: IMPNRGZ | N26: elc_won_001 | O26: S02aH08 | P26: 0.019171762 | Q26: IMPNRGZ | S26: elc_wof_001 | T26: S02aH08 | U26: 0.019171762 | V26: IMPNRGZ | X26: 0.015981735 | Y26: 0.012066065 | Z26: S02aH08 | AA26: elc_roadtransport | AC26: elc_buildings | AD26: S02aH08 | AE26: 0.015026025 | AG26: ELC | AH26: S02aH08 | AI26: 0.23720317 | AK26: 2026 | AL26: S04 | AM26: 0.483 | AN26: hydro
I27: elc_spv_001 | J27: S03aH01 | K27: 0.0045229878 | L27: IMPNRGZ | N27: elc_won_001 | O27: S03aH01 | P27: 0.023670742 | Q27: IMPNRGZ | S27: elc_wof_001 | T27: S03aH01 | U27: 0.023670742 | V27: IMPNRGZ | X27: 0.028310502 | Y27: 0.01569152 | Z27: S03aH01 | AA27: elc_roadtransport | AC27: elc_buildings | AD27: S03aH01 | AE27: 0.0218044 | AG27: ELC | AH27: S03aH01 | AI27: 0.27400911 | AK27: 2026 | AL27: S05 | AM27: 0.5119 | AN27: hydro
I28: elc_spv_001 | J28: S03aH02 | K28: 0.0073120321 | L28: IMPNRGZ | N28: elc_won_001 | O28: S03aH02 | P28: 0.0017576697 | Q28: IMPNRGZ | S28: elc_wof_001 | T28: S03aH02 | U28: 0.0017576697 | V28: IMPNRGZ | X28: 0.0035388128 | Y28: 0.0045214595 | Z28: S03aH02 | AA28: elc_roadtransport | AC28: elc_buildings | AD28: S03aH02 | AE28: 0.0033930294 | AG28: ELC | AH28: S03aH02 | AI28: 0.10085315 | AK28: 2026 | AL28: S06 | AM28: 0.485 | AN28: hydro
I29: elc_spv_001 | J29: S03aH03 | K29: 0.0087445329 | L29: IMPNRGZ | N29: elc_won_001 | O29: S03aH03 | P29: 0.0021562185 | Q29: IMPNRGZ | S29: elc_wof_001 | T29: S03aH03 | U29: 0.0021562185 | V29: IMPNRGZ | X29: 0.0035388128 | Y29: 0.0044803554 | Z29: S03aH03 | AA29: elc_roadtransport | AC29: elc_buildings | AD29: S03aH03 | AE29: 0.0033971618 | AG29: ELC | AH29: S03aH03 | AI29: 0.10357086 | AK29: 2026 | AL29: S07 | AM29: 0.45 | AN29: hydro
I30: elc_spv_001 | J30: S03aH04 | K30: 0.054587913 | L30: IMPNRGZ | N30: elc_won_001 | O30: S03aH04 | P30: 0.032148811 | Q30: IMPNRGZ | S30: elc_wof_001 | T30: S03aH04 | U30: 0.032148811 | V30: IMPNRGZ | X30: 0.021232877 | Y30: 0.027765872 | Z30: S03aH04 | AA30: elc_roadtransport | AC30: elc_buildings | AD30: S03aH04 | AE30: 0.020741066 | AG30: ELC | AH30: S03aH04 | AI30: 0.23361454 | AK30: 2026 | AL30: S08 | AM30: 0.4245 | AN30: hydro
I31: elc_spv_001 | J31: S03aH05 | K31: 0.0077606836 | L31: IMPNRGZ | N31: elc_won_001 | O31: S03aH05 | P31: 0.0067232966 | Q31: IMPNRGZ | S31: elc_wof_001 | T31: S03aH05 | U31: 0.0067232966 | V31: IMPNRGZ | X31: 0.0035388128 | Y31: 0.0068849497 | Z31: S03aH05 | AA31: elc_roadtransport | AC31: elc_buildings | AD31: S03aH05 | AE31: 0.0036715988 | AG31: ELC | AH31: S03aH05 | AI31: 0.17967876 | AK31: 2026 | AL31: S09 | AM31: 0.3579 | AN31: hydro
I32: elc_spv_001 | J32: S03aH06 | K32: 0.0055528357 | L32: IMPNRGZ | N32: elc_won_001 | O32: S03aH06 | P32: 0.0062955239 | Q32: IMPNRGZ | S32: elc_wof_001 | T32: S03aH06 | U32: 0.0062955239 | V32: IMPNRGZ | X32: 0.0035388128 | Y32: 0.0068849497 | Z32: S03aH06 | AA32: elc_roadtransport | AC32: elc_buildings | AD32: S03aH06 | AE32: 0.0037368447 | AG32: ELC | AH32: S03aH06 | AI32: 0.13998071 | AK32: 2026 | AL32: S10 | AM32: 0.389 | AN32: hydro
I33: elc_spv_001 | J33: S03aH07 | K33: 0.0021323848 | L33: IMPNRGZ | N33: elc_won_001 | O33: S03aH07 | P33: 0.0056595081 | Q33: IMPNRGZ | S33: elc_wof_001 | T33: S03aH07 | U33: 0.0056595081 | V33: IMPNRGZ | X33: 0.0035388128 | Y33: 0.0053435431 | Z33: S03aH07 | AA33: elc_roadtransport | AC33: elc_buildings | AD33: S03aH07 | AE33: 0.0037033723 | AG33: ELC | AH33: S03aH07 | AI33: 0.084636718 | AK33: 2026 | AL33: S11 | AM33: 0.375 | AN33: hydro
I34: elc_spv_001 | J34: S03aH08 | K34: 0 | L34: IMPNRGZ | N34: elc_won_001 | O34: S03aH08 | P34: 0.024352477 | Q34: IMPNRGZ | S34: elc_wof_001 | T34: S03aH08 | U34: 0.024352477 | V34: IMPNRGZ | X34: 0.017694064 | Y34: 0.013358858 | Z34: S03aH08 | AA34: elc_roadtransport | AC34: elc_buildings | AD34: S03aH08 | AE34: 0.014530799 | AG34: ELC | AH34: S03aH08 | AI34: 0.25409003 | AK34: 2026 | AL34: S12 | AM34: 0.3924 | AN34: hydro
... I106: elc_spv_001 | J106: S12aH08 | K106: 0 | L106: IMPNRGZ | N106: elc_won_001 | O106: S12aH08 | P106: 0.016883334 | Q106: IMPNRGZ | S106: elc_wof_001 | T106: S12aH08 | U106: 0.016883334 | V106: IMPNRGZ | X106: 0.017694064 | Y106: 0.013358858 | Z106: S12aH08 | AA106: elc_roadtransport | AC106: elc_buildings | AD106: S12aH08 | AE106: 0.018796298 | AG106: ELC | AH106: S12aH08 | AI106: 0.22183649 | AK106: 2032 | AL106: S12 | AM106: 0.3397 | AN106: hydro
I107: elc_spv_002 | J107: S01aH01 | K107: 0.00012200254 | L107: IMPNRGZ | N107: elc_won_002 | O107: S01aH01 | P107: 0.034227776 | Q107: IMPNRGZ | S107: elc_wof_002 | T107: S01aH01 | U107: 0.034227776 | V107: IMPNRGZ | AC107: elc_industry | AD107: S01aH01 | AE107: 0.028114937 | AK107: 2033 | AL107: S01 | AM107: 0.3834 | AN107: hydro
I108: elc_spv_002 | J108: S01aH02 | K108: 0.0050036759 | L108: IMPNRGZ | N108: elc_won_002 | O108: S01aH02 | P108: 0.003406591 | Q108: IMPNRGZ | S108: elc_wof_002 | T108: S01aH02 | U108: 0.003406591 | V108: IMPNRGZ | AC108: elc_industry | AD108: S01aH02 | AE108: 0.003559203 | AK108: 2033 | AL108: S02 | AM108: 0.3912 | AN108: hydro
I109: elc_spv_002 | J109: S01aH03 | K109: 0.0068601455 | L109: IMPNRGZ | N109: elc_won_002 | O109: S01aH03 | P109: 0.0037837175 | Q109: IMPNRGZ | S109: elc_wof_002 | T109: S01aH03 | U109: 0.0037837175 | V109: IMPNRGZ | AC109: elc_industry | AD109: S01aH03 | AE109: 0.0035565374 | AK109: 2033 | AL109: S03 | AM109: 0.4169 | AN109: hydro
I110: elc_spv_002 | J110: S01aH04 | K110: 0.042946787 | L110: IMPNRGZ | N110: elc_won_002 | O110: S01aH04 | P110: 0.036651295 | Q110: IMPNRGZ | S110: elc_wof_002 | T110: S01aH04 | U110: 0.036651295 | V110: IMPNRGZ | AC110: elc_industry | AD110: S01aH04 | AE110: 0.021346943 | AK110: 2033 | AL110: S04 | AM110: 0.4297 | AN110: hydro
I111: elc_spv_002 | J111: S01aH05 | K111: 0.0054019917 | L111: IMPNRGZ | N111: elc_won_002 | O111: S01aH05 | P111: 0.0068636847 | Q111: IMPNRGZ | S111: elc_wof_002 | T111: S01aH05 | U111: 0.0068636847 | V111: IMPNRGZ | AC111: elc_industry | AD111: S01aH05 | AE111: 0.0035893231 | AK111: 2033 | AL111: S05 | AM111: 0.4864 | AN111: hydro
I112: elc_spv_002 | J112: S01aH06 | K112: 0.0034465588 | L112: IMPNRGZ | N112: elc_won_002 | O112: S01aH06 | P112: 0.0062994449 | Q112: IMPNRGZ | S112: elc_wof_002 | T112: S01aH06 | U112: 0.0062994449 | V112: IMPNRGZ | AC112: elc_industry | AD112: S01aH06 | AE112: 0.0036053785 | AK112: 2033 | AL112: S06 | AM112: 0.4416 | AN112: hydro
I113: elc_spv_002 | J113: S01aH07 | K113: 0 | L113: IMPNRGZ | N113: elc_won_002 | O113: S01aH07 | P113: 0.0058246004 | Q113: IMPNRGZ | S113: elc_wof_002 | T113: S01aH07 | U113: 0.0058246004 | V113: IMPNRGZ | AC113: elc_industry | AD113: S01aH07 | AE113: 0.003598639 | AK113: 2033 | AL113: S07 | AM113: 0.4661 | AN113: hydro
I114: elc_spv_002 | J114: S01aH08 | K114: 0 | L114: IMPNRGZ | N114: elc_won_002 | O114: S01aH08 | P114: 0.026186862 | Q114: IMPNRGZ | S114: elc_wof_002 | T114: S01aH08 | U114: 0.026186862 | V114: IMPNRGZ | AC114: elc_industry | AD114: S01aH08 | AE114: 0.017613386 | AK114: 2033 | AL114: S08 | AM114: 0.4062 | AN114: hydro
I115: elc_spv_002 | J115: S02aH01 | K115: 0.0031393302 | L115: IMPNRGZ | N115: elc_won_002 | O115: S02aH01 | P115: 0.018716077 | Q115: IMPNRGZ | S115: elc_wof_002 | T115: S02aH01 | U115: 0.018716077 | V115: IMPNRGZ | AC115: elc_industry | AD115: S02aH01 | AE115: 0.025424517 | AK115: 2033 | AL115: S09 | AM115: 0.3741 | AN115: hydro
I116: elc_spv_002 | J116: S02aH02 | K116: 0.005637876 | L116: IMPNRGZ | N116: elc_won_002 | O116: S02aH02 | P116: 0.0018112136 | Q116: IMPNRGZ | S116: elc_wof_002 | T116: S02aH02 | U116: 0.0018112136 | V116: IMPNRGZ | AC116: elc_industry | AD116: S02aH02 | AE116: 0.0032130471 | AK116: 2033 | AL116: S10 | AM116: 0.352 | AN116: hydro
I117: elc_spv_002 | J117: S02aH03 | K117: 0.0072937612 | L117: IMPNRGZ | N117: elc_won_002 | O117: S02aH03 | P117: 0.0015418492 | Q117: IMPNRGZ | S117: elc_wof_002 | T117: S02aH03 | U117: 0.0015418492 | V117: IMPNRGZ | AC117: elc_industry | AD117: S02aH03 | AE117: 0.0032081955 | AK117: 2033 | AL117: S11 | AM117: 0.3906 | AN117: hydro
I118: elc_spv_002 | J118: S02aH04 | K118: 0.045802804 | L118: IMPNRGZ | N118: elc_won_002 | O118: S02aH04 | P118: 0.017443153 | Q118: IMPNRGZ | S118: elc_wof_002 | T118: S02aH04 | U118: 0.017443153 | V118: IMPNRGZ | AC118: elc_industry | AD118: S02aH04 | AE118: 0.019238278 | AK118: 2033 | AL118: S12 | AM118: 0.3391 | AN118: hydro
... I202: elc_spv_002 | J202: S12aH08 | K202: 0 | L202: IMPNRGZ | N202: elc_won_002 | O202: S12aH08 | P202: 0.016816264 | Q202: IMPNRGZ | S202: elc_wof_002 | T202: S12aH08 | U202: 0.016816264 | V202: IMPNRGZ | AC202: elc_industry | AD202: S12aH08 | AE202: 0.017663242 | AK202: 2040 | AL202: S12 | AM202: 0.3336 | AN202: hydro
I203: elc_spv_003 | J203: S01aH01 | K203: 0 | L203: IMPNRGZ | N203: elc_won_003 | O203: S01aH01 | P203: 0.039535443 | Q203: IMPNRGZ | S203: elc_wof_003 | T203: S01aH01 | U203: 0.039535443 | V203: IMPNRGZ | AK203: 2041 | AL203: S01 | AM203: 0.3018 | AN203: hydro
I204: elc_spv_003 | J204: S01aH02 | K204: 0.0043121955 | L204: IMPNRGZ | N204: elc_won_003 | O204: S01aH02 | P204: 0.0052774418 | Q204: IMPNRGZ | S204: elc_wof_003 | T204: S01aH02 | U204: 0.0052774418 | V204: IMPNRGZ | AK204: 2041 | AL204: S02 | AM204: 0.3068 | AN204: hydro
I205: elc_spv_003 | J205: S01aH03 | K205: 0.006331379 | L205: IMPNRGZ | N205: elc_won_003 | O205: S01aH03 | P205: 0.0052441566 | Q205: IMPNRGZ | S205: elc_wof_003 | T205: S01aH03 | U205: 0.0052441566 | V205: IMPNRGZ | AK205: 2041 | AL205: S03 | AM205: 0.3419 | AN205: hydro
I206: elc_spv_003 | J206: S01aH04 | K206: 0.043340172 | L206: IMPNRGZ | N206: elc_won_003 | O206: S01aH04 | P206: 0.035508987 | Q206: IMPNRGZ | S206: elc_wof_003 | T206: S01aH04 | U206: 0.035508987 | V206: IMPNRGZ | AK206: 2041 | AL206: S04 | AM206: 0.3986 | AN206: hydro
I207: elc_spv_003 | J207: S01aH05 | K207: 0.0058824524 | L207: IMPNRGZ | N207: elc_won_003 | O207: S01aH05 | P207: 0.0054623976 | Q207: IMPNRGZ | S207: elc_wof_003 | T207: S01aH05 | U207: 0.0054623976 | V207: IMPNRGZ | AK207: 2041 | AL207: S05 | AM207: 0.3732 | AN207: hydro
I208: elc_spv_003 | J208: S01aH06 | K208: 0.00362004 | L208: IMPNRGZ | N208: elc_won_003 | O208: S01aH06 | P208: 0.0051951287 | Q208: IMPNRGZ | S208: elc_wof_003 | T208: S01aH06 | U208: 0.0051951287 | V208: IMPNRGZ | AK208: 2041 | AL208: S06 | AM208: 0.374 | AN208: hydro
I209: elc_spv_003 | J209: S01aH07 | K209: 0 | L209: IMPNRGZ | N209: elc_won_003 | O209: S01aH07 | P209: 0.00508975 | Q209: IMPNRGZ | S209: elc_wof_003 | T209: S01aH07 | U209: 0.00508975 | V209: IMPNRGZ | AK209: 2041 | AL209: S07 | AM209: 0.3526 | AN209: hydro
I210: elc_spv_003 | J210: S01aH08 | K210: 0 | L210: IMPNRGZ | N210: elc_won_003 | O210: S01aH08 | P210: 0.025153814 | Q210: IMPNRGZ | S210: elc_wof_003 | T210: S01aH08 | U210: 0.025153814 | V210: IMPNRGZ | AK210: 2041 | AL210: S08 | AM210: 0.3518 | AN210: hydro
I211: elc_spv_003 | J211: S02aH01 | K211: 0.0018852858 | L211: IMPNRGZ | N211: elc_won_003 | O211: S02aH01 | P211: 0.032269256 | Q211: IMPNRGZ | S211: elc_wof_003 | T211: S02aH01 | U211: 0.032269256 | V211: IMPNRGZ | AK211: 2041 | AL211: S09 | AM211: 0.3033 | AN211: hydro
I212: elc_spv_003 | J212: S02aH02 | K212: 0.0047367645 | L212: IMPNRGZ | N212: elc_won_003 | O212: S02aH02 | P212: 0.0034500947 | Q212: IMPNRGZ | S212: elc_wof_003 | T212: S02aH02 | U212: 0.0034500947 | V212: IMPNRGZ | AK212: 2041 | AL212: S10 | AM212: 0.2785 | AN212: hydro
I213: elc_spv_003 | J213: S02aH03 | K213: 0.0065093926 | L213: IMPNRGZ | N213: elc_won_003 | O213: S02aH03 | P213: 0.0029489716 | Q213: IMPNRGZ | S213: elc_wof_003 | T213: S02aH03 | U213: 0.0029489716 | V213: IMPNRGZ | AK213: 2041 | AL213: S11 | AM213: 0.2996 | AN213: hydro
I214: elc_spv_003 | J214: S02aH04 | K214: 0.043596487 | L214: IMPNRGZ | N214: elc_won_003 | O214: S02aH04 | P214: 0.02264347 | Q214: IMPNRGZ | S214: elc_wof_003 | T214: S02aH04 | U214: 0.02264347 | V214: IMPNRGZ | AK214: 2041 | AL214: S12 | AM214: 0.2931 | AN214: hydro
... I322: elc_spv_004 | J322: S03aH08 | K322: 0 | L322: IMPNRGZ | N322: elc_won_004 | O322: S03aH08 | P322: 0.02159539 | Q322: IMPNRGZ | S322: elc_wof_004 | T322: S03aH08 | U322: 0.02159539 | V322: IMPNRGZ | AK322: 2050 | AL322: S12 | AM322: 0.3277 | AN322: hydro
I323: elc_spv_004 | J323: S04aH01 | K323: 0.0083785428 | L323: IMPNRGZ | N323: elc_won_004 | O323: S04aH01 | P323: 0.021637781 | Q323: IMPNRGZ | S323: elc_wof_004 | T323: S04aH01 | U323: 0.021637781 | V323: IMPNRGZ
I324: elc_spv_004 | J324: S04aH02 | K324: 0.0077275009 | L324: IMPNRGZ | N324: elc_won_004 | O324: S04aH02 | P324: 0.0026062889 | Q324: IMPNRGZ | S324: elc_wof_004 | T324: S04aH02 | U324: 0.0026062889 | V324: IMPNRGZ
I325: elc_spv_004 | J325: S04aH03 | K325: 0.0088141236 | L325: IMPNRGZ | N325: elc_won_004 | O325: S04aH03 | P325: 0.0032578786 | Q325: IMPNRGZ | S325: elc_wof_004 | T325: S04aH03 | U325: 0.0032578786 | V325: IMPNRGZ
I326: elc_spv_004 | J326: S04aH04 | K326: 0.054569568 | L326: IMPNRGZ | N326: elc_won_004 | O326: S04aH04 | P326: 0.030472343 | Q326: IMPNRGZ | S326: elc_wof_004 | T326: S04aH04 | U326: 0.030472343 | V326: IMPNRGZ
I327: elc_spv_004 | J327: S04aH05 | K327: 0.0076468843 | L327: IMPNRGZ | N327: elc_won_004 | O327: S04aH05 | P327: 0.0061109708 | Q327: IMPNRGZ | S327: elc_wof_004 | T327: S04aH05 | U327: 0.0061109708 | V327: IMPNRGZ
I328: elc_spv_004 | J328: S04aH06 | K328: 0.0059829143 | L328: IMPNRGZ | N328: elc_won_004 | O328: S04aH06 | P328: 0.0058947371 | Q328: IMPNRGZ | S328: elc_wof_004 | T328: S04aH06 | U328: 0.0058947371 | V328: IMPNRGZ
I329: elc_spv_004 | J329: S04aH07 | K329: 0.0032271139 | L329: IMPNRGZ | N329: elc_won_004 | O329: S04aH07 | P329: 0.0052317787 | Q329: IMPNRGZ | S329: elc_wof_004 | T329: S04aH07 | U329: 0.0052317787 | V329: IMPNRGZ
I330: elc_spv_004 | J330: S04aH08 | K330: 0 | L330: IMPNRGZ | N330: elc_won_004 | O330: S04aH08 | P330: 0.016232951 | Q330: IMPNRGZ | S330: elc_wof_004 | T330: S04aH08 | U330: 0.016232951 | V330: IMPNRGZ
I331: elc_spv_004 | J331: S05aH01 | K331: 0.0096171676 | L331: IMPNRGZ | N331: elc_won_004 | O331: S05aH01 | P331: 0.0079596941 | Q331: IMPNRGZ | S331: elc_wof_004 | T331: S05aH01 | U331: 0.0079596941 | V331: IMPNRGZ
I332: elc_spv_004 | J332: S05aH02 | K332: 0.0077704716 | L332: IMPNRGZ | N332: elc_won_004 | O332: S05aH02 | P332: 0.00097423635 | Q332: IMPNRGZ | S332: elc_wof_004 | T332: S05aH02 | U332: 0.00097423635 | V332: IMPNRGZ
I333: elc_spv_004 | J333: S05aH03 | K333: 0.0088020571 | L333: IMPNRGZ | N333: elc_won_004 | O333: S05aH03 | P333: 0.0014525436 | Q333: IMPNRGZ | S333: elc_wof_004 | T333: S05aH03 | U333: 0.0014525436 | V333: IMPNRGZ
I334: elc_spv_004 | J334: S05aH04 | K334: 0.054693939 | L334: IMPNRGZ | N334: elc_won_004 | O334: S05aH04 | P334: 0.026268555 | Q334: IMPNRGZ | S334: elc_wof_004 | T334: S05aH04 | U334: 0.026268555 | V334: IMPNRGZ
... I970: elc_spv_010 | J970: S12aH08 | K970: 0 | L970: IMPNRGZ | N970: elc_won_010 | O970: S12aH08 | P970: 0.015832931 | Q970: IMPNRGZ | S970: elc_wof_010 | T970: S12aH08 | U970: 0.015832931 | V970: IMPNRGZ

Sheet ts_096P90
C9: =IF(A11="x","DeActivated","~TimeSlices") -> DeActivated | I9: =IF(A11="x","DeActivated","~TFM_DINS-AT") -> DeActivated | N9: =IF(A11="x","DeActivated","~TFM_DINS-AT") -> DeActivated | S9: =IF(A11="x","DeActivated","~TFM_DINS-AT") -> DeActivated | X9: =IF(A11="x","DeActivated","~TFM_DINS-AT") -> DeActivated | AC9: =IF(A11="x","DeActivated","~TFM_DINS-AT") -> DeActivated | AG9: =IF(A11="x","DeActivated","~TFM_DINS-AT") -> DeActivated | AK9: =IF(A11="x","DeActivated","~TFM_INS-AT") -> DeActivated
A10: ts_096P90 | C10: season | D10: weekly | E10: daynite | F10: wparent | G10: dparent | I10: commodity | J10: timeslice | K10: com_fr | L10: process | N10: commodity | O10: timeslice | P10: com_fr | Q10: process | S10: commodity | T10: timeslice | U10: com_fr | V10: process | X10: g_yrfr | Y10: com_fr | Z10: timeslice | AA10: commodity | AC10: commodity | AD10: timeslice | AE10: com_fr | AG10: commodity | AH10: timeslice | AI10: com_pkflx | AK10: Year | AL10: timeslice | AM10: ncap_afs | AN10: pset_ci
A11: =IFERROR(IF(Veda!D5=A10,"ok","x"),"") -> x | C11: S01 | D11: a | E11: H01 | F11: S01,S02,S03,S04,S05,S06,S07,S08,S09,S10,S11,S12 | G11: a | I11: elc_spv_001 | J11: S01aH01 | K11: 0 | L11: IMPNRGZ | N11: elc_won_001 | O11: S01aH01 | P11: 0.032099221 | Q11: IMPNRGZ | S11: elc_wof_001 | T11: S01aH01 | U11: 0.032099221 | V11: IMPNRGZ | X11: 0.028310502 | Y11: 0.01569152 | Z11: S01aH01 | AA11: elc_roadtransport | AC11: elc_buildings | AD11: S01aH01 | AE11: 0.027873977 | AG11: ELC | AH11: S01aH01 | AI11: 0.20734985 | AK11: 2025 | AL11: S01 | AM11: 0.3982 | AN11: hydro
C12: S02 | E12: H02 | G12: a | I12: elc_spv_001 | J12: S01aH02 | K12: 0.0048057628 | L12: IMPNRGZ | N12: elc_won_001 | O12: S01aH02 | P12: 0.0028472679 | Q12: IMPNRGZ | S12: elc_wof_001 | T12: S01aH02 | U12: 0.0028472679 | V12: IMPNRGZ | X12: 0.0035388128 | Y12: 0.0045214595 | Z12: S01aH02 | AA12: elc_roadtransport | AC12: elc_buildings | AD12: S01aH02 | AE12: 0.0040850975 | AG12: ELC | AH12: S01aH02 | AI12: 0.082385672 | AK12: 2025 | AL12: S02 | AM12: 0.4156 | AN12: hydro
C13: S03 | E13: H03 | G13: a | I13: elc_spv_001 | J13: S01aH03 | K13: 0.0067880628 | L13: IMPNRGZ | N13: elc_won_001 | O13: S01aH03 | P13: 0.0031628012 | Q13: IMPNRGZ | S13: elc_wof_001 | T13: S01aH03 | U13: 0.0031628012 | V13: IMPNRGZ | X13: 0.0035388128 | Y13: 0.0044803554 | Z13: S01aH03 | AA13: elc_roadtransport | AC13: elc_buildings | AD13: S01aH03 | AE13: 0.0040493752 | AG13: ELC | AH13: S01aH03 | AI13: 0.10115369 | AK13: 2025 | AL13: S03 | AM13: 0.4565 | AN13: hydro
C14: S04 | E14: H04 | G14: a | I14: elc_spv_001 | J14: S01aH04 | K14: 0.04316504 | L14: IMPNRGZ | N14: elc_won_001 | O14: S01aH04 | P14: 0.029739556 | Q14: IMPNRGZ | S14: elc_wof_001 | T14: S01aH04 | U14: 0.029739556 | V14: IMPNRGZ | X14: 0.021232877 | Y14: 0.027765872 | Z14: S01aH04 | AA14: elc_roadtransport | AC14: elc_buildings | AD14: S01aH04 | AE14: 0.024399699 | AG14: ELC | AH14: S01aH04 | AI14: 0.19897049 | AK14: 2025 | AL14: S04 | AM14: 0.5467 | AN14: hydro
C15: S05 | E15: H05 | G15: a | I15: elc_spv_001 | J15: S01aH05 | K15: 0.0056647678 | L15: IMPNRGZ | N15: elc_won_001 | O15: S01aH05 | P15: 0.0054539621 | Q15: IMPNRGZ | S15: elc_wof_001 | T15: S01aH05 | U15: 0.0054539621 | V15: IMPNRGZ | X15: 0.0035388128 | Y15: 0.0068849497 | Z15: S01aH05 | AA15: elc_roadtransport | AC15: elc_buildings | AD15: S01aH05 | AE15: 0.0044887406 | AG15: ELC | AH15: S01aH05 | AI15: 0.11094329 | AK15: 2025 | AL15: S05 | AM15: 0.5336 | AN15: hydro
C16: S06 | E16: H06 | G16: a | I16: elc_spv_001 | J16: S01aH06 | K16: 0.0036309259 | L16: IMPNRGZ | N16: elc_won_001 | O16: S01aH06 | P16: 0.0052729739 | Q16: IMPNRGZ | S16: elc_wof_001 | T16: S01aH06 | U16: 0.0052729739 | V16: IMPNRGZ | X16: 0.0035388128 | Y16: 0.0068849497 | Z16: S01aH06 | AA16: elc_roadtransport | AC16: elc_buildings | AD16: S01aH06 | AE16: 0.0047039007 | AG16: ELC | AH16: S01aH06 | AI16: 0.071877164 | AK16: 2025 | AL16: S06 | AM16: 0.5257 | AN16: hydro
