Workbook

Sheet Veda
G1: 1,2,3,4,5,6,7,8,9,10,11,12,13,14,15,21,22,23,24,25
D2: ="~Inputcell: "&_xlfn.TEXTJOIN(",",TRUE,G1:EE1) -> ~Inputcell: 1,2,3,4,5,6,7,8,9,10,11,12,13,14,15,21,22,23,24,25 | G2: 5 | H2: 6 | I2: 7 | J2: 9 | K2: 10 | L2: 11 | M2: 16 | N2: 17 | O2: 18 | P2: 20 | Q2: 21 | R2: 22 | S2: 27 | T2: 28 | U2: 29 | V2: 31 | W2: 32 | X2: 33 | Y2: 38 | Z2: 39 | AA2: 40 | AB2: 42 | AC2: 43 | AD2: 44 | AE2: 49 | AF2: 50 | AG2: 51 | AH2: 53 | AI2: 54 | AJ2: 55
D3: 3
D5: =VLOOKUP(D3,$C$9:$E$999,2,FALSE) -> ts_annual | E5: =VLOOKUP(D3,$C$9:$E$999,3,FALSE) -> C3
B7: ~Scenmap
A8: priority | B8: scen | C8: case_no | D8: timeslice | E8: climate | AM8: bio price multiplier
A9: 5 | B9: =VLOOKUP(E9,$AK$9:$AL$15,2,FALSE)&"."&VLOOKUP(D9,$AH$9:$AI$24,2,FALSE) -> e 1.5 deg no OS.kAnn | C9: 1 | D9: =VLOOKUP(AJ9,$AG$9:$AH$22,2,FALSE) -> ts_annual | E9: C1 | G9: Limit warming to 1.5°C (>50%) with no or limited overshoot | AG9: 1 | AH9: ts_annual | AI9: kAnn | AJ9: 1 | AK9: C1 | AL9: e 1.5 deg no OS | AM9: 5
A10: 5 | B10: =VLOOKUP(E10,$AK$9:$AL$15,2,FALSE)&"."&VLOOKUP(D10,$AH$9:$AI$24,2,FALSE) -> d 1.5 deg OS.kAnn | C10: =C9+1 -> 2 | D10: =VLOOKUP(AJ10,$AG$9:$AH$22,2,FALSE) -> ts_annual | E10: C2 | G10: Limit warming to 1.5°C (>67%) with high overshoot | S10: IEA | AG10: 2 | AH10: ts_12t | AI10: k12 | AJ10: 1 | AK10: C2 | AL10: d 1.5 deg OS | AM10: 4
A11: 5 | B11: =VLOOKUP(E11,$AK$9:$AL$15,2,FALSE)&"."&VLOOKUP(D11,$AH$9:$AI$24,2,FALSE) -> c 2 deg (67%).kAnn | C11: =C10+1 -> 3 | D11: =VLOOKUP(AJ11,$AG$9:$AH$22,2,FALSE) -> ts_annual | E11: C3 | G11: Limit warming to 2°C (>67%) with higher action post-2030 | S11: 2022 | AG11: 3 | AH11: ts_012 | AI11: j12 | AJ11: 1 | AK11: C3 | AL11: c 2 deg (67%) | AM11: 3
A12: 5 | B12: =VLOOKUP(E12,$AK$9:$AL$15,2,FALSE)&"."&VLOOKUP(D12,$AH$9:$AI$24,2,FALSE) -> b 2 deg (50%).kAnn | C12: =C11+1 -> 4 | D12: =VLOOKUP(AJ12,$AG$9:$AH$22,2,FALSE) -> ts_annual | E12: C4 | G12: Limit warming to 2°C (>50%) with immediate action | S12: =SUMIFS(iea_data!I3:I9999,iea_data!$B$3:$B$9999,Veda!$S$11)+T28-T29 -> 81.78 | T12: base-year generation (TWh) | AG12: 4 | AH12: ts_024 | AI12: i24 | AJ12: 1 | AK12: C4 | AL12: b 2 deg (50%) | AM12: 3
A13: 5 | B13: =VLOOKUP(E13,$AK$9:$AL$15,2,FALSE)&"."&VLOOKUP(D13,$AH$9:$AI$24,2,FALSE) -> a 3 deg.kAnn | C13: =C12+1 -> 5 | D13: =VLOOKUP(AJ13,$AG$9:$AH$22,2,FALSE) -> ts_annual | E13: C7 | G13: Likely above 3°C warming with limited mitigation | AG13: 5 | AH13: ts_048 | AI13: h48 | AJ13: 1 | AK13: C7 | AL13: a 3 deg | AM13: 1.5
A14: 5 | B14: =VLOOKUP(E14,$AK$9:$AL$15,2,FALSE)&"."&VLOOKUP(D14,$AH$9:$AI$24,2,FALSE) -> e 1.5 deg no OS.k12 | C14: =C13+1 -> 6 | D14: =VLOOKUP(AJ14,$AG$9:$AH$22,2,FALSE) -> ts_12t | E14: =E9 -> C1 | T14: =S12 -> 81.78 | U14: =$S$12*J15 -> 95.6826 | V14: =$S$12*K15 -> 116.1276 | W14: =$S$12*L15 -> 133.3014 | X14: =$S$12*M15 -> 163.56 | Y14: =$S$12*N15 -> 193.8186 | Z14: =$S$12*O15 -> 234.7086 | AG14: 6 | AH14: ts_064 | AI14: g64 | AJ14: =AJ9+1 -> 2
A15: 5 | B15: =VLOOKUP(E15,$AK$9:$AL$15,2,FALSE)&"."&VLOOKUP(D15,$AH$9:$AI$24,2,FALSE) -> d 1.5 deg OS.k12 | C15: =C14+1 -> 7 | D15: =VLOOKUP(AJ15,$AG$9:$AH$22,2,FALSE) -> ts_12t | E15: =E10 -> C2 | G15: Electricity growth relative to 2020 | I15: =SUMIFS(ar6_r10!$F$2:$F$999,ar6_r10!$A$2:$A$999,Veda!$E$5,ar6_r10!$C$2:$C$999,Veda!I$17,ar6_r10!$M$2:$M$999,Veda!$G15) -> 1 | J15: =SUMIFS(ar6_r10!$F$2:$F$999,ar6_r10!$A$2:$A$999,Veda!$E$5,ar6_r10!$C$2:$C$999,Veda!J$17,ar6_r10!$M$2:$M$999,Veda!$G15) -> 1.17 | K15: =SUMIFS(ar6_r10!$F$2:$F$999,ar6_r10!$A$2:$A$999,Veda!$E$5,ar6_r10!$C$2:$C$999,Veda!K$17,ar6_r10!$M$2:$M$999,Veda!$G15) -> 1.42 | L15: =SUMIFS(ar6_r10!$F$2:$F$999,ar6_r10!$A$2:$A$999,Veda!$E$5,ar6_r10!$C$2:$C$999,Veda!L$17,ar6_r10!$M$2:$M$999,Veda!$G15) -> 1.63 | M15: =SUMIFS(ar6_r10!$F$2:$F$999,ar6_r10!$A$2:$A$999,Veda!$E$5,ar6_r10!$C$2:$C$999,Veda!M$17,ar6_r10!$M$2:$M$999,Veda!$G15) -> 2 | N15: =SUMIFS(ar6_r10!$F$2:$F$999,ar6_r10!$A$2:$A$999,Veda!$E$5,ar6_r10!$C$2:$C$999,Veda!N$17,ar6_r10!$M$2:$M$999,Veda!$G15) -> 2.37 | O15: =SUMIFS(ar6_r10!$F$2:$F$999,ar6_r10!$A$2:$A$999,Veda!$E$5,ar6_r10!$C$2:$C$999,Veda!O$17,ar6_r10!$M$2:$M$999,Veda!$G15) -> 2.87 | AG15: 7 | AH15: ts_096P50 | AI15: f96p50 | AJ15: =AJ10+1 -> 2
A16: 5 | B16: =VLOOKUP(E16,$AK$9:$AL$15,2,FALSE)&"."&VLOOKUP(D16,$AH$9:$AI$24,2,FALSE) -> c 2 deg (67%).k12 | C16: =C15+1 -> 8 | D16: =VLOOKUP(AJ16,$AG$9:$AH$22,2,FALSE) -> ts_12t | E16: =E11 -> C3 | S16: ~TFM_INS-TS | AG16: 8 | AH16: ts_096P10 | AI16: f96p10 | AJ16: =AJ11+1 -> 2
A17: 5 | B17: =VLOOKUP(E17,$AK$9:$AL$15,2,FALSE)&"."&VLOOKUP(D17,$AH$9:$AI$24,2,FALSE) -> b 2 deg (50%).k12 | C17: =C16+1 -> 9 | D17: =VLOOKUP(AJ17,$AG$9:$AH$22,2,FALSE) -> ts_12t | E17: =E12 -> C4 | I17: 2020 | J17: =U17 -> 2025 | K17: =V17 -> 2030 | L17: =W17 -> 2035 | M17: =X17 -> 2040 | N17: =Y17 -> 2045 | O17: =Z17 -> 2050 | S17: commodity | T17: 2022 | U17: 2025 | V17: 2030 | W17: 2035 | X17: 2040 | Y17: 2045 | Z17: 2050 | AA17: attribute | AG17: 9 | AH17: ts_096P90 | AI17: f96p90 | AJ17: =AJ12+1 -> 2
A18: 5 | B18: =VLOOKUP(E18,$AK$9:$AL$15,2,FALSE)&"."&VLOOKUP(D18,$AH$9:$AI$24,2,FALSE) -> a 3 deg.k12 | C18: =C17+1 -> 10 | D18: =VLOOKUP(AJ18,$AG$9:$AH$22,2,FALSE) -> ts_12t | E18: =E13 -> C7 | G18: Hydrogen as a share of electricity | I18: =SUMIFS(ar6_r10!$F$2:$F$999,ar6_r10!$A$2:$A$999,Veda!$E$5,ar6_r10!$C$2:$C$999,Veda!I$17,ar6_r10!$M$2:$M$999,Veda!$G18) -> 0 | J18: =SUMIFS(ar6_r10!$F$2:$F$999,ar6_r10!$A$2:$A$999,Veda!$E$5,ar6_r10!$C$2:$C$999,Veda!J$17,ar6_r10!$M$2:$M$999,Veda!$G18) -> 0 | K18: =SUMIFS(ar6_r10!$F$2:$F$999,ar6_r10!$A$2:$A$999,Veda!$E$5,ar6_r10!$C$2:$C$999,Veda!K$17,ar6_r10!$M$2:$M$999,Veda!$G18) -> 0 | L18: =SUMIFS(ar6_r10!$F$2:$F$999,ar6_r10!$A$2:$A$999,Veda!$E$5,ar6_r10!$C$2:$C$999,Veda!L$17,ar6_r10!$M$2:$M$999,Veda!$G18) -> 0 | M18: =SUMIFS(ar6_r10!$F$2:$F$999,ar6_r10!$A$2:$A$999,Veda!$E$5,ar6_r10!$C$2:$C$999,Veda!M$17,ar6_r10!$M$2:$M$999,Veda!$G18) -> 0.01 | N18: =SUMIFS(ar6_r10!$F$2:$F$999,ar6_r10!$A$2:$A$999,Veda!$E$5,ar6_r10!$C$2:$C$999,Veda!N$17,ar6_r10!$M$2:$M$999,Veda!$G18) -> 0.01 | O18: =SUMIFS(ar6_r10!$F$2:$F$999,ar6_r10!$A$2:$A$999,Veda!$E$5,ar6_r10!$C$2:$C$999,Veda!O$17,ar6_r10!$M$2:$M$999,Veda!$G18) -> 0.03 | S18: hydrogen_allsect | T18: =I18*T$14 -> 0 | U18: =J18*U$14 -> 0 | V18: =K18*V$14 -> 0 | W18: =L18*W$14 -> 0 | X18: =M18*X$14 -> 1.6356 | Y18: =N18*Y$14 -> 1.938186 | Z18: =O18*Z$14 -> 7.041258 | AA18: demand | AG18: 10 | AH18: s1p1v1_d | AI18: e3d | AJ18: =AJ13+1 -> 2
A19: 5 | B19: =VLOOKUP(E19,$AK$9:$AL$15,2,FALSE)&"."&VLOOKUP(D19,$AH$9:$AI$24,2,FALSE) -> e 1.5 deg no OS.j12 | C19: =C18+1 -> 11 | D19: =VLOOKUP(AJ19,$AG$9:$AH$22,2,FALSE) -> ts_012 | E19: =E14 -> C1 | G19: Industry electricity share | I19: =SUMIFS(ar6_r10!$F$2:$F$999,ar6_r10!$A$2:$A$999,Veda!$E$5,ar6_r10!$C$2:$C$999,Veda!I$17,ar6_r10!$M$2:$M$999,Veda!$G19) -> 0.43 | J19: =SUMIFS(ar6_r10!$F$2:$F$999,ar6_r10!$A$2:$A$999,Veda!$E$5,ar6_r10!$C$2:$C$999,Veda!J$17,ar6_r10!$M$2:$M$999,Veda!$G19) -> 0.42 | K19: =SUMIFS(ar6_r10!$F$2:$F$999,ar6_r10!$A$2:$A$999,Veda!$E$5,ar6_r10!$C$2:$C$999,Veda!K$17,ar6_r10!$M$2:$M$999,Veda!$G19) -> 0.43 | L19: =SUMIFS(ar6_r10!$F$2:$F$999,ar6_r10!$A$2:$A$999,Veda!$E$5,ar6_r10!$C$2:$C$999,Veda!L$17,ar6_r10!$M$2:$M$999,Veda!$G19) -> 0.45 | M19: =SUMIFS(ar6_r10!$F$2:$F$999,ar6_r10!$A$2:$A$999,Veda!$E$5,ar6_r10!$C$2:$C$999,Veda!M$17,ar6_r10!$M$2:$M$999,Veda!$G19) -> 0.43 | N19: =SUMIFS(ar6_r10!$F$2:$F$999,ar6_r10!$A$2:$A$999,Veda!$E$5,ar6_r10!$C$2:$C$999,Veda!N$17,ar6_r10!$M$2:$M$999,Veda!$G19) -> 0.45 | O19: =SUMIFS(ar6_r10!$F$2:$F$999,ar6_r10!$A$2:$A$999,Veda!$E$5,ar6_r10!$C$2:$C$999,Veda!O$17,ar6_r10!$M$2:$M$999,Veda!$G19) -> 0.43 | S19: elc_industry | T19: =I19*T$14 -> 35.1654 | U19: =J19*U$14 -> 40.186692 | V19: =K19*V$14 -> 49.934868 | W19: =L19*W$14 -> 59.98563 | X19: =M19*X$14 -> 70.3308 | Y19: =N19*Y$14 -> 87.21837 | Z19: =O19*Z$14 -> 100.9247 | AA19: demand | AG19: 11 | AH19: s3p3v3_d | AI19: d9d | AJ19: =AJ14+1 -> 3
A20: 5 | B20: =VLOOKUP(E20,$AK$9:$AL$15,2,FALSE)&"."&VLOOKUP(D20,$AH$9:$AI$24,2,FALSE) -> d 1.5 deg OS.j12 | C20: =C19+1 -> 12 | D20: =VLOOKUP(AJ20,$AG$9:$AH$22,2,FALSE) -> ts_012 | E20: =E15 -> C2 | G20: Residential and commercial electricity share | I20: =SUMIFS(ar6_r10!$F$2:$F$999,ar6_r10!$A$2:$A$999,Veda!$E$5,ar6_r10!$C$2:$C$999,Veda!I$17,ar6_r10!$M$2:$M$999,Veda!$G20) -> 0.57 | J20: =SUMIFS(ar6_r10!$F$2:$F$999,ar6_r10!$A$2:$A$999,Veda!$E$5,ar6_r10!$C$2:$C$999,Veda!J$17,ar6_r10!$M$2:$M$999,Veda!$G20) -> 0.57 | K20: =SUMIFS(ar6_r10!$F$2:$F$999,ar6_r10!$A$2:$A$999,Veda!$E$5,ar6_r10!$C$2:$C$999,Veda!K$17,ar6_r10!$M$2:$M$999,Veda!$G20) -> 0.53 | L20: =SUMIFS(ar6_r10!$F$2:$F$999,ar6_r10!$A$2:$A$999,Veda!$E$5,ar6_r10!$C$2:$C$999,Veda!L$17,ar6_r10!$M$2:$M$999,Veda!$G20) -> 0.51 | M20: =SUMIFS(ar6_r10!$F$2:$F$999,ar6_r10!$A$2:$A$999,Veda!$E$5,ar6_r10!$C$2:$C$999,Veda!M$17,ar6_r10!$M$2:$M$999,Veda!$G20) -> 0.5 | N20: =SUMIFS(ar6_r10!$F$2:$F$999,ar6_r10!$A$2:$A$999,Veda!$E$5,ar6_r10!$C$2:$C$999,Veda!N$17,ar6_r10!$M$2:$M$999,Veda!$G20) -> 0.47 | O20: =SUMIFS(ar6_r10!$F$2:$F$999,ar6_r10!$A$2:$A$999,Veda!$E$5,ar6_r10!$C$2:$C$999,Veda!O$17,ar6_r10!$M$2:$M$999,Veda!$G20) -> 0.48 | S20: elc_buildings | T20: =I20*T$14 -> 46.6146 | U20: =J20*U$14 -> 54.539082 | V20: =K20*V$14 -> 61.547628 | W20: =L20*W$14 -> 67.983714 | X20: =M20*X$14 -> 81.78 | Y20: =N20*Y$14 -> 91.094742 | Z20: =O20*Z$14 -> 112.66013 | AA20: demand | AG20: 12 | AH20: s5p5v5_d | AI20: c15d | AJ20: =AJ15+1 -> 3
A21: 5 | B21: =VLOOKUP(E21,$AK$9:$AL$15,2,FALSE)&"."&VLOOKUP(D21,$AH$9:$AI$24,2,FALSE) -> c 2 deg (67%).j12 | C21: =C20+1 -> 13 | D21: =VLOOKUP(AJ21,$AG$9:$AH$22,2,FALSE) -> ts_012 | E21: =E16 -> C3 | G21: Transportation electricity share | I21: =SUMIFS(ar6_r10!$F$2:$F$999,ar6_r10!$A$2:$A$999,Veda!$E$5,ar6_r10!$C$2:$C$999,Veda!I$17,ar6_r10!$M$2:$M$999,Veda!$G21) -> 0.01 | J21: =SUMIFS(ar6_r10!$F$2:$F$999,ar6_r10!$A$2:$A$999,Veda!$E$5,ar6_r10!$C$2:$C$999,Veda!J$17,ar6_r10!$M$2:$M$999,Veda!$G21) -> 0.01 | K21: =SUMIFS(ar6_r10!$F$2:$F$999,ar6_r10!$A$2:$A$999,Veda!$E$5,ar6_r10!$C$2:$C$999,Veda!K$17,ar6_r10!$M$2:$M$999,Veda!$G21) -> 0.02 | L21: =SUMIFS(ar6_r10!$F$2:$F$999,ar6_r10!$A$2:$A$999,Veda!$E$5,ar6_r10!$C$2:$C$999,Veda!L$17,ar6_r10!$M$2:$M$999,Veda!$G21) -> 0.02 | M21: =SUMIFS(ar6_r10!$F$2:$F$999,ar6_r10!$A$2:$A$999,Veda!$E$5,ar6_r10!$C$2:$C$999,Veda!M$17,ar6_r10!$M$2:$M$999,Veda!$G21) -> 0.04 | N21: =SUMIFS(ar6_r10!$F$2:$F$999,ar6_r10!$A$2:$A$999,Veda!$E$5,ar6_r10!$C$2:$C$999,Veda!N$17,ar6_r10!$M$2:$M$999,Veda!$G21) -> 0.05 | O21: =SUMIFS(ar6_r10!$F$2:$F$999,ar6_r10!$A$2:$A$999,Veda!$E$5,ar6_r10!$C$2:$C$999,Veda!O$17,ar6_r10!$M$2:$M$999,Veda!$G21) -> 0.07 | S21: elc_transport | T21: =I21*T$14 -> 0.8178 | U21: =T21 -> 0.8178 | V21: =U21 -> 0.8178 | W21: =V21 -> 0.8178 | X21: =W21 -> 0.8178 | Y21: =X21 -> 0.8178 | Z21: =Y21 -> 0.8178 | AA21: demand | AC21: non-road transport demand assumed to be constant | AG21: 13 | AH21: s2_w | AI21: b2w | AJ21: =AJ16+1 -> 3
A22: 5 | B22: =VLOOKUP(E22,$AK$9:$AL$15,2,FALSE)&"."&VLOOKUP(D22,$AH$9:$AI$24,2,FALSE) -> b 2 deg (50%).j12 | C22: =C21+1 -> 14 | D22: =VLOOKUP(AJ22,$AG$9:$AH$22,2,FALSE) -> ts_012 | E22: =E17 -> C4 | S22: elc_roadtransport | T22: =T14-SUM(T19:T21) -> -0.8178 | U22: =U14-SUM(U19:U21) -> 0.139026 | V22: =V14-SUM(V19:V21) -> 3.827304 | W22: =W14-SUM(W19:W21) -> 4.514256 | X22: =X14-SUM(X19:X21) -> 10.6314 | Y22: =Y14-SUM(Y19:Y21) -> 14.687688 | Z22: =Z14-SUM(Z19:Z21) -> 20.305974 | AA22: demand | AG22: 14 | AH22: s2_w_p2_d | AI22: a2w2d | AJ22: =AJ17+1 -> 3
A23: 5 | B23: =VLOOKUP(E23,$AK$9:$AL$15,2,FALSE)&"."&VLOOKUP(D23,$AH$9:$AI$24,2,FALSE) -> a 3 deg.j12 | C23: =C22+1 -> 15 | D23: =VLOOKUP(AJ23,$AG$9:$AH$22,2,FALSE) -> ts_012 | E23: =E18 -> C7 | S23: * | AJ23: =AJ18+1 -> 3
A24: 5 | B24: =VLOOKUP(E24,$AK$9:$AL$15,2,FALSE)&"."&VLOOKUP(D24,$AH$9:$AI$24,2,FALSE) -> e 1.5 deg no OS.i24 | C24: =C23+1 -> 16 | D24: =VLOOKUP(AJ24,$AG$9:$AH$22,2,FALSE) -> ts_024 | E24: =E19 -> C1 | G24: CO2 price | I24: 0 | J24: 0 | K24: =SUMIFS(ar6_r10!$F$2:$F$999,ar6_r10!$A$2:$A$999,Veda!$E$5,ar6_r10!$C$2:$C$999,Veda!K$17,ar6_r10!$M$2:$M$999,Veda!$G24) -> 61.35 | L24: =SUMIFS(ar6_r10!$F$2:$F$999,ar6_r10!$A$2:$A$999,Veda!$E$5,ar6_r10!$C$2:$C$999,Veda!L$17,ar6_r10!$M$2:$M$999,Veda!$G24) -> 98.16 | M24: =SUMIFS(ar6_r10!$F$2:$F$999,ar6_r10!$A$2:$A$999,Veda!$E$5,ar6_r10!$C$2:$C$999,Veda!M$17,ar6_r10!$M$2:$M$999,Veda!$G24) -> 128.76 | N24: =SUMIFS(ar6_r10!$F$2:$F$999,ar6_r10!$A$2:$A$999,Veda!$E$5,ar6_r10!$C$2:$C$999,Veda!N$17,ar6_r10!$M$2:$M$999,Veda!$G24) -> 172.36 | O24: =SUMIFS(ar6_r10!$F$2:$F$999,ar6_r10!$A$2:$A$999,Veda!$E$5,ar6_r10!$C$2:$C$999,Veda!O$17,ar6_r10!$M$2:$M$999,Veda!$G24) -> 209.45 | S24: co2net | U24: 0 | V24: =K24/1000 -> 0.06135 | W24: =L24/1000 -> 0.09816 | X24: =M24/1000 -> 0.12876 | Y24: =N24/1000 -> 0.17236 | Z24: =O24/1000 -> 0.20945 | AA24: com_taxnet | AJ24: =AJ19+1 -> 4
A25: 5 | B25: =VLOOKUP(E25,$AK$9:$AL$15,2,FALSE)&"."&VLOOKUP(D25,$AH$9:$AI$24,2,FALSE) -> d 1.5 deg OS.i24 | C25: =C24+1 -> 17 | D25: =VLOOKUP(AJ25,$AG$9:$AH$22,2,FALSE) -> ts_024 | E25: =E20 -> C2 | AJ25: =AJ20+1 -> 4
A26: 5 | B26: =VLOOKUP(E26,$AK$9:$AL$15,2,FALSE)&"."&VLOOKUP(D26,$AH$9:$AI$24,2,FALSE) -> c 2 deg (67%).i24 | C26: =C25+1 -> 18 | D26: =VLOOKUP(AJ26,$AG$9:$AH$22,2,FALSE) -> ts_024 | E26: =E21 -> C3 | S26: ~TFM_INS-TS | AJ26: =AJ21+1 -> 4
A27: 5 | B27: =VLOOKUP(E27,$AK$9:$AL$15,2,FALSE)&"."&VLOOKUP(D27,$AH$9:$AI$24,2,FALSE) -> b 2 deg (50%).i24 | C27: =C26+1 -> 19 | D27: =VLOOKUP(AJ27,$AG$9:$AH$22,2,FALSE) -> ts_024 | E27: =E22 -> C4 | S27: process | T27: =T17 -> 2022 | U27: =U17 -> 2025 | V27: =V17 -> 2030 | W27: =W17 -> 2035 | X27: =X17 -> 2040 | Y27: =Y17 -> 2045 | Z27: =Z17 -> 2050 | AA27: attribute | AB27: limtype | AJ27: =AJ22+1 -> 4
A28: 5 | B28: =VLOOKUP(E28,$AK$9:$AL$15,2,FALSE)&"."&VLOOKUP(D28,$AH$9:$AI$24,2,FALSE) -> a 3 deg.i24 | C28: =C27+1 -> 20 | D28: =VLOOKUP(AJ28,$AG$9:$AH$22,2,FALSE) -> ts_024 | E28: =E23 -> C7 | Q28: =SUMIFS(iea_data!G3:G9999,iea_data!$B$3:$B$9999,Veda!$S$11) -> 0 | S28: Trd_electricity import | T28: =Q28 -> 0 | AA28: ACT_BND | AB28: FX | AJ28: =AJ23+1 -> 4
A29: 5 | B29: =VLOOKUP(E29,$AK$9:$AL$15,2,FALSE)&"."&VLOOKUP(D29,$AH$9:$AI$24,2,FALSE) -> e 1.5 deg no OS.h48 | C29: =C28+1 -> 21 | D29: =VLOOKUP(AJ29,$AG$9:$AH$22,2,FALSE) -> ts_048 | E29: =E24 -> C1 | Q29: =SUMIFS(iea_data!H3:H9999,iea_data!$B$3:$B$9999,Veda!$S$11) -> -0.64 | S29: Trd_electricity export | T29: =-1*Q29 -> 0.64 | AA29: ACT_BND | AB29: FX | AJ29: =AJ24+1 -> 5
A30: 5 | B30: =VLOOKUP(E30,$AK$9:$AL$15,2,FALSE)&"."&VLOOKUP(D30,$AH$9:$AI$24,2,FALSE) -> d 1.5 deg OS.h48 | C30: =C29+1 -> 22 | D30: =VLOOKUP(AJ30,$AG$9:$AH$22,2,FALSE) -> ts_048 | E30: =E25 -> C2 | AJ30: =AJ25+1 -> 5
A31: 5 | B31: =VLOOKUP(E31,$AK$9:$AL$15,2,FALSE)&"."&VLOOKUP(D31,$AH$9:$AI$24,2,FALSE) -> c 2 deg (67%).h48 | C31: =C30+1 -> 23 | D31: =VLOOKUP(AJ31,$AG$9:$AH$22,2,FALSE) -> ts_048 | E31: =E26 -> C3 | AJ31: =AJ26+1 -> 5
A32: 5 | B32: =VLOOKUP(E32,$AK$9:$AL$15,2,FALSE)&"."&VLOOKUP(D32,$AH$9:$AI$24,2,FALSE) -> b 2 deg (50%).h48 | C32: =C31+1 -> 24 | D32: =VLOOKUP(AJ32,$AG$9:$AH$22,2,FALSE) -> ts_048 | E32: =E27 -> C4 | AJ32: =AJ27+1 -> 5
A33: 5 | B33: =VLOOKUP(E33,$AK$9:$AL$15,2,FALSE)&"."&VLOOKUP(D33,$AH$9:$AI$24,2,FALSE) -> a 3 deg.h48 | C33: =C32+1 -> 25 | D33: =VLOOKUP(AJ33,$AG$9:$AH$22,2,FALSE) -> ts_048 | E33: =E28 -> C7 | AJ33: =AJ28+1 -> 5
A34: 5 | B34: =VLOOKUP(E34,$AK$9:$AL$15,2,FALSE)&"."&VLOOKUP(D34,$AH$9:$AI$24,2,FALSE) -> e 1.5 deg no OS.g64 | C34: =C33+1 -> 26 | D34: =VLOOKUP(AJ34,$AG$9:$AH$22,2,FALSE) -> ts_064 | E34: =E29 -> C1 | AJ34: =AJ29+1 -> 6
A35: 5 | B35: =VLOOKUP(E35,$AK$9:$AL$15,2,FALSE)&"."&VLOOKUP(D35,$AH$9:$AI$24,2,FALSE) -> d 1.5 deg OS.g64 | C35: =C34+1 -> 27 | D35: =VLOOKUP(AJ35,$AG$9:$AH$22,2,FALSE) -> ts_064 | E35: =E30 -> C2 | AJ35: =AJ30+1 -> 6
A36: 5 | B36: =VLOOKUP(E36,$AK$9:$AL$15,2,FALSE)&"."&VLOOKUP(D36,$AH$9:$AI$24,2,FALSE) -> c 2 deg (67%).g64 | C36: =C35+1 -> 28 | D36: =VLOOKUP(AJ36,$AG$9:$AH$22,2,FALSE) -> ts_064 | E36: =E31 -> C3 | G36: C7 | AJ36: =AJ31+1 -> 6
A37: 5 | B37: =VLOOKUP(E37,$AK$9:$AL$15,2,FALSE)&"."&VLOOKUP(D37,$AH$9:$AI$24,2,FALSE) -> b 2 deg (50%).g64 | C37: =C36+1 -> 29 | D37: =VLOOKUP(AJ37,$AG$9:$AH$22,2,FALSE) -> ts_064 | E37: =E32 -> C4 | G37: Gas Price | I37: =SUMIFS(ar6_r10!$F$2:$F$999,ar6_r10!$A$2:$A$999,Veda!$G$36,ar6_r10!$C$2:$C$999,Veda!I$17,ar6_r10!$M$2:$M$999,Veda!$G37) -> 1 | J37: =SUMIFS(ar6_r10!$F$2:$F$999,ar6_r10!$A$2:$A$999,Veda!$G$36,ar6_r10!$C$2:$C$999,Veda!J$17,ar6_r10!$M$2:$M$999,Veda!$G37) -> 1.03 | K37: =SUMIFS(ar6_r10!$F$2:$F$999,ar6_r10!$A$2:$A$999,Veda!$G$36,ar6_r10!$C$2:$C$999,Veda!K$17,ar6_r10!$M$2:$M$999,Veda!$G37) -> 1.21 | L37: =SUMIFS(ar6_r10!$F$2:$F$999,ar6_r10!$A$2:$A$999,Veda!$G$36,ar6_r10!$C$2:$C$999,Veda!L$17,ar6_r10!$M$2:$M$999,Veda!$G37) -> 1.15 | M37: =SUMIFS(ar6_r10!$F$2:$F$999,ar6_r10!$A$2:$A$999,Veda!$G$36,ar6_r10!$C$2:$C$999,Veda!M$17,ar6_r10!$M$2:$M$999,Veda!$G37) -> 1.28 | N37: =SUMIFS(ar6_r10!$F$2:$F$999,ar6_r10!$A$2:$A$999,Veda!$G$36,ar6_r10!$C$2:$C$999,Veda!N$17,ar6_r10!$M$2:$M$999,Veda!$G37) -> 1.36 | O37: =SUMIFS(ar6_r10!$F$2:$F$999,ar6_r10!$A$2:$A$999,Veda!$G$36,ar6_r10!$C$2:$C$999,Veda!O$17,ar6_r10!$M$2:$M$999,Veda!$G37) -> 1.38 | AJ37: =AJ32+1 -> 6
A38: 5 | B38: =VLOOKUP(E38,$AK$9:$AL$15,2,FALSE)&"."&VLOOKUP(D38,$AH$9:$AI$24,2,FALSE) -> a 3 deg.g64 | C38: =C37+1 -> 30 | D38: =VLOOKUP(AJ38,$AG$9:$AH$22,2,FALSE) -> ts_064 | E38: =E33 -> C7 | G38: Coal Price | I38: =SUMIFS(ar6_r10!$F$2:$F$999,ar6_r10!$A$2:$A$999,Veda!$G$36,ar6_r10!$C$2:$C$999,Veda!I$17,ar6_r10!$M$2:$M$999,Veda!$G38) -> 1 | J38: =SUMIFS(ar6_r10!$F$2:$F$999,ar6_r10!$A$2:$A$999,Veda!$G$36,ar6_r10!$C$2:$C$999,Veda!J$17,ar6_r10!$M$2:$M$999,Veda!$G38) -> 1.03 | K38: =SUMIFS(ar6_r10!$F$2:$F$999,ar6_r10!$A$2:$A$999,Veda!$G$36,ar6_r10!$C$2:$C$999,Veda!K$17,ar6_r10!$M$2:$M$999,Veda!$G38) -> 1.08 | L38: =SUMIFS(ar6_r10!$F$2:$F$999,ar6_r10!$A$2:$A$999,Veda!$G$36,ar6_r10!$C$2:$C$999,Veda!L$17,ar6_r10!$M$2:$M$999,Veda!$G38) -> 1.09 | M38: =SUMIFS(ar6_r10!$F$2:$F$999,ar6_r10!$A$2:$A$999,Veda!$G$36,ar6_r10!$C$2:$C$999,Veda!M$17,ar6_r10!$M$2:$M$999,Veda!$G38) -> 1.1 | N38: =SUMIFS(ar6_r10!$F$2:$F$999,ar6_r10!$A$2:$A$999,Veda!$G$36,ar6_r10!$C$2:$C$999,Veda!N$17,ar6_r10!$M$2:$M$999,Veda!$G38) -> 1.12 | O38: =SUMIFS(ar6_r10!$F$2:$F$999,ar6_r10!$A$2:$A$999,Veda!$G$36,ar6_r10!$C$2:$C$999,Veda!O$17,ar6_r10!$M$2:$M$999,Veda!$G38) -> 1.14 | AJ38: =AJ33+1 -> 6
A39: 5 | B39: =VLOOKUP(E39,$AK$9:$AL$15,2,FALSE)&"."&VLOOKUP(D39,$AH$9:$AI$24,2,FALSE) -> e 1.5 deg no OS.f96p50 | C39: =C38+1 -> 31 | D39: =VLOOKUP(AJ39,$AG$9:$AH$22,2,FALSE) -> ts_096P50 | E39: =E34 -> C1 | G39: Oil Price | I39: =SUMIFS(ar6_r10!$F$2:$F$999,ar6_r10!$A$2:$A$999,Veda!$G$36,ar6_r10!$C$2:$C$999,Veda!I$17,ar6_r10!$M$2:$M$999,Veda!$G39) -> 1 | J39: =SUMIFS(ar6_r10!$F$2:$F$999,ar6_r10!$A$2:$A$999,Veda!$G$36,ar6_r10!$C$2:$C$999,Veda!J$17,ar6_r10!$M$2:$M$999,Veda!$G39) -> 1.05 | K39: =SUMIFS(ar6_r10!$F$2:$F$999,ar6_r10!$A$2:$A$999,Veda!$G$36,ar6_r10!$C$2:$C$999,Veda!K$17,ar6_r10!$M$2:$M$999,Veda!$G39) -> 1.25 | L39: =SUMIFS(ar6_r10!$F$2:$F$999,ar6_r10!$A$2:$A$999,Veda!$G$36,ar6_r10!$C$2:$C$999,Veda!L$17,ar6_r10!$M$2:$M$999,Veda!$G39) -> 1.18 | M39: =SUMIFS(ar6_r10!$F$2:$F$999,ar6_r10!$A$2:$A$999,Veda!$G$36,ar6_r10!$C$2:$C$999,Veda!M$17,ar6_r10!$M$2:$M$999,Veda!$G39) -> 1.3 | N39: =SUMIFS(ar6_r10!$F$2:$F$999,ar6_r10!$A$2:$A$999,Veda!$G$36,ar6_r10!$C$2:$C$999,Veda!N$17,ar6_r10!$M$2:$M$999,Veda!$G39) -> 1.4 | O39: =SUMIFS(ar6_r10!$F$2:$F$999,ar6_r10!$A$2:$A$999,Veda!$G$36,ar6_r10!$C$2:$C$999,Veda!O$17,ar6_r10!$M$2:$M$999,Veda!$G39) -> 1.5 | AJ39: =AJ34+1 -> 7
A40: 5 | B40: =VLOOKUP(E40,$AK$9:$AL$15,2,FALSE)&"."&VLOOKUP(D40,$AH$9:$AI$24,2,FALSE) -> d 1.5 deg OS.f96p50 | C40: =C39+1 -> 32 | D40: =VLOOKUP(AJ40,$AG$9:$AH$22,2,FALSE) -> ts_096P50 | E40: =E35 -> C2 | G40: Biomass Price | I40: =SUMIFS(ar6_r10!$F$2:$F$999,ar6_r10!$A$2:$A$999,Veda!$G$36,ar6_r10!$C$2:$C$999,Veda!I$17,ar6_r10!$M$2:$M$999,Veda!$G40) -> 1 | J40: =SUMIFS(ar6_r10!$F$2:$F$999,ar6_r10!$A$2:$A$999,Veda!$G$36,ar6_r10!$C$2:$C$999,Veda!J$17,ar6_r10!$M$2:$M$999,Veda!$G40) -> 1.03 | K40: =SUMIFS(ar6_r10!$F$2:$F$999,ar6_r10!$A$2:$A$999,Veda!$G$36,ar6_r10!$C$2:$C$999,Veda!K$17,ar6_r10!$M$2:$M$999,Veda!$G40) -> 1.01 | L40: =SUMIFS(ar6_r10!$F$2:$F$999,ar6_r10!$A$2:$A$999,Veda!$G$36,ar6_r10!$C$2:$C$999,Veda!L$17,ar6_r10!$M$2:$M$999,Veda!$G40) -> 0.93 | M40: =SUMIFS(ar6_r10!$F$2:$F$999,ar6_r10!$A$2:$A$999,Veda!$G$36,ar6_r10!$C$2:$C$999,Veda!M$17,ar6_r10!$M$2:$M$999,Veda!$G40) -> 0.94 | N40: =SUMIFS(ar6_r10!$F$2:$F$999,ar6_r10!$A$2:$A$999,Veda!$G$36,ar6_r10!$C$2:$C$999,Veda!N$17,ar6_r10!$M$2:$M$999,Veda!$G40) -> 0.92 | O40: =SUMIFS(ar6_r10!$F$2:$F$999,ar6_r10!$A$2:$A$999,Veda!$G$36,ar6_r10!$C$2:$C$999,Veda!O$17,ar6_r10!$M$2:$M$999,Veda!$G40) -> 0.87 | AJ40: =AJ35+1 -> 7
A41: 5 | B41: =VLOOKUP(E41,$AK$9:$AL$15,2,FALSE)&"."&VLOOKUP(D41,$AH$9:$AI$24,2,FALSE) -> c 2 deg (67%).f96p50 | C41: =C40+1 -> 33 | D41: =VLOOKUP(AJ41,$AG$9:$AH$22,2,FALSE) -> ts_096P50 | E41: =E36 -> C3 | AJ41: =AJ36+1 -> 7
A42: 5 | B42: =VLOOKUP(E42,$AK$9:$AL$15,2,FALSE)&"."&VLOOKUP(D42,$AH$9:$AI$24,2,FALSE) -> b 2 deg (50%).f96p50 | C42: =C41+1 -> 34 | D42: =VLOOKUP(AJ42,$AG$9:$AH$22,2,FALSE) -> ts_096P50 | E42: =E37 -> C4 | AJ42: =AJ37+1 -> 7
A43: 5 | B43: =VLOOKUP(E43,$AK$9:$AL$15,2,FALSE)&"."&VLOOKUP(D43,$AH$9:$AI$24,2,FALSE) -> a 3 deg.f96p50 | C43: =C42+1 -> 35 | D43: =VLOOKUP(AJ43,$AG$9:$AH$22,2,FALSE) -> ts_096P50 | E43: =E38 -> C7 | G43: ~TFM_INS-TS: attribute=flo_cost;pset_pn=-IMP*Z | AJ43: =AJ38+1 -> 7
A44: 5 | B44: =VLOOKUP(E44,$AK$9:$AL$15,2,FALSE)&"."&VLOOKUP(D44,$AH$9:$AI$24,2,FALSE) -> e 1.5 deg no OS.f96p10 | C44: =C43+1 -> 36 | D44: =VLOOKUP(AJ44,$AG$9:$AH$22,2,FALSE) -> ts_096P10 | E44: =E39 -> C1 | G44: commodity | H44: pset_co | I44: 2022 | J44: =J17 -> 2025 | K44: =K17 -> 2030 | L44: =L17 -> 2035 | M44: =M17 -> 2040 | N44: =N17 -> 2045 | O44: =O17 -> 2050 | R44: low | S44: high | AJ44: =AJ39+1 -> 8
A45: 5 | B45: =VLOOKUP(E45,$AK$9:$AL$15,2,FALSE)&"."&VLOOKUP(D45,$AH$9:$AI$24,2,FALSE) -> d 1.5 deg OS.f96p10 | C45: =C44+1 -> 37 | D45: =VLOOKUP(AJ45,$AG$9:$AH$22,2,FALSE) -> ts_096P10 | E45: =E40 -> C2 | G45: Gas | H45: =G45 -> Gas | I45: =AVERAGE($R45:$S45)*I37 -> 7.7 | J45: =AVERAGE($R45:$S45)*J37 -> 7.931 | K45: =AVERAGE($R45:$S45)*K37 -> 9.317 | L45: =AVERAGE($R45:$S45)*L37 -> 8.855 | M45: =AVERAGE($R45:$S45)*M37 -> 9.856 | N45: =AVERAGE($R45:$S45)*N37 -> 10.472 | O45: =AVERAGE($R45:$S45)*O37 -> 10.626 | R45: =HLOOKUP($G45&"_"&R$44,fuel_prices!$B$10:$I$11,2,FALSE) -> 5.1 | S45: =HLOOKUP($G45&"_"&S$44,fuel_prices!$B$10:$I$11,2,FALSE) -> 10.3 | AJ45: =AJ40+1 -> 8
A46: 5 | B46: =VLOOKUP(E46,$AK$9:$AL$15,2,FALSE)&"."&VLOOKUP(D46,$AH$9:$AI$24,2,FALSE) -> c 2 deg (67%).f96p10 | C46: =C45+1 -> 38 | D46: =VLOOKUP(AJ46,$AG$9:$AH$22,2,FALSE) -> ts_096P10 | E46: =E41 -> C3 | G46: Coal | H46: =G46 -> Coal | I46: =AVERAGE($R46:$S46)*I38 -> 12.2 | J46: =AVERAGE($R46:$S46)*J38 -> 12.566 | K46: =AVERAGE($R46:$S46)*K38 -> 13.176 | L46: =AVERAGE($R46:$S46)*L38 -> 13.298 | M46: =AVERAGE($R46:$S46)*M38 -> 13.42 | N46: =AVERAGE($R46:$S46)*N38 -> 13.664 | O46: =AVERAGE($R46:$S46)*O38 -> 13.908 | R46: =HLOOKUP($G46&"_"&R$44,fuel_prices!$B$10:$I$11,2,FALSE) -> 10.7 | S46: =HLOOKUP($G46&"_"&S$44,fuel_prices!$B$10:$I$11,2,FALSE) -> 13.7 | AJ46: =AJ41+1 -> 8
A47: 5 | B47: =VLOOKUP(E47,$AK$9:$AL$15,2,FALSE)&"."&VLOOKUP(D47,$AH$9:$AI$24,2,FALSE) -> b 2 deg (50%).f96p10 | C47: =C46+1 -> 39 | D47: =VLOOKUP(AJ47,$AG$9:$AH$22,2,FALSE) -> ts_096P10 | E47: =E42 -> C4 | G47: Oil | H47: =G47 -> Oil | I47: =AVERAGE($R47:$S47)*I39 -> 40 | J47: =AVERAGE($R47:$S47)*J39 -> 42 | K47: =AVERAGE($R47:$S47)*K39 -> 50 | L47: =AVERAGE($R47:$S47)*L39 -> 47.2 | M47: =AVERAGE($R47:$S47)*M39 -> 52 | N47: =AVERAGE($R47:$S47)*N39 -> 56 | O47: =AVERAGE($R47:$S47)*O39 -> 60 | R47: =HLOOKUP($G47&"_"&R$44,fuel_prices!$B$10:$I$11,2,FALSE) -> 35 | S47: =HLOOKUP($G47&"_"&S$44,fuel_prices!$B$10:$I$11,2,FALSE) -> 45 | AJ47: =AJ42+1 -> 8
A48: 5 | B48: =VLOOKUP(E48,$AK$9:$AL$15,2,FALSE)&"."&VLOOKUP(D48,$AH$9:$AI$24,2,FALSE) -> a 3 deg.f96p10 | C48: =C47+1 -> 40 | D48: =VLOOKUP(AJ48,$AG$9:$AH$22,2,FALSE) -> ts_096P10 | E48: =E43 -> C7 | G48: Bioenergy | H48: =G48 -> Bioenergy | I48: =AVERAGE($R48:$S48)*I40 -> 18 | O48: =VLOOKUP($E$5,$AK$9:$AM$15,3,FALSE)*I48 -> 54 | R48: =HLOOKUP($G48&"_"&R$44,fuel_prices!$B$10:$I$11,2,FALSE) -> 14 | S48: =HLOOKUP($G48&"_"&S$44,fuel_prices!$B$10:$I$11,2,FALSE) -> 22 | AJ48: =AJ43+1 -> 8
A49: 5 | B49: =VLOOKUP(E49,$AK$9:$AL$15,2,FALSE)&"."&VLOOKUP(D49,$AH$9:$AI$24,2,FALSE) -> e 1.5 deg no OS.f96p90 | C49: =C48+1 -> 41 | D49: =VLOOKUP(AJ49,$AG$9:$AH$22,2,FALSE) -> ts_096P90 | E49: =E44 -> C1 | AJ49: =AJ44+1 -> 9
A50: 5 | B50: =VLOOKUP(E50,$AK$9:$AL$15,2,FALSE)&"."&VLOOKUP(D50,$AH$9:$AI$24,2,FALSE) -> d 1.5 deg OS.f96p90 | C50: =C49+1 -> 42 | D50: =VLOOKUP(AJ50,$AG$9:$AH$22,2,FALSE) -> ts_096P90 | E50: =E45 -> C2 | AJ50: =AJ45+1 -> 9
A51: 5 | B51: =VLOOKUP(E51,$AK$9:$AL$15,2,FALSE)&"."&VLOOKUP(D51,$AH$9:$AI$24,2,FALSE) -> c 2 deg (67%).f96p90 | C51: =C50+1 -> 43 | D51: =VLOOKUP(AJ51,$AG$9:$AH$22,2,FALSE) -> ts_096P90 | E51: =E46 -> C3 | AJ51: =AJ46+1 -> 9
A52: 5 | B52: =VLOOKUP(E52,$AK$9:$AL$15,2,FALSE)&"."&VLOOKUP(D52,$AH$9:$AI$24,2,FALSE) -> b 2 deg (50%).f96p90 | C52: =C51+1 -> 44 | D52: =VLOOKUP(AJ52,$AG$9:$AH$22,2,FALSE) -> ts_096P90 | E52: =E47 -> C4 | AJ52: =AJ47+1 -> 9
A53: 5 | B53: =VLOOKUP(E53,$AK$9:$AL$15,2,FALSE)&"."&VLOOKUP(D53,$AH$9:$AI$24,2,FALSE) -> a 3 deg.f96p90 | C53: =C52+1 -> 45 | D53: =VLOOKUP(AJ53,$AG$9:$AH$22,2,FALSE) -> ts_096P90 | E53: =E48 -> C7 | AJ53: =AJ48+1 -> 9
A54: 5 | B54: =VLOOKUP(E54,$AK$9:$AL$15,2,FALSE)&"."&VLOOKUP(D54,$AH$9:$AI$24,2,FALSE) -> e 1.5 deg no OS.e3d | C54: =C53+1 -> 46 | D54: =VLOOKUP(AJ54,$AG$9:$AH$22,2,FALSE) -> s1p1v1_d | E54: =E49 -> C1 | AJ54: =AJ49+1 -> 10
A55: 5 | B55: =VLOOKUP(E55,$AK$9:$AL$15,2,FALSE)&"."&VLOOKUP(D55,$AH$9:$AI$24,2,FALSE) -> d 1.5 deg OS.e3d | C55: =C54+1 -> 47 | D55: =VLOOKUP(AJ55,$AG$9:$AH$22,2,FALSE) -> s1p1v1_d | E55: =E50 -> C2 | AJ55: =AJ50+1 -> 10
A56: 5 | B56: =VLOOKUP(E56,$AK$9:$AL$15,2,FALSE)&"."&VLOOKUP(D56,$AH$9:$AI$24,2,FALSE) -> c 2 deg (67%).e3d | C56: =C55+1 -> 48 | D56: =VLOOKUP(AJ56,$AG$9:$AH$22,2,FALSE) -> s1p1v1_d | E56: =E51 -> C3 | AJ56: =AJ51+1 -> 10
A57: 5 | B57: =VLOOKUP(E57,$AK$9:$AL$15,2,FALSE)&"."&VLOOKUP(D57,$AH$9:$AI$24,2,FALSE) -> b 2 deg (50%).e3d | C57: =C56+1 -> 49 | D57: =VLOOKUP(AJ57,$AG$9:$AH$22,2,FALSE) -> s1p1v1_d | E57: =E52 -> C4 | AJ57: =AJ52+1 -> 10
A58: 5 | B58: =VLOOKUP(E58,$AK$9:$AL$15,2,FALSE)&"."&VLOOKUP(D58,$AH$9:$AI$24,2,FALSE) -> a 3 deg.e3d | C58: =C57+1 -> 50 | D58: =VLOOKUP(AJ58,$AG$9:$AH$22,2,FALSE) -> s1p1v1_d | E58: =E53 -> C7 | AJ58: =AJ53+1 -> 10
A59: 5 | B59: =VLOOKUP(E59,$AK$9:$AL$15,2,FALSE)&"."&VLOOKUP(D59,$AH$9:$AI$24,2,FALSE) -> e 1.5 deg no OS.d9d | C59: =C58+1 -> 51 | D59: =VLOOKUP(AJ59,$AG$9:$AH$22,2,FALSE) -> s3p3v3_d | E59: =E54 -> C1 | AJ59: =AJ54+1 -> 11
A60: 5 | B60: =VLOOKUP(E60,$AK$9:$AL$15,2,FALSE)&"."&VLOOKUP(D60,$AH$9:$AI$24,2,FALSE) -> d 1.5 deg OS.d9d | C60: =C59+1 -> 52 | D60: =VLOOKUP(AJ60,$AG$9:$AH$22,2,FALSE) -> s3p3v3_d | E60: =E55 -> C2 | AJ60: =AJ55+1 -> 11
... A78: 5 | B78: =VLOOKUP(E78,$AK$9:$AL$15,2,FALSE)&"."&VLOOKUP(D78,$AH$9:$AI$24,2,FALSE) -> a 3 deg.a2w2d | C78: =C77+1 -> 70 | D78: =VLOOKUP(AJ78,$AG$9:$AH$22,2,FALSE) -> s2_w_p2_d | E78: =E73 -> C7 | AJ78: =AJ73+1 -> 14

Sheet fuel_prices
A9: Fuel Prices
A10: iso | B10: gas_low | C10: gas_high | D10: coal_low | E10: coal_high | F10: oil_low | G10: oil_high | H10: bioenergy_low | I10: bioenergy_high | J10: Notes
A11: VEN | B11: 5.1 | C11: 10.3 | D11: 10.7 | E11: 13.7 | F11: 35 | G11: 45 | H11: 14 | I11: 22 | J11: Oil/gas reserves, limited biomass use

Sheet iea_data
A9: IEA Baseline Data
A10: iso | B10: year | C10: industry_twh | D10: buildings_agri_twh | E10: nonroad_transport_twh | F10: road_transport_twh | G10: imports_twh | H10: exports_twh | I10: total_production_twh
A11: VEN | B11: 2000 | C11: 51.18 | D11: 32.88 | E11: 0.25 | F11: 0 | G11: 0.01 | H11: -0.06 | I11: 85.27
A12: VEN | B12: 2001 | C12: 54.88 | D12: 34.54 | E12: 0.25 | F12: 0 | G12: 0.18 | H12: -0.21 | I12: 90.12
A13: VEN | B13: 2002 | C13: 55.98 | D13: 34.65 | E13: 0.24 | F13: 0 | G13: 0.56 | H13: -0.42 | I13: 91.85
A14: VEN | B14: 2003 | C14: 56.56 | D14: 34.33 | E14: 0.2 | F14: 0 | G14: 0.04 | H14: -0.45 | I14: 91.94
A15: VEN | B15: 2004 | C15: 62.59 | D15: 36.25 | E15: 0.24 | F15: 0 | G15: 0.87 | H15: -0.48 | I15: 98.55
A16: VEN | B16: 2005 | C16: 66.24 | D16: 36.4 | E16: 0.26 | F16: 0 | G16: 0 | H16: -0.58 | I16: 105.38
A17: VEN | B17: 2006 | C17: 67.94 | D17: 39.77 | E17: 0.26 | F17: 0 | G17: 0 | H17: -0.55 | I17: 110.42
A18: VEN | B18: 2007 | C18: 68.02 | D18: 42.58 | E18: 0.29 | F18: 0 | G18: 0 | H18: -0.54 | I18: 114.21
A19: VEN | B19: 2008 | C19: 70.07 | D19: 43.22 | E19: 0.28 | F19: 0 | G19: 0.1 | H19: -0.57 | I19: 119.3
A20: VEN | B20: 2009 | C20: 71.26 | D20: 44.92 | E20: 0.29 | F20: 0 | G20: 0.26 | H20: -0.63 | I20: 119.58
A21: VEN | B21: 2010 | C21: 62.67 | D21: 44.55 | E21: 0.28 | F21: 0 | G21: 0 | H21: -0.46 | I21: 113.77
A22: VEN | B22: 2011 | C22: 65.22 | D22: 46.49 | E22: 0.29 | F22: 0 | G22: 0.24 | H22: -0.73 | I22: 117.96
... A33: VEN | B33: 2022 | C33: 43.44 | D33: 30.78 | E33: 0.16 | F33: 0 | G33: 0 | H33: -0.64 | I33: 82.42

Sheet ar6_r10
A9: AR6 Scenario Drivers
A10: Category | B10: Region | C10: Year | D10: count | E10: mean | F10: median | G10: std | H10: min | I10: max | J10: q25 | K10: q75 | L10: category_description | M10: attribute
A11: C1 | B11: R10LATIN_AM | C11: 2020 | D11: 60 | E11: 5.67 | F11: 0.55 | G11: 7.11 | H11: 0 | I11: 17.35 | J11: 0 | K11: 13.55 | L11: Limit warming to 1.5°C (>50%) with no or limited overshoot | M11: CO2 price
A12: C1 | B12: R10LATIN_AM | C12: 2025 | D12: 60 | E12: 165.38 | F12: 153.36 | G12: 124.95 | H12: 1.73 | I12: 626.48 | J12: 108.64 | K12: 200.87 | L12: Limit warming to 1.5°C (>50%) with no or limited overshoot | M12: CO2 price
A13: C1 | B13: R10LATIN_AM | C13: 2030 | D13: 60 | E13: 234.48 | F13: 220.73 | G13: 112.04 | H13: 21.58 | I13: 673.46 | J13: 173.6 | K13: 252.97 | L13: Limit warming to 1.5°C (>50%) with no or limited overshoot | M13: CO2 price
A14: C1 | B14: R10LATIN_AM | C14: 2035 | D14: 60 | E14: 322.99 | F14: 286.86 | G14: 152.29 | H14: 0 | I14: 859.53 | J14: 236.35 | K14: 439.44 | L14: Limit warming to 1.5°C (>50%) with no or limited overshoot | M14: CO2 price
A15: C1 | B15: R10LATIN_AM | C15: 2040 | D15: 60 | E15: 431.53 | F15: 360.55 | G15: 207.19 | H15: 162.1 | I15: 1097.01 | J15: 289.44 | K15: 573.35 | L15: Limit warming to 1.5°C (>50%) with no or limited overshoot | M15: CO2 price
A16: C1 | B16: R10LATIN_AM | C16: 2045 | D16: 60 | E16: 534.47 | F16: 471.06 | G16: 243.62 | H16: 193.42 | I16: 1269.88 | J16: 352.78 | K16: 713.93 | L16: Limit warming to 1.5°C (>50%) with no or limited overshoot | M16: CO2 price
A17: C1 | B17: R10LATIN_AM | C17: 2050 | D17: 60 | E17: 624.12 | F17: 581.75 | G17: 257.63 | H17: 209.76 | I17: 1170.26 | J17: 409.79 | K17: 771.78 | L17: Limit warming to 1.5°C (>50%) with no or limited overshoot | M17: CO2 price
A18: C2 | B18: R10LATIN_AM | C18: 2020 | D18: 86 | E18: 2.57 | F18: 0 | G18: 5.21 | H18: 0 | I18: 17.25 | J18: 0 | K18: 0.95 | L18: Limit warming to 1.5°C (>67%) with high overshoot | M18: CO2 price
A19: C2 | B19: R10LATIN_AM | C19: 2025 | D19: 75 | E19: 47.44 | F19: 28.56 | G19: 42.96 | H19: 0 | I19: 174.97 | J19: 22.45 | K19: 61.4 | L19: Limit warming to 1.5°C (>67%) with high overshoot | M19: CO2 price
A20: C2 | B20: R10LATIN_AM | C20: 2030 | D20: 86 | E20: 66.05 | F20: 57.59 | G20: 49.35 | H20: 0 | I20: 221.93 | J20: 28.65 | K20: 83.92 | L20: Limit warming to 1.5°C (>67%) with high overshoot | M20: CO2 price
A21: C2 | B21: R10LATIN_AM | C21: 2035 | D21: 75 | E21: 198.06 | F21: 135.74 | G21: 296.93 | H21: -204.26 | I21: 2037.12 | J21: 87.23 | K21: 201.85 | L21: Limit warming to 1.5°C (>67%) with high overshoot | M21: CO2 price
A22: C2 | B22: R10LATIN_AM | C22: 2040 | D22: 86 | E22: 249.05 | F22: 169.66 | G22: 359.66 | H22: 0 | I22: 2600 | J22: 111.56 | K22: 257.75 | L22: Limit warming to 1.5°C (>67%) with high overshoot | M22: CO2 price
... A221: C1 | B221: R10LATIN_AM | C221: 2020 | D221: 35 | E221: 1 | F221: 1 | G221: 0 | H221: 1 | I221: 1 | J221: 1 | K221: 1 | L221: Limit warming to 1.5°C (>50%) with no or limited overshoot | M221: Gas price
A222: C1 | B222: R10LATIN_AM | C222: 2025 | D222: 37 | E222: 65535 | F222: 1.93 | H222: 1.26 | I222: 65535 | J222: 1.7 | K222: 2.38 | L222: Limit warming to 1.5°C (>50%) with no or limited overshoot | M222: Gas price
A223: C1 | B223: R10LATIN_AM | C223: 2030 | D223: 37 | E223: 65535 | F223: 2.65 | H223: 1.63 | I223: 65535 | J223: 2.34 | K223: 3.32 | L223: Limit warming to 1.5°C (>50%) with no or limited overshoot | M223: Gas price
A224: C1 | B224: R10LATIN_AM | C224: 2035 | D224: 37 | E224: 65535 | F224: 3.13 | H224: 1.95 | I224: 65535 | J224: 2.48 | K224: 4.02 | L224: Limit warming to 1.5°C (>50%) with no or limited overshoot | M224: Gas price
A225: C1 | B225: R10LATIN_AM | C225: 2040 | D225: 37 | E225: 65535 | F225: 3.66 | H225: 2.43 | I225: 65535 | J225: 2.98 | K225: 4.33 | L225: Limit warming to 1.5°C (>50%) with no or limited overshoot | M225: Gas price
A226: C1 | B226: R10LATIN_AM | C226: 2045 | D226: 37 | E226: 65535 | F226: 3.74 | H226: 2.45 | I226: 65535 | J226: 3.23 | K226: 4.96 | L226: Limit warming to 1.5°C (>50%) with no or limited overshoot | M226: Gas price
A227: C1 | B227: R10LATIN_AM | C227: 2050 | D227: 37 | E227: 65535 | F227: 3.74 | H227: 2.21 | I227: 65535 | J227: 3.22 | K227: 4.2 | L227: Limit warming to 1.5°C (>50%) with no or limited overshoot | M227: Gas price
A228: C2 | B228: R10LATIN_AM | C228: 2020 | D228: 43 | E228: 1 | F228: 1 | G228: 0 | H228: 1 | I228: 1 | J228: 1 | K228: 1 | L228: Limit warming to 1.5°C (>67%) with high overshoot | M228: Gas price
A229: C2 | B229: R10LATIN_AM | C229: 2025 | D229: 43 | E229: 1.25 | F229: 1.17 | G229: 0.19 | H229: 1.04 | I229: 1.83 | J229: 1.13 | K229: 1.28 | L229: Limit warming to 1.5°C (>67%) with high overshoot | M229: Gas price
A230: C2 | B230: R10LATIN_AM | C230: 2030 | D230: 43 | E230: 1.59 | F230: 1.56 | G230: 0.32 | H230: 1.05 | I230: 2.39 | J230: 1.34 | K230: 1.77 | L230: Limit warming to 1.5°C (>67%) with high overshoot | M230: Gas price
A231: C2 | B231: R10LATIN_AM | C231: 2035 | D231: 43 | E231: 2.72 | F231: 2.15 | G231: 2.08 | H231: 1.05 | I231: 10.54 | J231: 1.84 | K231: 2.47 | L231: Limit warming to 1.5°C (>67%) with high overshoot | M231: Gas price
A232: C2 | B232: R10LATIN_AM | C232: 2040 | D232: 43 | E232: 3.74 | F232: 2.7 | G232: 3.88 | H232: 1.04 | I232: 18.89 | J232: 2.05 | K232: 3.02 | L232: Limit warming to 1.5°C (>67%) with high overshoot | M232: Gas price
A233: C2 | B233: R10LATIN_AM | C233: 2045 | D233: 43 | E233: 3.42 | F233: 2.8 | G233: 1.73 | H233: 1.1 | I233: 10.94 | J233: 2.56 | K233: 3.85 | L233: Limit warming to 1.5°C (>67%) with high overshoot | M233: Gas price
A234: C2 | B234: R10LATIN_AM | C234: 2050 | D234: 43 | E234: 3.32 | F234: 2.92 | G234: 1.23 | H234: 1.2 | I234: 8.44 | J234: 2.7 | K234: 3.67 | L234: Limit warming to 1.5°C (>67%) with high overshoot | M234: Gas price
A235: C3 | B235: R10LATIN_AM | C235: 2020 | D235: 113 | E235: 1 | F235: 1 | G235: 0 | H235: 1 | I235: 1 | J235: 1 | K235: 1 | L235: Limit warming to 2°C (>67%) with higher action post-2030 | M235: Gas price
A236: C3 | B236: R10LATIN_AM | C236: 2025 | D236: 113 | E236: 1.38 | F236: 1.33 | G236: 0.3 | H236: 1.02 | I236: 2.65 | J236: 1.2 | K236: 1.41 | L236: Limit warming to 2°C (>67%) with higher action post-2030 | M236: Gas price
A237: C3 | B237: R10LATIN_AM | C237: 2030 | D237: 113 | E237: 1.78 | F237: 1.71 | G237: 0.49 | H237: 1.05 | I237: 3.7 | J237: 1.44 | K237: 2.04 | L237: Limit warming to 2°C (>67%) with higher action post-2030 | M237: Gas price
A238: C3 | B238: R10LATIN_AM | C238: 2035 | D238: 113 | E238: 2.22 | F238: 1.89 | G238: 0.9 | H238: 1.05 | I238: 7.88 | J238: 1.64 | K238: 2.71 | L238: Limit warming to 2°C (>67%) with higher action post-2030 | M238: Gas price
A239: C3 | B239: R10LATIN_AM | C239: 2040 | D239: 113 | E239: 2.73 | F239: 2.4 | G239: 1.19 | H239: 1.06 | I239: 8.68 | J239: 1.86 | K239: 3.31 | L239: Limit warming to 2°C (>67%) with higher action post-2030 | M239: Gas price
... A360: C7 | B360: R10LATIN_AM | C360: 2050 | D360: 10 | E360: 0.96 | F360: 0.87 | G360: 0.2 | H360: 0.76 | I360: 1.36 | J360: 0.79 | K360: 1.07 | L360: Likely above 3°C warming with limited mitigation | M360: Biomass price

Sheet ev_charging_uc
A10: =IFERROR(Veda!D5,"ts_12t") -> ts_annual | C10: day_night | D10: ts_012 | F10: day_night | G10: ts_048 | I10: day_night | J10: ts_annual | L10: day_night | M10: ts_12t
C11: D | D11: S03aH02,S02aH02,S04aH02,S01aH02 | F11: D | G11: S01aH03,S05aH02,S05aH03,S08aH02,S05aH04,S06aH02,S06aH03,S02aH04,S02aH05,S04aH02,S01aH02,S04aH04,S03aH04,S08aH05,S03aH02,S07aH05,S02aH03,S07aH03,S01aH05,S06aH05,S01aH04,S07aH02,S04aH05,S03aH03,S03aH05,S05aH05,S06aH04,S08aH04,S02aH02,S04aH03,S07aH04,S08aH03 | I11: D | J11: AllSaAllH | L11: D | M11: RaP,WaP,SaD,FaD,WaD,FaP,SaP,RaD
C12: N | D12: S02aH03,S01aH03,S02aH01,S03aH01,S03aH03,S01aH01,S04aH01,S04aH03 | F12: N | G12: S06aH01,S01aH06,S07aH01,S08aH06,S02aH06,S03aH06,S05aH01,S07aH06,S01aH01,S04aH01,S04aH06,S08aH01,S06aH06,S03aH01,S02aH01,S05aH06 | I12: N | J12: AllSaAllH | L12: N | M12: WaP,RaN,FaP,SaP,RaP,SaN,WaN,FaN
I17: 0.75 | K17: share of charging at night
C18: ~UC_Sets: R_E: AllRegions
H21: =IF(H23=H24,"Not Required!","~UC_T: LO") -> Not Required!
C22: UC_N | D22: Pset_CI | E22: Pset_CO | F22: pset_pn | G22: Cset_CN | H22: TimeSlice | I22: UC_FLO | J22: UC_RHSRT | K22: UC_RHSRT~0
C23: UC_bev night chg limit | D23: ELC | E23: =G23 -> AuxStoIN | F23: *EV* | G23: AuxStoIN | H23: =HLOOKUP($A$10,$D$10:$CU$12,3,FALSE) -> AllSaAllH | I23: =1+I24 -> 0.25 | J23: 0 | K23: 3 | M23: night
D24: ELC | E24: =G24 -> AuxStoIN | F24: *EV* | G24: AuxStoIN | H24: =HLOOKUP($A$10,$D$10:$CU$12,2,FALSE) -> AllSaAllH | I24: =-$I$17 -> -0.75 | M24: day

Sheet ts_012
C9: =IF(A11="x","DeActivated","~TimeSlices") -> DeActivated | I9: =IF(A11="x","DeActivated","~TFM_DINS-AT") -> DeActivated | N9: =IF(A11="x","DeActivated","~TFM_DINS-AT") -> DeActivated | S9: =IF(A11="x","DeActivated","~TFM_DINS-AT") -> DeActivated | X9: =IF(A11="x","DeActivated","~TFM_DINS-AT") -> DeActivated | AC9: =IF(A11="x","DeActivated","~TFM_DINS-AT") -> DeActivated | AG9: =IF(A11="x","DeActivated","~TFM_DINS-AT") -> DeActivated | AK9: =IF(A11="x","DeActivated","~TFM_INS-AT") -> DeActivated
A10: ts_012 | C10: season | D10: weekly | E10: daynite | F10: wparent | G10: dparent | I10: commodity | J10: timeslice | K10: com_fr | L10: process | N10: commodity | O10: timeslice | P10: com_fr | Q10: process | S10: commodity | T10: timeslice | U10: com_fr | V10: process | X10: g_yrfr | Y10: com_fr | Z10: timeslice | AA10: commodity | AC10: commodity | AD10: timeslice | AE10: com_fr | AG10: commodity | AH10: timeslice | AI10: com_pkflx | AK10: Year | AL10: timeslice | AM10: ncap_afs | AN10: pset_ci
A11: =IFERROR(IF(Veda!D5=A10,"ok","x"),"") -> x | C11: S01 | D11: a | E11: H01 | F11: S01,S02,S03,S04 | G11: a | I11: elc_spv_001 | J11: S01aH01 | K11: 0.024357216 | L11: IMPNRGZ | N11: elc_won_001 | O11: S01aH01 | P11: 0.23316484 | Q11: IMPNRGZ | S11: elc_wof_001 | T11: S01aH01 | U11: 0.072747674 | V11: IMPNRGZ | X11: 0.067351598 | Y11: 0.046996992 | Z11: S01aH01 | AA11: elc_roadtransport | AC11: elc_buildings | AD11: S01aH01 | AE11: 0.05742054 | AG11: ELC | AH11: S01aH01 | AI11: 0.20529178 | AK11: 2025 | AL11: S01 | AM11: 0.3766 | AN11: hydro
C12: S02 | E12: H02 | G12: a | I12: elc_spv_001 | J12: S01aH02 | K12: 0.13843284 | L12: IMPNRGZ | N12: elc_won_001 | O12: S01aH02 | P12: 0.1445897 | Q12: IMPNRGZ | S12: elc_wof_001 | T12: S01aH02 | U12: 0.062156649 | V12: IMPNRGZ | X12: 0.053881279 | Y12: 0.079051952 | Z12: S01aH02 | AA12: elc_roadtransport | AC12: elc_buildings | AD12: S01aH02 | AE12: 0.047677271 | AG12: ELC | AH12: S01aH02 | AI12: 0.14839769 | AK12: 2025 | AL12: S02 | AM12: 0.31056667 | AN12: hydro
C13: S03 | E13: H03 | G13: a | I13: elc_spv_001 | J13: S01aH03 | K13: 0.0091490199 | L13: IMPNRGZ | N13: elc_won_001 | O13: S01aH03 | P13: 0.08968593 | Q13: IMPNRGZ | S13: elc_wof_001 | T13: S01aH03 | U13: 0.049717287 | V13: IMPNRGZ | X13: 0.040410959 | Y13: 0.035594892 | Z13: S01aH03 | AA13: elc_roadtransport | AC13: elc_buildings | AD13: S01aH03 | AE13: 0.037570869 | AG13: ELC | AH13: S01aH03 | AI13: 0.13828823 | AK13: 2025 | AL13: S03 | AM13: 0.31893333 | AN13: hydro
C14: S04 | I14: elc_spv_001 | J14: S02aH01 | K14: 0.042698711 | L14: IMPNRGZ | N14: elc_won_001 | O14: S02aH01 | P14: 0.037157215 | Q14: IMPNRGZ | S14: elc_wof_001 | T14: S02aH01 | U14: 0.10656041 | V14: IMPNRGZ | X14: 0.10502283 | Y14: 0.073283445 | Z14: S02aH01 | AA14: elc_roadtransport | AC14: elc_buildings | AD14: S02aH01 | AE14: 0.098389354 | AG14: ELC | AH14: S02aH01 | AI14: 0.24392052 | AK14: 2025 | AL14: S04 | AM14: 0.3453 | AN14: hydro
I15: elc_spv_001 | J15: S02aH02 | K15: 0.19898295 | L15: IMPNRGZ | N15: elc_won_001 | O15: S02aH02 | P15: 0.016040733 | Q15: IMPNRGZ | S15: elc_wof_001 | T15: S02aH02 | U15: 0.089547318 | V15: IMPNRGZ | X15: 0.084018265 | Y15: 0.12326745 | Z15: S02aH02 | AA15: elc_roadtransport | AC15: elc_buildings | AD15: S02aH02 | AE15: 0.083316202 | AG15: ELC | AH15: S02aH02 | AI15: 0.27400378 | AK15: 2026 | AL15: S01 | AM15: 0.40475 | AN15: hydro
I16: elc_spv_001 | J16: S02aH03 | K16: 0.009518131 | L16: IMPNRGZ | N16: elc_won_001 | O16: S02aH03 | P16: 0.028161513 | Q16: IMPNRGZ | S16: elc_wof_001 | T16: S02aH03 | U16: 0.072604059 | V16: IMPNRGZ | X16: 0.063013699 | Y16: 0.055503899 | Z16: S02aH03 | AA16: elc_roadtransport | AC16: elc_buildings | AD16: S02aH03 | AE16: 0.069324353 | AG16: ELC | AH16: S02aH03 | AI16: 0.20107454 | AK16: 2026 | AL16: S02 | AM16: 0.32743333 | AN16: hydro
I17: elc_spv_001 | J17: S03aH01 | K17: 0.082220009 | L17: IMPNRGZ | N17: elc_won_001 | O17: S03aH01 | P17: 0.10361223 | Q17: IMPNRGZ | S17: elc_wof_001 | T17: S03aH01 | U17: 0.18636946 | V17: IMPNRGZ | X17: 0.20890411 | Y17: 0.14577033 | Z17: S03aH01 | AA17: elc_roadtransport | AC17: elc_buildings | AD17: S03aH01 | AE17: 0.20614562 | AG17: ELC | AH17: S03aH01 | AI17: 0.23725338 | AK17: 2026 | AL17: S03 | AM17: 0.32223333 | AN17: hydro
I18: elc_spv_001 | J18: S03aH02 | K18: 0.39387057 | L18: IMPNRGZ | N18: elc_won_001 | O18: S03aH02 | P18: 0.058489084 | Q18: IMPNRGZ | S18: elc_wof_001 | T18: S03aH02 | U18: 0.14901369 | V18: IMPNRGZ | X18: 0.16712329 | Y18: 0.24519504 | Z18: S03aH02 | AA18: elc_roadtransport | AC18: elc_buildings | AD18: S03aH02 | AE18: 0.17591403 | AG18: ELC | AH18: S03aH02 | AI18: 0.25018954 | AK18: 2026 | AL18: S04 | AM18: 0.3731 | AN18: hydro
I19: elc_spv_001 | J19: S03aH03 | K19: 0.017458887 | L19: IMPNRGZ | N19: elc_won_001 | O19: S03aH03 | P19: 0.043974194 | Q19: IMPNRGZ | S19: elc_wof_001 | T19: S03aH03 | U19: 0.1273791 | V19: IMPNRGZ | X19: 0.12534247 | Y19: 0.11040449 | Z19: S03aH03 | AA19: elc_roadtransport | AC19: elc_buildings | AD19: S03aH03 | AE19: 0.14952849 | AG19: ELC | AH19: S03aH03 | AI19: 0.14740177 | AK19: 2027 | AL19: S01 | AM19: 0.3983 | AN19: hydro
I20: elc_spv_001 | J20: S04aH01 | K20: 0.013599298 | L20: IMPNRGZ | N20: elc_won_001 | O20: S04aH01 | P20: 0.11852796 | Q20: IMPNRGZ | S20: elc_wof_001 | T20: S04aH01 | U20: 0.032706514 | V20: IMPNRGZ | X20: 0.035388128 | Y20: 0.024693335 | Z20: S04aH01 | AA20: elc_roadtransport | AC20: elc_buildings | AD20: S04aH01 | AE20: 0.030028692 | AG20: ELC | AH20: S04aH01 | AI20: 0.20500542 | AK20: 2027 | AL20: S02 | AM20: 0.29833333 | AN20: hydro
I21: elc_spv_001 | J21: S04aH02 | K21: 0.065773791 | L21: IMPNRGZ | N21: elc_won_001 | O21: S04aH02 | P21: 0.07983088 | Q21: IMPNRGZ | S21: elc_wof_001 | T21: S04aH02 | U21: 0.02796684 | V21: IMPNRGZ | X21: 0.028310502 | Y21: 0.041535771 | Z21: S04aH02 | AA21: elc_roadtransport | AC21: elc_buildings | AD21: S04aH02 | AE21: 0.024935203 | AG21: ELC | AH21: S04aH02 | AI21: 0.14997272 | AK21: 2027 | AL21: S03 | AM21: 0.3083 | AN21: hydro
I22: elc_spv_001 | J22: S04aH03 | K22: 0.0039385718 | L22: IMPNRGZ | N22: elc_won_001 | O22: S04aH03 | P22: 0.046765715 | Q22: IMPNRGZ | S22: elc_wof_001 | T22: S04aH03 | U22: 0.023230995 | V22: IMPNRGZ | X22: 0.021232877 | Y22: 0.018702401 | Z22: S04aH03 | AA22: elc_roadtransport | AC22: elc_buildings | AD22: S04aH03 | AE22: 0.019749378 | AG22: ELC | AH22: S04aH03 | AI22: 0.1343314 | AK22: 2027 | AL22: S04 | AM22: 0.3556 | AN22: hydro
I23: elc_spv_002 | J23: S01aH01 | K23: 0.024313103 | L23: IMPNRGZ | N23: elc_won_002 | O23: S01aH01 | P23: 0.2355826 | Q23: IMPNRGZ | S23: elc_wof_002 | T23: S01aH01 | U23: 0.059417292 | V23: IMPNRGZ | AC23: elc_industry | AD23: S01aH01 | AE23: 0.067168532 | AK23: 2028 | AL23: S01 | AM23: 0.42925 | AN23: hydro
I24: elc_spv_002 | J24: S01aH02 | K24: 0.12871792 | L24: IMPNRGZ | N24: elc_won_002 | O24: S01aH02 | P24: 0.13834514 | Q24: IMPNRGZ | S24: elc_wof_002 | T24: S01aH02 | U24: 0.090288361 | V24: IMPNRGZ | AC24: elc_industry | AD24: S01aH02 | AE24: 0.053849087 | AK24: 2028 | AL24: S02 | AM24: 0.3661 | AN24: hydro
I25: elc_spv_002 | J25: S01aH03 | K25: 0.0079708021 | L25: IMPNRGZ | N25: elc_won_002 | O25: S01aH03 | P25: 0.080241419 | Q25: IMPNRGZ | S25: elc_wof_002 | T25: S01aH03 | U25: 0.058292999 | V25: IMPNRGZ | AC25: elc_industry | AD25: S01aH03 | AE25: 0.040505809 | AK25: 2028 | AL25: S03 | AM25: 0.36876667 | AN25: hydro
I26: elc_spv_002 | J26: S02aH01 | K26: 0.038963415 | L26: IMPNRGZ | N26: elc_won_002 | O26: S02aH01 | P26: 0.068384983 | Q26: IMPNRGZ | S26: elc_wof_002 | T26: S02aH01 | U26: 0.086727458 | V26: IMPNRGZ | AC26: elc_industry | AD26: S02aH01 | AE26: 0.10461275 | AK26: 2028 | AL26: S04 | AM26: 0.4614 | AN26: hydro
I27: elc_spv_002 | J27: S02aH02 | K27: 0.19350473 | L27: IMPNRGZ | N27: elc_won_002 | O27: S02aH02 | P27: 0.026794345 | Q27: IMPNRGZ | S27: elc_wof_002 | T27: S02aH02 | U27: 0.1152708 | V27: IMPNRGZ | AC27: elc_industry | AD27: S02aH02 | AE27: 0.083992439 | AK27: 2029 | AL27: S01 | AM27: 0.42055 | AN27: hydro
I28: elc_spv_002 | J28: S02aH03 | K28: 0.0099635924 | L28: IMPNRGZ | N28: elc_won_002 | O28: S02aH03 | P28: 0.035674325 | Q28: IMPNRGZ | S28: elc_wof_002 | T28: S02aH03 | U28: 0.080812496 | V28: IMPNRGZ | AC28: elc_industry | AD28: S02aH03 | AE28: 0.063443098 | AK28: 2029 | AL28: S02 | AM28: 0.3669 | AN28: hydro
I29: elc_spv_002 | J29: S03aH01 | K29: 0.095750646 | L29: IMPNRGZ | N29: elc_won_002 | O29: S03aH01 | P29: 0.10343798 | Q29: IMPNRGZ | S29: elc_wof_002 | T29: S03aH01 | U29: 0.1203907 | V29: IMPNRGZ | AC29: elc_industry | AD29: S03aH01 | AE29: 0.20797653 | AK29: 2029 | AL29: S03 | AM29: 0.38345 | AN29: hydro
I30: elc_spv_002 | J30: S03aH02 | K30: 0.40476141 | L30: IMPNRGZ | N30: elc_won_002 | O30: S03aH02 | P30: 0.052778895 | Q30: IMPNRGZ | S30: elc_wof_002 | T30: S03aH02 | U30: 0.18046963 | V30: IMPNRGZ | AC30: elc_industry | AD30: S03aH02 | AE30: 0.16710306 | AK30: 2029 | AL30: S04 | AM30: 0.4309 | AN30: hydro
I31: elc_spv_002 | J31: S03aH03 | K31: 0.018004185 | L31: IMPNRGZ | N31: elc_won_002 | O31: S03aH03 | P31: 0.041955461 | Q31: IMPNRGZ | S31: elc_wof_002 | T31: S03aH03 | U31: 0.12996456 | V31: IMPNRGZ | AC31: elc_industry | AD31: S03aH03 | AE31: 0.12648203 | AK31: 2030 | AL31: S01 | AM31: 0.4233 | AN31: hydro
I32: elc_spv_002 | J32: S04aH01 | K32: 0.012418543 | L32: IMPNRGZ | N32: elc_won_002 | O32: S04aH01 | P32: 0.10200763 | Q32: IMPNRGZ | S32: elc_wof_002 | T32: S04aH01 | U32: 0.02120905 | V32: IMPNRGZ | AC32: elc_industry | AD32: S04aH01 | AE32: 0.03528879 | AK32: 2030 | AL32: S02 | AM32: 0.34406667 | AN32: hydro
I33: elc_spv_002 | J33: S04aH02 | K33: 0.062393112 | L33: IMPNRGZ | N33: elc_won_002 | O33: S04aH02 | P33: 0.070585504 | Q33: IMPNRGZ | S33: elc_wof_002 | T33: S04aH02 | U33: 0.035504382 | V33: IMPNRGZ | AC33: elc_industry | AD33: S04aH02 | AE33: 0.028290909 | AK33: 2030 | AL33: S03 | AM33: 0.37698333 | AN33: hydro
I34: elc_spv_002 | J34: S04aH03 | K34: 0.0032385463 | L34: IMPNRGZ | N34: elc_won_002 | O34: S04aH03 | P34: 0.044211723 | Q34: IMPNRGZ | S34: elc_wof_002 | T34: S04aH03 | U34: 0.021652278 | V34: IMPNRGZ | AC34: elc_industry | AD34: S04aH03 | AE34: 0.021286967 | AK34: 2030 | AL34: S04 | AM34: 0.471 | AN34: hydro
I35: elc_spv_003 | J35: S01aH01 | K35: 0.030760723 | L35: IMPNRGZ | N35: elc_won_003 | O35: S01aH01 | P35: 0.098835476 | Q35: IMPNRGZ | S35: elc_wof_003 | T35: S01aH01 | U35: 0.084879672 | V35: IMPNRGZ | AK35: 2031 | AL35: S01 | AM35: 0.44945 | AN35: hydro
I36: elc_spv_003 | J36: S01aH02 | K36: 0.12974924 | L36: IMPNRGZ | N36: elc_won_003 | O36: S01aH02 | P36: 0.088675659 | Q36: IMPNRGZ | S36: elc_wof_003 | T36: S01aH02 | U36: 0.073452456 | V36: IMPNRGZ | AK36: 2031 | AL36: S02 | AM36: 0.35076667 | AN36: hydro
I37: elc_spv_003 | J37: S01aH03 | K37: 0.0072724992 | L37: IMPNRGZ | N37: elc_won_003 | O37: S01aH03 | P37: 0.091050104 | Q37: IMPNRGZ | S37: elc_wof_003 | T37: S01aH03 | U37: 0.05672839 | V37: IMPNRGZ | AK37: 2031 | AL37: S03 | AM37: 0.37016667 | AN37: hydro
I38: elc_spv_003 | J38: S02aH01 | K38: 0.044851141 | L38: IMPNRGZ | N38: elc_won_003 | O38: S02aH01 | P38: 0.10920484 | Q38: IMPNRGZ | S38: elc_wof_003 | T38: S02aH01 | U38: 0.1164213 | V38: IMPNRGZ | AK38: 2031 | AL38: S04 | AM38: 0.4607 | AN38: hydro
I39: elc_spv_003 | J39: S02aH02 | K39: 0.18841157 | L39: IMPNRGZ | N39: elc_won_003 | O39: S02aH02 | P39: 0.078965094 | Q39: IMPNRGZ | S39: elc_wof_003 | T39: S02aH02 | U39: 0.08960531 | V39: IMPNRGZ | AK39: 2032 | AL39: S01 | AM39: 0.4287 | AN39: hydro
I40: elc_spv_003 | J40: S02aH03 | K40: 0.0089600025 | L40: IMPNRGZ | N40: elc_won_003 | O40: S02aH03 | P40: 0.099646698 | Q40: IMPNRGZ | S40: elc_wof_003 | T40: S02aH03 | U40: 0.075095234 | V40: IMPNRGZ | AK40: 2032 | AL40: S02 | AM40: 0.34626667 | AN40: hydro
I41: elc_spv_003 | J41: S03aH01 | K41: 0.09664789 | L41: IMPNRGZ | N41: elc_won_003 | O41: S03aH01 | P41: 0.12020855 | Q41: IMPNRGZ | S41: elc_wof_003 | T41: S03aH01 | U41: 0.17518074 | V41: IMPNRGZ | AK41: 2032 | AL41: S03 | AM41: 0.37836667 | AN41: hydro
I42: elc_spv_003 | J42: S03aH02 | K42: 0.38786525 | L42: IMPNRGZ | N42: elc_won_003 | O42: S03aH02 | P42: 0.081543148 | Q42: IMPNRGZ | S42: elc_wof_003 | T42: S03aH02 | U42: 0.1228775 | V42: IMPNRGZ | AK42: 2032 | AL42: S04 | AM42: 0.4161 | AN42: hydro
I43: elc_spv_003 | J43: S03aH03 | K43: 0.018600488 | L43: IMPNRGZ | N43: elc_won_003 | O43: S03aH03 | P43: 0.12535034 | Q43: IMPNRGZ | S43: elc_wof_003 | T43: S03aH03 | U43: 0.11332944 | V43: IMPNRGZ | AK43: 2033 | AL43: S01 | AM43: 0.4581 | AN43: hydro
I44: elc_spv_003 | J44: S04aH01 | K44: 0.017794998 | L44: IMPNRGZ | N44: elc_won_003 | O44: S04aH01 | P44: 0.034461168 | Q44: IMPNRGZ | S44: elc_wof_003 | T44: S04aH01 | U44: 0.034875575 | V44: IMPNRGZ | AK44: 2033 | AL44: S02 | AM44: 0.3362 | AN44: hydro
I45: elc_spv_003 | J45: S04aH02 | K45: 0.065595626 | L45: IMPNRGZ | N45: elc_won_003 | O45: S04aH02 | P45: 0.033861402 | Q45: IMPNRGZ | S45: elc_wof_003 | T45: S04aH02 | U45: 0.03137857 | V45: IMPNRGZ | AK45: 2033 | AL45: S03 | AM45: 0.38125 | AN45: hydro
I46: elc_spv_003 | J46: S04aH03 | K46: 0.00349058 | L46: IMPNRGZ | N46: elc_won_003 | O46: S04aH03 | P46: 0.038197516 | Q46: IMPNRGZ | S46: elc_wof_003 | T46: S04aH03 | U46: 0.026175809 | V46: IMPNRGZ | AK46: 2033 | AL46: S04 | AM46: 0.4668 | AN46: hydro
... I114: elc_spv_009 | J114: S03aH02 | K114: 0.3789369 | L114: IMPNRGZ | N114: elc_won_009 | O114: S03aH02 | P114: 0.10005251 | Q114: IMPNRGZ | S114: elc_wof_009 | T114: S03aH02 | U114: 0.078670143 | V114: IMPNRGZ | AK114: 2050 | AL114: S04 | AM114: 0.4675 | AN114: hydro
I115: elc_spv_009 | J115: S03aH03 | K115: 0.010139986 | L115: IMPNRGZ | N115: elc_won_009 | O115: S03aH03 | P115: 0.11502981 | Q115: IMPNRGZ | S115: elc_wof_009 | T115: S03aH03 | U115: 0.13255254 | V115: IMPNRGZ
I116: elc_spv_009 | J116: S04aH01 | K116: 0.018017442 | L116: IMPNRGZ | N116: elc_won_009 | O116: S04aH01 | P116: 0.037009967 | Q116: IMPNRGZ | S116: elc_wof_009 | T116: S04aH01 | U116: 0.036214407 | V116: IMPNRGZ
I117: elc_spv_009 | J117: S04aH02 | K117: 0.064712105 | L117: IMPNRGZ | N117: elc_won_009 | O117: S04aH02 | P117: 0.029960561 | Q117: IMPNRGZ | S117: elc_wof_009 | T117: S04aH02 | U117: 0.029512304 | V117: IMPNRGZ
I118: elc_spv_009 | J118: S04aH03 | K118: 0 | L118: IMPNRGZ | N118: elc_won_009 | O118: S04aH03 | P118: 0.026795205 | Q118: IMPNRGZ | S118: elc_wof_009 | T118: S04aH03 | U118: 0.035371291 | V118: IMPNRGZ
I119: elc_spv_010 | J119: S01aH01 | K119: 0.034277442 | L119: IMPNRGZ | N119: elc_won_010 | O119: S01aH01 | P119: 0.080873082 | Q119: IMPNRGZ | S119: elc_wof_010 | T119: S01aH01 | U119: 0.098308472 | V119: IMPNRGZ
I120: elc_spv_010 | J120: S01aH02 | K120: 0.13436401 | L120: IMPNRGZ | N120: elc_won_010 | O120: S01aH02 | P120: 0.070488296 | Q120: IMPNRGZ | S120: elc_wof_010 | T120: S01aH02 | U120: 0.060869482 | V120: IMPNRGZ
I121: elc_spv_010 | J121: S01aH03 | K121: 0.0047503563 | L121: IMPNRGZ | N121: elc_won_010 | O121: S01aH03 | P121: 0.058595576 | Q121: IMPNRGZ | S121: elc_wof_010 | T121: S01aH03 | U121: 0.054216173 | V121: IMPNRGZ
I122: elc_spv_010 | J122: S02aH01 | K122: 0.045568544 | L122: IMPNRGZ | N122: elc_won_010 | O122: S02aH01 | P122: 0.1236907 | Q122: IMPNRGZ | S122: elc_wof_010 | T122: S02aH01 | U122: 0.098177254 | V122: IMPNRGZ
I123: elc_spv_010 | J123: S02aH02 | K123: 0.18046832 | L123: IMPNRGZ | N123: elc_won_010 | O123: S02aH02 | P123: 0.10326801 | Q123: IMPNRGZ | S123: elc_wof_010 | T123: S02aH02 | U123: 0.060576142 | V123: IMPNRGZ
I124: elc_spv_010 | J124: S02aH03 | K124: 0.0052582359 | L124: IMPNRGZ | N124: elc_won_010 | O124: S02aH03 | P124: 0.096999049 | Q124: IMPNRGZ | S124: elc_wof_010 | T124: S02aH03 | U124: 0.061918635 | V124: IMPNRGZ
I125: elc_spv_010 | J125: S03aH01 | K125: 0.11301071 | L125: IMPNRGZ | N125: elc_won_010 | O125: S03aH01 | P125: 0.14430108 | Q125: IMPNRGZ | S125: elc_wof_010 | T125: S03aH01 | U125: 0.19940747 | V125: IMPNRGZ
I126: elc_spv_010 | J126: S03aH02 | K126: 0.38569689 | L126: IMPNRGZ | N126: elc_won_010 | O126: S03aH02 | P126: 0.10850724 | Q126: IMPNRGZ | S126: elc_wof_010 | T126: S03aH02 | U126: 0.1192704 | V126: IMPNRGZ
... I202: elc_spv_016 | J202: S04aH03 | K202: 0.0011382744 | L202: IMPNRGZ | N202: elc_won_016 | O202: S04aH03 | P202: 0.032266703 | Q202: IMPNRGZ | S202: elc_wof_016 | T202: S04aH03 | U202: 0.030304005 | V202: IMPNRGZ
I203: elc_spv_017 | J203: S01aH01 | K203: 0.044765705 | L203: IMPNRGZ | N203: elc_won_017 | O203: S01aH01 | P203: 0.12920953 | Q203: IMPNRGZ
I204: elc_spv_017 | J204: S01aH02 | K204: 0.15345591 | L204: IMPNRGZ | N204: elc_won_017 | O204: S01aH02 | P204: 0.089995156 | Q204: IMPNRGZ
I205: elc_spv_017 | J205: S01aH03 | K205: 0.0075006203 | L205: IMPNRGZ | N205: elc_won_017 | O205: S01aH03 | P205: 0.071847575 | Q205: IMPNRGZ
I206: elc_spv_017 | J206: S02aH01 | K206: 0.048102465 | L206: IMPNRGZ | N206: elc_won_017 | O206: S02aH01 | P206: 0.17815573 | Q206: IMPNRGZ
I207: elc_spv_017 | J207: S02aH02 | K207: 0.17741118 | L207: IMPNRGZ | N207: elc_won_017 | O207: S02aH02 | P207: 0.095643506 | Q207: IMPNRGZ
I208: elc_spv_017 | J208: S02aH03 | K208: 0.0072744399 | L208: IMPNRGZ | N208: elc_won_017 | O208: S02aH03 | P208: 0.093062259 | Q208: IMPNRGZ
I209: elc_spv_017 | J209: S03aH01 | K209: 0.10543072 | L209: IMPNRGZ | N209: elc_won_017 | O209: S03aH01 | P209: 0.11576974 | Q209: IMPNRGZ
I210: elc_spv_017 | J210: S03aH02 | K210: 0.35167971 | L210: IMPNRGZ | N210: elc_won_017 | O210: S03aH02 | P210: 0.049460078 | Q210: IMPNRGZ
I211: elc_spv_017 | J211: S03aH03 | K211: 0.0073572555 | L211: IMPNRGZ | N211: elc_won_017 | O211: S03aH03 | P211: 0.061269571 | Q211: IMPNRGZ
I212: elc_spv_017 | J212: S04aH01 | K212: 0.023498443 | L212: IMPNRGZ | N212: elc_won_017 | O212: S04aH01 | P212: 0.047773424 | Q212: IMPNRGZ
I213: elc_spv_017 | J213: S04aH02 | K213: 0.073523546 | L213: IMPNRGZ | N213: elc_won_017 | O213: S04aH02 | P213: 0.038807747 | Q213: IMPNRGZ
I214: elc_spv_017 | J214: S04aH03 | K214: 0 | L214: IMPNRGZ | N214: elc_won_017 | O214: S04aH03 | P214: 0.029005682 | Q214: IMPNRGZ
... I250: elc_spv_020 | J250: S04aH03 | K250: 0 | L250: IMPNRGZ | N250: elc_won_020 | O250: S04aH03 | P250: 0.021403873 | Q250: IMPNRGZ
I251: elc_spv_021 | J251: S01aH01 | K251: 0.045726011 | L251: IMPNRGZ
I252: elc_spv_021 | J252: S01aH02 | K252: 0.12383471 | L252: IMPNRGZ
I253: elc_spv_021 | J253: S01aH03 | K253: 0 | L253: IMPNRGZ
I254: elc_spv_021 | J254: S02aH01 | K254: 0.066315417 | L254: IMPNRGZ
I255: elc_spv_021 | J255: S02aH02 | K255: 0.18866258 | L255: IMPNRGZ
I256: elc_spv_021 | J256: S02aH03 | K256: 0.0010369772 | L256: IMPNRGZ
I257: elc_spv_021 | J257: S03aH01 | K257: 0.13226502 | L257: IMPNRGZ
I258: elc_spv_021 | J258: S03aH02 | K258: 0.35460366 | L258: IMPNRGZ
I259: elc_spv_021 | J259: S03aH03 | K259: 0.0057584334 | L259: IMPNRGZ
I260: elc_spv_021 | J260: S04aH01 | K260: 0.022097058 | L260: IMPNRGZ
I261: elc_spv_021 | J261: S04aH02 | K261: 0.059700137 | L261: IMPNRGZ
I262: elc_spv_021 | J262: S04aH03 | K262: 0 | L262: IMPNRGZ
... I406: elc_spv_033 | J406: S04aH03 | K406: 0 | L406: IMPNRGZ

Sheet ts_048
C9: =IF(A11="x","DeActivated","~TimeSlices") -> DeActivated | I9: =IF(A11="x","DeActivated","~TFM_DINS-AT") -> DeActivated | N9: =IF(A11="x","DeActivated","~TFM_DINS-AT") -> DeActivated | S9: =IF(A11="x","DeActivated","~TFM_DINS-AT") -> DeActivated | X9: =IF(A11="x","DeActivated","~TFM_DINS-AT") -> DeActivated | AC9: =IF(A11="x","DeActivated","~TFM_DINS-AT") -> DeActivated | AG9: =IF(A11="x","DeActivated","~TFM_DINS-AT") -> DeActivated | AK9: =IF(A11="x","DeActivated","~TFM_INS-AT") -> DeActivated
A10: ts_048 | C10: season | D10: weekly | E10: daynite | F10: wparent | G10: dparent | I10: commodity | J10: timeslice | K10: com_fr | L10: process | N10: commodity | O10: timeslice | P10: com_fr | Q10: process | S10: commodity | T10: timeslice | U10: com_fr | V10: process | X10: g_yrfr | Y10: com_fr | Z10: timeslice | AA10: commodity | AC10: commodity | AD10: timeslice | AE10: com_fr | AG10: commodity | AH10: timeslice | AI10: com_pkflx | AK10: Year | AL10: timeslice | AM10: ncap_afs | AN10: pset_ci
A11: =IFERROR(IF(Veda!D5=A10,"ok","x"),"") -> x | C11: S01 | D11: a | E11: H01 | F11: S01,S02,S03,S04,S05,S06,S07,S08 | G11: a | I11: elc_spv_001 | J11: S01aH01 | K11: 0.0064009278 | L11: IMPNRGZ | N11: elc_won_001 | O11: S01aH01 | P11: 0.13441499 | Q11: IMPNRGZ | S11: elc_wof_001 | T11: S01aH01 | U11: 0.035011851 | V11: IMPNRGZ | X11: 0.031849315 | Y11: 0.020212979 | Z11: S01aH01 | AA11: elc_roadtransport | AC11: elc_buildings | AD11: S01aH01 | AE11: 0.027755784 | AG11: ELC | AH11: S01aH01 | AI11: 0.18918869 | AK11: 2025 | AL11: S01 | AM11: 0.3884 | AN11: hydro
C12: S02 | E12: H02 | G12: a | I12: elc_spv_001 | J12: S01aH02 | K12: 0.0088434826 | L12: IMPNRGZ | N12: elc_won_001 | O12: S01aH02 | P12: 0.020191866 | Q12: IMPNRGZ | S12: elc_wof_001 | T12: S01aH02 | U12: 0.0037824027 | V12: IMPNRGZ | X12: 0.0035388128 | Y12: 0.0044803554 | Z12: S01aH02 | AA12: elc_roadtransport | AC12: elc_buildings | AD12: S01aH02 | AE12: 0.0025720116 | AG12: ELC | AH12: S01aH02 | AI12: 0.010601384 | AK12: 2025 | AL12: S02 | AM12: 0.3648 | AN12: hydro
C13: S03 | E13: H03 | G13: a | I13: elc_spv_001 | J13: S01aH03 | K13: 0.010154199 | L13: IMPNRGZ | N13: elc_won_001 | O13: S01aH03 | P13: 0.018132496 | Q13: IMPNRGZ | S13: elc_wof_001 | T13: S01aH03 | U13: 0.0039151412 | V13: IMPNRGZ | X13: 0.0035388128 | Y13: 0.0043673189 | Z13: S01aH03 | AA13: elc_roadtransport | AC13: elc_buildings | AD13: S01aH03 | AE13: 0.0027593877 | AG13: ELC | AH13: S01aH03 | AI13: 0.01281905 | AK13: 2025 | AL13: S03 | AM13: 0.3707 | AN13: hydro
C14: S04 | E14: H04 | G14: a | I14: elc_spv_001 | J14: S01aH04 | K14: 0.061122282 | L14: IMPNRGZ | N14: elc_won_001 | O14: S01aH04 | P14: 0.061042845 | Q14: IMPNRGZ | S14: elc_wof_001 | T14: S01aH04 | U14: 0.025055355 | V14: IMPNRGZ | X14: 0.021232877 | Y14: 0.030283503 | Z14: S01aH04 | AA14: elc_roadtransport | AC14: elc_buildings | AD14: S01aH04 | AE14: 0.019255604 | AG14: ELC | AH14: S01aH04 | AI14: 0.1309542 | AK14: 2025 | AL14: S04 | AM14: 0.2805 | AN14: hydro
C15: S05 | E15: H05 | G15: a | I15: elc_spv_001 | J15: S01aH05 | K15: 0.0077344626 | L15: IMPNRGZ | N15: elc_won_001 | O15: S01aH05 | P15: 0.0067109422 | Q15: IMPNRGZ | S15: elc_wof_001 | T15: S01aH05 | U15: 0.0041482647 | V15: IMPNRGZ | X15: 0.0035388128 | Y15: 0.0068849497 | Z15: S01aH05 | AA15: elc_roadtransport | AC15: elc_buildings | AD15: S01aH05 | AE15: 0.0032398398 | AG15: ELC | AH15: S01aH05 | AI15: 0.038138927 | AK15: 2025 | AL15: S05 | AM15: 0.281 | AN15: hydro
C16: S06 | E16: H06 | G16: a | I16: elc_spv_001 | J16: S01aH06 | K16: 0.0053759466 | L16: IMPNRGZ | N16: elc_won_001 | O16: S01aH06 | P16: 0.059472607 | Q16: IMPNRGZ | S16: elc_wof_001 | T16: S01aH06 | U16: 0.026386359 | V16: IMPNRGZ | X16: 0.021232877 | Y16: 0.018702401 | Z16: S01aH06 | AA16: elc_roadtransport | AC16: elc_buildings | AD16: S01aH06 | AE16: 0.01998228 | AG16: ELC | AH16: S01aH06 | AI16: 0.12964816 | AK16: 2025 | AL16: S06 | AM16: 0.30985 | AN16: hydro
C17: S07 | I17: elc_spv_001 | J17: S02aH01 | K17: 0.0034976088 | L17: IMPNRGZ | N17: elc_won_001 | O17: S02aH01 | P17: 0.065854716 | Q17: IMPNRGZ | S17: elc_wof_001 | T17: S02aH01 | U17: 0.030611565 | V17: IMPNRGZ | X17: 0.028767123 | Y17: 0.018256885 | Z17: S02aH01 | AA17: elc_roadtransport | AC17: elc_buildings | AD17: S02aH01 | AE17: 0.02478771 | AG17: ELC | AH17: S02aH01 | AI17: 0.19484596 | AK17: 2025 | AL17: S07 | AM17: 0.36595 | AN17: hydro
C18: S08 | I18: elc_spv_001 | J18: S02aH02 | K18: 0.0056151964 | L18: IMPNRGZ | N18: elc_won_001 | O18: S02aH02 | P18: 0.012703268 | Q18: IMPNRGZ | S18: elc_wof_001 | T18: S02aH02 | U18: 0.0033418555 | V18: IMPNRGZ | X18: 0.003196347 | Y18: 0.0040467726 | Z18: S02aH02 | AA18: elc_roadtransport | AC18: elc_buildings | AD18: S02aH02 | AE18: 0.0023050336 | AG18: ELC | AH18: S02aH02 | AI18: 0.0087320577 | AK18: 2025 | AL18: S08 | AM18: 0.3453 | AN18: hydro
I19: elc_spv_001 | J19: S02aH03 | K19: 0.0070671437 | L19: IMPNRGZ | N19: elc_won_001 | O19: S02aH03 | P19: 0.011655641 | Q19: IMPNRGZ | S19: elc_wof_001 | T19: S02aH03 | U19: 0.0034144851 | V19: IMPNRGZ | X19: 0.003196347 | Y19: 0.0039446751 | Z19: S02aH03 | AA19: elc_roadtransport | AC19: elc_buildings | AD19: S02aH03 | AE19: 0.0024812755 | AG19: ELC | AH19: S02aH03 | AI19: 0.014111143 | AK19: 2026 | AL19: S01 | AM19: 0.4063 | AN19: hydro
I20: elc_spv_001 | J20: S02aH04 | K20: 0.046809987 | L20: IMPNRGZ | N20: elc_won_001 | O20: S02aH04 | P20: 0.042495718 | Q20: IMPNRGZ | S20: elc_wof_001 | T20: S02aH04 | U20: 0.021886092 | V20: IMPNRGZ | X20: 0.019178082 | Y20: 0.027352841 | Z20: S02aH04 | AA20: elc_roadtransport | AC20: elc_buildings | AD20: S02aH04 | AE20: 0.017089164 | AG20: ELC | AH20: S02aH04 | AI20: 0.13789922 | AK20: 2026 | AL20: S02 | AM20: 0.4032 | AN20: hydro
I21: elc_spv_001 | J21: S02aH05 | K21: 0.0055447685 | L21: IMPNRGZ | N21: elc_won_001 | O21: S02aH05 | P21: 0.0045520574 | Q21: IMPNRGZ | S21: elc_wof_001 | T21: S02aH05 | U21: 0.0037373116 | V21: IMPNRGZ | X21: 0.003196347 | Y21: 0.0062186643 | Z21: S02aH05 | AA21: elc_roadtransport | AC21: elc_buildings | AD21: S02aH05 | AE21: 0.0028520005 | AG21: ELC | AH21: S02aH05 | AI21: 0.045072574 | AK21: 2026 | AL21: S03 | AM21: 0.3683 | AN21: hydro
I22: elc_spv_001 | J22: S02aH06 | K22: 0.0037730733 | L22: IMPNRGZ | N22: elc_won_001 | O22: S02aH06 | P22: 0.030213324 | Q22: IMPNRGZ | S22: elc_wof_001 | T22: S02aH06 | U22: 0.023330927 | V22: IMPNRGZ | X22: 0.019178082 | Y22: 0.016892491 | Z22: S02aH06 | AA22: elc_roadtransport | AC22: elc_buildings | AD22: S02aH06 | AE22: 0.017588589 | AG22: ELC | AH22: S02aH06 | AI22: 0.1403709 | AK22: 2026 | AL22: S04 | AM22: 0.307 | AN22: hydro
I23: elc_spv_001 | J23: S03aH01 | K23: 0.010640968 | L23: IMPNRGZ | N23: elc_won_001 | O23: S03aH01 | P23: 0.016720685 | Q23: IMPNRGZ | S23: elc_wof_001 | T23: S03aH01 | U23: 0.034997041 | V23: IMPNRGZ | X23: 0.031849315 | Y23: 0.020212979 | Z23: S03aH01 | AA23: elc_roadtransport | AC23: elc_buildings | AD23: S03aH01 | AE23: 0.027867239 | AG23: ELC | AH23: S03aH01 | AI23: 0.20417945 | AK23: 2026 | AL23: S05 | AM23: 0.269 | AN23: hydro
I24: elc_spv_001 | J24: S03aH02 | K24: 0.0092222929 | L24: IMPNRGZ | N24: elc_won_001 | O24: S03aH02 | P24: 0.0022849406 | Q24: IMPNRGZ | S24: elc_wof_001 | T24: S03aH02 | U24: 0.0039240622 | V24: IMPNRGZ | X24: 0.0035388128 | Y24: 0.0044803554 | Z24: S03aH02 | AA24: elc_roadtransport | AC24: elc_buildings | AD24: S03aH02 | AE24: 0.002596116 | AG24: ELC | AH24: S03aH02 | AI24: 0.0050020882 | AK24: 2026 | AL24: S06 | AM24: 0.31925 | AN24: hydro
I25: elc_spv_001 | J25: S03aH03 | K25: 0.010598697 | L25: IMPNRGZ | N25: elc_won_001 | O25: S03aH03 | P25: 0.0020313521 | Q25: IMPNRGZ | S25: elc_wof_001 | T25: S03aH03 | U25: 0.0039528167 | V25: IMPNRGZ | X25: 0.0035388128 | Y25: 0.0043673189 | Z25: S03aH03 | AA25: elc_roadtransport | AC25: elc_buildings | AD25: S03aH03 | AE25: 0.0027765682 | AG25: ELC | AH25: S03aH03 | AI25: 0.0090095943 | AK25: 2026 | AL25: S07 | AM25: 0.37845 | AN25: hydro
I26: elc_spv_001 | J26: S03aH04 | K26: 0.064870929 | L26: IMPNRGZ | N26: elc_won_001 | O26: S03aH04 | P26: 0.0050936432 | Q26: IMPNRGZ | S26: elc_wof_001 | T26: S03aH04 | U26: 0.024907875 | V26: IMPNRGZ | X26: 0.021232877 | Y26: 0.030283503 | Z26: S03aH04 | AA26: elc_roadtransport | AC26: elc_buildings | AD26: S03aH04 | AE26: 0.0193028 | AG26: ELC | AH26: S03aH04 | AI26: 0.11775017 | AK26: 2026 | AL26: S08 | AM26: 0.3731 | AN26: hydro
I27: elc_spv_001 | J27: S03aH05 | K27: 0.0070256512 | L27: IMPNRGZ | N27: elc_won_001 | O27: S03aH05 | P27: 0.00060332171 | Q27: IMPNRGZ | S27: elc_wof_001 | T27: S03aH05 | U27: 0.004253404 | V27: IMPNRGZ | X27: 0.0035388128 | Y27: 0.0068849497 | Z27: S03aH05 | AA27: elc_roadtransport | AC27: elc_buildings | AD27: S03aH05 | AE27: 0.0033755882 | AG27: ELC | AH27: S03aH05 | AI27: 0.045662476 | AK27: 2027 | AL27: S01 | AM27: 0.4034 | AN27: hydro
I28: elc_spv_001 | J28: S03aH06 | K28: 0.0046886388 | L28: IMPNRGZ | N28: elc_won_001 | O28: S03aH06 | P28: 0.012526303 | Q28: IMPNRGZ | S28: elc_wof_001 | T28: S03aH06 | U28: 0.026322826 | V28: IMPNRGZ | X28: 0.021232877 | Y28: 0.018702401 | Z28: S03aH06 | AA28: elc_roadtransport | AC28: elc_buildings | AD28: S03aH06 | AE28: 0.020638392 | AG28: ELC | AH28: S03aH06 | AI28: 0.094882124 | AK28: 2027 | AL28: S02 | AM28: 0.3932 | AN28: hydro
I29: elc_spv_001 | J29: S04aH01 | K29: 0.011575472 | L29: IMPNRGZ | N29: elc_won_001 | O29: S04aH01 | P29: 0.016721341 | Q29: IMPNRGZ | S29: elc_wof_001 | T29: S04aH01 | U29: 0.061177995 | V29: IMPNRGZ | X29: 0.062671233 | Y29: 0.039773927 | Z29: S04aH01 | AA29: elc_roadtransport | AC29: elc_buildings | AD29: S04aH01 | AE29: 0.062244137 | AG29: ELC | AH29: S04aH01 | AI29: 0.19897403 | AK29: 2027 | AL29: S03 | AM29: 0.3216 | AN29: hydro
I30: elc_spv_001 | J30: S04aH02 | K30: 0.011259978 | L30: IMPNRGZ | N30: elc_won_001 | O30: S04aH02 | P30: 0.0014302486 | Q30: IMPNRGZ | S30: elc_wof_001 | T30: S04aH02 | U30: 0.0064613084 | V30: IMPNRGZ | X30: 0.0069634703 | Y30: 0.0088161831 | Z30: S04aH02 | AA30: elc_roadtransport | AC30: elc_buildings | AD30: S04aH02 | AE30: 0.0056818614 | AG30: ELC | AH30: S04aH02 | AI30: 0.056620084 | AK30: 2027 | AL30: S04 | AM30: 0.2867 | AN30: hydro
... I58: elc_spv_001 | J58: S08aH06 | K58: 0.0039385718 | L58: IMPNRGZ | N58: elc_won_001 | O58: S08aH06 | P58: 0.046765715 | Q58: IMPNRGZ | S58: elc_wof_001 | T58: S08aH06 | U58: 0.023230995 | V58: IMPNRGZ | X58: 0.021232877 | Y58: 0.018702401 | Z58: S08aH06 | AA58: elc_roadtransport | AC58: elc_buildings | AD58: S08aH06 | AE58: 0.019749378 | AG58: ELC | AH58: S08aH06 | AI58: 0.1343314 | AK58: 2030 | AL58: S08 | AM58: 0.471 | AN58: hydro
I59: elc_spv_002 | J59: S01aH01 | K59: 0.0076951796 | L59: IMPNRGZ | N59: elc_won_002 | O59: S01aH01 | P59: 0.11589491 | Q59: IMPNRGZ | S59: elc_wof_002 | T59: S01aH01 | U59: 0.026564371 | V59: IMPNRGZ | AC59: elc_industry | AD59: S01aH01 | AE59: 0.031788888 | AK59: 2031 | AL59: S01 | AM59: 0.4597 | AN59: hydro
I60: elc_spv_002 | J60: S01aH02 | K60: 0.0085961324 | L60: IMPNRGZ | N60: elc_won_002 | O60: S01aH02 | P60: 0.017430614 | Q60: IMPNRGZ | S60: elc_wof_002 | T60: S01aH02 | U60: 0.003981662 | V60: IMPNRGZ | AC60: elc_industry | AD60: S01aH02 | AE60: 0.0034984952 | AK60: 2031 | AL60: S02 | AM60: 0.4392 | AN60: hydro
I61: elc_spv_002 | J61: S01aH03 | K61: 0.009609722 | L61: IMPNRGZ | N61: elc_won_002 | O61: S01aH03 | P61: 0.015532995 | Q61: IMPNRGZ | S61: elc_wof_002 | T61: S01aH03 | U61: 0.0046630068 | V61: IMPNRGZ | AC61: elc_industry | AD61: S01aH03 | AE61: 0.0035107939 | AK61: 2031 | AL61: S03 | AM61: 0.3692 | AN61: hydro
I62: elc_spv_002 | J62: S01aH04 | K62: 0.057161808 | L62: IMPNRGZ | N62: elc_won_002 | O62: S01aH04 | P62: 0.05746313 | Q62: IMPNRGZ | S62: elc_wof_002 | T62: S01aH04 | U62: 0.036701048 | V62: IMPNRGZ | AC62: elc_industry | AD62: S01aH04 | AE62: 0.021241934 | AK62: 2031 | AL62: S04 | AM62: 0.34155 | AN62: hydro
I63: elc_spv_002 | J63: S01aH05 | K63: 0.0065795908 | L63: IMPNRGZ | N63: elc_won_002 | O63: S01aH05 | P63: 0.0070044883 | Q63: IMPNRGZ | S63: elc_wof_002 | T63: S01aH05 | U63: 0.0057956586 | V63: IMPNRGZ | AC63: elc_industry | AD63: S01aH05 | AE63: 0.003542329 | AK63: 2031 | AL63: S05 | AM63: 0.30835 | AN63: hydro
I64: elc_spv_002 | J64: S01aH06 | K64: 0.0048033032 | L64: IMPNRGZ | N64: elc_won_002 | O64: S01aH06 | P64: 0.049348778 | Q64: IMPNRGZ | S64: elc_wof_002 | T64: S01aH06 | U64: 0.030605786 | V64: IMPNRGZ | AC64: elc_industry | AD64: S01aH06 | AE64: 0.02128963 | AK64: 2031 | AL64: S06 | AM64: 0.36895 | AN64: hydro
I65: elc_spv_002 | J65: S02aH01 | K65: 0.0033955568 | L65: IMPNRGZ | N65: elc_won_002 | O65: S02aH01 | P65: 0.08862811 | Q65: IMPNRGZ | S65: elc_wof_002 | T65: S02aH01 | U65: 0.024841466 | V65: IMPNRGZ | AC65: elc_industry | AD65: S02aH01 | AE65: 0.028719566 | AK65: 2031 | AL65: S07 | AM65: 0.4332 | AN65: hydro
I66: elc_spv_002 | J66: S02aH02 | K66: 0.004626234 | L66: IMPNRGZ | N66: elc_won_002 | O66: S02aH02 | P66: 0.013628963 | Q66: IMPNRGZ | S66: elc_wof_002 | T66: S02aH02 | U66: 0.0040297929 | V66: IMPNRGZ | AC66: elc_industry | AD66: S02aH02 | AE66: 0.003161582 | AK66: 2031 | AL66: S08 | AM66: 0.4607 | AN66: hydro
I67: elc_spv_002 | J67: S02aH03 | K67: 0.0062198255 | L67: IMPNRGZ | N67: elc_won_002 | O67: S02aH03 | P67: 0.012036086 | Q67: IMPNRGZ | S67: elc_wof_002 | T67: S02aH03 | U67: 0.004467159 | V67: IMPNRGZ | AC67: elc_industry | AD67: S02aH03 | AE67: 0.0031731498 | AK67: 2032 | AL67: S01 | AM67: 0.3998 | AN67: hydro
I68: elc_spv_002 | J68: S02aH04 | K68: 0.043822308 | L68: IMPNRGZ | N68: elc_won_002 | O68: S02aH04 | P68: 0.041706017 | Q68: IMPNRGZ | S68: elc_wof_002 | T68: S02aH04 | U68: 0.033056126 | V68: IMPNRGZ | AC68: elc_industry | AD68: S02aH04 | AE68: 0.019183398 | AK68: 2032 | AL68: S02 | AM68: 0.4576 | AN68: hydro
I69: elc_spv_002 | J69: S02aH05 | K69: 0.0053246634 | L69: IMPNRGZ | N69: elc_won_002 | O69: S02aH05 | P69: 0.0046024267 | Q69: IMPNRGZ | S69: elc_wof_002 | T69: S02aH05 | U69: 0.0056053626 | V69: IMPNRGZ | AC69: elc_industry | AD69: S02aH05 | AE69: 0.0031974828 | AK69: 2032 | AL69: S03 | AM69: 0.3723 | AN69: hydro
I70: elc_spv_002 | J70: S02aH06 | K70: 0.0031674989 | L70: IMPNRGZ | N70: elc_won_002 | O70: S02aH06 | P70: 0.030892641 | Q70: IMPNRGZ | S70: elc_wof_002 | T70: S02aH06 | U70: 0.027687214 | V70: IMPNRGZ | AC70: elc_industry | AD70: S02aH06 | AE70: 0.019216178 | AK70: 2032 | AL70: S04 | AM70: 0.33325 | AN70: hydro
... I106: elc_spv_002 | J106: S08aH06 | K106: 0.0032385463 | L106: IMPNRGZ | N106: elc_won_002 | O106: S08aH06 | P106: 0.044211723 | Q106: IMPNRGZ | S106: elc_wof_002 | T106: S08aH06 | U106: 0.021652278 | V106: IMPNRGZ | AC106: elc_industry | AD106: S08aH06 | AE106: 0.021286967 | AK106: 2036 | AL106: S08 | AM106: 0.4334 | AN106: hydro
I107: elc_spv_003 | J107: S01aH01 | K107: 0.010781493 | L107: IMPNRGZ | N107: elc_won_003 | O107: S01aH01 | P107: 0.051042061 | Q107: IMPNRGZ | S107: elc_wof_003 | T107: S01aH01 | U107: 0.041531367 | V107: IMPNRGZ | AK107: 2037 | AL107: S01 | AM107: 0.3988 | AN107: hydro
I108: elc_spv_003 | J108: S01aH02 | K108: 0.0095872921 | L108: IMPNRGZ | N108: elc_won_003 | O108: S01aH02 | P108: 0.0040804428 | Q108: IMPNRGZ | S108: elc_wof_003 | T108: S01aH02 | U108: 0.004673678 | V108: IMPNRGZ | AK108: 2037 | AL108: S02 | AM108: 0.4288 | AN108: hydro
I109: elc_spv_003 | J109: S01aH03 | K109: 0.01080914 | L109: IMPNRGZ | N109: elc_won_003 | O109: S01aH03 | P109: 0.0041674061 | Q109: IMPNRGZ | S109: elc_wof_003 | T109: S01aH03 | U109: 0.004844285 | V109: IMPNRGZ | AK109: 2037 | AL109: S03 | AM109: 0.3842 | AN109: hydro
I110: elc_spv_003 | J110: S01aH04 | K110: 0.05939359 | L110: IMPNRGZ | N110: elc_won_003 | O110: S01aH04 | P110: 0.037479859 | Q110: IMPNRGZ | S110: elc_wof_003 | T110: S01aH04 | U110: 0.030471978 | V110: IMPNRGZ | AK110: 2037 | AL110: S04 | AM110: 0.33925 | AN110: hydro
I111: elc_spv_003 | J111: S01aH05 | K111: 0.00590969 | L111: IMPNRGZ | N111: elc_won_003 | O111: S01aH05 | P111: 0.0078871111 | Q111: IMPNRGZ | S111: elc_wof_003 | T111: S01aH05 | U111: 0.0048911026 | V111: IMPNRGZ | AK111: 2037 | AL111: S05 | AM111: 0.30785 | AN111: hydro
I112: elc_spv_003 | J112: S01aH06 | K112: 0.0043561243 | L112: IMPNRGZ | N112: elc_won_003 | O112: S01aH06 | P112: 0.049433957 | Q112: IMPNRGZ | S112: elc_wof_003 | T112: S01aH06 | U112: 0.030654281 | V112: IMPNRGZ | AK112: 2037 | AL112: S06 | AM112: 0.3582 | AN112: hydro
I113: elc_spv_003 | J113: S02aH01 | K113: 0.0050675871 | L113: IMPNRGZ | N113: elc_won_003 | O113: S02aH01 | P113: 0.040922462 | Q113: IMPNRGZ | S113: elc_wof_003 | T113: S02aH01 | U113: 0.034874159 | V113: IMPNRGZ | AK113: 2037 | AL113: S07 | AM113: 0.43385 | AN113: hydro
I114: elc_spv_003 | J114: S02aH02 | K114: 0.005324351 | L114: IMPNRGZ | N114: elc_won_003 | O114: S02aH02 | P114: 0.0027905111 | Q114: IMPNRGZ | S114: elc_wof_003 | T114: S02aH02 | U114: 0.0038004674 | V114: IMPNRGZ | AK114: 2037 | AL114: S08 | AM114: 0.4154 | AN114: hydro
I115: elc_spv_003 | J115: S02aH03 | K115: 0.0068208532 | L115: IMPNRGZ | N115: elc_won_003 | O115: S02aH03 | P115: 0.0028577385 | Q115: IMPNRGZ | S115: elc_wof_003 | T115: S02aH03 | U115: 0.0039291682 | V115: IMPNRGZ | AK115: 2038 | AL115: S01 | AM115: 0.4445 | AN115: hydro
I116: elc_spv_003 | J116: S02aH04 | K116: 0.042346752 | L116: IMPNRGZ | N116: elc_won_003 | O116: S02aH04 | P116: 0.029531844 | Q116: IMPNRGZ | S116: elc_wof_003 | T116: S02aH04 | U116: 0.025020714 | V116: IMPNRGZ | AK116: 2038 | AL116: S02 | AM116: 0.4016 | AN116: hydro
I117: elc_spv_003 | J117: S02aH05 | K117: 0.0044692101 | L117: IMPNRGZ | N117: elc_won_003 | O117: S02aH05 | P117: 0.0067516999 | Q117: IMPNRGZ | S117: elc_wof_003 | T117: S02aH05 | U117: 0.0042952078 | V117: IMPNRGZ | AK117: 2038 | AL117: S03 | AM117: 0.3812 | AN117: hydro
I118: elc_spv_003 | J118: S02aH06 | K118: 0.0029163749 | L118: IMPNRGZ | N118: elc_won_003 | O118: S02aH06 | P118: 0.041616147 | Q118: IMPNRGZ | S118: elc_wof_003 | T118: S02aH06 | U118: 0.02607411 | V118: IMPNRGZ | AK118: 2038 | AL118: S04 | AM118: 0.34965 | AN118: hydro
... I218: elc_spv_005 | J218: S03aH04 | K218: 0.061866097 | L218: IMPNRGZ | N218: elc_won_005 | O218: S03aH04 | P218: 0.054337494 | Q218: IMPNRGZ | S218: elc_wof_005 | T218: S03aH04 | U218: 0.027721719 | V218: IMPNRGZ | AK218: 2050 | AL218: S08 | AM218: 0.4675 | AN218: hydro
I219: elc_spv_005 | J219: S03aH05 | K219: 0.0069395703 | L219: IMPNRGZ | N219: elc_won_005 | O219: S03aH05 | P219: 0.012905518 | Q219: IMPNRGZ | S219: elc_wof_005 | T219: S03aH05 | U219: 0.0044962896 | V219: IMPNRGZ
I220: elc_spv_005 | J220: S03aH06 | K220: 0.004734809 | L220: IMPNRGZ | N220: elc_won_005 | O220: S03aH06 | P220: 0.05205781 | Q220: IMPNRGZ | S220: elc_wof_005 | T220: S03aH06 | U220: 0.031641451 | V220: IMPNRGZ
I221: elc_spv_005 | J221: S04aH01 | K221: 0.012121385 | L221: IMPNRGZ | N221: elc_won_005 | O221: S04aH01 | P221: 0.009929713 | Q221: IMPNRGZ | S221: elc_wof_005 | T221: S04aH01 | U221: 0.068646519 | V221: IMPNRGZ
I222: elc_spv_005 | J222: S04aH02 | K222: 0.011665136 | L222: IMPNRGZ | N222: elc_won_005 | O222: S04aH02 | P222: 0.00095112718 | Q222: IMPNRGZ | S222: elc_wof_005 | T222: S04aH02 | U222: 0.0065333691 | V222: IMPNRGZ
I223: elc_spv_005 | J223: S04aH03 | K223: 0.014263101 | L223: IMPNRGZ | N223: elc_won_005 | O223: S04aH03 | P223: 0.0010037335 | Q223: IMPNRGZ | S223: elc_wof_005 | T223: S04aH03 | U223: 0.0065203419 | V223: IMPNRGZ
I224: elc_spv_005 | J224: S04aH04 | K224: 0.096938952 | L224: IMPNRGZ | N224: elc_won_005 | O224: S04aH04 | P224: 0.058427374 | Q224: IMPNRGZ | S224: elc_wof_005 | T224: S04aH04 | U224: 0.039753892 | V224: IMPNRGZ
I225: elc_spv_005 | J225: S04aH05 | K225: 0.0094642312 | L225: IMPNRGZ | N225: elc_won_005 | O225: S04aH05 | P225: 0.013533767 | Q225: IMPNRGZ | S225: elc_wof_005 | T225: S04aH05 | U225: 0.0068461565 | V225: IMPNRGZ
I226: elc_spv_005 | J226: S04aH06 | K226: 0.0057263547 | L226: IMPNRGZ | N226: elc_won_005 | O226: S04aH06 | P226: 0.047855249 | Q226: IMPNRGZ | S226: elc_wof_005 | T226: S04aH06 | U226: 0.049316767 | V226: IMPNRGZ
I227: elc_spv_005 | J227: S05aH01 | K227: 0.010061154 | L227: IMPNRGZ | N227: elc_won_005 | O227: S05aH01 | P227: 0.017587755 | Q227: IMPNRGZ | S227: elc_wof_005 | T227: S05aH01 | U227: 0.071795452 | V227: IMPNRGZ
I228: elc_spv_005 | J228: S05aH02 | K228: 0.010511686 | L228: IMPNRGZ | N228: elc_won_005 | O228: S05aH02 | P228: 0.0017803511 | Q228: IMPNRGZ | S228: elc_wof_005 | T228: S05aH02 | U228: 0.006865831 | V228: IMPNRGZ
I229: elc_spv_005 | J229: S05aH03 | K229: 0.013680471 | L229: IMPNRGZ | N229: elc_won_005 | O229: S05aH03 | P229: 0.0016206916 | Q229: IMPNRGZ | S229: elc_wof_005 | T229: S05aH03 | U229: 0.0068109557 | V229: IMPNRGZ
I230: elc_spv_005 | J230: S05aH04 | K230: 0.098593855 | L230: IMPNRGZ | N230: elc_won_005 | O230: S05aH04 | P230: 0.036272202 | Q230: IMPNRGZ | S230: elc_wof_005 | T230: S05aH04 | U230: 0.040191773 | V230: IMPNRGZ
... I778: elc_spv_016 | J778: S08aH06 | K778: 0.0011382744 | L778: IMPNRGZ | N778: elc_won_016 | O778: S08aH06 | P778: 0.032266703 | Q778: IMPNRGZ | S778: elc_wof_016 | T778: S08aH06 | U778: 0.030304005 | V778: IMPNRGZ
I779: elc_spv_017 | J779: S01aH01 | K779: 0.014430489 | L779: IMPNRGZ | N779: elc_won_017 | O779: S01aH01 | P779: 0.058183905 | Q779: IMPNRGZ
I780: elc_spv_017 | J780: S01aH02 | K780: 0.010958018 | L780: IMPNRGZ | N780: elc_won_017 | O780: S01aH02 | P780: 0.0083330685 | Q780: IMPNRGZ
I781: elc_spv_017 | J781: S01aH03 | K781: 0.011992456 | L781: IMPNRGZ | N781: elc_won_017 | O781: S01aH03 | P781: 0.0080729025 | Q781: IMPNRGZ
I782: elc_spv_017 | J782: S01aH04 | K782: 0.064696548 | L782: IMPNRGZ | N782: elc_won_017 | O782: S01aH04 | P782: 0.032161693 | Q782: IMPNRGZ
I783: elc_spv_017 | J783: S01aH05 | K783: 0.0067696724 | L783: IMPNRGZ | N783: elc_won_017 | O783: S01aH05 | P783: 0.004241275 | Q783: IMPNRGZ
I784: elc_spv_017 | J784: S01aH06 | K784: 0.0038283114 | L784: IMPNRGZ | N784: elc_won_017 | O784: S01aH06 | P784: 0.037452191 | Q784: IMPNRGZ
I785: elc_spv_017 | J785: S02aH01 | K785: 0.010777217 | L785: IMPNRGZ | N785: elc_won_017 | O785: S02aH01 | P785: 0.05437457 | Q785: IMPNRGZ
I786: elc_spv_017 | J786: S02aH02 | K786: 0.0085999814 | L786: IMPNRGZ | N786: elc_won_017 | O786: S02aH02 | P786: 0.0083179881 | Q786: IMPNRGZ
I787: elc_spv_017 | J787: S02aH03 | K787: 0.0096446425 | L787: IMPNRGZ | N787: elc_won_017 | O787: S02aH03 | P787: 0.0082175561 | Q787: IMPNRGZ
I788: elc_spv_017 | J788: S02aH04 | K788: 0.054562102 | L788: IMPNRGZ | N788: elc_won_017 | O788: S02aH04 | P788: 0.032788873 | Q788: IMPNRGZ
I789: elc_spv_017 | J789: S02aH05 | K789: 0.0057904925 | L789: IMPNRGZ | N789: elc_won_017 | O789: S02aH05 | P789: 0.0045128561 | Q789: IMPNRGZ
I790: elc_spv_017 | J790: S02aH06 | K790: 0.0036723089 | L790: IMPNRGZ | N790: elc_won_017 | O790: S02aH06 | P790: 0.034395384 | Q790: IMPNRGZ
... I970: elc_spv_020 | J970: S08aH06 | K970: 0 | L970: IMPNRGZ | N970: elc_won_020 | O970: S08aH06 | P970: 0.021403873 | Q970: IMPNRGZ
I971: elc_spv_021 | J971: S01aH01 | K971: 0.014366633 | L971: IMPNRGZ
I972: elc_spv_021 | J972: S01aH02 | K972: 0.010032282 | L972: IMPNRGZ
I973: elc_spv_021 | J973: S01aH03 | K973: 0.010378643 | L973: IMPNRGZ
I974: elc_spv_021 | J974: S01aH04 | K974: 0.048272498 | L974: IMPNRGZ
I975: elc_spv_021 | J975: S01aH05 | K975: 0.0038480974 | L975: IMPNRGZ
I976: elc_spv_021 | J976: S01aH06 | K976: 0 | L976: IMPNRGZ
I977: elc_spv_021 | J977: S02aH01 | K977: 0.012627348 | L977: IMPNRGZ
I978: elc_spv_021 | J978: S02aH02 | K978: 0.0086997483 | L978: IMPNRGZ
I979: elc_spv_021 | J979: S02aH03 | K979: 0.0093579987 | L979: IMPNRGZ
I980: elc_spv_021 | J980: S02aH04 | K980: 0.047623561 | L980: IMPNRGZ
I981: elc_spv_021 | J981: S02aH05 | K981: 0.0043539141 | L981: IMPNRGZ
I982: elc_spv_021 | J982: S02aH06 | K982: 0 | L982: IMPNRGZ
... I1594: elc_spv_033 | J1594: S08aH06 | K1594: 0 | L1594: IMPNRGZ

Sheet ts_annual
C9: =IF(A11="x","DeActivated","~TimeSlices") -> ~TimeSlices | I9: =IF(A11="x","DeActivated","~TFM_DINS-AT") -> ~TFM_DINS-AT | N9: =IF(A11="x","DeActivated","~TFM_DINS-AT") -> ~TFM_DINS-AT | S9: =IF(A11="x","DeActivated","~TFM_DINS-AT") -> ~TFM_DINS-AT | X9: =IF(A11="x","DeActivated","~TFM_DINS-AT") -> ~TFM_DINS-AT | AC9: =IF(A11="x","DeActivated","~TFM_DINS-AT") -> ~TFM_DINS-AT | AG9: =IF(A11="x","DeActivated","~TFM_DINS-AT") -> ~TFM_DINS-AT | AK9: =IF(A11="x","DeActivated","~TFM_INS-AT") -> ~TFM_INS-AT
A10: ts_annual | C10: season | D10: weekly | E10: daynite | F10: wparent | G10: dparent | I10: commodity | J10: timeslice | K10: com_fr | L10: process | N10: commodity | O10: timeslice | P10: com_fr | Q10: process | S10: commodity | T10: timeslice | U10: com_fr | V10: process | X10: g_yrfr | Y10: com_fr | Z10: timeslice | AA10: commodity | AC10: commodity | AD10: timeslice | AE10: com_fr | AG10: commodity | AH10: timeslice | AI10: com_pkflx | AK10: Year | AL10: timeslice | AM10: ncap_afs | AN10: pset_ci
A11: =IFERROR(IF(Veda!D5=A10,"ok","x"),"") -> ok | C11: AllS | D11: a | E11: AllH | F11: AllS | G11: a | I11: elc_spv_001 | J11: AllSaAllH | K11: 1 | L11: IMPNRGZ | N11: elc_won_001 | O11: AllSaAllH | P11: 1 | Q11: IMPNRGZ | S11: elc_wof_001 | T11: AllSaAllH | U11: 1 | V11: IMPNRGZ | X11: 1 | Y11: 1 | Z11: AllSaAllH | AA11: elc_roadtransport | AC11: elc_buildings | AD11: AllSaAllH | AE11: 1 | AG11: ELC | AH11: AllSaAllH | AI11: 0.29170913 | AK11: 2025 | AL11: AllS | AM11: 0.32865 | AN11: hydro
I12: elc_spv_002 | J12: AllSaAllH | K12: 1 | L12: IMPNRGZ | N12: elc_won_002 | O12: AllSaAllH | P12: 1 | Q12: IMPNRGZ | S12: elc_wof_002 | T12: AllSaAllH | U12: 1 | V12: IMPNRGZ | AC12: elc_industry | AD12: AllSaAllH | AE12: 1 | AK12: 2026 | AL12: AllS | AM12: 0.341525 | AN12: hydro
I13: elc_spv_003 | J13: AllSaAllH | K13: 1 | L13: IMPNRGZ | N13: elc_won_003 | O13: AllSaAllH | P13: 1 | Q13: IMPNRGZ | S13: elc_wof_003 | T13: AllSaAllH | U13: 1 | V13: IMPNRGZ | AK13: 2027 | AL13: AllS | AM13: 0.32475 | AN13: hydro
I14: elc_spv_004 | J14: AllSaAllH | K14: 1 | L14: IMPNRGZ | N14: elc_won_004 | O14: AllSaAllH | P14: 1 | Q14: IMPNRGZ | S14: elc_wof_004 | T14: AllSaAllH | U14: 1 | V14: IMPNRGZ | AK14: 2028 | AL14: AllS | AM14: 0.3859 | AN14: hydro
I15: elc_spv_005 | J15: AllSaAllH | K15: 1 | L15: IMPNRGZ | N15: elc_won_005 | O15: AllSaAllH | P15: 1 | Q15: IMPNRGZ | S15: elc_wof_005 | T15: AllSaAllH | U15: 1 | V15: IMPNRGZ | AK15: 2029 | AL15: AllS | AM15: 0.38945 | AN15: hydro
I16: elc_spv_006 | J16: AllSaAllH | K16: 1 | L16: IMPNRGZ | N16: elc_won_006 | O16: AllSaAllH | P16: 1 | Q16: IMPNRGZ | S16: elc_wof_006 | T16: AllSaAllH | U16: 1 | V16: IMPNRGZ | AK16: 2030 | AL16: AllS | AM16: 0.38430833 | AN16: hydro
I17: elc_spv_007 | J17: AllSaAllH | K17: 1 | L17: IMPNRGZ | N17: elc_won_007 | O17: AllSaAllH | P17: 1 | Q17: IMPNRGZ | S17: elc_wof_007 | T17: AllSaAllH | U17: 1 | V17: IMPNRGZ | AK17: 2031 | AL17: AllS | AM17: 0.386075 | AN17: hydro
I18: elc_spv_008 | J18: AllSaAllH | K18: 1 | L18: IMPNRGZ | N18: elc_won_008 | O18: AllSaAllH | P18: 1 | Q18: IMPNRGZ | S18: elc_wof_008 | T18: AllSaAllH | U18: 1 | V18: IMPNRGZ | AK18: 2032 | AL18: AllS | AM18: 0.381875 | AN18: hydro
I19: elc_spv_009 | J19: AllSaAllH | K19: 1 | L19: IMPNRGZ | N19: elc_won_009 | O19: AllSaAllH | P19: 1 | Q19: IMPNRGZ | S19: elc_wof_009 | T19: AllSaAllH | U19: 1 | V19: IMPNRGZ | AK19: 2033 | AL19: AllS | AM19: 0.389925 | AN19: hydro
I20: elc_spv_010 | J20: AllSaAllH | K20: 1 | L20: IMPNRGZ | N20: elc_won_010 | O20: AllSaAllH | P20: 1 | Q20: IMPNRGZ | S20: elc_wof_010 | T20: AllSaAllH | U20: 1 | V20: IMPNRGZ | AK20: 2034 | AL20: AllS | AM20: 0.39234167 | AN20: hydro
I21: elc_spv_011 | J21: AllSaAllH | K21: 1 | L21: IMPNRGZ | N21: elc_won_011 | O21: AllSaAllH | P21: 1 | Q21: IMPNRGZ | S21: elc_wof_011 | T21: AllSaAllH | U21: 1 | V21: IMPNRGZ | AK21: 2035 | AL21: AllS | AM21: 0.3817 | AN21: hydro
I22: elc_spv_012 | J22: AllSaAllH | K22: 1 | L22: IMPNRGZ | N22: elc_won_012 | O22: AllSaAllH | P22: 1 | Q22: IMPNRGZ | S22: elc_wof_012 | T22: AllSaAllH | U22: 1 | V22: IMPNRGZ | AK22: 2036 | AL22: AllS | AM22: 0.385425 | AN22: hydro
I23: elc_spv_013 | J23: AllSaAllH | K23: 1 | L23: IMPNRGZ | N23: elc_won_013 | O23: AllSaAllH | P23: 1 | Q23: IMPNRGZ | S23: elc_wof_013 | T23: AllSaAllH | U23: 1 | V23: IMPNRGZ | AK23: 2037 | AL23: AllS | AM23: 0.37545833 | AN23: hydro
I24: elc_spv_014 | J24: AllSaAllH | K24: 1 | L24: IMPNRGZ | N24: elc_won_014 | O24: AllSaAllH | P24: 1 | Q24: IMPNRGZ | S24: elc_wof_014 | T24: AllSaAllH | U24: 1 | V24: IMPNRGZ | AK24: 2038 | AL24: AllS | AM24: 0.38365 | AN24: hydro
... I26: elc_spv_016 | J26: AllSaAllH | K26: 1 | L26: IMPNRGZ | N26: elc_won_016 | O26: AllSaAllH | P26: 1 | Q26: IMPNRGZ | S26: elc_wof_016 | T26: AllSaAllH | U26: 1 | V26: IMPNRGZ | AK26: 2040 | AL26: AllS | AM26: 0.38201667 | AN26: hydro
I27: elc_spv_017 | J27: AllSaAllH | K27: 1 | L27: IMPNRGZ | N27: elc_won_017 | O27: AllSaAllH | P27: 1 | Q27: IMPNRGZ | AK27: 2041 | AL27: AllS | AM27: 0.39121667 | AN27: hydro
I28: elc_spv_018 | J28: AllSaAllH | K28: 1 | L28: IMPNRGZ | N28: elc_won_018 | O28: AllSaAllH | P28: 1 | Q28: IMPNRGZ | AK28: 2042 | AL28: AllS | AM28: 0.38394167 | AN28: hydro
I29: elc_spv_019 | J29: AllSaAllH | K29: 1 | L29: IMPNRGZ | N29: elc_won_019 | O29: AllSaAllH | P29: 1 | Q29: IMPNRGZ | AK29: 2043 | AL29: AllS | AM29: 0.37299167 | AN29: hydro
I30: elc_spv_020 | J30: AllSaAllH | K30: 1 | L30: IMPNRGZ | N30: elc_won_020 | O30: AllSaAllH | P30: 1 | Q30: IMPNRGZ | AK30: 2044 | AL30: AllS | AM30: 0.38745 | AN30: hydro
I31: elc_spv_021 | J31: AllSaAllH | K31: 1 | L31: IMPNRGZ | AK31: 2045 | AL31: AllS | AM31: 0.39145833 | AN31: hydro
I32: elc_spv_022 | J32: AllSaAllH | K32: 1 | L32: IMPNRGZ | AK32: 2046 | AL32: AllS | AM32: 0.37755833 | AN32: hydro
I33: elc_spv_023 | J33: AllSaAllH | K33: 1 | L33: IMPNRGZ | AK33: 2047 | AL33: AllS | AM33: 0.37250833 | AN33: hydro
I34: elc_spv_024 | J34: AllSaAllH | K34: 1 | L34: IMPNRGZ | AK34: 2048 | AL34: AllS | AM34: 0.39181667 | AN34: hydro
I35: elc_spv_025 | J35: AllSaAllH | K35: 1 | L35: IMPNRGZ | AK35: 2049 | AL35: AllS | AM35: 0.374975 | AN35: hydro
I36: elc_spv_026 | J36: AllSaAllH | K36: 1 | L36: IMPNRGZ | AK36: 2050 | AL36: AllS | AM36: 0.39415833 | AN36: hydro
I37: elc_spv_027 | J37: AllSaAllH | K37: 1 | L37: IMPNRGZ
I38: elc_spv_028 | J38: AllSaAllH | K38: 1 | L38: IMPNRGZ
I39: elc_spv_029 | J39: AllSaAllH | K39: 1 | L39: IMPNRGZ
I40: elc_spv_030 | J40: AllSaAllH | K40: 1 | L40: IMPNRGZ
I41: elc_spv_031 | J41: AllSaAllH | K41: 1 | L41: IMPNRGZ
I42: elc_spv_032 | J42: AllSaAllH | K42: 1 | L42: IMPNRGZ
I43: elc_spv_033 | J43: AllSaAllH | K43: 1 | L43: IMPNRGZ

Sheet ts_12t
C9: =IF(A11="x","DeActivated","~TimeSlices") -> DeActivated | I9: =IF(A11="x","DeActivated","~TFM_DINS-AT") -> DeActivated | N9: =IF(A11="x","DeActivated","~TFM_DINS-AT") -> DeActivated | S9: =IF(A11="x","DeActivated","~TFM_DINS-AT") -> DeActivated | X9: =IF(A11="x","DeActivated","~TFM_DINS-AT") -> DeActivated | AC9: =IF(A11="x","DeActivated","~TFM_DINS-AT") -> DeActivated | AG9: =IF(A11="x","DeActivated","~TFM_DINS-AT") -> DeActivated | AK9: =IF(A11="x","DeActivated","~TFM_INS-AT") -> DeActivated
A10: ts_12t | C10: season | D10: weekly | E10: daynite | F10: wparent | G10: dparent | I10: commodity | J10: timeslice | K10: com_fr | L10: process | N10: commodity | O10: timeslice | P10: com_fr | Q10: process | S10: commodity | T10: timeslice | U10: com_fr | V10: process | X10: g_yrfr | Y10: com_fr | Z10: timeslice | AA10: commodity | AC10: commodity | AD10: timeslice | AE10: com_fr | AG10: commodity | AH10: timeslice | AI10: com_pkflx | AK10: Year | AL10: timeslice | AM10: ncap_afs | AN10: pset_ci
A11: =IFERROR(IF(Veda!D5=A10,"ok","x"),"") -> x | C11: F | D11: a | E11: D | F11: W,R,S,F | G11: a | I11: elc_spv_001 | J11: FaD | K11: 0.25065578 | L11: IMPNRGZ | N11: elc_won_001 | O11: FaD | P11: 0.05923538 | Q11: IMPNRGZ | S11: elc_wof_001 | T11: FaD | U11: 0.070671543 | V11: IMPNRGZ | X11: 0.11426941 | Y11: 0.16087081 | Z11: FaD | AA11: elc_roadtransport | AC11: elc_buildings | AD11: FaD | AE11: 0.10818904 | AG11: ELC | AH11: FaD | AI11: 0.33996169 | AK11: 2025 | AL11: F | AM11: 0.3556 | AN11: hydro
C12: R | E12: N | G12: a | I12: elc_spv_001 | J12: FaN | K12: 0 | L12: IMPNRGZ | N12: elc_won_001 | O12: FaN | P12: 0.062185541 | Q12: IMPNRGZ | S12: elc_wof_001 | T12: FaN | U12: 0.085693732 | V12: IMPNRGZ | X12: 0.11426941 | Y12: 0.052547713 | Z12: FaN | AA12: elc_roadtransport | AC12: elc_buildings | AD12: FaN | AE12: 0.12872566 | AG12: ELC | AH12: FaN | AI12: 0.1934116 | AK12: 2025 | AL12: R | AM12: 0.31056667 | AN12: hydro
C13: S | E13: P | G13: a | I13: elc_spv_001 | J13: FaP | K13: 0.024175294 | L13: IMPNRGZ | N13: elc_won_001 | O13: FaP | P13: 0.0063738989 | Q13: IMPNRGZ | S13: elc_wof_001 | T13: FaP | U13: 0.015373208 | V13: IMPNRGZ | X13: 0.020776256 | Y13: 0.035896543 | Z13: FaP | AA13: elc_roadtransport | AC13: elc_buildings | AD13: FaP | AE13: 0.024803367 | AG13: ELC | AH13: FaP | AI13: 0.14702406 | AK13: 2025 | AL13: S | AM13: 0.28226667 | AN13: hydro
C14: W | I14: elc_spv_001 | J14: RaD | K14: 0.22622702 | L14: IMPNRGZ | N14: elc_won_001 | O14: RaD | P14: 0.026314435 | Q14: IMPNRGZ | S14: elc_wof_001 | T14: RaD | U14: 0.11783226 | V14: IMPNRGZ | X14: 0.11552511 | Y14: 0.16263862 | Z14: RaD | AA14: elc_roadtransport | AC14: elc_buildings | AD14: RaD | AE14: 0.10422991 | AG14: ELC | AH14: RaD | AI14: 0.34383925 | AK14: 2025 | AL14: W | AM14: 0.36616667 | AN14: hydro
I15: elc_spv_001 | J15: RaN | K15: 0 | L15: IMPNRGZ | N15: elc_won_001 | O15: RaN | P15: 0.050417546 | Q15: IMPNRGZ | S15: elc_wof_001 | T15: RaN | U15: 0.12725859 | V15: IMPNRGZ | X15: 0.11552511 | Y15: 0.053125161 | Z15: RaN | AA15: elc_roadtransport | AC15: elc_buildings | AD15: RaN | AE15: 0.12364572 | AG15: ELC | AH15: RaN | AI15: 0.22357003 | AK15: 2026 | AL15: F | AM15: 0.37063333 | AN15: hydro
I16: elc_spv_001 | J16: RaP | K16: 0.024972779 | L16: IMPNRGZ | N16: elc_won_001 | O16: RaP | P16: 0.0046274802 | Q16: IMPNRGZ | S16: elc_wof_001 | T16: RaP | U16: 0.023620937 | V16: IMPNRGZ | X16: 0.021004566 | Y16: 0.036291011 | Z16: RaP | AA16: elc_roadtransport | AC16: elc_buildings | AD16: RaP | AE16: 0.023154273 | AG16: ELC | AH16: RaP | AI16: 0.19788509 | AK16: 2026 | AL16: R | AM16: 0.32743333 | AN16: hydro
I17: elc_spv_001 | J17: SaD | K17: 0.19674772 | L17: IMPNRGZ | N17: elc_won_001 | O17: SaD | P17: 0.039098304 | Q17: IMPNRGZ | S17: elc_wof_001 | T17: SaD | U17: 0.12666077 | V17: IMPNRGZ | X17: 0.11552511 | Y17: 0.16263862 | Z17: SaD | AA17: elc_roadtransport | AC17: elc_buildings | AD17: SaD | AE17: 0.11109651 | AG17: ELC | AH17: SaD | AI17: 0.28828018 | AK17: 2026 | AL17: S | AM17: 0.27383333 | AN17: hydro
I18: elc_spv_001 | J18: SaN | K18: 0 | L18: IMPNRGZ | N18: elc_won_001 | O18: SaN | P18: 0.035224067 | Q18: IMPNRGZ | S18: elc_wof_001 | T18: SaN | U18: 0.13863975 | V18: IMPNRGZ | X18: 0.11552511 | Y18: 0.053125161 | Z18: SaN | AA18: elc_roadtransport | AC18: elc_buildings | AD18: SaN | AE18: 0.1329368 | AG18: ELC | AH18: SaN | AI18: 0.17392059 | AK18: 2026 | AL18: W | AM18: 0.3942 | AN18: hydro
I19: elc_spv_001 | J19: SaP | K19: 0.021970669 | L19: IMPNRGZ | N19: elc_won_001 | O19: SaP | P19: 0.0039583165 | Q19: IMPNRGZ | S19: elc_wof_001 | T19: SaP | U19: 0.025723252 | V19: IMPNRGZ | X19: 0.021004566 | Y19: 0.036291011 | Z19: SaP | AA19: elc_roadtransport | AC19: elc_buildings | AD19: SaP | AE19: 0.025836773 | AG19: ELC | AH19: SaP | AI19: 0.12165398 | AK19: 2027 | AL19: F | AM19: 0.34436667 | AN19: hydro
I20: elc_spv_001 | J20: WaD | K20: 0.22316915 | L20: IMPNRGZ | N20: elc_won_001 | O20: WaD | P20: 0.37407928 | Q20: IMPNRGZ | S20: elc_wof_001 | T20: WaD | U20: 0.11753166 | V20: IMPNRGZ | X20: 0.1130137 | Y20: 0.159103 | Z20: WaD | AA20: elc_roadtransport | AC20: elc_buildings | AD20: WaD | AE20: 0.09143673 | AG20: ELC | AH20: WaD | AI20: 0.21348179 | AK20: 2027 | AL20: R | AM20: 0.29833333 | AN20: hydro
I21: elc_spv_001 | J21: WaN | K21: 0 | L21: IMPNRGZ | N21: elc_won_001 | O21: WaN | P21: 0.30565355 | Q21: IMPNRGZ | S21: elc_wof_001 | T21: WaN | U21: 0.12762285 | V21: IMPNRGZ | X21: 0.1130137 | Y21: 0.051970266 | Z21: WaN | AA21: elc_roadtransport | AC21: elc_buildings | AD21: WaN | AE21: 0.10735179 | AG21: ELC | AH21: WaN | AI21: 0.12584215 | AK21: 2027 | AL21: S | AM21: 0.27223333 | AN21: hydro
I22: elc_spv_001 | J22: WaP | K22: 0.03208159 | L22: IMPNRGZ | N22: elc_won_001 | O22: WaP | P22: 0.0328322 | Q22: IMPNRGZ | S22: elc_wof_001 | T22: WaP | U22: 0.023371451 | V22: IMPNRGZ | X22: 0.020547945 | Y22: 0.035502076 | Z22: WaP | AA22: elc_roadtransport | AC22: elc_buildings | AD22: WaP | AE22: 0.018593433 | AG22: ELC | AH22: WaP | AI22: 0.047759435 | AK22: 2027 | AL22: W | AM22: 0.38406667 | AN22: hydro
I23: elc_spv_002 | J23: FaD | K23: 0.26289723 | L23: IMPNRGZ | N23: elc_won_002 | O23: FaD | P23: 0.053496702 | Q23: IMPNRGZ | S23: elc_wof_002 | T23: FaD | U23: 0.061976352 | V23: IMPNRGZ | AC23: elc_industry | AD23: FaD | AE23: 0.11353326 | AK23: 2028 | AL23: F | AM23: 0.41023333 | AN23: hydro
I24: elc_spv_002 | J24: FaN | K24: 0 | L24: IMPNRGZ | N24: elc_won_002 | O24: FaN | P24: 0.060180749 | Q24: IMPNRGZ | S24: elc_wof_002 | T24: FaN | U24: 0.059862234 | V24: IMPNRGZ | AC24: elc_industry | AD24: FaN | AE24: 0.11488121 | AK24: 2028 | AL24: R | AM24: 0.3661 | AN24: hydro
I25: elc_spv_002 | J25: FaP | K25: 0.024893536 | L25: IMPNRGZ | N25: elc_won_002 | O25: FaP | P25: 0.0063989595 | Q25: IMPNRGZ | S25: elc_wof_002 | T25: FaP | U25: 0.016390222 | V25: IMPNRGZ | AC25: elc_industry | AD25: FaP | AE25: 0.020979298 | AK25: 2028 | AL25: S | AM25: 0.3273 | AN25: hydro
I26: elc_spv_002 | J26: RaD | K26: 0.21745263 | L26: IMPNRGZ | N26: elc_won_002 | O26: RaD | P26: 0.056488703 | Q26: IMPNRGZ | S26: elc_wof_002 | T26: RaD | U26: 0.13303319 | V26: IMPNRGZ | AC26: elc_industry | AD26: RaD | AE26: 0.11481159 | AK26: 2028 | AL26: W | AM26: 0.43996667 | AN26: hydro
I27: elc_spv_002 | J27: RaN | K27: 0 | L27: IMPNRGZ | N27: elc_won_002 | O27: RaN | P27: 0.068365284 | Q27: IMPNRGZ | S27: elc_wof_002 | T27: RaN | U27: 0.1184712 | V27: IMPNRGZ | AC27: elc_industry | AD27: RaN | AE27: 0.11608597 | AK27: 2029 | AL27: F | AM27: 0.4228 | AN27: hydro
I28: elc_spv_002 | J28: RaP | K28: 0.024979103 | L28: IMPNRGZ | N28: elc_won_002 | O28: RaP | P28: 0.0059996654 | Q28: IMPNRGZ | S28: elc_wof_002 | T28: RaP | U28: 0.031306367 | V28: IMPNRGZ | AC28: elc_industry | AD28: RaP | AE28: 0.021150729 | AK28: 2029 | AL28: R | AM28: 0.3669 | AN28: hydro
I29: elc_spv_002 | J29: SaD | K29: 0.20930027 | L29: IMPNRGZ | N29: elc_won_002 | O29: SaD | P29: 0.038291675 | Q29: IMPNRGZ | S29: elc_wof_002 | T29: SaD | U29: 0.13494143 | V29: IMPNRGZ | AC29: elc_industry | AD29: SaD | AE29: 0.11475031 | AK29: 2029 | AL29: S | AM29: 0.3441 | AN29: hydro
I30: elc_spv_002 | J30: SaN | K30: 0 | L30: IMPNRGZ | N30: elc_won_002 | O30: SaN | P30: 0.036311428 | Q30: IMPNRGZ | S30: elc_wof_002 | T30: SaN | U30: 0.12261009 | V30: IMPNRGZ | AC30: elc_industry | AD30: SaN | AE30: 0.11618382 | AK30: 2029 | AL30: W | AM30: 0.424 | AN30: hydro
I31: elc_spv_002 | J31: SaP | K31: 0.021425205 | L31: IMPNRGZ | N31: elc_won_002 | O31: SaP | P31: 0.0034928197 | Q31: IMPNRGZ | S31: elc_wof_002 | T31: SaP | U31: 0.035044559 | V31: IMPNRGZ | AC31: elc_industry | AD31: SaP | AE31: 0.021233711 | AK31: 2030 | AL31: F | AM31: 0.41926667 | AN31: hydro
I32: elc_spv_002 | J32: WaD | K32: 0.21086424 | L32: IMPNRGZ | N32: elc_won_002 | O32: WaD | P32: 0.34463855 | Q32: IMPNRGZ | S32: elc_wof_002 | T32: WaD | U32: 0.14003808 | V32: IMPNRGZ | AC32: elc_industry | AD32: WaD | AE32: 0.11239079 | AK32: 2030 | AL32: R | AM32: 0.34406667 | AN32: hydro
I33: elc_spv_002 | J33: WaN | K33: 0 | L33: IMPNRGZ | N33: elc_won_002 | O33: WaN | P33: 0.29320451 | Q33: IMPNRGZ | S33: elc_wof_002 | T33: WaN | U33: 0.11552389 | V33: IMPNRGZ | AC33: elc_industry | AD33: WaN | AE33: 0.1134354 | AK33: 2030 | AL33: S | AM33: 0.3347 | AN33: hydro
I34: elc_spv_002 | J34: WaP | K34: 0.028187781 | L34: IMPNRGZ | N34: elc_won_002 | O34: WaP | P34: 0.033130952 | Q34: IMPNRGZ | S34: elc_wof_002 | T34: WaP | U34: 0.030802395 | V34: IMPNRGZ | AC34: elc_industry | AD34: WaP | AE34: 0.0205639 | AK34: 2030 | AL34: W | AM34: 0.4392 | AN34: hydro
I35: elc_spv_003 | J35: FaD | K35: 0.25813035 | L35: IMPNRGZ | N35: elc_won_003 | O35: FaD | P35: 0.023635107 | Q35: IMPNRGZ | S35: elc_wof_003 | T35: FaD | U35: 0.04642108 | V35: IMPNRGZ | AK35: 2031 | AL35: F | AM35: 0.4143 | AN35: hydro
I36: elc_spv_003 | J36: FaN | K36: 0 | L36: IMPNRGZ | N36: elc_won_003 | O36: FaN | P36: 0.063902438 | Q36: IMPNRGZ | S36: elc_wof_003 | T36: FaN | U36: 0.062975324 | V36: IMPNRGZ | AK36: 2031 | AL36: R | AM36: 0.35076667 | AN36: hydro
I37: elc_spv_003 | J37: FaP | K37: 0.025198649 | L37: IMPNRGZ | N37: elc_won_003 | O37: FaP | P37: 0.01023361 | Q37: IMPNRGZ | S37: elc_wof_003 | T37: FaP | U37: 0.0097564634 | V37: IMPNRGZ | AK37: 2031 | AL37: S | AM37: 0.32603333 | AN37: hydro
I38: elc_spv_003 | J38: RaD | K38: 0.21895403 | L38: IMPNRGZ | N38: elc_won_003 | O38: RaD | P38: 0.093308528 | Q38: IMPNRGZ | S38: elc_wof_003 | T38: RaD | U38: 0.12141231 | V38: IMPNRGZ | AK38: 2031 | AL38: W | AM38: 0.4532 | AN38: hydro
I39: elc_spv_003 | J39: RaN | K39: 0 | L39: IMPNRGZ | N39: elc_won_003 | O39: RaN | P39: 0.16501479 | Q39: IMPNRGZ | S39: elc_wof_003 | T39: RaN | U39: 0.13496878 | V39: IMPNRGZ | AK39: 2032 | AL39: F | AM39: 0.42306667 | AN39: hydro
I40: elc_spv_003 | J40: RaP | K40: 0.023268677 | L40: IMPNRGZ | N40: elc_won_003 | O40: RaP | P40: 0.029493313 | Q40: IMPNRGZ | S40: elc_wof_003 | T40: RaP | U40: 0.024740756 | V40: IMPNRGZ | AK40: 2032 | AL40: R | AM40: 0.34626667 | AN40: hydro
I41: elc_spv_003 | J41: SaD | K41: 0.19752833 | L41: IMPNRGZ | N41: elc_won_003 | O41: SaD | P41: 0.069040058 | Q41: IMPNRGZ | S41: elc_wof_003 | T41: SaD | U41: 0.12373416 | V41: IMPNRGZ | AK41: 2032 | AL41: S | AM41: 0.33366667 | AN41: hydro
I42: elc_spv_003 | J42: SaN | K42: 0 | L42: IMPNRGZ | N42: elc_won_003 | O42: SaN | P42: 0.13631385 | Q42: IMPNRGZ | S42: elc_wof_003 | T42: SaN | U42: 0.14396524 | V42: IMPNRGZ | AK42: 2032 | AL42: W | AM42: 0.4245 | AN42: hydro
I43: elc_spv_003 | J43: SaP | K43: 0.0222563 | L43: IMPNRGZ | N43: elc_won_003 | O43: SaP | P43: 0.023976977 | Q43: IMPNRGZ | S43: elc_wof_003 | T43: SaP | U43: 0.024535419 | V43: IMPNRGZ | AK43: 2033 | AL43: F | AM43: 0.43576667 | AN43: hydro
I44: elc_spv_003 | J44: WaD | K44: 0.22853614 | L44: IMPNRGZ | N44: elc_won_003 | O44: WaD | P44: 0.14109821 | Q44: IMPNRGZ | S44: elc_wof_003 | T44: WaD | U44: 0.13580667 | V44: IMPNRGZ | AK44: 2033 | AL44: R | AM44: 0.3362 | AN44: hydro
I45: elc_spv_003 | J45: WaN | K45: 0 | L45: IMPNRGZ | N45: elc_won_003 | O45: WaN | P45: 0.20256291 | Q45: IMPNRGZ | S45: elc_wof_003 | T45: WaN | U45: 0.14530985 | V45: IMPNRGZ | AK45: 2033 | AL45: S | AM45: 0.32673333 | AN45: hydro
I46: elc_spv_003 | J46: WaP | K46: 0.02612752 | L46: IMPNRGZ | N46: elc_won_003 | O46: WaP | P46: 0.041420207 | Q46: IMPNRGZ | S46: elc_wof_003 | T46: WaP | U46: 0.026373947 | V46: IMPNRGZ | AK46: 2033 | AL46: W | AM46: 0.461 | AN46: hydro
... I114: elc_spv_009 | J114: SaN | K114: 0 | L114: IMPNRGZ | N114: elc_won_009 | O114: SaN | P114: 0.095443573 | Q114: IMPNRGZ | S114: elc_wof_009 | T114: SaN | U114: 0.10663307 | V114: IMPNRGZ | AK114: 2050 | AL114: W | AM114: 0.45666667 | AN114: hydro
I115: elc_spv_009 | J115: SaP | K115: 0.023210909 | L115: IMPNRGZ | N115: elc_won_009 | O115: SaP | P115: 0.015083228 | Q115: IMPNRGZ | S115: elc_wof_009 | T115: SaP | U115: 0.020839384 | V115: IMPNRGZ
I116: elc_spv_009 | J116: WaD | K116: 0.23592094 | L116: IMPNRGZ | N116: elc_won_009 | O116: WaD | P116: 0.12518762 | Q116: IMPNRGZ | S116: elc_wof_009 | T116: WaD | U116: 0.13499266 | V116: IMPNRGZ
I117: elc_spv_009 | J117: WaN | K117: 0 | L117: IMPNRGZ | N117: elc_won_009 | O117: WaN | P117: 0.14639827 | Q117: IMPNRGZ | S117: elc_wof_009 | T117: WaN | U117: 0.19089318 | V117: IMPNRGZ
I118: elc_spv_009 | J118: WaP | K118: 0.02180802 | L118: IMPNRGZ | N118: elc_won_009 | O118: WaP | P118: 0.023149118 | Q118: IMPNRGZ | S118: elc_wof_009 | T118: WaP | U118: 0.036112671 | V118: IMPNRGZ
I119: elc_spv_010 | J119: FaD | K119: 0.24285513 | L119: IMPNRGZ | N119: elc_won_010 | O119: FaD | P119: 0.063941268 | Q119: IMPNRGZ | S119: elc_wof_010 | T119: FaD | U119: 0.068698237 | V119: IMPNRGZ
I120: elc_spv_010 | J120: FaN | K120: 0 | L120: IMPNRGZ | N120: elc_won_010 | O120: FaN | P120: 0.096838751 | Q120: IMPNRGZ | S120: elc_wof_010 | T120: FaN | U120: 0.090111299 | V120: IMPNRGZ
I121: elc_spv_010 | J121: FaP | K121: 0.012653124 | L121: IMPNRGZ | N121: elc_won_010 | O121: FaP | P121: 0.017261218 | Q121: IMPNRGZ | S121: elc_wof_010 | T121: FaP | U121: 0.011572883 | V121: IMPNRGZ
I122: elc_spv_010 | J122: RaD | K122: 0.21563656 | L122: IMPNRGZ | N122: elc_won_010 | O122: RaD | P122: 0.12737829 | Q122: IMPNRGZ | S122: elc_wof_010 | T122: RaD | U122: 0.086725587 | V122: IMPNRGZ
I123: elc_spv_010 | J123: RaN | K123: 0 | L123: IMPNRGZ | N123: elc_won_010 | O123: RaN | P123: 0.16560628 | Q123: IMPNRGZ | S123: elc_wof_010 | T123: RaN | U123: 0.11823221 | V123: IMPNRGZ
I124: elc_spv_010 | J124: RaP | K124: 0.015658549 | L124: IMPNRGZ | N124: elc_won_010 | O124: RaP | P124: 0.030973193 | Q124: IMPNRGZ | S124: elc_wof_010 | T124: RaP | U124: 0.015714234 | V124: IMPNRGZ
I125: elc_spv_010 | J125: SaD | K125: 0.23115872 | L125: IMPNRGZ | N125: elc_won_010 | O125: SaD | P125: 0.071085721 | Q125: IMPNRGZ | S125: elc_wof_010 | T125: SaD | U125: 0.10534056 | V125: IMPNRGZ
I126: elc_spv_010 | J126: SaN | K126: 0 | L126: IMPNRGZ | N126: elc_won_010 | O126: SaN | P126: 0.10540252 | Q126: IMPNRGZ | S126: elc_wof_010 | T126: SaN | U126: 0.14340983 | V126: IMPNRGZ
... I202: elc_spv_016 | J202: WaP | K202: 0.027689331 | L202: IMPNRGZ | N202: elc_won_016 | O202: WaP | P202: 0.024490852 | Q202: IMPNRGZ | S202: elc_wof_016 | T202: WaP | U202: 0.023431928 | V202: IMPNRGZ
I203: elc_spv_017 | J203: FaD | K203: 0.25115135 | L203: IMPNRGZ | N203: elc_won_017 | O203: FaD | P203: 0.044781644 | Q203: IMPNRGZ
I204: elc_spv_017 | J204: FaN | K204: 0 | L204: IMPNRGZ | N204: elc_won_017 | O204: FaN | P204: 0.068632226 | Q204: IMPNRGZ
I205: elc_spv_017 | J205: FaP | K205: 0.0135401 | L205: IMPNRGZ | N205: elc_won_017 | O205: FaP | P205: 0.0054221164 | Q205: IMPNRGZ
I206: elc_spv_017 | J206: RaD | K206: 0.21267974 | L206: IMPNRGZ | N206: elc_won_017 | O206: RaD | P206: 0.14884589 | Q206: IMPNRGZ
I207: elc_spv_017 | J207: RaN | K207: 0 | L207: IMPNRGZ | N207: elc_won_017 | O207: RaN | P207: 0.19745331 | Q207: IMPNRGZ
I208: elc_spv_017 | J208: RaP | K208: 0.020108354 | L208: IMPNRGZ | N208: elc_won_017 | O208: RaP | P208: 0.020562306 | Q208: IMPNRGZ
I209: elc_spv_017 | J209: SaD | K209: 0.18321238 | L209: IMPNRGZ | N209: elc_won_017 | O209: SaD | P209: 0.039492539 | Q209: IMPNRGZ
I210: elc_spv_017 | J210: SaN | K210: 0 | L210: IMPNRGZ | N210: elc_won_017 | O210: SaN | P210: 0.061637571 | Q210: IMPNRGZ
I211: elc_spv_017 | J211: SaP | K211: 0.016563857 | L211: IMPNRGZ | N211: elc_won_017 | O211: SaP | P211: 0.0065332904 | Q211: IMPNRGZ
I212: elc_spv_017 | J212: WaD | K212: 0.27733352 | L212: IMPNRGZ | N212: elc_won_017 | O212: WaD | P212: 0.18784662 | Q212: IMPNRGZ
I213: elc_spv_017 | J213: WaN | K213: 0 | L213: IMPNRGZ | N213: elc_won_017 | O213: WaN | P213: 0.19605699 | Q213: IMPNRGZ
I214: elc_spv_017 | J214: WaP | K214: 0.025410704 | L214: IMPNRGZ | N214: elc_won_017 | O214: WaP | P214: 0.022735505 | Q214: IMPNRGZ
... I250: elc_spv_020 | J250: WaP | K250: 0.012174571 | L250: IMPNRGZ | N250: elc_won_020 | O250: WaP | P250: 0.058583912 | Q250: IMPNRGZ
I251: elc_spv_021 | J251: FaD | K251: 0.25541621 | L251: IMPNRGZ
I252: elc_spv_021 | J252: FaN | K252: 0 | L252: IMPNRGZ
I253: elc_spv_021 | J253: FaP | K253: 0.01091025 | L253: IMPNRGZ
I254: elc_spv_021 | J254: RaD | K254: 0.24297678 | L254: IMPNRGZ
I255: elc_spv_021 | J255: RaN | K255: 0 | L255: IMPNRGZ
I256: elc_spv_021 | J256: RaP | K256: 0.013038195 | L256: IMPNRGZ
I257: elc_spv_021 | J257: SaD | K257: 0.20986541 | L257: IMPNRGZ
I258: elc_spv_021 | J258: SaN | K258: 0 | L258: IMPNRGZ
I259: elc_spv_021 | J259: SaP | K259: 0.016435239 | L259: IMPNRGZ
I260: elc_spv_021 | J260: WaD | K260: 0.23948659 | L260: IMPNRGZ
I261: elc_spv_021 | J261: WaN | K261: 0 | L261: IMPNRGZ
I262: elc_spv_021 | J262: WaP | K262: 0.011871325 | L262: IMPNRGZ
... I406: elc_spv_033 | J406: WaP | K406: 0.019430747 | L406: IMPNRGZ
