Workbook

Sheet Veda
G1: 1-55
D2: ="~Inputcell: "&_xlfn.TEXTJOIN(",",TRUE,G1:EE1) -> ~Inputcell: 1-55
D3: 3
D5: =VLOOKUP(D3,$C$9:$E$1001,2,FALSE) -> s2_w | E5: =VLOOKUP(D3,$C$9:$E$1001,3,FALSE) -> C1
B7: ~Scenmap
A8: priority | B8: scen | C8: case_no | D8: timeslice | E8: climate
A9: 5 | B9: =VLOOKUP(E9,$AK$9:$AL$15,2,FALSE)&"."&VLOOKUP(D9,$AH$9:$AI$19,2,FALSE) -> e 1.5 deg no OS.e3d | C9: 1 | D9: s1p1v1_d | E9: C1 | G9: Limit warming to 1.5°C (>50%) with no or limited overshoot | AH9: s1p1v1_d | AI9: e3d | AK9: C1 | AL9: e 1.5 deg no OS
A10: 5 | B10: =VLOOKUP(E10,$AK$9:$AL$15,2,FALSE)&"."&VLOOKUP(D10,$AH$9:$AI$19,2,FALSE) -> e 1.5 deg no OS.d9d | C10: 2 | D10: s3p3v3_d | E10: C1 | G10: Limit warming to 1.5°C (>67%) with high overshoot | S10: IEA | AH10: s3p3v3_d | AI10: d9d | AK10: C2 | AL10: d 1.5 deg OS
A11: 5 | B11: =VLOOKUP(E11,$AK$9:$AL$15,2,FALSE)&"."&VLOOKUP(D11,$AH$9:$AI$19,2,FALSE) -> e 1.5 deg no OS.b2w | C11: 3 | D11: s2_w | E11: C1 | G11: Limit warming to 2°C (>67%) with higher action post-2030 | S11: 2022 | AH11: s2_w | AI11: b2w | AK11: C3 | AL11: c 2 deg (67%)
A12: 5 | B12: =VLOOKUP(E12,$AK$9:$AL$15,2,FALSE)&"."&VLOOKUP(D12,$AH$9:$AI$19,2,FALSE) -> e 1.5 deg no OS.a2w2d | C12: 4 | D12: s2_w_p2_d | E12: C1 | G12: Limit warming to 2°C (>50%) with immediate action | S12: =SUMIFS(iea_data!I3:I9999,iea_data!$B$3:$B$9999,Veda!$S$11)+T28-T29 -> 55.98 | T12: base-year generation (TWh) | AH12: s2_w_p2_d | AI12: a2w2d | AK12: C4 | AL12: b 2 deg (50%)
A13: 5 | B13: =VLOOKUP(E13,$AK$9:$AL$15,2,FALSE)&"."&VLOOKUP(D13,$AH$9:$AI$19,2,FALSE) -> e 1.5 deg no OS.hTS12c | C13: 5 | D13: ts12_clu | E13: C1 | G13: Likely above 3°C warming with limited mitigation | AH13: ts12_clu | AI13: hTS12c | AK13: C7 | AL13: a 3 deg
A14: 5 | B14: =VLOOKUP(E14,$AK$9:$AL$15,2,FALSE)&"."&VLOOKUP(D14,$AH$9:$AI$19,2,FALSE) -> e 1.5 deg no OS.gTS24c | C14: 6 | D14: ts24_clu | E14: =E13 -> C1 | T14: =S12 -> 55.98 | U14: =$S$12*J15 -> 57.6594 | V14: =$S$12*K15 -> 66.6162 | W14: =$S$12*L15 -> 80.0514 | X14: =$S$12*M15 -> 92.367 | Y14: =$S$12*N15 -> 101.3238 | Z14: =$S$12*O15 -> 108.0414 | AH14: ts24_clu | AI14: gTS24c
A15: 5 | B15: =VLOOKUP(E15,$AK$9:$AL$15,2,FALSE)&"."&VLOOKUP(D15,$AH$9:$AI$19,2,FALSE) -> e 1.5 deg no OS.fTS48c | C15: 7 | D15: ts48_clu | E15: =E14 -> C1 | G15: Electricity growth relative to 2020 | I15: =SUMIFS(ar6_r10!$F$2:$F$999,ar6_r10!$A$2:$A$999,Veda!$E$5,ar6_r10!$C$2:$C$999,Veda!I$17,ar6_r10!$M$2:$M$999,Veda!$G15) -> 1 | J15: =SUMIFS(ar6_r10!$F$2:$F$999,ar6_r10!$A$2:$A$999,Veda!$E$5,ar6_r10!$C$2:$C$999,Veda!J$17,ar6_r10!$M$2:$M$999,Veda!$G15) -> 1.03 | K15: =SUMIFS(ar6_r10!$F$2:$F$999,ar6_r10!$A$2:$A$999,Veda!$E$5,ar6_r10!$C$2:$C$999,Veda!K$17,ar6_r10!$M$2:$M$999,Veda!$G15) -> 1.19 | L15: =SUMIFS(ar6_r10!$F$2:$F$999,ar6_r10!$A$2:$A$999,Veda!$E$5,ar6_r10!$C$2:$C$999,Veda!L$17,ar6_r10!$M$2:$M$999,Veda!$G15) -> 1.43 | M15: =SUMIFS(ar6_r10!$F$2:$F$999,ar6_r10!$A$2:$A$999,Veda!$E$5,ar6_r10!$C$2:$C$999,Veda!M$17,ar6_r10!$M$2:$M$999,Veda!$G15) -> 1.65 | N15: =SUMIFS(ar6_r10!$F$2:$F$999,ar6_r10!$A$2:$A$999,Veda!$E$5,ar6_r10!$C$2:$C$999,Veda!N$17,ar6_r10!$M$2:$M$999,Veda!$G15) -> 1.81 | O15: =SUMIFS(ar6_r10!$F$2:$F$999,ar6_r10!$A$2:$A$999,Veda!$E$5,ar6_r10!$C$2:$C$999,Veda!O$17,ar6_r10!$M$2:$M$999,Veda!$G15) -> 1.93 | AH15: ts48_clu | AI15: fTS48c
A16: 5 | B16: =VLOOKUP(E16,$AK$9:$AL$15,2,FALSE)&"."&VLOOKUP(D16,$AH$9:$AI$19,2,FALSE) -> e 1.5 deg no OS.c15d | C16: 8 | D16: s5p5v5_d | E16: =E15 -> C1 | S16: ~TFM_INS-TS | AH16: s5p5v5_d | AI16: c15d
A17: 5 | B17: =VLOOKUP(E17,$AK$9:$AL$15,2,FALSE)&"."&VLOOKUP(D17,$AH$9:$AI$19,2,FALSE) -> e 1.5 deg no OS.f1d | C17: 9 | D17: s1_d | E17: =E16 -> C1 | I17: 2020 | J17: =U17 -> 2025 | K17: =V17 -> 2030 | L17: =W17 -> 2035 | M17: =X17 -> 2040 | N17: =Y17 -> 2045 | O17: =Z17 -> 2050 | S17: commodity | T17: 2022 | U17: 2025 | V17: 2030 | W17: 2035 | X17: 2040 | Y17: 2045 | Z17: 2050 | AA17: attribute | AH17: ts_12 | AI17: iTS12
A18: 5 | B18: =VLOOKUP(E18,$AK$9:$AL$15,2,FALSE)&"."&VLOOKUP(D18,$AH$9:$AI$19,2,FALSE) -> e 1.5 deg no OS.jAnn | C18: 10 | D18: ts_annual | E18: =E17 -> C1 | G18: Hydrogen as a share of electricity | I18: =SUMIFS(ar6_r10!$F$2:$F$999,ar6_r10!$A$2:$A$999,Veda!$E$5,ar6_r10!$C$2:$C$999,Veda!I$17,ar6_r10!$M$2:$M$999,Veda!$G18) -> 0.01 | J18: =SUMIFS(ar6_r10!$F$2:$F$999,ar6_r10!$A$2:$A$999,Veda!$E$5,ar6_r10!$C$2:$C$999,Veda!J$17,ar6_r10!$M$2:$M$999,Veda!$G18) -> 0.01 | K18: =SUMIFS(ar6_r10!$F$2:$F$999,ar6_r10!$A$2:$A$999,Veda!$E$5,ar6_r10!$C$2:$C$999,Veda!K$17,ar6_r10!$M$2:$M$999,Veda!$G18) -> 0.01 | L18: =SUMIFS(ar6_r10!$F$2:$F$999,ar6_r10!$A$2:$A$999,Veda!$E$5,ar6_r10!$C$2:$C$999,Veda!L$17,ar6_r10!$M$2:$M$999,Veda!$G18) -> 0.03 | M18: =SUMIFS(ar6_r10!$F$2:$F$999,ar6_r10!$A$2:$A$999,Veda!$E$5,ar6_r10!$C$2:$C$999,Veda!M$17,ar6_r10!$M$2:$M$999,Veda!$G18) -> 0.03 | N18: =SUMIFS(ar6_r10!$F$2:$F$999,ar6_r10!$A$2:$A$999,Veda!$E$5,ar6_r10!$C$2:$C$999,Veda!N$17,ar6_r10!$M$2:$M$999,Veda!$G18) -> 0.04 | O18: =SUMIFS(ar6_r10!$F$2:$F$999,ar6_r10!$A$2:$A$999,Veda!$E$5,ar6_r10!$C$2:$C$999,Veda!O$17,ar6_r10!$M$2:$M$999,Veda!$G18) -> 0.05 | S18: hydrogen_allsect | T18: =I18*T$14 -> 0.5598 | U18: =J18*U$14 -> 0.576594 | V18: =K18*V$14 -> 0.666162 | W18: =L18*W$14 -> 2.401542 | X18: =M18*X$14 -> 2.77101 | Y18: =N18*Y$14 -> 4.052952 | Z18: =O18*Z$14 -> 5.40207 | AA18: demand | AH18: ts_annual | AI18: jAnn
A19: 5 | B19: =VLOOKUP(E19,$AK$9:$AL$15,2,FALSE)&"."&VLOOKUP(D19,$AH$9:$AI$19,2,FALSE) -> e 1.5 deg no OS.iTS12 | C19: 11 | D19: ts_12 | E19: =E18 -> C1 | G19: Industry electricity share | I19: =SUMIFS(ar6_r10!$F$2:$F$999,ar6_r10!$A$2:$A$999,Veda!$E$5,ar6_r10!$C$2:$C$999,Veda!I$17,ar6_r10!$M$2:$M$999,Veda!$G19) -> 0.35 | J19: =SUMIFS(ar6_r10!$F$2:$F$999,ar6_r10!$A$2:$A$999,Veda!$E$5,ar6_r10!$C$2:$C$999,Veda!J$17,ar6_r10!$M$2:$M$999,Veda!$G19) -> 0.32 | K19: =SUMIFS(ar6_r10!$F$2:$F$999,ar6_r10!$A$2:$A$999,Veda!$E$5,ar6_r10!$C$2:$C$999,Veda!K$17,ar6_r10!$M$2:$M$999,Veda!$G19) -> 0.3 | L19: =SUMIFS(ar6_r10!$F$2:$F$999,ar6_r10!$A$2:$A$999,Veda!$E$5,ar6_r10!$C$2:$C$999,Veda!L$17,ar6_r10!$M$2:$M$999,Veda!$G19) -> 0.29 | M19: =SUMIFS(ar6_r10!$F$2:$F$999,ar6_r10!$A$2:$A$999,Veda!$E$5,ar6_r10!$C$2:$C$999,Veda!M$17,ar6_r10!$M$2:$M$999,Veda!$G19) -> 0.29 | N19: =SUMIFS(ar6_r10!$F$2:$F$999,ar6_r10!$A$2:$A$999,Veda!$E$5,ar6_r10!$C$2:$C$999,Veda!N$17,ar6_r10!$M$2:$M$999,Veda!$G19) -> 0.3 | O19: =SUMIFS(ar6_r10!$F$2:$F$999,ar6_r10!$A$2:$A$999,Veda!$E$5,ar6_r10!$C$2:$C$999,Veda!O$17,ar6_r10!$M$2:$M$999,Veda!$G19) -> 0.31 | S19: elc_industry | T19: =I19*T$14 -> 19.593 | U19: =J19*U$14 -> 18.451008 | V19: =K19*V$14 -> 19.98486 | W19: =L19*W$14 -> 23.214906 | X19: =M19*X$14 -> 26.78643 | Y19: =N19*Y$14 -> 30.39714 | Z19: =O19*Z$14 -> 33.492834 | AA19: demand | AH19: s1_d | AI19: f1d
A20: 5 | B20: =VLOOKUP(E20,$AK$9:$AL$15,2,FALSE)&"."&VLOOKUP(D20,$AH$9:$AI$19,2,FALSE) -> d 1.5 deg OS.e3d | C20: 12 | D20: =D9 -> s1p1v1_d | E20: C2 | G20: Residential and commercial electricity share | I20: =SUMIFS(ar6_r10!$F$2:$F$999,ar6_r10!$A$2:$A$999,Veda!$E$5,ar6_r10!$C$2:$C$999,Veda!I$17,ar6_r10!$M$2:$M$999,Veda!$G20) -> 0.61 | J20: =SUMIFS(ar6_r10!$F$2:$F$999,ar6_r10!$A$2:$A$999,Veda!$E$5,ar6_r10!$C$2:$C$999,Veda!J$17,ar6_r10!$M$2:$M$999,Veda!$G20) -> 0.62 | K20: =SUMIFS(ar6_r10!$F$2:$F$999,ar6_r10!$A$2:$A$999,Veda!$E$5,ar6_r10!$C$2:$C$999,Veda!K$17,ar6_r10!$M$2:$M$999,Veda!$G20) -> 0.59 | L20: =SUMIFS(ar6_r10!$F$2:$F$999,ar6_r10!$A$2:$A$999,Veda!$E$5,ar6_r10!$C$2:$C$999,Veda!L$17,ar6_r10!$M$2:$M$999,Veda!$G20) -> 0.56 | M20: =SUMIFS(ar6_r10!$F$2:$F$999,ar6_r10!$A$2:$A$999,Veda!$E$5,ar6_r10!$C$2:$C$999,Veda!M$17,ar6_r10!$M$2:$M$999,Veda!$G20) -> 0.54 | N20: =SUMIFS(ar6_r10!$F$2:$F$999,ar6_r10!$A$2:$A$999,Veda!$E$5,ar6_r10!$C$2:$C$999,Veda!N$17,ar6_r10!$M$2:$M$999,Veda!$G20) -> 0.53 | O20: =SUMIFS(ar6_r10!$F$2:$F$999,ar6_r10!$A$2:$A$999,Veda!$E$5,ar6_r10!$C$2:$C$999,Veda!O$17,ar6_r10!$M$2:$M$999,Veda!$G20) -> 0.53 | S20: elc_buildings | T20: =I20*T$14 -> 34.1478 | U20: =J20*U$14 -> 35.748828 | V20: =K20*V$14 -> 39.303558 | W20: =L20*W$14 -> 44.828784 | X20: =M20*X$14 -> 49.87818 | Y20: =N20*Y$14 -> 53.701614 | Z20: =O20*Z$14 -> 57.261942 | AA20: demand
A21: 5 | B21: =VLOOKUP(E21,$AK$9:$AL$15,2,FALSE)&"."&VLOOKUP(D21,$AH$9:$AI$19,2,FALSE) -> d 1.5 deg OS.d9d | C21: 13 | D21: =D10 -> s3p3v3_d | E21: =E20 -> C2 | G21: Transportation electricity share | I21: =SUMIFS(ar6_r10!$F$2:$F$999,ar6_r10!$A$2:$A$999,Veda!$E$5,ar6_r10!$C$2:$C$999,Veda!I$17,ar6_r10!$M$2:$M$999,Veda!$G21) -> 0.03 | J21: =SUMIFS(ar6_r10!$F$2:$F$999,ar6_r10!$A$2:$A$999,Veda!$E$5,ar6_r10!$C$2:$C$999,Veda!J$17,ar6_r10!$M$2:$M$999,Veda!$G21) -> 0.06 | K21: =SUMIFS(ar6_r10!$F$2:$F$999,ar6_r10!$A$2:$A$999,Veda!$E$5,ar6_r10!$C$2:$C$999,Veda!K$17,ar6_r10!$M$2:$M$999,Veda!$G21) -> 0.1 | L21: =SUMIFS(ar6_r10!$F$2:$F$999,ar6_r10!$A$2:$A$999,Veda!$E$5,ar6_r10!$C$2:$C$999,Veda!L$17,ar6_r10!$M$2:$M$999,Veda!$G21) -> 0.14 | M21: =SUMIFS(ar6_r10!$F$2:$F$999,ar6_r10!$A$2:$A$999,Veda!$E$5,ar6_r10!$C$2:$C$999,Veda!M$17,ar6_r10!$M$2:$M$999,Veda!$G21) -> 0.17 | N21: =SUMIFS(ar6_r10!$F$2:$F$999,ar6_r10!$A$2:$A$999,Veda!$E$5,ar6_r10!$C$2:$C$999,Veda!N$17,ar6_r10!$M$2:$M$999,Veda!$G21) -> 0.19 | O21: =SUMIFS(ar6_r10!$F$2:$F$999,ar6_r10!$A$2:$A$999,Veda!$E$5,ar6_r10!$C$2:$C$999,Veda!O$17,ar6_r10!$M$2:$M$999,Veda!$G21) -> 0.2 | S21: elc_transport | T21: =I21*T$14 -> 1.6794 | U21: =T21 -> 1.6794 | V21: =U21 -> 1.6794 | W21: =V21 -> 1.6794 | X21: =W21 -> 1.6794 | Y21: =X21 -> 1.6794 | Z21: =Y21 -> 1.6794 | AA21: demand | AC21: non-road transport demand assumed to be constant
A22: 5 | B22: =VLOOKUP(E22,$AK$9:$AL$15,2,FALSE)&"."&VLOOKUP(D22,$AH$9:$AI$19,2,FALSE) -> d 1.5 deg OS.b2w | C22: 14 | D22: =D11 -> s2_w | E22: =E21 -> C2 | S22: elc_roadtransport | T22: =T14-SUM(T19:T21) -> 0.5598 | U22: =U14-SUM(U19:U21) -> 1.780164 | V22: =V14-SUM(V19:V21) -> 5.648382 | W22: =W14-SUM(W19:W21) -> 10.32831 | X22: =X14-SUM(X19:X21) -> 14.02299 | Y22: =Y14-SUM(Y19:Y21) -> 15.545646 | Z22: =Z14-SUM(Z19:Z21) -> 15.607224 | AA22: demand
A23: 5 | B23: =VLOOKUP(E23,$AK$9:$AL$15,2,FALSE)&"."&VLOOKUP(D23,$AH$9:$AI$19,2,FALSE) -> d 1.5 deg OS.a2w2d | C23: 15 | D23: =D12 -> s2_w_p2_d | E23: =E22 -> C2 | S23: *
A24: 5 | B24: =VLOOKUP(E24,$AK$9:$AL$15,2,FALSE)&"."&VLOOKUP(D24,$AH$9:$AI$19,2,FALSE) -> d 1.5 deg OS.hTS12c | C24: 16 | D24: =D13 -> ts12_clu | E24: =E23 -> C2 | G24: CO2 price | I24: 0 | J24: 0 | K24: =SUMIFS(ar6_r10!$F$2:$F$999,ar6_r10!$A$2:$A$999,Veda!$E$5,ar6_r10!$C$2:$C$999,Veda!K$17,ar6_r10!$M$2:$M$999,Veda!$G24) -> 241.69 | L24: =SUMIFS(ar6_r10!$F$2:$F$999,ar6_r10!$A$2:$A$999,Veda!$E$5,ar6_r10!$C$2:$C$999,Veda!L$17,ar6_r10!$M$2:$M$999,Veda!$G24) -> 339.03 | M24: =SUMIFS(ar6_r10!$F$2:$F$999,ar6_r10!$A$2:$A$999,Veda!$E$5,ar6_r10!$C$2:$C$999,Veda!M$17,ar6_r10!$M$2:$M$999,Veda!$G24) -> 410.28 | N24: =SUMIFS(ar6_r10!$F$2:$F$999,ar6_r10!$A$2:$A$999,Veda!$E$5,ar6_r10!$C$2:$C$999,Veda!N$17,ar6_r10!$M$2:$M$999,Veda!$G24) -> 494.2 | O24: =SUMIFS(ar6_r10!$F$2:$F$999,ar6_r10!$A$2:$A$999,Veda!$E$5,ar6_r10!$C$2:$C$999,Veda!O$17,ar6_r10!$M$2:$M$999,Veda!$G24) -> 635.43 | S24: co2net | U24: 0 | V24: =K24/1000 -> 0.24169 | W24: =L24/1000 -> 0.33903 | X24: =M24/1000 -> 0.41028 | Y24: =N24/1000 -> 0.4942 | Z24: =O24/1000 -> 0.63543 | AA24: com_taxnet
A25: 5 | B25: =VLOOKUP(E25,$AK$9:$AL$15,2,FALSE)&"."&VLOOKUP(D25,$AH$9:$AI$19,2,FALSE) -> d 1.5 deg OS.gTS24c | C25: 17 | D25: =D14 -> ts24_clu | E25: =E24 -> C2
A26: 5 | B26: =VLOOKUP(E26,$AK$9:$AL$15,2,FALSE)&"."&VLOOKUP(D26,$AH$9:$AI$19,2,FALSE) -> d 1.5 deg OS.fTS48c | C26: 18 | D26: =D15 -> ts48_clu | E26: =E25 -> C2 | S26: ~TFM_INS-TS
A27: 5 | B27: =VLOOKUP(E27,$AK$9:$AL$15,2,FALSE)&"."&VLOOKUP(D27,$AH$9:$AI$19,2,FALSE) -> d 1.5 deg OS.c15d | C27: 19 | D27: =D16 -> s5p5v5_d | E27: =E26 -> C2 | S27: process | T27: =T17 -> 2022 | U27: =U17 -> 2025 | V27: =V17 -> 2030 | W27: =W17 -> 2035 | X27: =X17 -> 2040 | Y27: =Y17 -> 2045 | Z27: =Z17 -> 2050 | AA27: attribute | AB27: limtype
A28: 5 | B28: =VLOOKUP(E28,$AK$9:$AL$15,2,FALSE)&"."&VLOOKUP(D28,$AH$9:$AI$19,2,FALSE) -> d 1.5 deg OS.f1d | C28: 20 | D28: =D17 -> s1_d | E28: =E27 -> C2 | Q28: =SUMIFS(iea_data!G3:G9999,iea_data!$B$3:$B$9999,Veda!$S$11) -> 7.75 | S28: Trd_electricity import | T28: =Q28 -> 7.75 | AA28: ACT_BND | AB28: FX
A29: 5 | B29: =VLOOKUP(E29,$AK$9:$AL$15,2,FALSE)&"."&VLOOKUP(D29,$AH$9:$AI$19,2,FALSE) -> d 1.5 deg OS.jAnn | C29: 21 | D29: =D18 -> ts_annual | E29: =E28 -> C2 | Q29: =SUMIFS(iea_data!H3:H9999,iea_data!$B$3:$B$9999,Veda!$S$11) -> -4.3 | S29: Trd_electricity export | T29: =-1*Q29 -> 4.3 | AA29: ACT_BND | AB29: FX
A30: 5 | B30: =VLOOKUP(E30,$AK$9:$AL$15,2,FALSE)&"."&VLOOKUP(D30,$AH$9:$AI$19,2,FALSE) -> d 1.5 deg OS.iTS12 | C30: 22 | D30: =D19 -> ts_12 | E30: =E29 -> C2
A31: 5 | B31: =VLOOKUP(E31,$AK$9:$AL$15,2,FALSE)&"."&VLOOKUP(D31,$AH$9:$AI$19,2,FALSE) -> c 2 deg (67%).e3d | C31: 23 | D31: =D20 -> s1p1v1_d | E31: C3
A32: 5 | B32: =VLOOKUP(E32,$AK$9:$AL$15,2,FALSE)&"."&VLOOKUP(D32,$AH$9:$AI$19,2,FALSE) -> c 2 deg (67%).d9d | C32: 24 | D32: =D21 -> s3p3v3_d | E32: =E31 -> C3
A33: 5 | B33: =VLOOKUP(E33,$AK$9:$AL$15,2,FALSE)&"."&VLOOKUP(D33,$AH$9:$AI$19,2,FALSE) -> c 2 deg (67%).b2w | C33: 25 | D33: =D22 -> s2_w | E33: =E32 -> C3
A34: 5 | B34: =VLOOKUP(E34,$AK$9:$AL$15,2,FALSE)&"."&VLOOKUP(D34,$AH$9:$AI$19,2,FALSE) -> c 2 deg (67%).a2w2d | C34: 26 | D34: =D23 -> s2_w_p2_d | E34: =E33 -> C3
A35: 5 | B35: =VLOOKUP(E35,$AK$9:$AL$15,2,FALSE)&"."&VLOOKUP(D35,$AH$9:$AI$19,2,FALSE) -> c 2 deg (67%).hTS12c | C35: 27 | D35: =D24 -> ts12_clu | E35: =E34 -> C3
A36: 5 | B36: =VLOOKUP(E36,$AK$9:$AL$15,2,FALSE)&"."&VLOOKUP(D36,$AH$9:$AI$19,2,FALSE) -> c 2 deg (67%).gTS24c | C36: 28 | D36: =D25 -> ts24_clu | E36: =E35 -> C3 | G36: C7
A37: 5 | B37: =VLOOKUP(E37,$AK$9:$AL$15,2,FALSE)&"."&VLOOKUP(D37,$AH$9:$AI$19,2,FALSE) -> c 2 deg (67%).fTS48c | C37: 29 | D37: =D26 -> ts48_clu | E37: =E36 -> C3 | G37: Gas Price | I37: =SUMIFS(ar6_r10!$F$2:$F$999,ar6_r10!$A$2:$A$999,Veda!$G$36,ar6_r10!$C$2:$C$999,Veda!I$17,ar6_r10!$M$2:$M$999,Veda!$G37) -> 1 | J37: =SUMIFS(ar6_r10!$F$2:$F$999,ar6_r10!$A$2:$A$999,Veda!$G$36,ar6_r10!$C$2:$C$999,Veda!J$17,ar6_r10!$M$2:$M$999,Veda!$G37) -> 1.07 | K37: =SUMIFS(ar6_r10!$F$2:$F$999,ar6_r10!$A$2:$A$999,Veda!$G$36,ar6_r10!$C$2:$C$999,Veda!K$17,ar6_r10!$M$2:$M$999,Veda!$G37) -> 1.24 | L37: =SUMIFS(ar6_r10!$F$2:$F$999,ar6_r10!$A$2:$A$999,Veda!$G$36,ar6_r10!$C$2:$C$999,Veda!L$17,ar6_r10!$M$2:$M$999,Veda!$G37) -> 1.15 | M37: =SUMIFS(ar6_r10!$F$2:$F$999,ar6_r10!$A$2:$A$999,Veda!$G$36,ar6_r10!$C$2:$C$999,Veda!M$17,ar6_r10!$M$2:$M$999,Veda!$G37) -> 1.25 | N37: =SUMIFS(ar6_r10!$F$2:$F$999,ar6_r10!$A$2:$A$999,Veda!$G$36,ar6_r10!$C$2:$C$999,Veda!N$17,ar6_r10!$M$2:$M$999,Veda!$G37) -> 1.17 | O37: =SUMIFS(ar6_r10!$F$2:$F$999,ar6_r10!$A$2:$A$999,Veda!$G$36,ar6_r10!$C$2:$C$999,Veda!O$17,ar6_r10!$M$2:$M$999,Veda!$G37) -> 1.34
A38: 5 | B38: =VLOOKUP(E38,$AK$9:$AL$15,2,FALSE)&"."&VLOOKUP(D38,$AH$9:$AI$19,2,FALSE) -> c 2 deg (67%).c15d | C38: 30 | D38: =D27 -> s5p5v5_d | E38: =E37 -> C3 | G38: Coal Price | I38: =SUMIFS(ar6_r10!$F$2:$F$999,ar6_r10!$A$2:$A$999,Veda!$G$36,ar6_r10!$C$2:$C$999,Veda!I$17,ar6_r10!$M$2:$M$999,Veda!$G38) -> 1 | J38: =SUMIFS(ar6_r10!$F$2:$F$999,ar6_r10!$A$2:$A$999,Veda!$G$36,ar6_r10!$C$2:$C$999,Veda!J$17,ar6_r10!$M$2:$M$999,Veda!$G38) -> 1.02 | K38: =SUMIFS(ar6_r10!$F$2:$F$999,ar6_r10!$A$2:$A$999,Veda!$G$36,ar6_r10!$C$2:$C$999,Veda!K$17,ar6_r10!$M$2:$M$999,Veda!$G38) -> 1.06 | L38: =SUMIFS(ar6_r10!$F$2:$F$999,ar6_r10!$A$2:$A$999,Veda!$G$36,ar6_r10!$C$2:$C$999,Veda!L$17,ar6_r10!$M$2:$M$999,Veda!$G38) -> 1.07 | M38: =SUMIFS(ar6_r10!$F$2:$F$999,ar6_r10!$A$2:$A$999,Veda!$G$36,ar6_r10!$C$2:$C$999,Veda!M$17,ar6_r10!$M$2:$M$999,Veda!$G38) -> 1.08 | N38: =SUMIFS(ar6_r10!$F$2:$F$999,ar6_r10!$A$2:$A$999,Veda!$G$36,ar6_r10!$C$2:$C$999,Veda!N$17,ar6_r10!$M$2:$M$999,Veda!$G38) -> 1.1 | O38: =SUMIFS(ar6_r10!$F$2:$F$999,ar6_r10!$A$2:$A$999,Veda!$G$36,ar6_r10!$C$2:$C$999,Veda!O$17,ar6_r10!$M$2:$M$999,Veda!$G38) -> 1.12
A39: 5 | B39: =VLOOKUP(E39,$AK$9:$AL$15,2,FALSE)&"."&VLOOKUP(D39,$AH$9:$AI$19,2,FALSE) -> c 2 deg (67%).f1d | C39: 31 | D39: =D28 -> s1_d | E39: =E38 -> C3 | G39: Oil Price | I39: =SUMIFS(ar6_r10!$F$2:$F$999,ar6_r10!$A$2:$A$999,Veda!$G$36,ar6_r10!$C$2:$C$999,Veda!I$17,ar6_r10!$M$2:$M$999,Veda!$G39) -> 1 | J39: =SUMIFS(ar6_r10!$F$2:$F$999,ar6_r10!$A$2:$A$999,Veda!$G$36,ar6_r10!$C$2:$C$999,Veda!J$17,ar6_r10!$M$2:$M$999,Veda!$G39) -> 1.01 | K39: =SUMIFS(ar6_r10!$F$2:$F$999,ar6_r10!$A$2:$A$999,Veda!$G$36,ar6_r10!$C$2:$C$999,Veda!K$17,ar6_r10!$M$2:$M$999,Veda!$G39) -> 1.11 | L39: =SUMIFS(ar6_r10!$F$2:$F$999,ar6_r10!$A$2:$A$999,Veda!$G$36,ar6_r10!$C$2:$C$999,Veda!L$17,ar6_r10!$M$2:$M$999,Veda!$G39) -> 1.01 | M39: =SUMIFS(ar6_r10!$F$2:$F$999,ar6_r10!$A$2:$A$999,Veda!$G$36,ar6_r10!$C$2:$C$999,Veda!M$17,ar6_r10!$M$2:$M$999,Veda!$G39) -> 1.01 | N39: =SUMIFS(ar6_r10!$F$2:$F$999,ar6_r10!$A$2:$A$999,Veda!$G$36,ar6_r10!$C$2:$C$999,Veda!N$17,ar6_r10!$M$2:$M$999,Veda!$G39) -> 1.04 | O39: =SUMIFS(ar6_r10!$F$2:$F$999,ar6_r10!$A$2:$A$999,Veda!$G$36,ar6_r10!$C$2:$C$999,Veda!O$17,ar6_r10!$M$2:$M$999,Veda!$G39) -> 1.14
A40: 5 | B40: =VLOOKUP(E40,$AK$9:$AL$15,2,FALSE)&"."&VLOOKUP(D40,$AH$9:$AI$19,2,FALSE) -> c 2 deg (67%).jAnn | C40: 32 | D40: =D29 -> ts_annual | E40: =E39 -> C3 | G40: Biomass Price | I40: =SUMIFS(ar6_r10!$F$2:$F$999,ar6_r10!$A$2:$A$999,Veda!$G$36,ar6_r10!$C$2:$C$999,Veda!I$17,ar6_r10!$M$2:$M$999,Veda!$G40) -> 1 | J40: =SUMIFS(ar6_r10!$F$2:$F$999,ar6_r10!$A$2:$A$999,Veda!$G$36,ar6_r10!$C$2:$C$999,Veda!J$17,ar6_r10!$M$2:$M$999,Veda!$G40) -> 0.96 | K40: =SUMIFS(ar6_r10!$F$2:$F$999,ar6_r10!$A$2:$A$999,Veda!$G$36,ar6_r10!$C$2:$C$999,Veda!K$17,ar6_r10!$M$2:$M$999,Veda!$G40) -> 1.04 | L40: =SUMIFS(ar6_r10!$F$2:$F$999,ar6_r10!$A$2:$A$999,Veda!$G$36,ar6_r10!$C$2:$C$999,Veda!L$17,ar6_r10!$M$2:$M$999,Veda!$G40) -> 1.04 | M40: =SUMIFS(ar6_r10!$F$2:$F$999,ar6_r10!$A$2:$A$999,Veda!$G$36,ar6_r10!$C$2:$C$999,Veda!M$17,ar6_r10!$M$2:$M$999,Veda!$G40) -> 0.98 | N40: =SUMIFS(ar6_r10!$F$2:$F$999,ar6_r10!$A$2:$A$999,Veda!$G$36,ar6_r10!$C$2:$C$999,Veda!N$17,ar6_r10!$M$2:$M$999,Veda!$G40) -> 0.99 | O40: =SUMIFS(ar6_r10!$F$2:$F$999,ar6_r10!$A$2:$A$999,Veda!$G$36,ar6_r10!$C$2:$C$999,Veda!O$17,ar6_r10!$M$2:$M$999,Veda!$G40) -> 1
A41: 5 | B41: =VLOOKUP(E41,$AK$9:$AL$15,2,FALSE)&"."&VLOOKUP(D41,$AH$9:$AI$19,2,FALSE) -> c 2 deg (67%).iTS12 | C41: 33 | D41: =D30 -> ts_12 | E41: =E40 -> C3
A42: 5 | B42: =VLOOKUP(E42,$AK$9:$AL$15,2,FALSE)&"."&VLOOKUP(D42,$AH$9:$AI$19,2,FALSE) -> b 2 deg (50%).e3d | C42: 34 | D42: =D31 -> s1p1v1_d | E42: C4
A43: 5 | B43: =VLOOKUP(E43,$AK$9:$AL$15,2,FALSE)&"."&VLOOKUP(D43,$AH$9:$AI$19,2,FALSE) -> b 2 deg (50%).d9d | C43: 35 | D43: =D32 -> s3p3v3_d | E43: =E42 -> C4 | G43: ~TFM_INS-TS: attribute=flo_cost
A44: 5 | B44: =VLOOKUP(E44,$AK$9:$AL$15,2,FALSE)&"."&VLOOKUP(D44,$AH$9:$AI$19,2,FALSE) -> b 2 deg (50%).b2w | C44: 36 | D44: =D33 -> s2_w | E44: =E43 -> C4 | G44: commodity | H44: pset_co | I44: 2022 | J44: =J17 -> 2025 | K44: =K17 -> 2030 | L44: =L17 -> 2035 | M44: =M17 -> 2040 | N44: =N17 -> 2045 | O44: =O17 -> 2050 | R44: low | S44: high
A45: 5 | B45: =VLOOKUP(E45,$AK$9:$AL$15,2,FALSE)&"."&VLOOKUP(D45,$AH$9:$AI$19,2,FALSE) -> b 2 deg (50%).a2w2d | C45: 37 | D45: =D34 -> s2_w_p2_d | E45: =E44 -> C4 | G45: Gas | H45: =G45 -> Gas | I45: =AVERAGE($R45:$S45)*I37 -> 35.1 | J45: =AVERAGE($R45:$S45)*J37 -> 37.557 | K45: =AVERAGE($R45:$S45)*K37 -> 43.524 | L45: =AVERAGE($R45:$S45)*L37 -> 40.365 | M45: =AVERAGE($R45:$S45)*M37 -> 43.875 | N45: =AVERAGE($R45:$S45)*N37 -> 41.067 | O45: =AVERAGE($R45:$S45)*O37 -> 47.034 | R45: =HLOOKUP($G45&"_"&R$44,fuel_prices!$B$10:$I$11,2,FALSE) -> 29.1 | S45: =HLOOKUP($G45&"_"&S$44,fuel_prices!$B$10:$I$11,2,FALSE) -> 41.1
A46: 5 | B46: =VLOOKUP(E46,$AK$9:$AL$15,2,FALSE)&"."&VLOOKUP(D46,$AH$9:$AI$19,2,FALSE) -> b 2 deg (50%).hTS12c | C46: 38 | D46: =D35 -> ts12_clu | E46: =E45 -> C4 | G46: Coal | H46: =G46 -> Coal | I46: =AVERAGE($R46:$S46)*I38 -> 16.75 | J46: =AVERAGE($R46:$S46)*J38 -> 17.085 | K46: =AVERAGE($R46:$S46)*K38 -> 17.755 | L46: =AVERAGE($R46:$S46)*L38 -> 17.9225 | M46: =AVERAGE($R46:$S46)*M38 -> 18.09 | N46: =AVERAGE($R46:$S46)*N38 -> 18.425 | O46: =AVERAGE($R46:$S46)*O38 -> 18.76 | R46: =HLOOKUP($G46&"_"&R$44,fuel_prices!$B$10:$I$11,2,FALSE) -> 15.2 | S46: =HLOOKUP($G46&"_"&S$44,fuel_prices!$B$10:$I$11,2,FALSE) -> 18.3
A47: 5 | B47: =VLOOKUP(E47,$AK$9:$AL$15,2,FALSE)&"."&VLOOKUP(D47,$AH$9:$AI$19,2,FALSE) -> b 2 deg (50%).gTS24c | C47: 39 | D47: =D36 -> ts24_clu | E47: =E46 -> C4 | G47: Oil | H47: =G47 -> Oil | I47: =AVERAGE($R47:$S47)*I39 -> 55 | J47: =AVERAGE($R47:$S47)*J39 -> 55.55 | K47: =AVERAGE($R47:$S47)*K39 -> 61.05 | L47: =AVERAGE($R47:$S47)*L39 -> 55.55 | M47: =AVERAGE($R47:$S47)*M39 -> 55.55 | N47: =AVERAGE($R47:$S47)*N39 -> 57.2 | O47: =AVERAGE($R47:$S47)*O39 -> 62.7 | R47: =HLOOKUP($G47&"_"&R$44,fuel_prices!$B$10:$I$11,2,FALSE) -> 50 | S47: =HLOOKUP($G47&"_"&S$44,fuel_prices!$B$10:$I$11,2,FALSE) -> 60
A48: 5 | B48: =VLOOKUP(E48,$AK$9:$AL$15,2,FALSE)&"."&VLOOKUP(D48,$AH$9:$AI$19,2,FALSE) -> b 2 deg (50%).fTS48c | C48: 40 | D48: =D37 -> ts48_clu | E48: =E47 -> C4 | G48: Bioenergy | H48: =G48 -> Bioenergy | I48: =AVERAGE($R48:$S48)*I40 -> 28 | J48: =AVERAGE($R48:$S48)*J40 -> 26.88 | K48: =AVERAGE($R48:$S48)*K40 -> 29.12 | L48: =AVERAGE($R48:$S48)*L40 -> 29.12 | M48: =AVERAGE($R48:$S48)*M40 -> 27.44 | N48: =AVERAGE($R48:$S48)*N40 -> 27.72 | O48: =AVERAGE($R48:$S48)*O40 -> 28 | R48: =HLOOKUP($G48&"_"&R$44,fuel_prices!$B$10:$I$11,2,FALSE) -> 24 | S48: =HLOOKUP($G48&"_"&S$44,fuel_prices!$B$10:$I$11,2,FALSE) -> 32
A49: 5 | B49: =VLOOKUP(E49,$AK$9:$AL$15,2,FALSE)&"."&VLOOKUP(D49,$AH$9:$AI$19,2,FALSE) -> b 2 deg (50%).c15d | C49: 41 | D49: =D38 -> s5p5v5_d | E49: =E48 -> C4
A50: 5 | B50: =VLOOKUP(E50,$AK$9:$AL$15,2,FALSE)&"."&VLOOKUP(D50,$AH$9:$AI$19,2,FALSE) -> b 2 deg (50%).f1d | C50: 42 | D50: =D39 -> s1_d | E50: =E49 -> C4
A51: 5 | B51: =VLOOKUP(E51,$AK$9:$AL$15,2,FALSE)&"."&VLOOKUP(D51,$AH$9:$AI$19,2,FALSE) -> b 2 deg (50%).jAnn | C51: 43 | D51: =D40 -> ts_annual | E51: =E50 -> C4
A52: 5 | B52: =VLOOKUP(E52,$AK$9:$AL$15,2,FALSE)&"."&VLOOKUP(D52,$AH$9:$AI$19,2,FALSE) -> b 2 deg (50%).iTS12 | C52: 44 | D52: =D41 -> ts_12 | E52: =E51 -> C4
A53: 5 | B53: =VLOOKUP(E53,$AK$9:$AL$15,2,FALSE)&"."&VLOOKUP(D53,$AH$9:$AI$19,2,FALSE) -> a 3 deg.e3d | C53: 45 | D53: =D42 -> s1p1v1_d | E53: C7
A54: 5 | B54: =VLOOKUP(E54,$AK$9:$AL$15,2,FALSE)&"."&VLOOKUP(D54,$AH$9:$AI$19,2,FALSE) -> a 3 deg.d9d | C54: 46 | D54: =D43 -> s3p3v3_d | E54: =E53 -> C7
A55: 5 | B55: =VLOOKUP(E55,$AK$9:$AL$15,2,FALSE)&"."&VLOOKUP(D55,$AH$9:$AI$19,2,FALSE) -> a 3 deg.b2w | C55: 47 | D55: =D44 -> s2_w | E55: =E54 -> C7
A56: 5 | B56: =VLOOKUP(E56,$AK$9:$AL$15,2,FALSE)&"."&VLOOKUP(D56,$AH$9:$AI$19,2,FALSE) -> a 3 deg.a2w2d | C56: 48 | D56: =D45 -> s2_w_p2_d | E56: =E55 -> C7
A57: 5 | B57: =VLOOKUP(E57,$AK$9:$AL$15,2,FALSE)&"."&VLOOKUP(D57,$AH$9:$AI$19,2,FALSE) -> a 3 deg.hTS12c | C57: 49 | D57: =D46 -> ts12_clu | E57: =E56 -> C7
A58: 5 | B58: =VLOOKUP(E58,$AK$9:$AL$15,2,FALSE)&"."&VLOOKUP(D58,$AH$9:$AI$19,2,FALSE) -> a 3 deg.gTS24c | C58: 50 | D58: =D47 -> ts24_clu | E58: =E57 -> C7
A59: 5 | B59: =VLOOKUP(E59,$AK$9:$AL$15,2,FALSE)&"."&VLOOKUP(D59,$AH$9:$AI$19,2,FALSE) -> a 3 deg.fTS48c | C59: 51 | D59: =D48 -> ts48_clu | E59: =E58 -> C7
A60: 5 | B60: =VLOOKUP(E60,$AK$9:$AL$15,2,FALSE)&"."&VLOOKUP(D60,$AH$9:$AI$19,2,FALSE) -> a 3 deg.c15d | C60: 52 | D60: =D49 -> s5p5v5_d | E60: =E59 -> C7
A61: 5 | B61: =VLOOKUP(E61,$AK$9:$AL$15,2,FALSE)&"."&VLOOKUP(D61,$AH$9:$AI$19,2,FALSE) -> a 3 deg.f1d | C61: 53 | D61: =D50 -> s1_d | E61: =E60 -> C7
A62: 5 | B62: =VLOOKUP(E62,$AK$9:$AL$15,2,FALSE)&"."&VLOOKUP(D62,$AH$9:$AI$19,2,FALSE) -> a 3 deg.jAnn | C62: 54 | D62: =D51 -> ts_annual | E62: =E61 -> C7
A63: 5 | B63: =VLOOKUP(E63,$AK$9:$AL$15,2,FALSE)&"."&VLOOKUP(D63,$AH$9:$AI$19,2,FALSE) -> a 3 deg.iTS12 | C63: 55 | D63: =D52 -> ts_12 | E63: =E62 -> C7

Sheet fuel_prices
A9: Fuel Prices
A10: iso | B10: gas_low | C10: gas_high | D10: coal_low | E10: coal_high | F10: oil_low | G10: oil_high | H10: bioenergy_low | I10: bioenergy_high | J10: Notes
A11: GRC | B11: 29.1 | C11: 41.1 | D11: 15.2 | E11: 18.3 | F11: 50 | G11: 60 | H11: 24 | I11: 32 | J11: TAP pipeline, olive residues

Sheet iea_data
A9: IEA Baseline Data
A10: iso | B10: year | C10: industry_twh | D10: buildings_agri_twh | E10: nonroad_transport_twh | F10: road_transport_twh | G10: imports_twh | H10: exports_twh | I10: total_production_twh
A11: GRC | B11: 2000 | C11: 23.63 | D11: 29.38 | E11: 0.1 | F11: 0 | G11: 1.73 | H11: -1.74 | I11: 53.42
A12: GRC | B12: 2001 | C12: 24.53 | D12: 30.57 | E12: 0.11 | F12: 0 | G12: 3.56 | H12: -1.06 | I12: 53.08
A13: GRC | B13: 2002 | C13: 24.09 | D13: 32.25 | E13: 0.1 | F13: 0 | G13: 4.6 | H13: -1.71 | I13: 53.95
A14: GRC | B14: 2003 | C14: 25.29 | D14: 34.23 | E14: 0.11 | F14: 0 | G14: 4.17 | H14: -2.08 | I14: 57.91
A15: GRC | B15: 2004 | C15: 25.66 | D15: 35.51 | E15: 0.11 | F15: 0 | G15: 4.85 | H15: -2.03 | I15: 58.81
A16: GRC | B16: 2005 | C16: 26.47 | D16: 36.29 | E16: 0.05 | F16: 0 | G16: 5.62 | H16: -1.84 | I16: 59.43
A17: GRC | B17: 2006 | C17: 25.83 | D17: 38.15 | E17: 0.08 | F17: 0 | G17: 6.14 | H17: -1.94 | I17: 60.18
A18: GRC | B18: 2007 | C18: 26.77 | D18: 39.61 | E18: 0.11 | F18: 0 | G18: 6.41 | H18: -2.06 | I18: 62.71
A19: GRC | B19: 2008 | C19: 27 | D19: 40.92 | E19: 0.09 | F19: 0 | G19: 7.58 | H19: -1.96 | I19: 62.91
A20: GRC | B20: 2009 | C20: 24.67 | D20: 40.41 | E20: 0.09 | F20: 0 | G20: 7.6 | H20: -3.23 | I20: 61.07
A21: GRC | B21: 2010 | C21: 24.1 | D21: 38.8 | E21: 0.05 | F21: 0 | G21: 8.52 | H21: -2.81 | I21: 57.38
A22: GRC | B22: 2011 | C22: 25.13 | D22: 36.97 | E22: 0.06 | F22: 0 | G22: 7.18 | H22: -3.95 | I22: 59.17
... A33: GRC | B33: 2022 | C33: 19.75 | D33: 36 | E33: 0.2 | F33: 0.02 | G33: 7.75 | H33: -4.3 | I33: 52.53

Sheet ar6_r10
A9: AR6 Scenario Drivers
A10: Category | B10: Region | C10: Year | D10: count | E10: mean | F10: median | G10: std | H10: min | I10: max | J10: q25 | K10: q75 | L10: category_description | M10: attribute
A11: C1 | B11: R10EUROPE | C11: 2020 | D11: 60 | E11: 8.68 | F11: 6.87 | G11: 10.43 | H11: 0 | I11: 55.17 | J11: 0 | K11: 13.64 | L11: Limit warming to 1.5°C (>50%) with no or limited overshoot | M11: CO2 price
A12: C1 | B12: R10EUROPE | C12: 2025 | D12: 60 | E12: 190.52 | F12: 181.51 | G12: 136.23 | H12: 1.81 | I12: 626.48 | J12: 115.48 | K12: 238.58 | L12: Limit warming to 1.5°C (>50%) with no or limited overshoot | M12: CO2 price
A13: C1 | B13: R10EUROPE | C13: 2030 | D13: 60 | E13: 268.18 | F13: 241.69 | G13: 134.29 | H13: 1.27 | I13: 673.46 | J13: 182.47 | K13: 329.7 | L13: Limit warming to 1.5°C (>50%) with no or limited overshoot | M13: CO2 price
A14: C1 | B14: R10EUROPE | C14: 2035 | D14: 60 | E14: 363.27 | F14: 339.03 | G14: 173.79 | H14: 14.37 | I14: 859.53 | J14: 227.05 | K14: 483.38 | L14: Limit warming to 1.5°C (>50%) with no or limited overshoot | M14: CO2 price
A15: C1 | B15: R10EUROPE | C15: 2040 | D15: 60 | E15: 471.65 | F15: 410.28 | G15: 224.31 | H15: 162.1 | I15: 1097.01 | J15: 298.63 | K15: 622.14 | L15: Limit warming to 1.5°C (>50%) with no or limited overshoot | M15: CO2 price
A16: C1 | B16: R10EUROPE | C16: 2045 | D16: 60 | E16: 565.69 | F16: 494.2 | G16: 256.15 | H16: 193.42 | I16: 1269.88 | J16: 352.78 | K16: 748.01 | L16: Limit warming to 1.5°C (>50%) with no or limited overshoot | M16: CO2 price
A17: C1 | B17: R10EUROPE | C17: 2050 | D17: 60 | E17: 647.44 | F17: 635.43 | G17: 273.56 | H17: 209.76 | I17: 1170.26 | J17: 409.79 | K17: 887.68 | L17: Limit warming to 1.5°C (>50%) with no or limited overshoot | M17: CO2 price
A18: C2 | B18: R10EUROPE | C18: 2020 | D18: 86 | E18: 6.44 | F18: 0 | G18: 8.34 | H18: 0 | I18: 24.5 | J18: 0 | K18: 12.68 | L18: Limit warming to 1.5°C (>67%) with high overshoot | M18: CO2 price
A19: C2 | B19: R10EUROPE | C19: 2025 | D19: 75 | E19: 63.21 | F19: 44.89 | G19: 56.62 | H19: 3.21 | I19: 273 | J19: 27.09 | K19: 77.31 | L19: Limit warming to 1.5°C (>67%) with high overshoot | M19: CO2 price
A20: C2 | B20: R10EUROPE | C20: 2030 | D20: 86 | E20: 85.48 | F20: 63.36 | G20: 73.46 | H20: 0 | I20: 409.5 | J20: 50 | K20: 111.1 | L20: Limit warming to 1.5°C (>67%) with high overshoot | M20: CO2 price
A21: C2 | B21: R10EUROPE | C21: 2035 | D21: 75 | E21: 208.71 | F21: 154.82 | G21: 291.78 | H21: 60.83 | I21: 2037.12 | J21: 93.79 | K21: 206.26 | L21: Limit warming to 1.5°C (>67%) with high overshoot | M21: CO2 price
A22: C2 | B22: R10EUROPE | C22: 2040 | D22: 86 | E22: 253.33 | F22: 172.09 | G22: 359.35 | H22: 0 | I22: 2600 | J22: 119.07 | K22: 259.4 | L22: Limit warming to 1.5°C (>67%) with high overshoot | M22: CO2 price
... A221: C1 | B221: R10EUROPE | C221: 2020 | D221: 33 | E221: 1 | F221: 1 | G221: 0 | H221: 1 | I221: 1 | J221: 1 | K221: 1 | L221: Limit warming to 1.5°C (>50%) with no or limited overshoot | M221: Gas price
A222: C1 | B222: R10EUROPE | C222: 2025 | D222: 34 | E222: 65535 | F222: 2.42 | H222: 1.18 | I222: 65535 | J222: 2.01 | K222: 2.75 | L222: Limit warming to 1.5°C (>50%) with no or limited overshoot | M222: Gas price
A223: C1 | B223: R10EUROPE | C223: 2030 | D223: 34 | E223: 65535 | F223: 3.1 | H223: 1.71 | I223: 65535 | J223: 2.38 | K223: 3.46 | L223: Limit warming to 1.5°C (>50%) with no or limited overshoot | M223: Gas price
A224: C1 | B224: R10EUROPE | C224: 2035 | D224: 34 | E224: 65535 | F224: 3.54 | H224: 1.91 | I224: 65535 | J224: 2.66 | K224: 4.16 | L224: Limit warming to 1.5°C (>50%) with no or limited overshoot | M224: Gas price
A225: C1 | B225: R10EUROPE | C225: 2040 | D225: 34 | E225: 65535 | F225: 4.1 | H225: 2.27 | I225: 65535 | J225: 2.96 | K225: 4.52 | L225: Limit warming to 1.5°C (>50%) with no or limited overshoot | M225: Gas price
A226: C1 | B226: R10EUROPE | C226: 2045 | D226: 34 | E226: 65535 | F226: 3.86 | H226: 2.54 | I226: 65535 | J226: 3.3 | K226: 4.89 | L226: Limit warming to 1.5°C (>50%) with no or limited overshoot | M226: Gas price
A227: C1 | B227: R10EUROPE | C227: 2050 | D227: 34 | E227: 65535 | F227: 3.59 | H227: 2.73 | I227: 65535 | J227: 3.07 | K227: 4.06 | L227: Limit warming to 1.5°C (>50%) with no or limited overshoot | M227: Gas price
A228: C2 | B228: R10EUROPE | C228: 2020 | D228: 43 | E228: 1 | F228: 1 | G228: 0 | H228: 1 | I228: 1 | J228: 1 | K228: 1 | L228: Limit warming to 1.5°C (>67%) with high overshoot | M228: Gas price
A229: C2 | B229: R10EUROPE | C229: 2025 | D229: 44 | E229: 65535 | F229: 1.22 | H229: 0 | I229: 65535 | J229: 1.13 | K229: 1.35 | L229: Limit warming to 1.5°C (>67%) with high overshoot | M229: Gas price
A230: C2 | B230: R10EUROPE | C230: 2030 | D230: 44 | E230: 65535 | F230: 1.5 | H230: 0 | I230: 65535 | J230: 1.31 | K230: 1.83 | L230: Limit warming to 1.5°C (>67%) with high overshoot | M230: Gas price
A231: C2 | B231: R10EUROPE | C231: 2035 | D231: 44 | E231: 65535 | F231: 2.12 | H231: 0 | I231: 65535 | J231: 1.68 | K231: 2.46 | L231: Limit warming to 1.5°C (>67%) with high overshoot | M231: Gas price
A232: C2 | B232: R10EUROPE | C232: 2040 | D232: 44 | E232: 65535 | F232: 2.5 | H232: 0 | I232: 65535 | J232: 2 | K232: 2.94 | L232: Limit warming to 1.5°C (>67%) with high overshoot | M232: Gas price
A233: C2 | B233: R10EUROPE | C233: 2045 | D233: 44 | E233: 65535 | F233: 2.79 | H233: 0 | I233: 65535 | J233: 2.08 | K233: 3.44 | L233: Limit warming to 1.5°C (>67%) with high overshoot | M233: Gas price
A234: C2 | B234: R10EUROPE | C234: 2050 | D234: 44 | E234: 65535 | F234: 2.95 | H234: 0 | I234: 65535 | J234: 2.49 | K234: 3.78 | L234: Limit warming to 1.5°C (>67%) with high overshoot | M234: Gas price
A235: C3 | B235: R10EUROPE | C235: 2020 | D235: 103 | E235: 1 | F235: 1 | G235: 0 | H235: 1 | I235: 1 | J235: 1 | K235: 1 | L235: Limit warming to 2°C (>67%) with higher action post-2030 | M235: Gas price
A236: C3 | B236: R10EUROPE | C236: 2025 | D236: 112 | E236: 65535 | F236: 1.41 | H236: 0.98 | I236: 65535 | J236: 1.23 | K236: 1.96 | L236: Limit warming to 2°C (>67%) with higher action post-2030 | M236: Gas price
A237: C3 | B237: R10EUROPE | C237: 2030 | D237: 112 | E237: 65535 | F237: 2.04 | H237: 1.05 | I237: 65535 | J237: 1.52 | K237: 2.55 | L237: Limit warming to 2°C (>67%) with higher action post-2030 | M237: Gas price
A238: C3 | B238: R10EUROPE | C238: 2035 | D238: 112 | E238: 65535 | F238: 2.4 | H238: 1.05 | I238: 65535 | J238: 1.71 | K238: 3.14 | L238: Limit warming to 2°C (>67%) with higher action post-2030 | M238: Gas price
A239: C3 | B239: R10EUROPE | C239: 2040 | D239: 112 | E239: 65535 | F239: 2.6 | H239: 1.06 | I239: 65535 | J239: 1.85 | K239: 3.74 | L239: Limit warming to 2°C (>67%) with higher action post-2030 | M239: Gas price
A240: C3 | B240: R10EUROPE | C240: 2045 | D240: 112 | E240: 65535 | F240: 2.85 | H240: 1.08 | I240: 65535 | J240: 2 | K240: 4.28 | L240: Limit warming to 2°C (>67%) with higher action post-2030 | M240: Gas price
A241: C3 | B241: R10EUROPE | C241: 2050 | D241: 112 | E241: 65535 | F241: 2.97 | H241: 0 | I241: 65535 | J241: 2.15 | K241: 4.51 | L241: Limit warming to 2°C (>67%) with higher action post-2030 | M241: Gas price
A242: C4 | B242: R10EUROPE | C242: 2020 | D242: 27 | E242: 1 | F242: 1 | G242: 0 | H242: 1 | I242: 1 | J242: 1 | K242: 1 | L242: Limit warming to 2°C (>50%) with immediate action | M242: Gas price
A243: C4 | B243: R10EUROPE | C243: 2025 | D243: 27 | E243: 1.33 | F243: 1.31 | G243: 0.18 | H243: 1.06 | I243: 1.66 | J243: 1.22 | K243: 1.45 | L243: Limit warming to 2°C (>50%) with immediate action | M243: Gas price
A244: C4 | B244: R10EUROPE | C244: 2030 | D244: 27 | E244: 1.84 | F244: 2.02 | G244: 0.28 | H244: 1.24 | I244: 2.17 | J244: 1.52 | K244: 2.07 | L244: Limit warming to 2°C (>50%) with immediate action | M244: Gas price
A245: C4 | B245: R10EUROPE | C245: 2035 | D245: 27 | E245: 1.84 | F245: 1.96 | G245: 0.41 | H245: 1.19 | I245: 2.46 | J245: 1.42 | K245: 2.11 | L245: Limit warming to 2°C (>50%) with immediate action | M245: Gas price
A246: C4 | B246: R10EUROPE | C246: 2040 | D246: 27 | E246: 2.12 | F246: 2.22 | G246: 0.47 | H246: 1.41 | I246: 2.78 | J246: 1.54 | K246: 2.43 | L246: Limit warming to 2°C (>50%) with immediate action | M246: Gas price
A247: C4 | B247: R10EUROPE | C247: 2045 | D247: 27 | E247: 2.31 | F247: 2.39 | G247: 0.62 | H247: 1.34 | I247: 3.22 | J247: 1.67 | K247: 2.74 | L247: Limit warming to 2°C (>50%) with immediate action | M247: Gas price
A248: C4 | B248: R10EUROPE | C248: 2050 | D248: 27 | E248: 2.48 | F248: 2.52 | G248: 0.71 | H248: 1.52 | I248: 3.64 | J248: 1.84 | K248: 3.04 | L248: Limit warming to 2°C (>50%) with immediate action | M248: Gas price
A249: C7 | B249: R10EUROPE | C249: 2020 | D249: 42 | E249: 1 | F249: 1 | G249: 0 | H249: 1 | I249: 1 | J249: 1 | K249: 1 | L249: Likely above 3°C warming with limited mitigation | M249: Gas price
A250: C7 | B250: R10EUROPE | C250: 2025 | D250: 42 | E250: 1.09 | F250: 1.07 | G250: 0.13 | H250: 0.91 | I250: 1.5 | J250: 1.02 | K250: 1.15 | L250: Likely above 3°C warming with limited mitigation | M250: Gas price
A251: C7 | B251: R10EUROPE | C251: 2030 | D251: 42 | E251: 1.37 | F251: 1.24 | G251: 0.32 | H251: 1.01 | I251: 2.14 | J251: 1.15 | K251: 1.53 | L251: Likely above 3°C warming with limited mitigation | M251: Gas price
A252: C7 | B252: R10EUROPE | C252: 2035 | D252: 42 | E252: 1.19 | F252: 1.15 | G252: 0.17 | H252: 1.01 | I252: 1.69 | J252: 1.07 | K252: 1.22 | L252: Likely above 3°C warming with limited mitigation | M252: Gas price
A253: C7 | B253: R10EUROPE | C253: 2040 | D253: 42 | E253: 1.27 | F253: 1.25 | G253: 0.16 | H253: 1.04 | I253: 1.78 | J253: 1.16 | K253: 1.31 | L253: Likely above 3°C warming with limited mitigation | M253: Gas price
... A256: C1 | B256: R10EUROPE | C256: 2020 | D256: 49 | E256: 1 | F256: 1 | G256: 0 | H256: 1 | I256: 1 | J256: 1 | K256: 1 | L256: Limit warming to 1.5°C (>50%) with no or limited overshoot | M256: Oil price
A257: C1 | B257: R10EUROPE | C257: 2025 | D257: 50 | E257: 65535 | F257: 1.1 | H257: -4.33 | I257: 65535 | J257: 0.81 | K257: 1.5 | L257: Limit warming to 1.5°C (>50%) with no or limited overshoot | M257: Oil price
A258: C1 | B258: R10EUROPE | C258: 2030 | D258: 50 | E258: 65535 | F258: 1.77 | H258: -6.1 | I258: 65535 | J258: 1.27 | K258: 2.54 | L258: Limit warming to 1.5°C (>50%) with no or limited overshoot | M258: Oil price
A259: C1 | B259: R10EUROPE | C259: 2035 | D259: 50 | E259: 65535 | F259: 1.87 | H259: -6.86 | I259: 65535 | J259: 1.15 | K259: 2.77 | L259: Limit warming to 1.5°C (>50%) with no or limited overshoot | M259: Oil price
A260: C1 | B260: R10EUROPE | C260: 2040 | D260: 50 | E260: 65535 | F260: 1.96 | H260: -9.21 | I260: 65535 | J260: 1.31 | K260: 3.39 | L260: Limit warming to 1.5°C (>50%) with no or limited overshoot | M260: Oil price
A261: C1 | B261: R10EUROPE | C261: 2045 | D261: 50 | E261: 65535 | F261: 2.13 | H261: -6.95 | I261: 65535 | J261: 1.6 | K261: 3.41 | L261: Limit warming to 1.5°C (>50%) with no or limited overshoot | M261: Oil price
A262: C1 | B262: R10EUROPE | C262: 2050 | D262: 50 | E262: 65535 | F262: 2 | H262: -10.07 | I262: 65535 | J262: 1.55 | K262: 4.63 | L262: Limit warming to 1.5°C (>50%) with no or limited overshoot | M262: Oil price
A263: C2 | B263: R10EUROPE | C263: 2020 | D263: 62 | E263: 1 | F263: 1 | G263: 0 | H263: 1 | I263: 1 | J263: 1 | K263: 1 | L263: Limit warming to 1.5°C (>67%) with high overshoot | M263: Oil price
A264: C2 | B264: R10EUROPE | C264: 2025 | D264: 52 | E264: 65535 | F264: 0.61 | H264: 0 | I264: 65535 | J264: 0.53 | K264: 0.89 | L264: Limit warming to 1.5°C (>67%) with high overshoot | M264: Oil price
A265: C2 | B265: R10EUROPE | C265: 2030 | D265: 63 | E265: 65535 | F265: 1.07 | H265: 0 | I265: 65535 | J265: 0.6 | K265: 1.55 | L265: Limit warming to 1.5°C (>67%) with high overshoot | M265: Oil price
A266: C2 | B266: R10EUROPE | C266: 2035 | D266: 52 | E266: 65535 | F266: 1.09 | H266: 0 | I266: 65535 | J266: 0.6 | K266: 1.76 | L266: Limit warming to 1.5°C (>67%) with high overshoot | M266: Oil price
A267: C2 | B267: R10EUROPE | C267: 2040 | D267: 63 | E267: 65535 | F267: 1.25 | H267: 0 | I267: 65535 | J267: 0.87 | K267: 1.91 | L267: Limit warming to 1.5°C (>67%) with high overshoot | M267: Oil price
A268: C2 | B268: R10EUROPE | C268: 2045 | D268: 52 | E268: 65535 | F268: 1.35 | H268: 0 | I268: 65535 | J268: 0.78 | K268: 1.89 | L268: Limit warming to 1.5°C (>67%) with high overshoot | M268: Oil price
A269: C2 | B269: R10EUROPE | C269: 2050 | D269: 63 | E269: 65535 | F269: 1.62 | H269: -2.31 | I269: 65535 | J269: 0.61 | K269: 2.16 | L269: Limit warming to 1.5°C (>67%) with high overshoot | M269: Oil price
A270: C3 | B270: R10EUROPE | C270: 2020 | D270: 157 | E270: 1 | F270: 1 | G270: 0 | H270: 1 | I270: 1 | J270: 1 | K270: 1 | L270: Limit warming to 2°C (>67%) with higher action post-2030 | M270: Oil price
A271: C3 | B271: R10EUROPE | C271: 2025 | D271: 163 | E271: 65535 | F271: 0.75 | H271: 0.46 | I271: 65535 | J271: 0.54 | K271: 1.24 | L271: Limit warming to 2°C (>67%) with higher action post-2030 | M271: Oil price
A272: C3 | B272: R10EUROPE | C272: 2030 | D272: 166 | E272: 65535 | F272: 1.15 | H272: 0.51 | I272: 65535 | J272: 0.74 | K272: 1.65 | L272: Limit warming to 2°C (>67%) with higher action post-2030 | M272: Oil price
A273: C3 | B273: R10EUROPE | C273: 2035 | D273: 163 | E273: 65535 | F273: 1.21 | H273: -0.95 | I273: 65535 | J273: 0.88 | K273: 2.11 | L273: Limit warming to 2°C (>67%) with higher action post-2030 | M273: Oil price
A274: C3 | B274: R10EUROPE | C274: 2040 | D274: 166 | E274: 65535 | F274: 1.28 | H274: -1.8 | I274: 65535 | J274: 0.89 | K274: 2.43 | L274: Limit warming to 2°C (>67%) with higher action post-2030 | M274: Oil price
A275: C3 | B275: R10EUROPE | C275: 2045 | D275: 163 | E275: 65535 | F275: 1.48 | H275: -5.93 | I275: 65535 | J275: 1.08 | K275: 2.75 | L275: Limit warming to 2°C (>67%) with higher action post-2030 | M275: Oil price
A276: C3 | B276: R10EUROPE | C276: 2050 | D276: 166 | E276: 65535 | F276: 1.59 | H276: -5.35 | I276: 65535 | J276: 0.97 | K276: 2.91 | L276: Limit warming to 2°C (>67%) with higher action post-2030 | M276: Oil price
A277: C4 | B277: R10EUROPE | C277: 2020 | D277: 52 | E277: 1 | F277: 1 | G277: 0 | H277: 1 | I277: 1 | J277: 1 | K277: 1 | L277: Limit warming to 2°C (>50%) with immediate action | M277: Oil price
A278: C4 | B278: R10EUROPE | C278: 2025 | D278: 52 | E278: 0.89 | F278: 0.6 | G278: 0.38 | H278: 0.45 | I278: 1.39 | J278: 0.53 | K278: 1.25 | L278: Limit warming to 2°C (>50%) with immediate action | M278: Oil price
A279: C4 | B279: R10EUROPE | C279: 2030 | D279: 52 | E279: 1.06 | F279: 0.63 | G279: 0.52 | H279: 0.5 | I279: 1.81 | J279: 0.59 | K279: 1.65 | L279: Limit warming to 2°C (>50%) with immediate action | M279: Oil price
A280: C4 | B280: R10EUROPE | C280: 2035 | D280: 52 | E280: 1.09 | F280: 0.69 | G280: 0.56 | H280: 0.53 | I280: 2.74 | J280: 0.62 | K280: 1.55 | L280: Limit warming to 2°C (>50%) with immediate action | M280: Oil price
A281: C4 | B281: R10EUROPE | C281: 2040 | D281: 52 | E281: 1.2 | F281: 0.79 | G281: 0.67 | H281: 0.59 | I281: 3.56 | J281: 0.63 | K281: 1.75 | L281: Limit warming to 2°C (>50%) with immediate action | M281: Oil price
A282: C4 | B282: R10EUROPE | C282: 2045 | D282: 52 | E282: 1.32 | F282: 0.84 | G282: 0.77 | H282: 0.6 | I282: 4.16 | J282: 0.7 | K282: 1.9 | L282: Limit warming to 2°C (>50%) with immediate action | M282: Oil price
A283: C4 | B283: R10EUROPE | C283: 2050 | D283: 52 | E283: 1.4 | F283: 0.94 | G283: 0.85 | H283: 0.61 | I283: 4.67 | J283: 0.71 | K283: 2.06 | L283: Limit warming to 2°C (>50%) with immediate action | M283: Oil price
A284: C7 | B284: R10EUROPE | C284: 2020 | D284: 43 | E284: 1 | F284: 1 | G284: 0 | H284: 1 | I284: 1 | J284: 1 | K284: 1 | L284: Likely above 3°C warming with limited mitigation | M284: Oil price
A285: C7 | B285: R10EUROPE | C285: 2025 | D285: 43 | E285: 0.93 | F285: 1.01 | G285: 0.45 | H285: 0.38 | I285: 2.73 | J285: 0.62 | K285: 1.09 | L285: Likely above 3°C warming with limited mitigation | M285: Oil price
A286: C7 | B286: R10EUROPE | C286: 2030 | D286: 43 | E286: 1.15 | F286: 1.11 | G286: 0.46 | H286: 0.58 | I286: 3.14 | J286: 0.99 | K286: 1.17 | L286: Likely above 3°C warming with limited mitigation | M286: Oil price
A287: C7 | B287: R10EUROPE | C287: 2035 | D287: 43 | E287: 1.07 | F287: 1.01 | G287: 0.42 | H287: 0.63 | I287: 2.83 | J287: 0.78 | K287: 1.2 | L287: Likely above 3°C warming with limited mitigation | M287: Oil price
A288: C7 | B288: R10EUROPE | C288: 2040 | D288: 43 | E288: 1.09 | F288: 1.01 | G288: 0.46 | H288: 0.67 | I288: 3.23 | J288: 0.82 | K288: 1.23 | L288: Likely above 3°C warming with limited mitigation | M288: Oil price
... A360: C7 | B360: R10EUROPE | C360: 2050 | D360: 10 | E360: 1 | F360: 1 | G360: 0.07 | H360: 0.85 | I360: 1.09 | J360: 0.97 | K360: 1.06 | L360: Likely above 3°C warming with limited mitigation | M360: Biomass price

Sheet ev_charging_uc
A10: =IFERROR(Veda!D5,"ts_12") -> s2_w | C10: day_night | D10: ts12_clu | F10: day_night | G10: ts24_clu | I10: day_night | J10: ts48_clu | L10: day_night | M10: s1_d | O10: day_night | P10: ts_annual | R10: day_night | S10: ts_12
C11: D | D11: S1aH2,S2aH3,S1aH4,S2aH2,S1aH3,S3aH2,S3aH3,S2aH4,S3aH4 | F11: D | G11: S3aH2,S1aH6,S1aH4,S2aH2,S4aH6,S2aH6,S3aH5,S4aH2,S2aH7,S3aH4,S4aH3,S4aH4,S4aH5,S3aH7,S1aH3,S3aH3,S1aH2,S1aH7,S2aH3,S3aH6,S4aH7,S1aH5,S2aH4,S2aH5 | I11: D | J11: S4aH2,S3aH7,S6aH5,S2aH6,S3aH5,S5aH3,S4aH5,S6aH7,S5aH4,S6aH3,S6aH4,S3aH3,S3aH2,S1aH5,S2aH4,S2aH5,S5aH2,S5aH5,S6aH2,S1aH2,S1aH7,S2aH3,S3aH6,S4aH7,S5aH6,S5aH7,S6aH6,S1aH4,S2aH2,S4aH6,S1aH3,S2aH7,S3aH4,S4aH3,S4aH4,S1aH6 | L11: D | M11: S3aH3,S3aH2,S3b1119h13,S3b1119h14,S1aH5,S2aH4,S2aH5,S3b1119h10,S3b1119h15,S3b1119h11,S3b1119h12,S1aH4,S2aH2,S3b1119h17,S4aH6,S1aH3,S3b1119h09,S2aH7,S3aH4,S3b1119h07,S4aH3,S4aH4,S3aH7,S1aH6,S3b1119h08,S4aH5,S1aH2,S1aH7,S2aH3,S3aH6,S4aH7,S3b1119h18,S3b1119h16,S4aH2,S2aH6,S3aH5 | O11: D | P11: AllSaAllH | R11: D | S11: RaD,FaD,RaP,SaD,WaD,FaP,SaP,WaP
C12: N | D12: S3aH1,S3aH5,S1aH1,S2aH1,S1aH5,S2aH5 | F12: N | G12: S3aH8,S4aH8,S1aH9,S4aH1,S1aH8,S2aH1,S2aH9,S3aH9,S2aH8,S1aH1,S3aH1,S4aH9 | I12: N | J12: S2aH1,S5aH8,S1aH1,S2aH8,S4aH8,S1aH8,S5aH1,S3aH1,S3aH8,S4aH1,S6aH1,S6aH8 | L12: N | M12: S3b1119h05,S3b1119h19,S4aH8,S3b1119h02,S3b1119h20,S3aH1,S4aH9,S3aH8,S3b1119h23,S1aH9,S4aH1,S3b1119h22,S3b1119h24,S3aH9,S2aH8,S3b1119h04,S1aH1,S3b1119h03,S3b1119h21,S2aH1,S2aH9,S1aH8,S3b1119h01,S3b1119h06 | O12: N | P12: AllSaAllH | R12: N | S12: SaN,WaN,RaP,FaP,SaP,FaN,RaN,WaP
I17: 0.75 | K17: share of charging at night
C18: ~UC_Sets: R_E: AllRegions
H21: =IF(H23=H24,"Not Required!","~UC_T: LO") -> #N/A
C22: UC_N | D22: Pset_CI | E22: Pset_CO | F22: pset_pn | G22: Cset_CN | H22: TimeSlice | I22: UC_FLO | J22: UC_RHSRT | K22: UC_RHSRT~0
C23: UC_bev night chg limit | D23: ELC | E23: =G23 -> AuxStoIN | F23: *EV* | G23: AuxStoIN | H23: =HLOOKUP($A$10,$D$10:$CU$12,3,FALSE) -> #N/A | I23: =1+I24 -> 0.25 | J23: 0 | K23: 3 | M23: night
D24: ELC | E24: =G24 -> AuxStoIN | F24: *EV* | G24: AuxStoIN | H24: =HLOOKUP($A$10,$D$10:$CU$12,2,FALSE) -> #N/A | I24: =-$I$17 -> -0.75 | M24: day

Sheet ts12_clu
C9: =IF(A11="x","DeActivated","~TimeSlices") -> DeActivated | I9: =IF(A11="x","DeActivated","~TFM_DINS-AT") -> DeActivated | N9: =IF(A11="x","DeActivated","~TFM_DINS-AT") -> DeActivated | S9: =IF(A11="x","DeActivated","~TFM_DINS-AT") -> DeActivated | X9: =IF(A11="x","DeActivated","~TFM_DINS-AT") -> DeActivated | AC9: =IF(A11="x","DeActivated","~TFM_DINS-AT") -> DeActivated | AG9: =IF(A11="x","DeActivated","~TFM_DINS-AT") -> DeActivated | AK9: =IF(A11="x","DeActivated","~TFM_INS-AT") -> DeActivated
A10: ts12_clu | C10: season | D10: weekly | E10: daynite | F10: wparent | G10: dparent | I10: commodity | J10: timeslice | K10: com_fr | L10: process | N10: commodity | O10: timeslice | P10: com_fr | Q10: process | S10: commodity | T10: timeslice | U10: com_fr | V10: process | X10: g_yrfr | Y10: com_fr | Z10: timeslice | AA10: commodity | AC10: commodity | AD10: timeslice | AE10: com_fr | AG10: commodity | AH10: timeslice | AI10: com_pkflx | AK10: timeslice | AL10: ncap_afs | AM10: pset_ci
A11: =IFERROR(IF(Veda!D5=A10,"ok","x"),"") -> x | C11: S1 | D11: a | E11: H1 | F11: S1,S2,S3 | G11: a | I11: elc_spv-GRC_0000 | J11: S1aH1 | K11: 0.02059134 | L11: IMPNRGZ | N11: elc_won-GRC_0000 | O11: S1aH1 | P11: 0.194829 | Q11: IMPNRGZ | S11: elc_wof-GRC_0100 | T11: S1aH1 | U11: 0.18804035 | V11: IMPNRGZ | X11: 0.19417808 | Y11: 0.076684484 | Z11: S1aH1 | AA11: elc_roadtransport | AC11: elc_buildings | AD11: S1aH1 | AE11: 0.15731577 | AG11: ELC | AH11: S1aH1 | AI11: 0.41366692 | AK11: S1 | AL11: 0.87375 | AM11: hydro
C12: S2 | E12: H2 | G12: a | I12: elc_spv-GRC_0000 | J12: S1aH2 | K12: 0.034603514 | L12: IMPNRGZ | N12: elc_won-GRC_0000 | O12: S1aH2 | P12: 0.024459735 | Q12: IMPNRGZ | S12: elc_wof-GRC_0100 | T12: S1aH2 | U12: 0.024748754 | V12: IMPNRGZ | X12: 0.027739726 | Y12: 0.046316784 | Z12: S1aH2 | AA12: elc_roadtransport | AC12: elc_buildings | AD12: S1aH2 | AE12: 0.030496425 | AG12: ELC | AH12: S1aH2 | AI12: 0.18909138 | AK12: S2 | AL12: 0.22329545 | AM12: hydro
C13: S3 | E13: H3 | G13: a | I13: elc_spv-GRC_0000 | J13: S1aH3 | K13: 0.051722957 | L13: IMPNRGZ | N13: elc_won-GRC_0000 | O13: S1aH3 | P13: 0.023639506 | Q13: IMPNRGZ | S13: elc_wof-GRC_0100 | T13: S1aH3 | U13: 0.023785237 | V13: IMPNRGZ | X13: 0.027739726 | Y13: 0.035442409 | Z13: S1aH3 | AA13: elc_roadtransport | AC13: elc_buildings | AD13: S1aH3 | AE13: 0.031727257 | AG13: ELC | AH13: S1aH3 | AI13: 0.23931525 | AK13: S3 | AL13: 0.10295455 | AM13: hydro
E14: H4 | G14: a | I14: elc_spv-GRC_0000 | J14: S1aH4 | K14: 0.56622166 | L14: IMPNRGZ | N14: elc_won-GRC_0000 | O14: S1aH4 | P14: 0.23039006 | Q14: IMPNRGZ | S14: elc_wof-GRC_0100 | T14: S1aH4 | U14: 0.24017083 | V14: IMPNRGZ | X14: 0.22191781 | Y14: 0.30673794 | Z14: S1aH4 | AA14: elc_roadtransport | AC14: elc_buildings | AD14: S1aH4 | AE14: 0.26042918 | AG14: ELC | AH14: S1aH4 | AI14: 0.28176191
E15: H5 | G15: a | I15: elc_spv-GRC_0000 | J15: S1aH5 | K15: 0.07951416 | L15: IMPNRGZ | N15: elc_won-GRC_0000 | O15: S1aH5 | P15: 0.25025306 | Q15: IMPNRGZ | S15: elc_wof-GRC_0100 | T15: S1aH5 | U15: 0.21763506 | V15: IMPNRGZ | X15: 0.19417808 | Y15: 0.20057181 | Z15: S1aH5 | AA15: elc_roadtransport | AC15: elc_buildings | AD15: S1aH5 | AE15: 0.19924644 | AG15: ELC | AH15: S1aH5 | AI15: 0.38335447
I16: elc_spv-GRC_0000 | J16: S2aH1 | K16: 0.0011872213 | L16: IMPNRGZ | N16: elc_won-GRC_0000 | O16: S2aH1 | P16: 0.060076805 | Q16: IMPNRGZ | S16: elc_wof-GRC_0100 | T16: S2aH1 | U16: 0.075227682 | V16: IMPNRGZ | X16: 0.072716895 | Y16: 0.028717235 | Z16: S2aH1 | AA16: elc_roadtransport | AC16: elc_buildings | AD16: S2aH1 | AE16: 0.052461856 | AG16: ELC | AH16: S2aH1 | AI16: 0.36836089
I17: elc_spv-GRC_0000 | J17: S2aH2 | K17: 0.007767198 | L17: IMPNRGZ | N17: elc_won-GRC_0000 | O17: S2aH2 | P17: 0.0080103547 | Q17: IMPNRGZ | S17: elc_wof-GRC_0100 | T17: S2aH2 | U17: 0.0085646909 | V17: IMPNRGZ | X17: 0.010388128 | Y17: 0.017344968 | Z17: S2aH2 | AA17: elc_roadtransport | AC17: elc_buildings | AD17: S2aH2 | AE17: 0.0099627542 | AG17: ELC | AH17: S2aH2 | AI17: 0.18154515
I18: elc_spv-GRC_0000 | J18: S2aH3 | K18: 0.014320823 | L18: IMPNRGZ | N18: elc_won-GRC_0000 | O18: S2aH3 | P18: 0.0082975278 | Q18: IMPNRGZ | S18: elc_wof-GRC_0100 | T18: S2aH3 | U18: 0.0082395264 | V18: IMPNRGZ | X18: 0.010388128 | Y18: 0.013272672 | Z18: S2aH3 | AA18: elc_roadtransport | AC18: elc_buildings | AD18: S2aH3 | AE18: 0.010407338 | AG18: ELC | AH18: S2aH3 | AI18: 0.23150258
I19: elc_spv-GRC_0000 | J19: S2aH4 | K19: 0.16613964 | L19: IMPNRGZ | N19: elc_won-GRC_0000 | O19: S2aH4 | P19: 0.072994264 | Q19: IMPNRGZ | S19: elc_wof-GRC_0100 | T19: S2aH4 | U19: 0.071488166 | V19: IMPNRGZ | X19: 0.083105023 | Y19: 0.11486894 | Z19: S2aH4 | AA19: elc_roadtransport | AC19: elc_buildings | AD19: S2aH4 | AE19: 0.085510461 | AG19: ELC | AH19: S2aH4 | AI19: 0.24655656
I20: elc_spv-GRC_0000 | J20: S2aH5 | K20: 0.009936505 | L20: IMPNRGZ | N20: elc_won-GRC_0000 | O20: S2aH5 | P20: 0.068643829 | Q20: IMPNRGZ | S20: elc_wof-GRC_0100 | T20: S2aH5 | U20: 0.058936903 | V20: IMPNRGZ | X20: 0.072716895 | Y20: 0.075111255 | Z20: S2aH5 | AA20: elc_roadtransport | AC20: elc_buildings | AD20: S2aH5 | AE20: 0.067086051 | AG20: ELC | AH20: S2aH5 | AI20: 0.31512174
I21: elc_spv-GRC_0000 | J21: S3aH1 | K21: 0 | L21: IMPNRGZ | N21: elc_won-GRC_0000 | O21: S3aH1 | P21: 0.015867122 | Q21: IMPNRGZ | S21: elc_wof-GRC_0100 | T21: S3aH1 | U21: 0.025343254 | V21: IMPNRGZ | X21: 0.024771689 | Y21: 0.0097827943 | Z21: S3aH1 | AA21: elc_roadtransport | AC21: elc_buildings | AD21: S3aH1 | AE21: 0.022339264 | AG21: ELC | AH21: S3aH1 | AI21: 0.30726019
I22: elc_spv-GRC_0000 | J22: S3aH2 | K22: 0 | L22: IMPNRGZ | N22: elc_won-GRC_0000 | O22: S3aH2 | P22: 0.0024295256 | Q22: IMPNRGZ | S22: elc_wof-GRC_0100 | T22: S3aH2 | U22: 0.0043948 | V22: IMPNRGZ | X22: 0.0035388128 | Y22: 0.0059087255 | Z22: S3aH2 | AA22: elc_roadtransport | AC22: elc_buildings | AD22: S3aH2 | AE22: 0.0042579411 | AG22: ELC | AH22: S3aH2 | AI22: 0.085071887
I23: elc_spv-GRC_0000 | J23: S3aH3 | K23: 0.0027227402 | L23: IMPNRGZ | N23: elc_won-GRC_0000 | O23: S3aH3 | P23: 0.0025039598 | Q23: IMPNRGZ | S23: elc_wof-GRC_0100 | T23: S3aH3 | U23: 0.0045260464 | V23: IMPNRGZ | X23: 0.0035388128 | Y23: 0.0045214595 | Z23: S3aH3 | AA23: elc_roadtransport | AC23: elc_buildings | AD23: S3aH3 | AE23: 0.0043283482 | AG23: ELC | AH23: S3aH3 | AI23: 0.075104511
I24: elc_spv-GRC_0000 | J24: S3aH4 | K24: 0.045272238 | L24: IMPNRGZ | N24: elc_won-GRC_0000 | O24: S3aH4 | P24: 0.020300938 | Q24: IMPNRGZ | S24: elc_wof-GRC_0100 | T24: S3aH4 | U24: 0.031499489 | V24: IMPNRGZ | X24: 0.028310502 | Y24: 0.039131177 | Z24: S3aH4 | AA24: elc_roadtransport | AC24: elc_buildings | AD24: S3aH4 | AE24: 0.035353738 | AG24: ELC | AH24: S3aH4 | AI24: 0.1523381
I25: elc_spv-GRC_0000 | J25: S3aH5 | K25: 0 | L25: IMPNRGZ | N25: elc_won-GRC_0000 | O25: S3aH5 | P25: 0.017304311 | Q25: IMPNRGZ | S25: elc_wof-GRC_0100 | T25: S3aH5 | U25: 0.017399209 | V25: IMPNRGZ | X25: 0.024771689 | Y25: 0.025587351 | Z25: S3aH5 | AA25: elc_roadtransport | AC25: elc_buildings | AD25: S3aH5 | AE25: 0.029077177 | AG25: ELC | AH25: S3aH5 | AI25: 0.2339143
I26: elc_spv-GRC_0001 | J26: S1aH1 | K26: 0.021074279 | L26: IMPNRGZ | N26: elc_won-GRC_0001 | O26: S1aH1 | P26: 0.18156309 | Q26: IMPNRGZ | S26: elc_wof-GRC_0104 | T26: S1aH1 | U26: 0.2141412 | V26: IMPNRGZ | AC26: elc_industry | AD26: S1aH1 | AE26: 0.1911028
I27: elc_spv-GRC_0001 | J27: S1aH2 | K27: 0.034670156 | L27: IMPNRGZ | N27: elc_won-GRC_0001 | O27: S1aH2 | P27: 0.022470795 | Q27: IMPNRGZ | S27: elc_wof-GRC_0104 | T27: S1aH2 | U27: 0.029268929 | V27: IMPNRGZ | AC27: elc_industry | AD27: S1aH2 | AE27: 0.02791102
I28: elc_spv-GRC_0001 | J28: S1aH3 | K28: 0.051840669 | L28: IMPNRGZ | N28: elc_won-GRC_0001 | O28: S1aH3 | P28: 0.021703971 | Q28: IMPNRGZ | S28: elc_wof-GRC_0104 | T28: S1aH3 | U28: 0.029318238 | V28: IMPNRGZ | AC28: elc_industry | AD28: S1aH3 | AE28: 0.0280047
I29: elc_spv-GRC_0001 | J29: S1aH4 | K29: 0.5620056 | L29: IMPNRGZ | N29: elc_won-GRC_0001 | O29: S1aH4 | P29: 0.24507925 | Q29: IMPNRGZ | S29: elc_wof-GRC_0104 | T29: S1aH4 | U29: 0.26362412 | V29: IMPNRGZ | AC29: elc_industry | AD29: S1aH4 | AE29: 0.22454078
I30: elc_spv-GRC_0001 | J30: S1aH5 | K30: 0.078927561 | L30: IMPNRGZ | N30: elc_won-GRC_0001 | O30: S1aH5 | P30: 0.2495773 | Q30: IMPNRGZ | S30: elc_wof-GRC_0104 | T30: S1aH5 | U30: 0.22759996 | V30: IMPNRGZ | AC30: elc_industry | AD30: S1aH5 | AE30: 0.19429419
I31: elc_spv-GRC_0001 | J31: S2aH1 | K31: 0.0012832623 | L31: IMPNRGZ | N31: elc_won-GRC_0001 | O31: S2aH1 | P31: 0.059057378 | Q31: IMPNRGZ | S31: elc_wof-GRC_0104 | T31: S2aH1 | U31: 0.044994495 | V31: IMPNRGZ | AC31: elc_industry | AD31: S2aH1 | AE31: 0.071653732
I32: elc_spv-GRC_0001 | J32: S2aH2 | K32: 0.0077970188 | L32: IMPNRGZ | N32: elc_won-GRC_0001 | O32: S2aH2 | P32: 0.0081911827 | Q32: IMPNRGZ | S32: elc_wof-GRC_0104 | T32: S2aH2 | U32: 0.0059841791 | V32: IMPNRGZ | AC32: elc_industry | AD32: S2aH2 | AE32: 0.010424105
I33: elc_spv-GRC_0001 | J33: S2aH3 | K33: 0.014500914 | L33: IMPNRGZ | N33: elc_won-GRC_0001 | O33: S2aH3 | P33: 0.0088057194 | Q33: IMPNRGZ | S33: elc_wof-GRC_0104 | T33: S2aH3 | U33: 0.0059760968 | V33: IMPNRGZ | AC33: elc_industry | AD33: S2aH3 | AE33: 0.010457943
I34: elc_spv-GRC_0001 | J34: S2aH4 | K34: 0.16823525 | L34: IMPNRGZ | N34: elc_won-GRC_0001 | O34: S2aH4 | P34: 0.080246615 | Q34: IMPNRGZ | S34: elc_wof-GRC_0104 | T34: S2aH4 | U34: 0.051906195 | V34: IMPNRGZ | AC34: elc_industry | AD34: S2aH4 | AE34: 0.083834929
I35: elc_spv-GRC_0001 | J35: S2aH5 | K35: 0.010086705 | L35: IMPNRGZ | N35: elc_won-GRC_0001 | O35: S2aH5 | P35: 0.070448154 | Q35: IMPNRGZ | S35: elc_wof-GRC_0104 | T35: S2aH5 | U35: 0.046533624 | V35: IMPNRGZ | AC35: elc_industry | AD35: S2aH5 | AE35: 0.072766797
I36: elc_spv-GRC_0001 | J36: S3aH1 | K36: 0 | L36: IMPNRGZ | N36: elc_won-GRC_0001 | O36: S3aH1 | P36: 0.014241699 | Q36: IMPNRGZ | S36: elc_wof-GRC_0104 | T36: S3aH1 | U36: 0.025321678 | V36: IMPNRGZ | AC36: elc_industry | AD36: S3aH1 | AE36: 0.024377733
I37: elc_spv-GRC_0001 | J37: S3aH2 | K37: 0 | L37: IMPNRGZ | N37: elc_won-GRC_0001 | O37: S3aH2 | P37: 0.0022212365 | Q37: IMPNRGZ | S37: elc_wof-GRC_0104 | T37: S3aH2 | U37: 0.00345881 | V37: IMPNRGZ | AC37: elc_industry | AD37: S3aH2 | AE37: 0.0035637147
... I40: elc_spv-GRC_0001 | J40: S3aH5 | K40: 0 | L40: IMPNRGZ | N40: elc_won-GRC_0001 | O40: S3aH5 | P40: 0.014807621 | Q40: IMPNRGZ | S40: elc_wof-GRC_0104 | T40: S3aH5 | U40: 0.021924771 | V40: IMPNRGZ | AC40: elc_industry | AD40: S3aH5 | AE40: 0.024890563
I41: elc_spv-GRC_0010 | J41: S1aH1 | K41: 0.021092576 | L41: IMPNRGZ | N41: elc_won-GRC_0010 | O41: S1aH1 | P41: 0.18602835 | Q41: IMPNRGZ | S41: elc_wof-GRC_0105 | T41: S1aH1 | U41: 0.18873656 | V41: IMPNRGZ
I42: elc_spv-GRC_0010 | J42: S1aH2 | K42: 0.035790487 | L42: IMPNRGZ | N42: elc_won-GRC_0010 | O42: S1aH2 | P42: 0.024078574 | Q42: IMPNRGZ | S42: elc_wof-GRC_0105 | T42: S1aH2 | U42: 0.028156129 | V42: IMPNRGZ
I43: elc_spv-GRC_0010 | J43: S1aH3 | K43: 0.053516478 | L43: IMPNRGZ | N43: elc_won-GRC_0010 | O43: S1aH3 | P43: 0.023341544 | Q43: IMPNRGZ | S43: elc_wof-GRC_0105 | T43: S1aH3 | U43: 0.028998555 | V43: IMPNRGZ
I44: elc_spv-GRC_0010 | J44: S1aH4 | K44: 0.56881667 | L44: IMPNRGZ | N44: elc_won-GRC_0010 | O44: S1aH4 | P44: 0.24795107 | Q44: IMPNRGZ | S44: elc_wof-GRC_0105 | T44: S1aH4 | U44: 0.2507837 | V44: IMPNRGZ
I45: elc_spv-GRC_0010 | J45: S1aH5 | K45: 0.074287284 | L45: IMPNRGZ | N45: elc_won-GRC_0010 | O45: S1aH5 | P45: 0.25812097 | Q45: IMPNRGZ | S45: elc_wof-GRC_0105 | T45: S1aH5 | U45: 0.18773045 | V45: IMPNRGZ
I46: elc_spv-GRC_0010 | J46: S2aH1 | K46: 0.0014690707 | L46: IMPNRGZ | N46: elc_won-GRC_0010 | O46: S2aH1 | P46: 0.055415322 | Q46: IMPNRGZ | S46: elc_wof-GRC_0105 | T46: S2aH1 | U46: 0.058274801 | V46: IMPNRGZ
I47: elc_spv-GRC_0010 | J47: S2aH2 | K47: 0.0083580259 | L47: IMPNRGZ | N47: elc_won-GRC_0010 | O47: S2aH2 | P47: 0.0071428657 | Q47: IMPNRGZ | S47: elc_wof-GRC_0105 | T47: S2aH2 | U47: 0.0090739713 | V47: IMPNRGZ
I48: elc_spv-GRC_0010 | J48: S2aH3 | K48: 0.015098009 | L48: IMPNRGZ | N48: elc_won-GRC_0010 | O48: S2aH3 | P48: 0.0070664599 | Q48: IMPNRGZ | S48: elc_wof-GRC_0105 | T48: S2aH3 | U48: 0.0091597613 | V48: IMPNRGZ
I49: elc_spv-GRC_0010 | J49: S2aH4 | K49: 0.16506044 | L49: IMPNRGZ | N49: elc_won-GRC_0010 | O49: S2aH4 | P49: 0.066919855 | Q49: IMPNRGZ | S49: elc_wof-GRC_0105 | T49: S2aH4 | U49: 0.078102737 | V49: IMPNRGZ
I50: elc_spv-GRC_0010 | J50: S2aH5 | K50: 0.0090378325 | L50: IMPNRGZ | N50: elc_won-GRC_0010 | O50: S2aH5 | P50: 0.062052886 | Q50: IMPNRGZ | S50: elc_wof-GRC_0105 | T50: S2aH5 | U50: 0.062300516 | V50: IMPNRGZ
I51: elc_spv-GRC_0010 | J51: S3aH1 | K51: 0 | L51: IMPNRGZ | N51: elc_won-GRC_0010 | O51: S3aH1 | P51: 0.017508026 | Q51: IMPNRGZ | S51: elc_wof-GRC_0105 | T51: S3aH1 | U51: 0.031739263 | V51: IMPNRGZ
I52: elc_spv-GRC_0010 | J52: S3aH2 | K52: 0 | L52: IMPNRGZ | N52: elc_won-GRC_0010 | O52: S3aH2 | P52: 0.0025270302 | Q52: IMPNRGZ | S52: elc_wof-GRC_0105 | T52: S3aH2 | U52: 0.0044888272 | V52: IMPNRGZ
... I1990: elc_spv-GRC_0099 | J1990: S3aH5 | K1990: 0 | L1990: IMPNRGZ | N1990: elc_won-GRC_0087 | O1990: S3aH5 | P1990: 0.036022052 | Q1990: IMPNRGZ | S1990: elc_wof-GRC_0051 | T1990: S3aH5 | U1990: 0.018722279 | V1990: IMPNRGZ
N1991: elc_won-GRC_0088 | O1991: S1aH1 | P1991: 0.17079643 | Q1991: IMPNRGZ | S1991: elc_wof-GRC_0052 | T1991: S1aH1 | U1991: 0.19232763 | V1991: IMPNRGZ
N1992: elc_won-GRC_0088 | O1992: S1aH2 | P1992: 0.021152777 | Q1992: IMPNRGZ | S1992: elc_wof-GRC_0052 | T1992: S1aH2 | U1992: 0.024951956 | V1992: IMPNRGZ
N1993: elc_won-GRC_0088 | O1993: S1aH3 | P1993: 0.021395343 | Q1993: IMPNRGZ | S1993: elc_wof-GRC_0052 | T1993: S1aH3 | U1993: 0.024226338 | V1993: IMPNRGZ
N1994: elc_won-GRC_0088 | O1994: S1aH4 | P1994: 0.28198087 | Q1994: IMPNRGZ | S1994: elc_wof-GRC_0052 | T1994: S1aH4 | U1994: 0.23723407 | V1994: IMPNRGZ
N1995: elc_won-GRC_0088 | O1995: S1aH5 | P1995: 0.22351074 | Q1995: IMPNRGZ | S1995: elc_wof-GRC_0052 | T1995: S1aH5 | U1995: 0.24821432 | V1995: IMPNRGZ
N1996: elc_won-GRC_0088 | O1996: S2aH1 | P1996: 0.041618923 | Q1996: IMPNRGZ | S1996: elc_wof-GRC_0052 | T1996: S2aH1 | U1996: 0.05743676 | V1996: IMPNRGZ
N1997: elc_won-GRC_0088 | O1997: S2aH2 | P1997: 0.0054173832 | Q1997: IMPNRGZ | S1997: elc_wof-GRC_0052 | T1997: S2aH2 | U1997: 0.0076079777 | V1997: IMPNRGZ
N1998: elc_won-GRC_0088 | O1998: S2aH3 | P1998: 0.0051639471 | Q1998: IMPNRGZ | S1998: elc_wof-GRC_0052 | T1998: S2aH3 | U1998: 0.0075664199 | V1998: IMPNRGZ
N1999: elc_won-GRC_0088 | O1999: S2aH4 | P1999: 0.068711776 | Q1999: IMPNRGZ | S1999: elc_wof-GRC_0052 | T1999: S2aH4 | U1999: 0.068819737 | V1999: IMPNRGZ
N2000: elc_won-GRC_0088 | O2000: S2aH5 | P2000: 0.05081817 | Q2000: IMPNRGZ | S2000: elc_wof-GRC_0052 | T2000: S2aH5 | U2000: 0.062982424 | V2000: IMPNRGZ
N2001: elc_won-GRC_0088 | O2001: S3aH1 | P2001: 0.038806727 | Q2001: IMPNRGZ | S2001: elc_wof-GRC_0052 | T2001: S3aH1 | U2001: 0.018987493 | V2001: IMPNRGZ
N2002: elc_won-GRC_0088 | O2002: S3aH2 | P2002: 0.0043216376 | Q2002: IMPNRGZ | S2002: elc_wof-GRC_0052 | T2002: S3aH2 | U2002: 0.0029059673 | V2002: IMPNRGZ
... N2155: elc_won-GRC_0099 | O2155: S3aH5 | P2155: 0.030392391 | Q2155: IMPNRGZ | S2155: elc_wof-GRC_0072 | T2155: S3aH5 | U2155: 0.015741323 | V2155: IMPNRGZ
S2156: elc_wof-GRC_0073 | T2156: S1aH1 | U2156: 0.16042615 | V2156: IMPNRGZ
S2157: elc_wof-GRC_0073 | T2157: S1aH2 | U2157: 0.022698374 | V2157: IMPNRGZ
S2158: elc_wof-GRC_0073 | T2158: S1aH3 | U2158: 0.023996005 | V2158: IMPNRGZ
S2159: elc_wof-GRC_0073 | T2159: S1aH4 | U2159: 0.34314983 | V2159: IMPNRGZ
S2160: elc_wof-GRC_0073 | T2160: S1aH5 | U2160: 0.20627191 | V2160: IMPNRGZ
S2161: elc_wof-GRC_0073 | T2161: S2aH1 | U2161: 0.036912476 | V2161: IMPNRGZ
S2162: elc_wof-GRC_0073 | T2162: S2aH2 | U2162: 0.0051340371 | V2162: IMPNRGZ
S2163: elc_wof-GRC_0073 | T2163: S2aH3 | U2163: 0.0051968063 | V2163: IMPNRGZ
S2164: elc_wof-GRC_0073 | T2164: S2aH4 | U2164: 0.076763896 | V2164: IMPNRGZ
S2165: elc_wof-GRC_0073 | T2165: S2aH5 | U2165: 0.04643713 | V2165: IMPNRGZ
S2166: elc_wof-GRC_0073 | T2166: S3aH1 | U2166: 0.023886564 | V2166: IMPNRGZ
S2167: elc_wof-GRC_0073 | T2167: S3aH2 | U2167: 0.0036825751 | V2167: IMPNRGZ
... S2350: elc_wof-GRC_0099 | T2350: S3aH5 | U2350: 0.020006899 | V2350: IMPNRGZ

Sheet ts24_clu
C9: =IF(A11="x","DeActivated","~TimeSlices") -> DeActivated | I9: =IF(A11="x","DeActivated","~TFM_DINS-AT") -> DeActivated | N9: =IF(A11="x","DeActivated","~TFM_DINS-AT") -> DeActivated | S9: =IF(A11="x","DeActivated","~TFM_DINS-AT") -> DeActivated | X9: =IF(A11="x","DeActivated","~TFM_DINS-AT") -> DeActivated | AC9: =IF(A11="x","DeActivated","~TFM_DINS-AT") -> DeActivated | AG9: =IF(A11="x","DeActivated","~TFM_DINS-AT") -> DeActivated | AK9: =IF(A11="x","DeActivated","~TFM_INS-AT") -> DeActivated
A10: ts24_clu | C10: season | D10: weekly | E10: daynite | F10: wparent | G10: dparent | I10: commodity | J10: timeslice | K10: com_fr | L10: process | N10: commodity | O10: timeslice | P10: com_fr | Q10: process | S10: commodity | T10: timeslice | U10: com_fr | V10: process | X10: g_yrfr | Y10: com_fr | Z10: timeslice | AA10: commodity | AC10: commodity | AD10: timeslice | AE10: com_fr | AG10: commodity | AH10: timeslice | AI10: com_pkflx | AK10: timeslice | AL10: ncap_afs | AM10: pset_ci
A11: =IFERROR(IF(Veda!D5=A10,"ok","x"),"") -> x | C11: S1 | D11: a | E11: H1 | F11: S1,S2,S3,S4 | G11: a | I11: elc_spv-GRC_0000 | J11: S1aH1 | K11: 0.0024139239 | L11: IMPNRGZ | N11: elc_won-GRC_0000 | O11: S1aH1 | P11: 0.14054506 | Q11: IMPNRGZ | S11: elc_wof-GRC_0100 | T11: S1aH1 | U11: 0.14320032 | V11: IMPNRGZ | X11: 0.1239726 | Y11: 0.026519487 | Z11: S1aH1 | AA11: elc_roadtransport | AC11: elc_buildings | AD11: S1aH1 | AE11: 0.09347113 | AG11: ELC | AH11: S1aH1 | AI11: 0.38767808 | AK11: S1 | AL11: 0.62522727 | AM11: hydro
C12: S2 | E12: H2 | G12: a | I12: elc_spv-GRC_0000 | J12: S1aH2 | K12: 0.010416959 | L12: IMPNRGZ | N12: elc_won-GRC_0000 | O12: S1aH2 | P12: 0.022296913 | Q12: IMPNRGZ | S12: elc_wof-GRC_0100 | T12: S1aH2 | U12: 0.023243127 | V12: IMPNRGZ | X12: 0.0206621 | Y12: 0.030599408 | Z12: S1aH2 | AA12: elc_roadtransport | AC12: elc_buildings | AD12: S1aH2 | AE12: 0.020414058 | AG12: ELC | AH12: S1aH2 | AI12: 0.21967487 | AK12: S4 | AL12: 0.10295455 | AM12: hydro
C13: S3 | E13: H3 | G13: a | I13: elc_spv-GRC_0000 | J13: S1aH3 | K13: 0.021408687 | L13: IMPNRGZ | N13: elc_won-GRC_0000 | O13: S1aH3 | P13: 0.021760632 | Q13: IMPNRGZ | S13: elc_wof-GRC_0100 | T13: S1aH3 | U13: 0.022087119 | V13: IMPNRGZ | X13: 0.0206621 | Y13: 0.034499333 | Z13: S1aH3 | AA13: elc_roadtransport | AC13: elc_buildings | AD13: S1aH3 | AE13: 0.021962482 | AG13: ELC | AH13: S1aH3 | AI13: 0.21300976 | AK13: S2 | AL13: 0.24852273 | AM13: hydro
C14: S4 | E14: H4 | G14: a | I14: elc_spv-GRC_0000 | J14: S1aH4 | K14: 0.03458057 | L14: IMPNRGZ | N14: elc_won-GRC_0000 | O14: S1aH4 | P14: 0.02126073 | Q14: IMPNRGZ | S14: elc_wof-GRC_0100 | T14: S1aH4 | U14: 0.021261114 | V14: IMPNRGZ | X14: 0.0206621 | Y14: 0.02639949 | Z14: S1aH4 | AA14: elc_roadtransport | AC14: elc_buildings | AD14: S1aH4 | AE14: 0.022496841 | AG14: ELC | AH14: S1aH4 | AI14: 0.2046286 | AK14: S3 | AL14: 0.22329545 | AM14: hydro
E15: H5 | G15: a | I15: elc_spv-GRC_0000 | J15: S1aH5 | K15: 0.35639327 | L15: IMPNRGZ | N15: elc_won-GRC_0000 | O15: S1aH5 | P15: 0.16448629 | Q15: IMPNRGZ | S15: elc_wof-GRC_0100 | T15: S1aH5 | U15: 0.18058271 | V15: IMPNRGZ | X15: 0.1446347 | Y15: 0.18827636 | Z15: S1aH5 | AA15: elc_roadtransport | AC15: elc_buildings | AD15: S1aH5 | AE15: 0.15970551 | AG15: ELC | AH15: S1aH5 | AI15: 0.2908656
E16: H6 | G16: a | I16: elc_spv-GRC_0000 | J16: S1aH6 | K16: 0.041941006 | L16: IMPNRGZ | N16: elc_won-GRC_0000 | O16: S1aH6 | P16: 0.027404187 | Q16: IMPNRGZ | S16: elc_wof-GRC_0100 | T16: S1aH6 | U16: 0.030690511 | V16: IMPNRGZ | X16: 0.0206621 | Y16: 0.040199223 | Z16: S1aH6 | AA16: elc_roadtransport | AC16: elc_buildings | AD16: S1aH6 | AE16: 0.023906176 | AG16: ELC | AH16: S1aH6 | AI16: 0.25480609
E17: H7 | G17: a | I17: elc_spv-GRC_0000 | J17: S1aH7 | K17: 0.030197591 | L17: IMPNRGZ | N17: elc_won-GRC_0000 | O17: S1aH7 | P17: 0.027650388 | Q17: IMPNRGZ | S17: elc_wof-GRC_0100 | T17: S1aH7 | U17: 0.029928623 | V17: IMPNRGZ | X17: 0.0206621 | Y17: 0.040199223 | Z17: S1aH7 | AA17: elc_roadtransport | AC17: elc_buildings | AD17: S1aH7 | AE17: 0.024143872 | AG17: ELC | AH17: S1aH7 | AI17: 0.24968173
E18: H8 | G18: a | I18: elc_spv-GRC_0000 | J18: S1aH8 | K18: 0.015748242 | L18: IMPNRGZ | N18: elc_won-GRC_0000 | O18: S1aH8 | P18: 0.027665653 | Q18: IMPNRGZ | S18: elc_wof-GRC_0100 | T18: S1aH8 | U18: 0.029174774 | V18: IMPNRGZ | X18: 0.0206621 | Y18: 0.031199397 | Z18: S1aH8 | AA18: elc_roadtransport | AC18: elc_buildings | AD18: S1aH8 | AE18: 0.023909565 | AG18: ELC | AH18: S1aH8 | AI18: 0.21345946
E19: H9 | G19: a | I19: elc_spv-GRC_0000 | J19: S1aH9 | K19: 0.0039976088 | L19: IMPNRGZ | N19: elc_won-GRC_0000 | O19: S1aH9 | P19: 0.13476782 | Q19: IMPNRGZ | S19: elc_wof-GRC_0100 | T19: S1aH9 | U19: 0.13267113 | V19: IMPNRGZ | X19: 0.1033105 | Y19: 0.077998492 | Z19: S1aH9 | AA19: elc_roadtransport | AC19: elc_buildings | AD19: S1aH9 | AE19: 0.097386325 | AG19: ELC | AH19: S1aH9 | AI19: 0.35313463
I20: elc_spv-GRC_0000 | J20: S2aH1 | K20: 0.00025328159 | L20: IMPNRGZ | N20: elc_won-GRC_0000 | O20: S2aH1 | P20: 0.028841789 | Q20: IMPNRGZ | S20: elc_wof-GRC_0100 | T20: S2aH1 | U20: 0.018894905 | V20: IMPNRGZ | X20: 0.042465753 | Y20: 0.0090840232 | Z20: S2aH1 | AA20: elc_roadtransport | AC20: elc_buildings | AD20: S2aH1 | AE20: 0.035450834 | AG20: ELC | AH20: S2aH1 | AI20: 0.25039166
I21: elc_spv-GRC_0000 | J21: S2aH2 | K21: 0.007507175 | L21: IMPNRGZ | N21: elc_won-GRC_0000 | O21: S2aH2 | P21: 0.0031452431 | Q21: IMPNRGZ | S21: elc_wof-GRC_0100 | T21: S2aH2 | U21: 0.0027019939 | V21: IMPNRGZ | X21: 0.0070776256 | Y21: 0.010481565 | Z21: S2aH2 | AA21: elc_roadtransport | AC21: elc_buildings | AD21: S2aH2 | AE21: 0.0079797433 | AG21: ELC | AH21: S2aH2 | AI21: 0.097551035
I22: elc_spv-GRC_0000 | J22: S2aH3 | K22: 0.013194827 | L22: IMPNRGZ | N22: elc_won-GRC_0000 | O22: S2aH3 | P22: 0.0026991027 | Q22: IMPNRGZ | S22: elc_wof-GRC_0100 | T22: S2aH3 | U22: 0.0026616347 | V22: IMPNRGZ | X22: 0.0070776256 | Y22: 0.011817451 | Z22: S2aH3 | AA22: elc_roadtransport | AC22: elc_buildings | AD22: S2aH3 | AE22: 0.0085339431 | AG22: ELC | AH22: S2aH3 | AI22: 0.10767459
I23: elc_spv-GRC_0000 | J23: S2aH4 | K23: 0.017142387 | L23: IMPNRGZ | N23: elc_won-GRC_0000 | O23: S2aH4 | P23: 0.002378776 | Q23: IMPNRGZ | S23: elc_wof-GRC_0100 | T23: S2aH4 | U23: 0.0025241236 | V23: IMPNRGZ | X23: 0.0070776256 | Y23: 0.0090429191 | Z23: S2aH4 | AA23: elc_roadtransport | AC23: elc_buildings | AD23: S2aH4 | AE23: 0.0092304155 | AG23: ELC | AH23: S2aH4 | AI23: 0.11816592
I24: elc_spv-GRC_0000 | J24: S2aH5 | K24: 0.14942084 | L24: IMPNRGZ | N24: elc_won-GRC_0000 | O24: S2aH5 | P24: 0.029771878 | Q24: IMPNRGZ | S24: elc_wof-GRC_0100 | T24: S2aH5 | U24: 0.021402144 | V24: IMPNRGZ | X24: 0.049543379 | Y24: 0.064492455 | Z24: S2aH5 | AA24: elc_roadtransport | AC24: elc_buildings | AD24: S2aH5 | AE24: 0.067386002 | AG24: ELC | AH24: S2aH5 | AI24: 0.14057688
I25: elc_spv-GRC_0000 | J25: S2aH6 | K25: 0.018466543 | L25: IMPNRGZ | N25: elc_won-GRC_0000 | O25: S2aH6 | P25: 0.0087276979 | Q25: IMPNRGZ | S25: elc_wof-GRC_0100 | T25: S2aH6 | U25: 0.0074954657 | V25: IMPNRGZ | X25: 0.0070776256 | Y25: 0.013769899 | Z25: S2aH6 | AA25: elc_roadtransport | AC25: elc_buildings | AD25: S2aH6 | AE25: 0.0094314908 | AG25: ELC | AH25: S2aH6 | AI25: 0.099493044
I26: elc_spv-GRC_0000 | J26: S2aH7 | K26: 0.015230579 | L26: IMPNRGZ | N26: elc_won-GRC_0000 | O26: S2aH7 | P26: 0.0092091822 | Q26: IMPNRGZ | S26: elc_wof-GRC_0100 | T26: S2aH7 | U26: 0.0067765433 | V26: IMPNRGZ | X26: 0.0070776256 | Y26: 0.013769899 | Z26: S2aH7 | AA26: elc_roadtransport | AC26: elc_buildings | AD26: S2aH7 | AE26: 0.0089399756 | AG26: ELC | AH26: S2aH7 | AI26: 0.091192684
I27: elc_spv-GRC_0000 | J27: S2aH8 | K27: 0.010378977 | L27: IMPNRGZ | N27: elc_won-GRC_0000 | O27: S2aH8 | P27: 0.0094186338 | Q27: IMPNRGZ | S27: elc_wof-GRC_0100 | T27: S2aH8 | U27: 0.0053462106 | V27: IMPNRGZ | X27: 0.0070776256 | Y27: 0.010687086 | Z27: S2aH8 | AA27: elc_roadtransport | AC27: elc_buildings | AD27: S2aH8 | AE27: 0.0087843938 | AG27: ELC | AH27: S2aH8 | AI27: 0.084621785
I28: elc_spv-GRC_0000 | J28: S2aH9 | K28: 0.0039611622 | L28: IMPNRGZ | N28: elc_won-GRC_0000 | O28: S2aH9 | P28: 0.041541382 | Q28: IMPNRGZ | S28: elc_wof-GRC_0100 | T28: S2aH9 | U28: 0.013737779 | V28: IMPNRGZ | X28: 0.035388128 | Y28: 0.026717715 | Z28: S2aH9 | AA28: elc_roadtransport | AC28: elc_buildings | AD28: S2aH9 | AE28: 0.036082311 | AG28: ELC | AH28: S2aH9 | AI28: 0.23411692
I29: elc_spv-GRC_0000 | J29: S3aH1 | K29: 0 | L29: IMPNRGZ | N29: elc_won-GRC_0000 | O29: S3aH1 | P29: 0.052088742 | Q29: IMPNRGZ | S29: elc_wof-GRC_0100 | T29: S3aH1 | U29: 0.065666263 | V29: IMPNRGZ | X29: 0.062328767 | Y29: 0.013333002 | Z29: S3aH1 | AA29: elc_roadtransport | AC29: elc_buildings | AD29: S3aH1 | AE29: 0.043221432 | AG29: ELC | AH29: S3aH1 | AI29: 0.28353425
I30: elc_spv-GRC_0000 | J30: S3aH2 | K30: 0.0011872213 | L30: IMPNRGZ | N30: elc_won-GRC_0000 | O30: S3aH2 | P30: 0.0079880629 | Q30: IMPNRGZ | S30: elc_wof-GRC_0100 | T30: S3aH2 | U30: 0.0095614197 | V30: IMPNRGZ | X30: 0.010388128 | Y30: 0.015384233 | Z30: S3aH2 | AA30: elc_roadtransport | AC30: elc_buildings | AD30: S3aH2 | AE30: 0.0092404234 | AG30: ELC | AH30: S3aH2 | AI30: 0.17761054
I31: elc_spv-GRC_0000 | J31: S3aH3 | K31: 0.007767198 | L31: IMPNRGZ | N31: elc_won-GRC_0000 | O31: S3aH3 | P31: 0.0080103547 | Q31: IMPNRGZ | S31: elc_wof-GRC_0100 | T31: S3aH3 | U31: 0.0085646909 | V31: IMPNRGZ | X31: 0.010388128 | Y31: 0.017344968 | Z31: S3aH3 | AA31: elc_roadtransport | AC31: elc_buildings | AD31: S3aH3 | AE31: 0.0099627542 | AG31: ELC | AH31: S3aH3 | AI31: 0.18154515
... I46: elc_spv-GRC_0000 | J46: S4aH9 | K46: 0 | L46: IMPNRGZ | N46: elc_won-GRC_0000 | O46: S4aH9 | P46: 0.011857563 | Q46: IMPNRGZ | S46: elc_wof-GRC_0100 | T46: S4aH9 | U46: 0.010888513 | V46: IMPNRGZ | X46: 0.017694064 | Y46: 0.013358858 | Z46: S4aH9 | AA46: elc_roadtransport | AC46: elc_buildings | AD46: S4aH9 | AE46: 0.019354083 | AG46: ELC | AH46: S4aH9 | AI46: 0.2046589
I47: elc_spv-GRC_0001 | J47: S1aH1 | K47: 0.0024809564 | L47: IMPNRGZ | N47: elc_won-GRC_0001 | O47: S1aH1 | P47: 0.13525984 | Q47: IMPNRGZ | S47: elc_wof-GRC_0104 | T47: S1aH1 | U47: 0.14206056 | V47: IMPNRGZ | AC47: elc_industry | AD47: S1aH1 | AE47: 0.12179694
I48: elc_spv-GRC_0001 | J48: S1aH2 | K48: 0.010412676 | L48: IMPNRGZ | N48: elc_won-GRC_0001 | O48: S1aH2 | P48: 0.021032524 | Q48: IMPNRGZ | S48: elc_wof-GRC_0104 | T48: S1aH2 | U48: 0.022656052 | V48: IMPNRGZ | AC48: elc_industry | AD48: S1aH2 | AE48: 0.020667529
I49: elc_spv-GRC_0001 | J49: S1aH3 | K49: 0.021054998 | L49: IMPNRGZ | N49: elc_won-GRC_0001 | O49: S1aH3 | P49: 0.020503203 | Q49: IMPNRGZ | S49: elc_wof-GRC_0104 | T49: S1aH3 | U49: 0.022451864 | V49: IMPNRGZ | AC49: elc_industry | AD49: S1aH3 | AE49: 0.020785381
I50: elc_spv-GRC_0001 | J50: S1aH4 | K50: 0.03416273 | L50: IMPNRGZ | N50: elc_won-GRC_0001 | O50: S1aH4 | P50: 0.019998041 | Q50: IMPNRGZ | S50: elc_wof-GRC_0104 | T50: S1aH4 | U50: 0.02251569 | V50: IMPNRGZ | AC50: elc_industry | AD50: S1aH4 | AE50: 0.020826052
I51: elc_spv-GRC_0001 | J51: S1aH5 | K51: 0.35322722 | L51: IMPNRGZ | N51: elc_won-GRC_0001 | O51: S1aH5 | P51: 0.17222151 | Q51: IMPNRGZ | S51: elc_wof-GRC_0104 | T51: S1aH5 | U51: 0.17200699 | V51: IMPNRGZ | AC51: elc_industry | AD51: S1aH5 | AE51: 0.14595191
I52: elc_spv-GRC_0001 | J52: S1aH6 | K52: 0.0413438 | L52: IMPNRGZ | N52: elc_won-GRC_0001 | O52: S1aH6 | P52: 0.029504329 | Q52: IMPNRGZ | S52: elc_wof-GRC_0104 | T52: S1aH6 | U52: 0.025558875 | V52: IMPNRGZ | AC52: elc_industry | AD52: S1aH6 | AE52: 0.020933318
I53: elc_spv-GRC_0001 | J53: S1aH7 | K53: 0.029769927 | L53: IMPNRGZ | N53: elc_won-GRC_0001 | O53: S1aH7 | P53: 0.029432947 | Q53: IMPNRGZ | S53: elc_wof-GRC_0104 | T53: S1aH7 | U53: 0.025156715 | V53: IMPNRGZ | AC53: elc_industry | AD53: S1aH7 | AE53: 0.02095141
I54: elc_spv-GRC_0001 | J54: S1aH8 | K54: 0.015912397 | L54: IMPNRGZ | N54: elc_won-GRC_0001 | O54: S1aH8 | P54: 0.028939708 | Q54: IMPNRGZ | S54: elc_wof-GRC_0104 | T54: S1aH8 | U54: 0.024699382 | V54: IMPNRGZ | AC54: elc_industry | AD54: S1aH8 | AE54: 0.020933576
I55: elc_spv-GRC_0001 | J55: S1aH9 | K55: 0.004082808 | L55: IMPNRGZ | N55: elc_won-GRC_0001 | O55: S1aH9 | P55: 0.13628439 | Q55: IMPNRGZ | S55: elc_wof-GRC_0104 | T55: S1aH9 | U55: 0.1213937 | V55: IMPNRGZ | AC55: elc_industry | AD55: S1aH9 | AE55: 0.10298114
I56: elc_spv-GRC_0001 | J56: S2aH1 | K56: 0.00042762012 | L56: IMPNRGZ | N56: elc_won-GRC_0001 | O56: S2aH1 | P56: 0.022857307 | Q56: IMPNRGZ | S56: elc_wof-GRC_0104 | T56: S2aH1 | U56: 0.042491053 | V56: IMPNRGZ | AC56: elc_industry | AD56: S2aH1 | AE56: 0.041554866
I57: elc_spv-GRC_0001 | J57: S2aH2 | K57: 0.007753027 | L57: IMPNRGZ | N57: elc_won-GRC_0001 | O57: S2aH2 | P57: 0.002413422 | Q57: IMPNRGZ | S57: elc_wof-GRC_0104 | T57: S2aH2 | U57: 0.0069335384 | V57: IMPNRGZ | AC57: elc_industry | AD57: S2aH2 | AE57: 0.007083458
I58: elc_spv-GRC_0001 | J58: S2aH3 | K58: 0.013615158 | L58: IMPNRGZ | N58: elc_won-GRC_0001 | O58: S2aH3 | P58: 0.0019675927 | Q58: IMPNRGZ | S58: elc_wof-GRC_0104 | T58: S2aH3 | U58: 0.0068170652 | V58: IMPNRGZ | AC58: elc_industry | AD58: S2aH3 | AE58: 0.0071256388
... I82: elc_spv-GRC_0001 | J82: S4aH9 | K82: 0 | L82: IMPNRGZ | N82: elc_won-GRC_0001 | O82: S4aH9 | P82: 0.0097942398 | Q82: IMPNRGZ | S82: elc_wof-GRC_0104 | T82: S4aH9 | U82: 0.016053247 | V82: IMPNRGZ | AC82: elc_industry | AD82: S4aH9 | AE82: 0.017671251
I83: elc_spv-GRC_0010 | J83: S1aH1 | K83: 0.0024956788 | L83: IMPNRGZ | N83: elc_won-GRC_0010 | O83: S1aH1 | P83: 0.13776996 | Q83: IMPNRGZ | S83: elc_wof-GRC_0105 | T83: S1aH1 | U83: 0.1394516 | V83: IMPNRGZ
I84: elc_spv-GRC_0010 | J84: S1aH2 | K84: 0.01050848 | L84: IMPNRGZ | N84: elc_won-GRC_0010 | O84: S1aH2 | P84: 0.022160519 | Q84: IMPNRGZ | S84: elc_wof-GRC_0105 | T84: S1aH2 | U84: 0.022603936 | V84: IMPNRGZ
I85: elc_spv-GRC_0010 | J85: S1aH3 | K85: 0.02236241 | L85: IMPNRGZ | N85: elc_won-GRC_0010 | O85: S1aH3 | P85: 0.021523925 | Q85: IMPNRGZ | S85: elc_wof-GRC_0105 | T85: S1aH3 | U85: 0.022715456 | V85: IMPNRGZ
I86: elc_spv-GRC_0010 | J86: S1aH4 | K86: 0.036114767 | L86: IMPNRGZ | N86: elc_won-GRC_0010 | O86: S1aH4 | P86: 0.021086638 | Q86: IMPNRGZ | S86: elc_wof-GRC_0105 | T86: S1aH4 | U86: 0.022859189 | V86: IMPNRGZ
I87: elc_spv-GRC_0010 | J87: S1aH5 | K87: 0.36111197 | L87: IMPNRGZ | N87: elc_won-GRC_0010 | O87: S1aH5 | P87: 0.16724816 | Q87: IMPNRGZ | S87: elc_wof-GRC_0105 | T87: S1aH5 | U87: 0.17155602 | V87: IMPNRGZ
I88: elc_spv-GRC_0010 | J88: S1aH6 | K88: 0.040886351 | L88: IMPNRGZ | N88: elc_won-GRC_0010 | O88: S1aH6 | P88: 0.030106773 | Q88: IMPNRGZ | S88: elc_wof-GRC_0105 | T88: S1aH6 | U88: 0.025281836 | V88: IMPNRGZ
I89: elc_spv-GRC_0010 | J89: S1aH7 | K89: 0.029079751 | L89: IMPNRGZ | N89: elc_won-GRC_0010 | O89: S1aH7 | P89: 0.030346054 | Q89: IMPNRGZ | S89: elc_wof-GRC_0105 | T89: S1aH7 | U89: 0.025016342 | V89: IMPNRGZ
I90: elc_spv-GRC_0010 | J90: S1aH8 | K90: 0.014205738 | L90: IMPNRGZ | N90: elc_won-GRC_0010 | O90: S1aH8 | P90: 0.029853946 | Q90: IMPNRGZ | S90: elc_wof-GRC_0105 | T90: S1aH8 | U90: 0.024426183 | V90: IMPNRGZ
I91: elc_spv-GRC_0010 | J91: S1aH9 | K91: 0.0031734127 | L91: IMPNRGZ | N91: elc_won-GRC_0010 | O91: S1aH9 | P91: 0.1310918 | Q91: IMPNRGZ | S91: elc_wof-GRC_0105 | T91: S1aH9 | U91: 0.11476551 | V91: IMPNRGZ
I92: elc_spv-GRC_0010 | J92: S2aH1 | K92: 0.00032225824 | L92: IMPNRGZ | N92: elc_won-GRC_0010 | O92: S2aH1 | P92: 0.023116768 | Q92: IMPNRGZ | S92: elc_wof-GRC_0105 | T92: S2aH1 | U92: 0.02178362 | V92: IMPNRGZ
I93: elc_spv-GRC_0010 | J93: S2aH2 | K93: 0.0077661592 | L93: IMPNRGZ | N93: elc_won-GRC_0010 | O93: S2aH2 | P93: 0.0029810996 | Q93: IMPNRGZ | S93: elc_wof-GRC_0105 | T93: S2aH2 | U93: 0.0048974076 | V93: IMPNRGZ
I94: elc_spv-GRC_0010 | J94: S2aH3 | K94: 0.013428076 | L94: IMPNRGZ | N94: elc_won-GRC_0010 | O94: S2aH3 | P94: 0.002554649 | Q94: IMPNRGZ | S94: elc_wof-GRC_0105 | T94: S2aH3 | U94: 0.0054406725 | V94: IMPNRGZ
... I4762: elc_spv-GRC_0099 | J4762: S4aH9 | K4762: 0 | L4762: IMPNRGZ | N4762: elc_won-GRC_0087 | O4762: S4aH9 | P4762: 0.026880535 | Q4762: IMPNRGZ | S4762: elc_wof-GRC_0051 | T4762: S4aH9 | U4762: 0.012894889 | V4762: IMPNRGZ
N4763: elc_won-GRC_0088 | O4763: S1aH1 | P4763: 0.11999343 | Q4763: IMPNRGZ | S4763: elc_wof-GRC_0052 | T4763: S1aH1 | U4763: 0.14470753 | V4763: IMPNRGZ
N4764: elc_won-GRC_0088 | O4764: S1aH2 | P4764: 0.020694501 | Q4764: IMPNRGZ | S4764: elc_wof-GRC_0052 | T4764: S1aH2 | U4764: 0.023067863 | V4764: IMPNRGZ
N4765: elc_won-GRC_0088 | O4765: S1aH3 | P4765: 0.01876974 | Q4765: IMPNRGZ | S4765: elc_wof-GRC_0052 | T4765: S1aH3 | U4765: 0.022589749 | V4765: IMPNRGZ
N4766: elc_won-GRC_0088 | O4766: S1aH4 | P4766: 0.019085744 | Q4766: IMPNRGZ | S4766: elc_wof-GRC_0052 | T4766: S1aH4 | U4766: 0.022124954 | V4766: IMPNRGZ
N4767: elc_won-GRC_0088 | O4767: S1aH5 | P4767: 0.21744825 | Q4767: IMPNRGZ | S4767: elc_wof-GRC_0052 | T4767: S1aH5 | U4767: 0.17230917 | V4767: IMPNRGZ
N4768: elc_won-GRC_0088 | O4768: S1aH6 | P4768: 0.032323113 | Q4768: IMPNRGZ | S4768: elc_wof-GRC_0052 | T4768: S1aH6 | U4768: 0.030204595 | V4768: IMPNRGZ
N4769: elc_won-GRC_0088 | O4769: S1aH7 | P4769: 0.028448562 | Q4769: IMPNRGZ | S4769: elc_wof-GRC_0052 | T4769: S1aH7 | U4769: 0.030433271 | V4769: IMPNRGZ
N4770: elc_won-GRC_0088 | O4770: S1aH8 | P4770: 0.026255026 | Q4770: IMPNRGZ | S4770: elc_wof-GRC_0052 | T4770: S1aH8 | U4770: 0.029889551 | V4770: IMPNRGZ
N4771: elc_won-GRC_0088 | O4771: S1aH9 | P4771: 0.12336298 | Q4771: IMPNRGZ | S4771: elc_wof-GRC_0052 | T4771: S1aH9 | U4771: 0.13314656 | V4771: IMPNRGZ
N4772: elc_won-GRC_0088 | O4772: S2aH1 | P4772: 0.02670147 | Q4772: IMPNRGZ | S4772: elc_wof-GRC_0052 | T4772: S2aH1 | U4772: 0.021812556 | V4772: IMPNRGZ
N4773: elc_won-GRC_0088 | O4773: S2aH2 | P4773: 0.0034070241 | Q4773: IMPNRGZ | S4773: elc_wof-GRC_0052 | T4773: S2aH2 | U4773: 0.0027396796 | V4773: IMPNRGZ
N4774: elc_won-GRC_0088 | O4774: S2aH3 | P4774: 0.0023830367 | Q4774: IMPNRGZ | S4774: elc_wof-GRC_0052 | T4774: S2aH3 | U4774: 0.0023622077 | V4774: IMPNRGZ
... N5158: elc_won-GRC_0099 | O5158: S4aH9 | P5158: 0.021692823 | Q5158: IMPNRGZ | S5158: elc_wof-GRC_0072 | T5158: S4aH9 | U5158: 0.010595399 | V5158: IMPNRGZ
S5159: elc_wof-GRC_0073 | T5159: S1aH1 | U5159: 0.13261444 | V5159: IMPNRGZ
S5160: elc_wof-GRC_0073 | T5160: S1aH2 | U5160: 0.02185511 | V5160: IMPNRGZ
S5161: elc_wof-GRC_0073 | T5161: S1aH3 | U5161: 0.022063588 | V5161: IMPNRGZ
S5162: elc_wof-GRC_0073 | T5162: S1aH4 | U5162: 0.022417658 | V5162: IMPNRGZ
S5163: elc_wof-GRC_0073 | T5163: S1aH5 | U5163: 0.24491244 | V5163: IMPNRGZ
S5164: elc_wof-GRC_0073 | T5164: S1aH6 | U5164: 0.03686028 | V5164: IMPNRGZ
S5165: elc_wof-GRC_0073 | T5165: S1aH7 | U5165: 0.032839488 | V5165: IMPNRGZ
S5166: elc_wof-GRC_0073 | T5166: S1aH8 | U5166: 0.027900139 | V5166: IMPNRGZ
S5167: elc_wof-GRC_0073 | T5167: S1aH9 | U5167: 0.11865674 | V5167: IMPNRGZ
S5168: elc_wof-GRC_0073 | T5168: S2aH1 | U5168: 0.0050760161 | V5168: IMPNRGZ
S5169: elc_wof-GRC_0073 | T5169: S2aH2 | U5169: 0.00088058293 | V5169: IMPNRGZ
S5170: elc_wof-GRC_0073 | T5170: S2aH3 | U5170: 0.00063478539 | V5170: IMPNRGZ
... S5626: elc_wof-GRC_0099 | T5626: S4aH9 | U5626: 0.013251908 | V5626: IMPNRGZ

Sheet ts48_clu
C9: =IF(A11="x","DeActivated","~TimeSlices") -> DeActivated | I9: =IF(A11="x","DeActivated","~TFM_DINS-AT") -> DeActivated | N9: =IF(A11="x","DeActivated","~TFM_DINS-AT") -> DeActivated | S9: =IF(A11="x","DeActivated","~TFM_DINS-AT") -> DeActivated | X9: =IF(A11="x","DeActivated","~TFM_DINS-AT") -> DeActivated | AC9: =IF(A11="x","DeActivated","~TFM_DINS-AT") -> DeActivated | AG9: =IF(A11="x","DeActivated","~TFM_DINS-AT") -> DeActivated | AK9: =IF(A11="x","DeActivated","~TFM_INS-AT") -> DeActivated
A10: ts48_clu | C10: season | D10: weekly | E10: daynite | F10: wparent | G10: dparent | I10: commodity | J10: timeslice | K10: com_fr | L10: process | N10: commodity | O10: timeslice | P10: com_fr | Q10: process | S10: commodity | T10: timeslice | U10: com_fr | V10: process | X10: g_yrfr | Y10: com_fr | Z10: timeslice | AA10: commodity | AC10: commodity | AD10: timeslice | AE10: com_fr | AG10: commodity | AH10: timeslice | AI10: com_pkflx | AK10: timeslice | AL10: ncap_afs | AM10: pset_ci
A11: =IFERROR(IF(Veda!D5=A10,"ok","x"),"") -> x | C11: S1 | D11: a | E11: H1 | F11: S1,S2,S3,S4,S5,S6 | G11: a | I11: elc_spv-GRC_0000 | J11: S1aH1 | K11: 0 | L11: IMPNRGZ | N11: elc_won-GRC_0000 | O11: S1aH1 | P11: 0.088125058 | Q11: IMPNRGZ | S11: elc_wof-GRC_0100 | T11: S1aH1 | U11: 0.1021958 | V11: IMPNRGZ | X11: 0.061643836 | Y11: 0.013186485 | Z11: S1aH1 | AA11: elc_roadtransport | AC11: elc_buildings | AD11: S1aH1 | AE11: 0.049276668 | AG11: ELC | AH11: S1aH1 | AI11: 0.33276257 | AK11: S2 | AL11: 0.26795455 | AM11: hydro
C12: S2 | E12: H2 | G12: a | I12: elc_spv-GRC_0000 | J12: S1aH2 | K12: 0 | L12: IMPNRGZ | N12: elc_won-GRC_0000 | O12: S1aH2 | P12: 0.014100291 | Q12: IMPNRGZ | S12: elc_wof-GRC_0100 | T12: S1aH2 | U12: 0.01673628 | V12: IMPNRGZ | X12: 0.010273973 | Y12: 0.015215175 | Z12: S1aH2 | AA12: elc_roadtransport | AC12: elc_buildings | AD12: S1aH2 | AE12: 0.010734422 | AG12: ELC | AH12: S1aH2 | AI12: 0.16988272 | AK12: S1 | AL12: 0.35727273 | AM12: hydro
C13: S3 | E13: H3 | G13: a | I13: elc_spv-GRC_0000 | J13: S1aH3 | K13: 0.0029811706 | L13: IMPNRGZ | N13: elc_won-GRC_0000 | O13: S1aH3 | P13: 0.013829033 | Q13: IMPNRGZ | S13: elc_wof-GRC_0100 | T13: S1aH3 | U13: 0.016345795 | V13: IMPNRGZ | X13: 0.010273973 | Y13: 0.017154364 | Z13: S1aH3 | AA13: elc_roadtransport | AC13: elc_buildings | AD13: S1aH3 | AE13: 0.011625479 | AG13: ELC | AH13: S1aH3 | AI13: 0.15656257 | AK13: S3 | AL13: 0.24852273 | AM13: hydro
C14: S4 | E14: H4 | G14: a | I14: elc_spv-GRC_0000 | J14: S1aH4 | K14: 0.01027717 | L14: IMPNRGZ | N14: elc_won-GRC_0000 | O14: S1aH4 | P14: 0.013534915 | Q14: IMPNRGZ | S14: elc_wof-GRC_0100 | T14: S1aH4 | U14: 0.016177518 | V14: IMPNRGZ | X14: 0.010273973 | Y14: 0.013126818 | Z14: S1aH4 | AA14: elc_roadtransport | AC14: elc_buildings | AD14: S1aH4 | AE14: 0.011690608 | AG14: ELC | AH14: S1aH4 | AI14: 0.16502687 | AK14: S6 | AL14: 0.10295455 | AM14: hydro
C15: S5 | E15: H5 | G15: a | I15: elc_spv-GRC_0000 | J15: S1aH5 | K15: 0.13741841 | L15: IMPNRGZ | N15: elc_won-GRC_0000 | O15: S1aH5 | P15: 0.099695409 | Q15: IMPNRGZ | S15: elc_wof-GRC_0100 | T15: S1aH5 | U15: 0.12750787 | V15: IMPNRGZ | X15: 0.071917808 | Y15: 0.093618079 | Z15: S1aH5 | AA15: elc_roadtransport | AC15: elc_buildings | AD15: S1aH5 | AE15: 0.081737393 | AG15: ELC | AH15: S1aH5 | AI15: 0.26330592 | AK15: S4 | AL15: 0.15545455 | AM15: hydro
C16: S6 | E16: H6 | G16: a | I16: elc_spv-GRC_0000 | J16: S1aH6 | K16: 0.015955833 | L16: IMPNRGZ | N16: elc_won-GRC_0000 | O16: S1aH6 | P16: 0.015496824 | Q16: IMPNRGZ | S16: elc_wof-GRC_0100 | T16: S1aH6 | U16: 0.021070204 | V16: IMPNRGZ | X16: 0.010273973 | Y16: 0.019988564 | Z16: S1aH6 | AA16: elc_roadtransport | AC16: elc_buildings | AD16: S1aH6 | AE16: 0.012728169 | AG16: ELC | AH16: S1aH6 | AI16: 0.18973174 | AK16: S5 | AL16: 0.067840909 | AM16: hydro
E17: H7 | G17: a | I17: elc_spv-GRC_0000 | J17: S1aH7 | K17: 0.0093353283 | L17: IMPNRGZ | N17: elc_won-GRC_0000 | O17: S1aH7 | P17: 0.015742844 | Q17: IMPNRGZ | S17: elc_wof-GRC_0100 | T17: S1aH7 | U17: 0.02027652 | V17: IMPNRGZ | X17: 0.010273973 | Y17: 0.019988564 | Z17: S1aH7 | AA17: elc_roadtransport | AC17: elc_buildings | AD17: S1aH7 | AE17: 0.013177703 | AG17: ELC | AH17: S1aH7 | AI17: 0.16138999
E18: H8 | G18: a | I18: elc_spv-GRC_0000 | J18: S1aH8 | K18: 0.0023231036 | L18: IMPNRGZ | N18: elc_won-GRC_0000 | O18: S1aH8 | P18: 0.09757976 | Q18: IMPNRGZ | S18: elc_wof-GRC_0100 | T18: S1aH8 | U18: 0.10616521 | V18: IMPNRGZ | X18: 0.061643836 | Y18: 0.054297293 | Z18: S1aH8 | AA18: elc_roadtransport | AC18: elc_buildings | AD18: S1aH8 | AE18: 0.066126987 | AG18: ELC | AH18: S1aH8 | AI18: 0.28863406
I19: elc_spv-GRC_0000 | J19: S2aH1 | K19: 0.0024139239 | L19: IMPNRGZ | N19: elc_won-GRC_0000 | O19: S2aH1 | P19: 0.052419998 | Q19: IMPNRGZ | S19: elc_wof-GRC_0100 | T19: S2aH1 | U19: 0.041004522 | V19: IMPNRGZ | X19: 0.062328767 | Y19: 0.013333002 | Z19: S2aH1 | AA19: elc_roadtransport | AC19: elc_buildings | AD19: S2aH1 | AE19: 0.044194462 | AG19: ELC | AH19: S2aH1 | AI19: 0.31546972
I20: elc_spv-GRC_0000 | J20: S2aH2 | K20: 0.010416959 | L20: IMPNRGZ | N20: elc_won-GRC_0000 | O20: S2aH2 | P20: 0.0081966219 | Q20: IMPNRGZ | S20: elc_wof-GRC_0100 | T20: S2aH2 | U20: 0.0065068466 | V20: IMPNRGZ | X20: 0.010388128 | Y20: 0.015384233 | Z20: S2aH2 | AA20: elc_roadtransport | AC20: elc_buildings | AD20: S2aH2 | AE20: 0.0096796367 | AG20: ELC | AH20: S2aH2 | AI20: 0.18759866
I21: elc_spv-GRC_0000 | J21: S2aH3 | K21: 0.018427516 | L21: IMPNRGZ | N21: elc_won-GRC_0000 | O21: S2aH3 | P21: 0.0079315992 | Q21: IMPNRGZ | S21: elc_wof-GRC_0100 | T21: S2aH3 | U21: 0.0057413247 | V21: IMPNRGZ | X21: 0.010388128 | Y21: 0.017344968 | Z21: S2aH3 | AA21: elc_roadtransport | AC21: elc_buildings | AD21: S2aH3 | AE21: 0.010337003 | AG21: ELC | AH21: S2aH3 | AI21: 0.18983676
I22: elc_spv-GRC_0000 | J22: S2aH4 | K22: 0.0243034 | L22: IMPNRGZ | N22: elc_won-GRC_0000 | O22: S2aH4 | P22: 0.0077258155 | Q22: IMPNRGZ | S22: elc_wof-GRC_0100 | T22: S2aH4 | U22: 0.005083596 | V22: IMPNRGZ | X22: 0.010388128 | Y22: 0.013272672 | Z22: S2aH4 | AA22: elc_roadtransport | AC22: elc_buildings | AD22: S2aH4 | AE22: 0.010806234 | AG22: ELC | AH22: S2aH4 | AI22: 0.22809077
I23: elc_spv-GRC_0000 | J23: S2aH5 | K23: 0.21897486 | L23: IMPNRGZ | N23: elc_won-GRC_0000 | O23: S2aH5 | P23: 0.064790885 | Q23: IMPNRGZ | S23: elc_wof-GRC_0100 | T23: S2aH5 | U23: 0.05307484 | V23: IMPNRGZ | X23: 0.072716895 | Y23: 0.09465828 | Z23: S2aH5 | AA23: elc_roadtransport | AC23: elc_buildings | AD23: S2aH5 | AE23: 0.07796812 | AG23: ELC | AH23: S2aH5 | AI23: 0.22715823
I24: elc_spv-GRC_0000 | J24: S2aH6 | K24: 0.025985173 | L24: IMPNRGZ | N24: elc_won-GRC_0000 | O24: S2aH6 | P24: 0.011907362 | Q24: IMPNRGZ | S24: elc_wof-GRC_0100 | T24: S2aH6 | U24: 0.0096203076 | V24: IMPNRGZ | X24: 0.010388128 | Y24: 0.020210659 | Z24: S2aH6 | AA24: elc_roadtransport | AC24: elc_buildings | AD24: S2aH6 | AE24: 0.011178007 | AG24: ELC | AH24: S2aH6 | AI24: 0.21292825
I25: elc_spv-GRC_0000 | J25: S2aH7 | K25: 0.020862263 | L25: IMPNRGZ | N25: elc_won-GRC_0000 | O25: S2aH7 | P25: 0.011907545 | Q25: IMPNRGZ | S25: elc_wof-GRC_0100 | T25: S2aH7 | U25: 0.0096521022 | V25: IMPNRGZ | X25: 0.010388128 | Y25: 0.020210659 | Z25: S2aH7 | AA25: elc_roadtransport | AC25: elc_buildings | AD25: S2aH7 | AE25: 0.01096617 | AG25: ELC | AH25: S2aH7 | AI25: 0.15906519
I26: elc_spv-GRC_0000 | J26: S2aH8 | K26: 0.017422747 | L26: IMPNRGZ | N26: elc_won-GRC_0000 | O26: S2aH8 | P26: 0.064853717 | Q26: IMPNRGZ | S26: elc_wof-GRC_0100 | T26: S2aH8 | U26: 0.055680697 | V26: IMPNRGZ | X26: 0.062328767 | Y26: 0.054900596 | Z26: S2aH8 | AA26: elc_roadtransport | AC26: elc_buildings | AD26: S2aH8 | AE26: 0.055168903 | AG26: ELC | AH26: S2aH8 | AI26: 0.31107295
I27: elc_spv-GRC_0000 | J27: S3aH1 | K27: 0.00025328159 | L27: IMPNRGZ | N27: elc_won-GRC_0000 | O27: S3aH1 | P27: 0.028841789 | Q27: IMPNRGZ | S27: elc_wof-GRC_0100 | T27: S3aH1 | U27: 0.018894905 | V27: IMPNRGZ | X27: 0.042465753 | Y27: 0.0090840232 | Z27: S3aH1 | AA27: elc_roadtransport | AC27: elc_buildings | AD27: S3aH1 | AE27: 0.035450834 | AG27: ELC | AH27: S3aH1 | AI27: 0.25039166
I28: elc_spv-GRC_0000 | J28: S3aH2 | K28: 0.007507175 | L28: IMPNRGZ | N28: elc_won-GRC_0000 | O28: S3aH2 | P28: 0.0031452431 | Q28: IMPNRGZ | S28: elc_wof-GRC_0100 | T28: S3aH2 | U28: 0.0027019939 | V28: IMPNRGZ | X28: 0.0070776256 | Y28: 0.010481565 | Z28: S3aH2 | AA28: elc_roadtransport | AC28: elc_buildings | AD28: S3aH2 | AE28: 0.0079797433 | AG28: ELC | AH28: S3aH2 | AI28: 0.097551035
I29: elc_spv-GRC_0000 | J29: S3aH3 | K29: 0.013194827 | L29: IMPNRGZ | N29: elc_won-GRC_0000 | O29: S3aH3 | P29: 0.0026991027 | Q29: IMPNRGZ | S29: elc_wof-GRC_0100 | T29: S3aH3 | U29: 0.0026616347 | V29: IMPNRGZ | X29: 0.0070776256 | Y29: 0.011817451 | Z29: S3aH3 | AA29: elc_roadtransport | AC29: elc_buildings | AD29: S3aH3 | AE29: 0.0085339431 | AG29: ELC | AH29: S3aH3 | AI29: 0.10767459
I30: elc_spv-GRC_0000 | J30: S3aH4 | K30: 0.017142387 | L30: IMPNRGZ | N30: elc_won-GRC_0000 | O30: S3aH4 | P30: 0.002378776 | Q30: IMPNRGZ | S30: elc_wof-GRC_0100 | T30: S3aH4 | U30: 0.0025241236 | V30: IMPNRGZ | X30: 0.0070776256 | Y30: 0.0090429191 | Z30: S3aH4 | AA30: elc_roadtransport | AC30: elc_buildings | AD30: S3aH4 | AE30: 0.0092304155 | AG30: ELC | AH30: S3aH4 | AI30: 0.11816592
... I58: elc_spv-GRC_0000 | J58: S6aH8 | K58: 0 | L58: IMPNRGZ | N58: elc_won-GRC_0000 | O58: S6aH8 | P58: 0.01455759 | Q58: IMPNRGZ | S58: elc_wof-GRC_0100 | T58: S6aH8 | U58: 0.013857223 | V58: IMPNRGZ | X58: 0.021232877 | Y58: 0.018702401 | Z58: S6aH8 | AA58: elc_roadtransport | AC58: elc_buildings | AD58: S6aH8 | AE58: 0.024152976 | AG58: ELC | AH58: S6aH8 | AI58: 0.22842539
I59: elc_spv-GRC_0001 | J59: S1aH1 | K59: 0 | L59: IMPNRGZ | N59: elc_won-GRC_0001 | O59: S1aH1 | P59: 0.08643206 | Q59: IMPNRGZ | S59: elc_wof-GRC_0104 | T59: S1aH1 | U59: 0.08261428 | V59: IMPNRGZ | AC59: elc_industry | AD59: S1aH1 | AE59: 0.060521898
I60: elc_spv-GRC_0001 | J60: S1aH2 | K60: 0 | L60: IMPNRGZ | N60: elc_won-GRC_0001 | O60: S1aH2 | P60: 0.013513256 | Q60: IMPNRGZ | S60: elc_wof-GRC_0104 | T60: S1aH2 | U60: 0.013354663 | V60: IMPNRGZ | AC60: elc_industry | AD60: S1aH2 | AE60: 0.010278908
I61: elc_spv-GRC_0001 | J61: S1aH3 | K61: 0.0026659565 | L61: IMPNRGZ | N61: elc_won-GRC_0001 | O61: S1aH3 | P61: 0.013283653 | Q61: IMPNRGZ | S61: elc_wof-GRC_0104 | T61: S1aH3 | U61: 0.013122055 | V61: IMPNRGZ | AC61: elc_industry | AD61: S1aH3 | AE61: 0.010346728
I62: elc_spv-GRC_0001 | J62: S1aH4 | K62: 0.0095814038 | L62: IMPNRGZ | N62: elc_won-GRC_0001 | O62: S1aH4 | P62: 0.013030852 | Q62: IMPNRGZ | S62: elc_wof-GRC_0104 | T62: S1aH4 | U62: 0.013032511 | V62: IMPNRGZ | AC62: elc_industry | AD62: S1aH4 | AE62: 0.010351685
I63: elc_spv-GRC_0001 | J63: S1aH5 | K63: 0.13310907 | L63: IMPNRGZ | N63: elc_won-GRC_0001 | O63: S1aH5 | P63: 0.10545705 | Q63: IMPNRGZ | S63: elc_wof-GRC_0104 | T63: S1aH5 | U63: 0.094492305 | V63: IMPNRGZ | AC63: elc_industry | AD63: S1aH5 | AE63: 0.072454421
I64: elc_spv-GRC_0001 | J64: S1aH6 | K64: 0.01539652 | L64: IMPNRGZ | N64: elc_won-GRC_0001 | O64: S1aH6 | P64: 0.01672673 | Q64: IMPNRGZ | S64: elc_wof-GRC_0104 | T64: S1aH6 | U64: 0.013583649 | V64: IMPNRGZ | AC64: elc_industry | AD64: S1aH6 | AE64: 0.010430655
I65: elc_spv-GRC_0001 | J65: S1aH7 | K65: 0.0088559169 | L65: IMPNRGZ | N65: elc_won-GRC_0001 | O65: S1aH7 | P65: 0.016925141 | Q65: IMPNRGZ | S65: elc_wof-GRC_0104 | T65: S1aH7 | U65: 0.013436943 | V65: IMPNRGZ | AC65: elc_industry | AD65: S1aH7 | AE65: 0.010464869
I66: elc_spv-GRC_0001 | J66: S1aH8 | K66: 0.0022631191 | L66: IMPNRGZ | N66: elc_won-GRC_0001 | O66: S1aH8 | P66: 0.10112397 | Q66: IMPNRGZ | S66: elc_wof-GRC_0104 | T66: S1aH8 | U66: 0.082006266 | V66: IMPNRGZ | AC66: elc_industry | AD66: S1aH8 | AE66: 0.061804396
I67: elc_spv-GRC_0001 | J67: S2aH1 | K67: 0.0024809564 | L67: IMPNRGZ | N67: elc_won-GRC_0001 | O67: S2aH1 | P67: 0.048827775 | Q67: IMPNRGZ | S67: elc_wof-GRC_0104 | T67: S2aH1 | U67: 0.059446275 | V67: IMPNRGZ | AC67: elc_industry | AD67: S2aH1 | AE67: 0.061275046
I68: elc_spv-GRC_0001 | J68: S2aH2 | K68: 0.010412676 | L68: IMPNRGZ | N68: elc_won-GRC_0001 | O68: S2aH2 | P68: 0.0075192675 | Q68: IMPNRGZ | S68: elc_wof-GRC_0104 | T68: S2aH2 | U68: 0.0093013899 | V68: IMPNRGZ | AC68: elc_industry | AD68: S2aH2 | AE68: 0.010388621
I69: elc_spv-GRC_0001 | J69: S2aH3 | K69: 0.018389042 | L69: IMPNRGZ | N69: elc_won-GRC_0001 | O69: S2aH3 | P69: 0.0072195498 | Q69: IMPNRGZ | S69: elc_wof-GRC_0104 | T69: S2aH3 | U69: 0.009329809 | V69: IMPNRGZ | AC69: elc_industry | AD69: S2aH3 | AE69: 0.010438654
I70: elc_spv-GRC_0001 | J70: S2aH4 | K70: 0.024581326 | L70: IMPNRGZ | N70: elc_won-GRC_0001 | O70: S2aH4 | P70: 0.0069671891 | Q70: IMPNRGZ | S70: elc_wof-GRC_0104 | T70: S2aH4 | U70: 0.0094831788 | V70: IMPNRGZ | AC70: elc_industry | AD70: S2aH4 | AE70: 0.010474367
... I106: elc_spv-GRC_0001 | J106: S6aH8 | K106: 0 | L106: IMPNRGZ | N106: elc_won-GRC_0001 | O106: S6aH8 | P106: 0.012239475 | Q106: IMPNRGZ | S106: elc_wof-GRC_0104 | T106: S6aH8 | U106: 0.019010421 | V106: IMPNRGZ | AC106: elc_industry | AD106: S6aH8 | AE106: 0.021276139
I107: elc_spv-GRC_0010 | J107: S1aH1 | K107: 0 | L107: IMPNRGZ | N107: elc_won-GRC_0010 | O107: S1aH1 | P107: 0.093363176 | Q107: IMPNRGZ | S107: elc_wof-GRC_0105 | T107: S1aH1 | U107: 0.08269015 | V107: IMPNRGZ
I108: elc_spv-GRC_0010 | J108: S1aH2 | K108: 0 | L108: IMPNRGZ | N108: elc_won-GRC_0010 | O108: S1aH2 | P108: 0.015297128 | Q108: IMPNRGZ | S108: elc_wof-GRC_0105 | T108: S1aH2 | U108: 0.013244464 | V108: IMPNRGZ
I109: elc_spv-GRC_0010 | J109: S1aH3 | K109: 0.0038628298 | L109: IMPNRGZ | N109: elc_won-GRC_0010 | O109: S1aH3 | P109: 0.015013464 | Q109: IMPNRGZ | S109: elc_wof-GRC_0105 | T109: S1aH3 | U109: 0.013229856 | V109: IMPNRGZ
I110: elc_spv-GRC_0010 | J110: S1aH4 | K110: 0.011664204 | L110: IMPNRGZ | N110: elc_won-GRC_0010 | O110: S1aH4 | P110: 0.014741805 | Q110: IMPNRGZ | S110: elc_wof-GRC_0105 | T110: S1aH4 | U110: 0.013240378 | V110: IMPNRGZ
I111: elc_spv-GRC_0010 | J111: S1aH5 | K111: 0.14305703 | L111: IMPNRGZ | N111: elc_won-GRC_0010 | O111: S1aH5 | P111: 0.1029213 | Q111: IMPNRGZ | S111: elc_wof-GRC_0105 | T111: S1aH5 | U111: 0.097170854 | V111: IMPNRGZ
I112: elc_spv-GRC_0010 | J112: S1aH6 | K112: 0.015421131 | L112: IMPNRGZ | N112: elc_won-GRC_0010 | O112: S1aH6 | P112: 0.01554067 | Q112: IMPNRGZ | S112: elc_wof-GRC_0105 | T112: S1aH6 | U112: 0.01417699 | V112: IMPNRGZ
I113: elc_spv-GRC_0010 | J113: S1aH7 | K113: 0.0091184638 | L113: IMPNRGZ | N113: elc_won-GRC_0010 | O113: S1aH7 | P113: 0.015823444 | Q113: IMPNRGZ | S113: elc_wof-GRC_0105 | T113: S1aH7 | U113: 0.014210644 | V113: IMPNRGZ
I114: elc_spv-GRC_0010 | J114: S1aH8 | K114: 0.0019687681 | L114: IMPNRGZ | N114: elc_won-GRC_0010 | O114: S1aH8 | P114: 0.092552963 | Q114: IMPNRGZ | S114: elc_wof-GRC_0105 | T114: S1aH8 | U114: 0.081765466 | V114: IMPNRGZ
I115: elc_spv-GRC_0010 | J115: S2aH1 | K115: 0.0024956788 | L115: IMPNRGZ | N115: elc_won-GRC_0010 | O115: S2aH1 | P115: 0.044406784 | Q115: IMPNRGZ | S115: elc_wof-GRC_0105 | T115: S2aH1 | U115: 0.056761448 | V115: IMPNRGZ
I116: elc_spv-GRC_0010 | J116: S2aH2 | K116: 0.01050848 | L116: IMPNRGZ | N116: elc_won-GRC_0010 | O116: S2aH2 | P116: 0.0068633911 | Q116: IMPNRGZ | S116: elc_wof-GRC_0105 | T116: S2aH2 | U116: 0.0093594719 | V116: IMPNRGZ
I117: elc_spv-GRC_0010 | J117: S2aH3 | K117: 0.018499581 | L117: IMPNRGZ | N117: elc_won-GRC_0010 | O117: S2aH3 | P117: 0.0065104612 | Q117: IMPNRGZ | S117: elc_wof-GRC_0105 | T117: S2aH3 | U117: 0.0094856005 | V117: IMPNRGZ
I118: elc_spv-GRC_0010 | J118: S2aH4 | K118: 0.024450564 | L118: IMPNRGZ | N118: elc_won-GRC_0010 | O118: S2aH4 | P118: 0.0063448328 | Q118: IMPNRGZ | S118: elc_wof-GRC_0105 | T118: S2aH4 | U118: 0.0096188114 | V118: IMPNRGZ
... I6346: elc_spv-GRC_0099 | J6346: S6aH8 | K6346: 0 | L6346: IMPNRGZ | N6346: elc_won-GRC_0087 | O6346: S6aH8 | P6346: 0.031645322 | Q6346: IMPNRGZ | S6346: elc_wof-GRC_0051 | T6346: S6aH8 | U6346: 0.015767963 | V6346: IMPNRGZ
N6347: elc_won-GRC_0088 | O6347: S1aH1 | P6347: 0.082168937 | Q6347: IMPNRGZ | S6347: elc_wof-GRC_0052 | T6347: S1aH1 | U6347: 0.098736219 | V6347: IMPNRGZ
N6348: elc_won-GRC_0088 | O6348: S1aH2 | P6348: 0.015379609 | Q6348: IMPNRGZ | S6348: elc_wof-GRC_0052 | T6348: S1aH2 | U6348: 0.015979928 | V6348: IMPNRGZ
N6349: elc_won-GRC_0088 | O6349: S1aH3 | P6349: 0.014954297 | Q6349: IMPNRGZ | S6349: elc_wof-GRC_0052 | T6349: S1aH3 | U6349: 0.015712424 | V6349: IMPNRGZ
N6350: elc_won-GRC_0088 | O6350: S1aH4 | P6350: 0.015277743 | Q6350: IMPNRGZ | S6350: elc_wof-GRC_0052 | T6350: S1aH4 | U6350: 0.015372279 | V6350: IMPNRGZ
N6351: elc_won-GRC_0088 | O6351: S1aH5 | P6351: 0.14096002 | Q6351: IMPNRGZ | S6351: elc_wof-GRC_0052 | T6351: S1aH5 | U6351: 0.11119549 | V6351: IMPNRGZ
N6352: elc_won-GRC_0088 | O6352: S1aH6 | P6352: 0.021621179 | Q6352: IMPNRGZ | S6352: elc_wof-GRC_0052 | T6352: S1aH6 | U6352: 0.016629106 | V6352: IMPNRGZ
N6353: elc_won-GRC_0088 | O6353: S1aH7 | P6353: 0.019701791 | Q6353: IMPNRGZ | S6353: elc_wof-GRC_0052 | T6353: S1aH7 | U6353: 0.016729317 | V6353: IMPNRGZ
N6354: elc_won-GRC_0088 | O6354: S1aH8 | P6354: 0.1044433 | Q6354: IMPNRGZ | S6354: elc_wof-GRC_0052 | T6354: S1aH8 | U6354: 0.098722076 | V6354: IMPNRGZ
N6355: elc_won-GRC_0088 | O6355: S2aH1 | P6355: 0.037824494 | Q6355: IMPNRGZ | S6355: elc_wof-GRC_0052 | T6355: S2aH1 | U6355: 0.045971314 | V6355: IMPNRGZ
N6356: elc_won-GRC_0088 | O6356: S2aH2 | P6356: 0.0053148928 | Q6356: IMPNRGZ | S6356: elc_wof-GRC_0052 | T6356: S2aH2 | U6356: 0.0070879351 | V6356: IMPNRGZ
N6357: elc_won-GRC_0088 | O6357: S2aH3 | P6357: 0.0038154426 | Q6357: IMPNRGZ | S6357: elc_wof-GRC_0052 | T6357: S2aH3 | U6357: 0.0068773251 | V6357: IMPNRGZ
N6358: elc_won-GRC_0088 | O6358: S2aH4 | P6358: 0.0038080014 | Q6358: IMPNRGZ | S6358: elc_wof-GRC_0052 | T6358: S2aH4 | U6358: 0.0067526759 | V6358: IMPNRGZ
... N6874: elc_won-GRC_0099 | O6874: S6aH8 | P6874: 0.026075473 | Q6874: IMPNRGZ | S6874: elc_wof-GRC_0072 | T6874: S6aH8 | U6874: 0.013145706 | V6874: IMPNRGZ
S6875: elc_wof-GRC_0073 | T6875: S1aH1 | U6875: 0.10051827 | V6875: IMPNRGZ
S6876: elc_wof-GRC_0073 | T6876: S1aH2 | U6876: 0.016943101 | V6876: IMPNRGZ
S6877: elc_wof-GRC_0073 | T6877: S1aH3 | U6877: 0.017117527 | V6877: IMPNRGZ
S6878: elc_wof-GRC_0073 | T6878: S1aH4 | U6878: 0.016764434 | V6878: IMPNRGZ
S6879: elc_wof-GRC_0073 | T6879: S1aH5 | U6879: 0.14892976 | V6879: IMPNRGZ
S6880: elc_wof-GRC_0073 | T6880: S1aH6 | U6880: 0.019167723 | V6880: IMPNRGZ
S6881: elc_wof-GRC_0073 | T6881: S1aH7 | U6881: 0.017648649 | V6881: IMPNRGZ
S6882: elc_wof-GRC_0073 | T6882: S1aH8 | U6882: 0.097269586 | V6882: IMPNRGZ
S6883: elc_wof-GRC_0073 | T6883: S2aH1 | U6883: 0.032096173 | V6883: IMPNRGZ
S6884: elc_wof-GRC_0073 | T6884: S2aH2 | U6884: 0.0049120098 | V6884: IMPNRGZ
S6885: elc_wof-GRC_0073 | T6885: S2aH3 | U6885: 0.0049460618 | V6885: IMPNRGZ
S6886: elc_wof-GRC_0073 | T6886: S2aH4 | U6886: 0.0056532243 | V6886: IMPNRGZ
... S7498: elc_wof-GRC_0099 | T7498: S6aH8 | U7498: 0.01651214 | V7498: IMPNRGZ

Sheet s1_d
C9: =IF(A11="x","DeActivated","~TimeSlices") -> DeActivated | I9: =IF(A11="x","DeActivated","~TFM_DINS-AT") -> DeActivated | N9: =IF(A11="x","DeActivated","~TFM_DINS-AT") -> DeActivated | S9: =IF(A11="x","DeActivated","~TFM_DINS-AT") -> DeActivated | X9: =IF(A11="x","DeActivated","~TFM_DINS-AT") -> DeActivated | AC9: =IF(A11="x","DeActivated","~TFM_DINS-AT") -> DeActivated | AG9: =IF(A11="x","DeActivated","~TFM_DINS-AT") -> DeActivated | AK9: =IF(A11="x","DeActivated","~TFM_INS-AT") -> DeActivated
A10: s1_d | C10: season | D10: weekly | E10: daynite | F10: wparent | G10: dparent | I10: commodity | J10: timeslice | K10: com_fr | L10: process | N10: commodity | O10: timeslice | P10: com_fr | Q10: process | S10: commodity | T10: timeslice | U10: com_fr | V10: process | X10: g_yrfr | Y10: com_fr | Z10: timeslice | AA10: commodity | AC10: commodity | AD10: timeslice | AE10: com_fr | AG10: commodity | AH10: timeslice | AI10: com_pkflx | AK10: timeslice | AL10: ncap_afs | AM10: pset_ci
A11: =IFERROR(IF(Veda!D5=A10,"ok","x"),"") -> x | C11: S1 | D11: a | E11: 1119h01 | F11: S1,S2,S3,S4 | G11: b | I11: elc_spv-GRC_0000 | J11: S1aH1 | K11: 0.0024139239 | L11: IMPNRGZ | N11: elc_won-GRC_0000 | O11: S1aH1 | P11: 0.14054506 | Q11: IMPNRGZ | S11: elc_wof-GRC_0100 | T11: S1aH1 | U11: 0.14320032 | V11: IMPNRGZ | X11: 0.1239726 | Y11: 0.026519487 | Z11: S1aH1 | AA11: elc_roadtransport | AC11: elc_buildings | AD11: S1aH1 | AE11: 0.09347113 | AG11: ELC | AH11: S1aH1 | AI11: 0.38767808 | AK11: S1 | AL11: 0.62522727 | AM11: hydro
C12: S2 | D12: b | E12: 1119h02 | F12: S3 | G12: b | I12: elc_spv-GRC_0000 | J12: S1aH2 | K12: 0.010416959 | L12: IMPNRGZ | N12: elc_won-GRC_0000 | O12: S1aH2 | P12: 0.022296913 | Q12: IMPNRGZ | S12: elc_wof-GRC_0100 | T12: S1aH2 | U12: 0.023243127 | V12: IMPNRGZ | X12: 0.0206621 | Y12: 0.030599408 | Z12: S1aH2 | AA12: elc_roadtransport | AC12: elc_buildings | AD12: S1aH2 | AE12: 0.020414058 | AG12: ELC | AH12: S1aH2 | AI12: 0.21967487 | AK12: S3 | AL12: 0.22329545 | AM12: hydro
C13: S3 | E13: 1119h03 | G13: b | I13: elc_spv-GRC_0000 | J13: S1aH3 | K13: 0.021408687 | L13: IMPNRGZ | N13: elc_won-GRC_0000 | O13: S1aH3 | P13: 0.021760632 | Q13: IMPNRGZ | S13: elc_wof-GRC_0100 | T13: S1aH3 | U13: 0.022087119 | V13: IMPNRGZ | X13: 0.0206621 | Y13: 0.034499333 | Z13: S1aH3 | AA13: elc_roadtransport | AC13: elc_buildings | AD13: S1aH3 | AE13: 0.021962482 | AG13: ELC | AH13: S1aH3 | AI13: 0.21300976 | AK13: S4 | AL13: 0.10295455 | AM13: hydro
C14: S4 | E14: 1119h04 | G14: b | I14: elc_spv-GRC_0000 | J14: S1aH4 | K14: 0.03458057 | L14: IMPNRGZ | N14: elc_won-GRC_0000 | O14: S1aH4 | P14: 0.02126073 | Q14: IMPNRGZ | S14: elc_wof-GRC_0100 | T14: S1aH4 | U14: 0.021261114 | V14: IMPNRGZ | X14: 0.0206621 | Y14: 0.02639949 | Z14: S1aH4 | AA14: elc_roadtransport | AC14: elc_buildings | AD14: S1aH4 | AE14: 0.022496841 | AG14: ELC | AH14: S1aH4 | AI14: 0.2046286 | AK14: S2 | AL14: 0.24852273 | AM14: hydro
E15: 1119h05 | G15: b | I15: elc_spv-GRC_0000 | J15: S1aH5 | K15: 0.35639327 | L15: IMPNRGZ | N15: elc_won-GRC_0000 | O15: S1aH5 | P15: 0.16448629 | Q15: IMPNRGZ | S15: elc_wof-GRC_0100 | T15: S1aH5 | U15: 0.18058271 | V15: IMPNRGZ | X15: 0.1446347 | Y15: 0.18827636 | Z15: S1aH5 | AA15: elc_roadtransport | AC15: elc_buildings | AD15: S1aH5 | AE15: 0.15970551 | AG15: ELC | AH15: S1aH5 | AI15: 0.2908656
E16: 1119h06 | G16: b | I16: elc_spv-GRC_0000 | J16: S1aH6 | K16: 0.041941006 | L16: IMPNRGZ | N16: elc_won-GRC_0000 | O16: S1aH6 | P16: 0.027404187 | Q16: IMPNRGZ | S16: elc_wof-GRC_0100 | T16: S1aH6 | U16: 0.030690511 | V16: IMPNRGZ | X16: 0.0206621 | Y16: 0.040199223 | Z16: S1aH6 | AA16: elc_roadtransport | AC16: elc_buildings | AD16: S1aH6 | AE16: 0.023906176 | AG16: ELC | AH16: S1aH6 | AI16: 0.25480609
E17: 1119h07 | G17: b | I17: elc_spv-GRC_0000 | J17: S1aH7 | K17: 0.030197591 | L17: IMPNRGZ | N17: elc_won-GRC_0000 | O17: S1aH7 | P17: 0.027650388 | Q17: IMPNRGZ | S17: elc_wof-GRC_0100 | T17: S1aH7 | U17: 0.029928623 | V17: IMPNRGZ | X17: 0.0206621 | Y17: 0.040199223 | Z17: S1aH7 | AA17: elc_roadtransport | AC17: elc_buildings | AD17: S1aH7 | AE17: 0.024143872 | AG17: ELC | AH17: S1aH7 | AI17: 0.24968173
E18: 1119h08 | G18: b | I18: elc_spv-GRC_0000 | J18: S1aH8 | K18: 0.015748242 | L18: IMPNRGZ | N18: elc_won-GRC_0000 | O18: S1aH8 | P18: 0.027665653 | Q18: IMPNRGZ | S18: elc_wof-GRC_0100 | T18: S1aH8 | U18: 0.029174774 | V18: IMPNRGZ | X18: 0.0206621 | Y18: 0.031199397 | Z18: S1aH8 | AA18: elc_roadtransport | AC18: elc_buildings | AD18: S1aH8 | AE18: 0.023909565 | AG18: ELC | AH18: S1aH8 | AI18: 0.21345946
E19: 1119h09 | G19: b | I19: elc_spv-GRC_0000 | J19: S1aH9 | K19: 0.0039976088 | L19: IMPNRGZ | N19: elc_won-GRC_0000 | O19: S1aH9 | P19: 0.13476782 | Q19: IMPNRGZ | S19: elc_wof-GRC_0100 | T19: S1aH9 | U19: 0.13267113 | V19: IMPNRGZ | X19: 0.1033105 | Y19: 0.077998492 | Z19: S1aH9 | AA19: elc_roadtransport | AC19: elc_buildings | AD19: S1aH9 | AE19: 0.097386325 | AG19: ELC | AH19: S1aH9 | AI19: 0.35313463
E20: 1119h10 | G20: b | I20: elc_spv-GRC_0000 | J20: S2aH1 | K20: 0.00025328159 | L20: IMPNRGZ | N20: elc_won-GRC_0000 | O20: S2aH1 | P20: 0.028841789 | Q20: IMPNRGZ | S20: elc_wof-GRC_0100 | T20: S2aH1 | U20: 0.018894905 | V20: IMPNRGZ | X20: 0.042465753 | Y20: 0.0090840232 | Z20: S2aH1 | AA20: elc_roadtransport | AC20: elc_buildings | AD20: S2aH1 | AE20: 0.035450834 | AG20: ELC | AH20: S2aH1 | AI20: 0.25039166
E21: 1119h11 | G21: b | I21: elc_spv-GRC_0000 | J21: S2aH2 | K21: 0.007507175 | L21: IMPNRGZ | N21: elc_won-GRC_0000 | O21: S2aH2 | P21: 0.0031452431 | Q21: IMPNRGZ | S21: elc_wof-GRC_0100 | T21: S2aH2 | U21: 0.0027019939 | V21: IMPNRGZ | X21: 0.0070776256 | Y21: 0.010481565 | Z21: S2aH2 | AA21: elc_roadtransport | AC21: elc_buildings | AD21: S2aH2 | AE21: 0.0079797433 | AG21: ELC | AH21: S2aH2 | AI21: 0.097551035
E22: 1119h12 | G22: b | I22: elc_spv-GRC_0000 | J22: S2aH3 | K22: 0.013194827 | L22: IMPNRGZ | N22: elc_won-GRC_0000 | O22: S2aH3 | P22: 0.0026991027 | Q22: IMPNRGZ | S22: elc_wof-GRC_0100 | T22: S2aH3 | U22: 0.0026616347 | V22: IMPNRGZ | X22: 0.0070776256 | Y22: 0.011817451 | Z22: S2aH3 | AA22: elc_roadtransport | AC22: elc_buildings | AD22: S2aH3 | AE22: 0.0085339431 | AG22: ELC | AH22: S2aH3 | AI22: 0.10767459
E23: 1119h13 | G23: b | I23: elc_spv-GRC_0000 | J23: S2aH4 | K23: 0.017142387 | L23: IMPNRGZ | N23: elc_won-GRC_0000 | O23: S2aH4 | P23: 0.002378776 | Q23: IMPNRGZ | S23: elc_wof-GRC_0100 | T23: S2aH4 | U23: 0.0025241236 | V23: IMPNRGZ | X23: 0.0070776256 | Y23: 0.0090429191 | Z23: S2aH4 | AA23: elc_roadtransport | AC23: elc_buildings | AD23: S2aH4 | AE23: 0.0092304155 | AG23: ELC | AH23: S2aH4 | AI23: 0.11816592
E24: 1119h14 | G24: b | I24: elc_spv-GRC_0000 | J24: S2aH5 | K24: 0.14942084 | L24: IMPNRGZ | N24: elc_won-GRC_0000 | O24: S2aH5 | P24: 0.029771878 | Q24: IMPNRGZ | S24: elc_wof-GRC_0100 | T24: S2aH5 | U24: 0.021402144 | V24: IMPNRGZ | X24: 0.049543379 | Y24: 0.064492455 | Z24: S2aH5 | AA24: elc_roadtransport | AC24: elc_buildings | AD24: S2aH5 | AE24: 0.067386002 | AG24: ELC | AH24: S2aH5 | AI24: 0.14057688
E25: 1119h15 | G25: b | I25: elc_spv-GRC_0000 | J25: S2aH6 | K25: 0.018466543 | L25: IMPNRGZ | N25: elc_won-GRC_0000 | O25: S2aH6 | P25: 0.0087276979 | Q25: IMPNRGZ | S25: elc_wof-GRC_0100 | T25: S2aH6 | U25: 0.0074954657 | V25: IMPNRGZ | X25: 0.0070776256 | Y25: 0.013769899 | Z25: S2aH6 | AA25: elc_roadtransport | AC25: elc_buildings | AD25: S2aH6 | AE25: 0.0094314908 | AG25: ELC | AH25: S2aH6 | AI25: 0.099493044
E26: 1119h16 | G26: b | I26: elc_spv-GRC_0000 | J26: S2aH7 | K26: 0.015230579 | L26: IMPNRGZ | N26: elc_won-GRC_0000 | O26: S2aH7 | P26: 0.0092091822 | Q26: IMPNRGZ | S26: elc_wof-GRC_0100 | T26: S2aH7 | U26: 0.0067765433 | V26: IMPNRGZ | X26: 0.0070776256 | Y26: 0.013769899 | Z26: S2aH7 | AA26: elc_roadtransport | AC26: elc_buildings | AD26: S2aH7 | AE26: 0.0089399756 | AG26: ELC | AH26: S2aH7 | AI26: 0.091192684
... E43: H9 | G43: a | I43: elc_spv-GRC_0000 | J43: S3b1119h06 | K43: 0 | L43: IMPNRGZ | N43: elc_won-GRC_0000 | O43: S3b1119h06 | P43: 0.00034500206 | Q43: IMPNRGZ | S43: elc_wof-GRC_0100 | T43: S3b1119h06 | U43: 4.4453798e-05 | V43: IMPNRGZ | X43: 0.00011415525 | Y43: 5.7678443e-05 | Z43: S3b1119h06 | AA43: elc_roadtransport | AC43: elc_buildings | AD43: S3b1119h06 | AE43: 9.4559021e-05 | AG43: ELC | AH43: S3b1119h06 | AI43: 0
I44: elc_spv-GRC_0000 | J44: S3b1119h07 | K44: 0 | L44: IMPNRGZ | N44: elc_won-GRC_0000 | O44: S3b1119h07 | P44: 0.00034225349 | Q44: IMPNRGZ | S44: elc_wof-GRC_0100 | T44: S3b1119h07 | U44: 5.258067e-05 | V44: IMPNRGZ | X44: 0.00011415525 | Y44: 0.0001690575 | Z44: S3b1119h07 | AA44: elc_roadtransport | AC44: elc_buildings | AD44: S3b1119h07 | AE44: 0.00010542407 | AG44: ELC | AH44: S3b1119h07 | AI44: 0
I45: elc_spv-GRC_0000 | J45: S3b1119h08 | K45: 0 | L45: IMPNRGZ | N45: elc_won-GRC_0000 | O45: S3b1119h08 | P45: 0.00033987375 | Q45: IMPNRGZ | S45: elc_wof-GRC_0100 | T45: S3b1119h08 | U45: 5.2508378e-05 | V45: IMPNRGZ | X45: 0.00011415525 | Y45: 0.00019060405 | Z45: S3b1119h08 | AA45: elc_roadtransport | AC45: elc_buildings | AD45: S3b1119h08 | AE45: 0.00011848678 | AG45: ELC | AH45: S3b1119h08 | AI45: 0
I46: elc_spv-GRC_0000 | J46: S3b1119h09 | K46: 3.8547672e-05 | L46: IMPNRGZ | N46: elc_won-GRC_0000 | O46: S3b1119h09 | P46: 0.0003393819 | Q46: IMPNRGZ | S46: elc_wof-GRC_0100 | T46: S3b1119h09 | U46: 5.9199275e-05 | V46: IMPNRGZ | X46: 0.00011415525 | Y46: 0.00014585353 | Z46: S3b1119h09 | AA46: elc_roadtransport | AC46: elc_buildings | AD46: S3b1119h09 | AE46: 0.00011826085 | AG46: ELC | AH46: S3b1119h09 | AI46: 0
I47: elc_spv-GRC_0000 | J47: S3b1119h10 | K47: 7.3183618e-05 | L47: IMPNRGZ | N47: elc_won-GRC_0000 | O47: S3b1119h10 | P47: 0.00034255646 | Q47: IMPNRGZ | S47: elc_wof-GRC_0100 | T47: S3b1119h10 | U47: 6.7783714e-05 | V47: IMPNRGZ | X47: 0.00011415525 | Y47: 0.00014452759 | Z47: S3b1119h10 | AA47: elc_roadtransport | AC47: elc_buildings | AD47: S3b1119h10 | AE47: 0.00011830193 | AG47: ELC | AH47: S3b1119h10 | AI47: 0
I48: elc_spv-GRC_0000 | J48: S3b1119h11 | K48: 0.00010229881 | L48: IMPNRGZ | N48: elc_won-GRC_0000 | O48: S3b1119h11 | P48: 0.00034648886 | Q48: IMPNRGZ | S48: elc_wof-GRC_0100 | T48: S3b1119h11 | U48: 9.5246308e-05 | V48: IMPNRGZ | X48: 0.00011415525 | Y48: 0.00014088125 | Z48: S3b1119h11 | AA48: elc_roadtransport | AC48: elc_buildings | AD48: S3b1119h11 | AE48: 0.00011598104 | AG48: ELC | AH48: S3b1119h11 | AI48: 0
I49: elc_spv-GRC_0000 | J49: S3b1119h12 | K49: 0.00013909417 | L49: IMPNRGZ | N49: elc_won-GRC_0000 | O49: S3b1119h12 | P49: 0.00034754721 | Q49: IMPNRGZ | S49: elc_wof-GRC_0100 | T49: S3b1119h12 | U49: 6.5187242e-05 | V49: IMPNRGZ | X49: 0.00011415525 | Y49: 0.00014054977 | Z49: S3b1119h12 | AA49: elc_roadtransport | AC49: elc_buildings | AD49: S3b1119h12 | AE49: 0.00011468709 | AG49: ELC | AH49: S3b1119h12 | AI49: 0
I50: elc_spv-GRC_0000 | J50: S3b1119h13 | K50: 0.00012349763 | L50: IMPNRGZ | N50: elc_won-GRC_0000 | O50: S3b1119h13 | P50: 0.00034754721 | Q50: IMPNRGZ | S50: elc_wof-GRC_0100 | T50: S3b1119h13 | U50: 9.1575574e-05 | V50: IMPNRGZ | X50: 0.00011415525 | Y50: 0.00014253868 | Z50: S3b1119h13 | AA50: elc_roadtransport | AC50: elc_buildings | AD50: S3b1119h13 | AE50: 0.00011423524 | AG50: ELC | AH50: S3b1119h13 | AI50: 0
I51: elc_spv-GRC_0000 | J51: S3b1119h14 | K51: 0.0001470007 | L51: IMPNRGZ | N51: elc_won-GRC_0000 | O51: S3b1119h14 | P51: 0.00034754721 | Q51: IMPNRGZ | S51: elc_wof-GRC_0100 | T51: S3b1119h14 | U51: 0.00012999059 | V51: IMPNRGZ | X51: 0.00011415525 | Y51: 0.0001488369 | Z51: S3b1119h14 | AA51: elc_roadtransport | AC51: elc_buildings | AD51: S3b1119h14 | AE51: 0.00011409147 | AG51: ELC | AH51: S3b1119h14 | AI51: 0
I52: elc_spv-GRC_0000 | J52: S3b1119h15 | K52: 9.1045075e-05 | L52: IMPNRGZ | N52: elc_won-GRC_0000 | O52: S3b1119h15 | P52: 0.00034754721 | Q52: IMPNRGZ | S52: elc_wof-GRC_0100 | T52: S3b1119h15 | U52: 0.0001707517 | V52: IMPNRGZ | X52: 0.00011415525 | Y52: 0.00015049433 | Z52: S3b1119h15 | AA52: elc_roadtransport | AC52: elc_buildings | AD52: S3b1119h15 | AE52: 0.00011653559 | AG52: ELC | AH52: S3b1119h15 | AI52: 0
I53: elc_spv-GRC_0000 | J53: S3b1119h16 | K53: 5.7864959e-05 | L53: IMPNRGZ | N53: elc_won-GRC_0000 | O53: S3b1119h16 | P53: 0.00034754721 | Q53: IMPNRGZ | S53: elc_wof-GRC_0100 | T53: S3b1119h16 | U53: 0.00016906711 | V53: IMPNRGZ | X53: 0.00011415525 | Y53: 0.00017237236 | Z53: S3b1119h16 | AA53: elc_roadtransport | AC53: elc_buildings | AD53: S3b1119h16 | AE53: 0.00012088983 | AG53: ELC | AH53: S3b1119h16 | AI53: 0
I54: elc_spv-GRC_0000 | J54: S3b1119h17 | K54: 4.6372217e-05 | L54: IMPNRGZ | N54: elc_won-GRC_0000 | O54: S3b1119h17 | P54: 0.00034754721 | Q54: IMPNRGZ | S54: elc_wof-GRC_0100 | T54: S3b1119h17 | U54: 0.00016569982 | V54: IMPNRGZ | X54: 0.00011415525 | Y54: 0.00022209515 | Z54: S3b1119h17 | AA54: elc_roadtransport | AC54: elc_buildings | AD54: S3b1119h17 | AE54: 0.00012349826 | AG54: ELC | AH54: S3b1119h17 | AI54: 0
I55: elc_spv-GRC_0000 | J55: S3b1119h18 | K55: 0 | L55: IMPNRGZ | N55: elc_won-GRC_0000 | O55: S3b1119h18 | P55: 0.00034754721 | Q55: IMPNRGZ | S55: elc_wof-GRC_0100 | T55: S3b1119h18 | U55: 0.00017807734 | V55: IMPNRGZ | X55: 0.00011415525 | Y55: 0.00022209515 | Z55: S3b1119h18 | AA55: elc_roadtransport | AC55: elc_buildings | AD55: S3b1119h18 | AE55: 0.00012540837 | AG55: ELC | AH55: S3b1119h18 | AI55: 0
... I70: elc_spv-GRC_0000 | J70: S4aH9 | K70: 0 | L70: IMPNRGZ | N70: elc_won-GRC_0000 | O70: S4aH9 | P70: 0.011857563 | Q70: IMPNRGZ | S70: elc_wof-GRC_0100 | T70: S4aH9 | U70: 0.010888513 | V70: IMPNRGZ | X70: 0.017694064 | Y70: 0.013358858 | Z70: S4aH9 | AA70: elc_roadtransport | AC70: elc_buildings | AD70: S4aH9 | AE70: 0.019354083 | AG70: ELC | AH70: S4aH9 | AI70: 0.2046589
I71: elc_spv-GRC_0001 | J71: S1aH1 | K71: 0.0024809564 | L71: IMPNRGZ | N71: elc_won-GRC_0001 | O71: S1aH1 | P71: 0.13525984 | Q71: IMPNRGZ | S71: elc_wof-GRC_0104 | T71: S1aH1 | U71: 0.14206056 | V71: IMPNRGZ | AC71: elc_industry | AD71: S1aH1 | AE71: 0.12179694
I72: elc_spv-GRC_0001 | J72: S1aH2 | K72: 0.010412676 | L72: IMPNRGZ | N72: elc_won-GRC_0001 | O72: S1aH2 | P72: 0.021032524 | Q72: IMPNRGZ | S72: elc_wof-GRC_0104 | T72: S1aH2 | U72: 0.022656052 | V72: IMPNRGZ | AC72: elc_industry | AD72: S1aH2 | AE72: 0.020667529
I73: elc_spv-GRC_0001 | J73: S1aH3 | K73: 0.021054998 | L73: IMPNRGZ | N73: elc_won-GRC_0001 | O73: S1aH3 | P73: 0.020503203 | Q73: IMPNRGZ | S73: elc_wof-GRC_0104 | T73: S1aH3 | U73: 0.022451864 | V73: IMPNRGZ | AC73: elc_industry | AD73: S1aH3 | AE73: 0.020785381
I74: elc_spv-GRC_0001 | J74: S1aH4 | K74: 0.03416273 | L74: IMPNRGZ | N74: elc_won-GRC_0001 | O74: S1aH4 | P74: 0.019998041 | Q74: IMPNRGZ | S74: elc_wof-GRC_0104 | T74: S1aH4 | U74: 0.02251569 | V74: IMPNRGZ | AC74: elc_industry | AD74: S1aH4 | AE74: 0.020826052
I75: elc_spv-GRC_0001 | J75: S1aH5 | K75: 0.35322722 | L75: IMPNRGZ | N75: elc_won-GRC_0001 | O75: S1aH5 | P75: 0.17222151 | Q75: IMPNRGZ | S75: elc_wof-GRC_0104 | T75: S1aH5 | U75: 0.17200699 | V75: IMPNRGZ | AC75: elc_industry | AD75: S1aH5 | AE75: 0.14595191
I76: elc_spv-GRC_0001 | J76: S1aH6 | K76: 0.0413438 | L76: IMPNRGZ | N76: elc_won-GRC_0001 | O76: S1aH6 | P76: 0.029504329 | Q76: IMPNRGZ | S76: elc_wof-GRC_0104 | T76: S1aH6 | U76: 0.025558875 | V76: IMPNRGZ | AC76: elc_industry | AD76: S1aH6 | AE76: 0.020933318
I77: elc_spv-GRC_0001 | J77: S1aH7 | K77: 0.029769927 | L77: IMPNRGZ | N77: elc_won-GRC_0001 | O77: S1aH7 | P77: 0.029432947 | Q77: IMPNRGZ | S77: elc_wof-GRC_0104 | T77: S1aH7 | U77: 0.025156715 | V77: IMPNRGZ | AC77: elc_industry | AD77: S1aH7 | AE77: 0.02095141
I78: elc_spv-GRC_0001 | J78: S1aH8 | K78: 0.015912397 | L78: IMPNRGZ | N78: elc_won-GRC_0001 | O78: S1aH8 | P78: 0.028939708 | Q78: IMPNRGZ | S78: elc_wof-GRC_0104 | T78: S1aH8 | U78: 0.024699382 | V78: IMPNRGZ | AC78: elc_industry | AD78: S1aH8 | AE78: 0.020933576
I79: elc_spv-GRC_0001 | J79: S1aH9 | K79: 0.004082808 | L79: IMPNRGZ | N79: elc_won-GRC_0001 | O79: S1aH9 | P79: 0.13628439 | Q79: IMPNRGZ | S79: elc_wof-GRC_0104 | T79: S1aH9 | U79: 0.1213937 | V79: IMPNRGZ | AC79: elc_industry | AD79: S1aH9 | AE79: 0.10298114
I80: elc_spv-GRC_0001 | J80: S2aH1 | K80: 0.00042762012 | L80: IMPNRGZ | N80: elc_won-GRC_0001 | O80: S2aH1 | P80: 0.022857307 | Q80: IMPNRGZ | S80: elc_wof-GRC_0104 | T80: S2aH1 | U80: 0.042491053 | V80: IMPNRGZ | AC80: elc_industry | AD80: S2aH1 | AE80: 0.041554866
I81: elc_spv-GRC_0001 | J81: S2aH2 | K81: 0.007753027 | L81: IMPNRGZ | N81: elc_won-GRC_0001 | O81: S2aH2 | P81: 0.002413422 | Q81: IMPNRGZ | S81: elc_wof-GRC_0104 | T81: S2aH2 | U81: 0.0069335384 | V81: IMPNRGZ | AC81: elc_industry | AD81: S2aH2 | AE81: 0.007083458
I82: elc_spv-GRC_0001 | J82: S2aH3 | K82: 0.013615158 | L82: IMPNRGZ | N82: elc_won-GRC_0001 | O82: S2aH3 | P82: 0.0019675927 | Q82: IMPNRGZ | S82: elc_wof-GRC_0104 | T82: S2aH3 | U82: 0.0068170652 | V82: IMPNRGZ | AC82: elc_industry | AD82: S2aH3 | AE82: 0.0071256388
... I130: elc_spv-GRC_0001 | J130: S4aH9 | K130: 0 | L130: IMPNRGZ | N130: elc_won-GRC_0001 | O130: S4aH9 | P130: 0.0097942398 | Q130: IMPNRGZ | S130: elc_wof-GRC_0104 | T130: S4aH9 | U130: 0.016053247 | V130: IMPNRGZ | AC130: elc_industry | AD130: S4aH9 | AE130: 0.017671251
I131: elc_spv-GRC_0010 | J131: S1aH1 | K131: 0.0024956788 | L131: IMPNRGZ | N131: elc_won-GRC_0010 | O131: S1aH1 | P131: 0.13776996 | Q131: IMPNRGZ | S131: elc_wof-GRC_0105 | T131: S1aH1 | U131: 0.1394516 | V131: IMPNRGZ
I132: elc_spv-GRC_0010 | J132: S1aH2 | K132: 0.01050848 | L132: IMPNRGZ | N132: elc_won-GRC_0010 | O132: S1aH2 | P132: 0.022160519 | Q132: IMPNRGZ | S132: elc_wof-GRC_0105 | T132: S1aH2 | U132: 0.022603936 | V132: IMPNRGZ
I133: elc_spv-GRC_0010 | J133: S1aH3 | K133: 0.02236241 | L133: IMPNRGZ | N133: elc_won-GRC_0010 | O133: S1aH3 | P133: 0.021523925 | Q133: IMPNRGZ | S133: elc_wof-GRC_0105 | T133: S1aH3 | U133: 0.022715456 | V133: IMPNRGZ
I134: elc_spv-GRC_0010 | J134: S1aH4 | K134: 0.036114767 | L134: IMPNRGZ | N134: elc_won-GRC_0010 | O134: S1aH4 | P134: 0.021086638 | Q134: IMPNRGZ | S134: elc_wof-GRC_0105 | T134: S1aH4 | U134: 0.022859189 | V134: IMPNRGZ
I135: elc_spv-GRC_0010 | J135: S1aH5 | K135: 0.36111197 | L135: IMPNRGZ | N135: elc_won-GRC_0010 | O135: S1aH5 | P135: 0.16724816 | Q135: IMPNRGZ | S135: elc_wof-GRC_0105 | T135: S1aH5 | U135: 0.17155602 | V135: IMPNRGZ
I136: elc_spv-GRC_0010 | J136: S1aH6 | K136: 0.040886351 | L136: IMPNRGZ | N136: elc_won-GRC_0010 | O136: S1aH6 | P136: 0.030106773 | Q136: IMPNRGZ | S136: elc_wof-GRC_0105 | T136: S1aH6 | U136: 0.025281836 | V136: IMPNRGZ
I137: elc_spv-GRC_0010 | J137: S1aH7 | K137: 0.029079751 | L137: IMPNRGZ | N137: elc_won-GRC_0010 | O137: S1aH7 | P137: 0.030346054 | Q137: IMPNRGZ | S137: elc_wof-GRC_0105 | T137: S1aH7 | U137: 0.025016342 | V137: IMPNRGZ
I138: elc_spv-GRC_0010 | J138: S1aH8 | K138: 0.014205738 | L138: IMPNRGZ | N138: elc_won-GRC_0010 | O138: S1aH8 | P138: 0.029853946 | Q138: IMPNRGZ | S138: elc_wof-GRC_0105 | T138: S1aH8 | U138: 0.024426183 | V138: IMPNRGZ
I139: elc_spv-GRC_0010 | J139: S1aH9 | K139: 0.0031734127 | L139: IMPNRGZ | N139: elc_won-GRC_0010 | O139: S1aH9 | P139: 0.1310918 | Q139: IMPNRGZ | S139: elc_wof-GRC_0105 | T139: S1aH9 | U139: 0.11476551 | V139: IMPNRGZ
I140: elc_spv-GRC_0010 | J140: S2aH1 | K140: 0.00032225824 | L140: IMPNRGZ | N140: elc_won-GRC_0010 | O140: S2aH1 | P140: 0.023116768 | Q140: IMPNRGZ | S140: elc_wof-GRC_0105 | T140: S2aH1 | U140: 0.02178362 | V140: IMPNRGZ
I141: elc_spv-GRC_0010 | J141: S2aH2 | K141: 0.0077661592 | L141: IMPNRGZ | N141: elc_won-GRC_0010 | O141: S2aH2 | P141: 0.0029810996 | Q141: IMPNRGZ | S141: elc_wof-GRC_0105 | T141: S2aH2 | U141: 0.0048974076 | V141: IMPNRGZ
I142: elc_spv-GRC_0010 | J142: S2aH3 | K142: 0.013428076 | L142: IMPNRGZ | N142: elc_won-GRC_0010 | O142: S2aH3 | P142: 0.002554649 | Q142: IMPNRGZ | S142: elc_wof-GRC_0105 | T142: S2aH3 | U142: 0.0054406725 | V142: IMPNRGZ
... I7930: elc_spv-GRC_0099 | J7930: S4aH9 | K7930: 0 | L7930: IMPNRGZ | N7930: elc_won-GRC_0087 | O7930: S4aH9 | P7930: 0.026880535 | Q7930: IMPNRGZ | S7930: elc_wof-GRC_0051 | T7930: S4aH9 | U7930: 0.012894889 | V7930: IMPNRGZ
N7931: elc_won-GRC_0088 | O7931: S1aH1 | P7931: 0.11999343 | Q7931: IMPNRGZ | S7931: elc_wof-GRC_0052 | T7931: S1aH1 | U7931: 0.14470753 | V7931: IMPNRGZ
N7932: elc_won-GRC_0088 | O7932: S1aH2 | P7932: 0.020694501 | Q7932: IMPNRGZ | S7932: elc_wof-GRC_0052 | T7932: S1aH2 | U7932: 0.023067863 | V7932: IMPNRGZ
N7933: elc_won-GRC_0088 | O7933: S1aH3 | P7933: 0.01876974 | Q7933: IMPNRGZ | S7933: elc_wof-GRC_0052 | T7933: S1aH3 | U7933: 0.022589749 | V7933: IMPNRGZ
N7934: elc_won-GRC_0088 | O7934: S1aH4 | P7934: 0.019085744 | Q7934: IMPNRGZ | S7934: elc_wof-GRC_0052 | T7934: S1aH4 | U7934: 0.022124954 | V7934: IMPNRGZ
N7935: elc_won-GRC_0088 | O7935: S1aH5 | P7935: 0.21744825 | Q7935: IMPNRGZ | S7935: elc_wof-GRC_0052 | T7935: S1aH5 | U7935: 0.17230917 | V7935: IMPNRGZ
N7936: elc_won-GRC_0088 | O7936: S1aH6 | P7936: 0.032323113 | Q7936: IMPNRGZ | S7936: elc_wof-GRC_0052 | T7936: S1aH6 | U7936: 0.030204595 | V7936: IMPNRGZ
N7937: elc_won-GRC_0088 | O7937: S1aH7 | P7937: 0.028448562 | Q7937: IMPNRGZ | S7937: elc_wof-GRC_0052 | T7937: S1aH7 | U7937: 0.030433271 | V7937: IMPNRGZ
N7938: elc_won-GRC_0088 | O7938: S1aH8 | P7938: 0.026255026 | Q7938: IMPNRGZ | S7938: elc_wof-GRC_0052 | T7938: S1aH8 | U7938: 0.029889551 | V7938: IMPNRGZ
N7939: elc_won-GRC_0088 | O7939: S1aH9 | P7939: 0.12336298 | Q7939: IMPNRGZ | S7939: elc_wof-GRC_0052 | T7939: S1aH9 | U7939: 0.13314656 | V7939: IMPNRGZ
N7940: elc_won-GRC_0088 | O7940: S2aH1 | P7940: 0.02670147 | Q7940: IMPNRGZ | S7940: elc_wof-GRC_0052 | T7940: S2aH1 | U7940: 0.021812556 | V7940: IMPNRGZ
N7941: elc_won-GRC_0088 | O7941: S2aH2 | P7941: 0.0034070241 | Q7941: IMPNRGZ | S7941: elc_wof-GRC_0052 | T7941: S2aH2 | U7941: 0.0027396796 | V7941: IMPNRGZ
N7942: elc_won-GRC_0088 | O7942: S2aH3 | P7942: 0.0023830367 | Q7942: IMPNRGZ | S7942: elc_wof-GRC_0052 | T7942: S2aH3 | U7942: 0.0023622077 | V7942: IMPNRGZ
... N8590: elc_won-GRC_0099 | O8590: S4aH9 | P8590: 0.021692823 | Q8590: IMPNRGZ | S8590: elc_wof-GRC_0072 | T8590: S4aH9 | U8590: 0.010595399 | V8590: IMPNRGZ
S8591: elc_wof-GRC_0073 | T8591: S1aH1 | U8591: 0.13261444 | V8591: IMPNRGZ
S8592: elc_wof-GRC_0073 | T8592: S1aH2 | U8592: 0.02185511 | V8592: IMPNRGZ
S8593: elc_wof-GRC_0073 | T8593: S1aH3 | U8593: 0.022063588 | V8593: IMPNRGZ
S8594: elc_wof-GRC_0073 | T8594: S1aH4 | U8594: 0.022417658 | V8594: IMPNRGZ
S8595: elc_wof-GRC_0073 | T8595: S1aH5 | U8595: 0.24491244 | V8595: IMPNRGZ
S8596: elc_wof-GRC_0073 | T8596: S1aH6 | U8596: 0.03686028 | V8596: IMPNRGZ
S8597: elc_wof-GRC_0073 | T8597: S1aH7 | U8597: 0.032839488 | V8597: IMPNRGZ
S8598: elc_wof-GRC_0073 | T8598: S1aH8 | U8598: 0.027900139 | V8598: IMPNRGZ
S8599: elc_wof-GRC_0073 | T8599: S1aH9 | U8599: 0.11865674 | V8599: IMPNRGZ
S8600: elc_wof-GRC_0073 | T8600: S2aH1 | U8600: 0.0050760161 | V8600: IMPNRGZ
S8601: elc_wof-GRC_0073 | T8601: S2aH2 | U8601: 0.00088058293 | V8601: IMPNRGZ
S8602: elc_wof-GRC_0073 | T8602: S2aH3 | U8602: 0.00063478539 | V8602: IMPNRGZ
... S9370: elc_wof-GRC_0099 | T9370: S4aH9 | U9370: 0.013251908 | V9370: IMPNRGZ

Sheet ts_annual
C9: =IF(A11="x","DeActivated","~TimeSlices") -> DeActivated | I9: =IF(A11="x","DeActivated","~TFM_DINS-AT") -> DeActivated | N9: =IF(A11="x","DeActivated","~TFM_DINS-AT") -> DeActivated | S9: =IF(A11="x","DeActivated","~TFM_DINS-AT") -> DeActivated | X9: =IF(A11="x","DeActivated","~TFM_DINS-AT") -> DeActivated | AC9: =IF(A11="x","DeActivated","~TFM_DINS-AT") -> DeActivated | AG9: =IF(A11="x","DeActivated","~TFM_DINS-AT") -> DeActivated | AK9: =IF(A11="x","DeActivated","~TFM_INS-AT") -> DeActivated
A10: ts_annual | C10: season | D10: weekly | E10: daynite | F10: wparent | G10: dparent | I10: commodity | J10: timeslice | K10: com_fr | L10: process | N10: commodity | O10: timeslice | P10: com_fr | Q10: process | S10: commodity | T10: timeslice | U10: com_fr | V10: process | X10: g_yrfr | Y10: com_fr | Z10: timeslice | AA10: commodity | AC10: commodity | AD10: timeslice | AE10: com_fr | AG10: commodity | AH10: timeslice | AI10: com_pkflx | AK10: timeslice | AL10: ncap_afs | AM10: pset_ci
A11: =IFERROR(IF(Veda!D5=A10,"ok","x"),"") -> x | C11: AllS | D11: a | E11: AllH | F11: AllS | G11: a | I11: elc_spv-GRC_0000 | J11: AllSaAllH | K11: 1 | L11: IMPNRGZ | N11: elc_won-GRC_0000 | O11: AllSaAllH | P11: 1 | Q11: IMPNRGZ | S11: elc_wof-GRC_0100 | T11: AllSaAllH | U11: 1 | V11: IMPNRGZ | X11: 1 | Y11: 1 | Z11: AllSaAllH | AA11: elc_roadtransport | AC11: elc_buildings | AD11: AllSaAllH | AE11: 1 | AG11: ELC | AH11: AllSaAllH | AI11: 0.45060002 | AK11: AllS | AL11: 1.2 | AM11: hydro
I12: elc_spv-GRC_0001 | J12: AllSaAllH | K12: 1 | L12: IMPNRGZ | N12: elc_won-GRC_0001 | O12: AllSaAllH | P12: 1 | Q12: IMPNRGZ | S12: elc_wof-GRC_0104 | T12: AllSaAllH | U12: 1 | V12: IMPNRGZ | AC12: elc_industry | AD12: AllSaAllH | AE12: 1
I13: elc_spv-GRC_0010 | J13: AllSaAllH | K13: 1 | L13: IMPNRGZ | N13: elc_won-GRC_0010 | O13: AllSaAllH | P13: 1 | Q13: IMPNRGZ | S13: elc_wof-GRC_0105 | T13: AllSaAllH | U13: 1 | V13: IMPNRGZ
I14: elc_spv-GRC_0101 | J14: AllSaAllH | K14: 1 | L14: IMPNRGZ | N14: elc_won-GRC_0100 | O14: AllSaAllH | P14: 1 | Q14: IMPNRGZ | S14: elc_wof-GRC_0106 | T14: AllSaAllH | U14: 1 | V14: IMPNRGZ
I15: elc_spv-GRC_0102 | J15: AllSaAllH | K15: 1 | L15: IMPNRGZ | N15: elc_won-GRC_0101 | O15: AllSaAllH | P15: 1 | Q15: IMPNRGZ | S15: elc_wof-GRC_0107 | T15: AllSaAllH | U15: 1 | V15: IMPNRGZ
I16: elc_spv-GRC_0103 | J16: AllSaAllH | K16: 1 | L16: IMPNRGZ | N16: elc_won-GRC_0102 | O16: AllSaAllH | P16: 1 | Q16: IMPNRGZ | S16: elc_wof-GRC_0108 | T16: AllSaAllH | U16: 1 | V16: IMPNRGZ
I17: elc_spv-GRC_0104 | J17: AllSaAllH | K17: 1 | L17: IMPNRGZ | N17: elc_won-GRC_0103 | O17: AllSaAllH | P17: 1 | Q17: IMPNRGZ | S17: elc_wof-GRC_0109 | T17: AllSaAllH | U17: 1 | V17: IMPNRGZ
I18: elc_spv-GRC_0107 | J18: AllSaAllH | K18: 1 | L18: IMPNRGZ | N18: elc_won-GRC_0104 | O18: AllSaAllH | P18: 1 | Q18: IMPNRGZ | S18: elc_wof-GRC_0110 | T18: AllSaAllH | U18: 1 | V18: IMPNRGZ
I19: elc_spv-GRC_0108 | J19: AllSaAllH | K19: 1 | L19: IMPNRGZ | N19: elc_won-GRC_0105 | O19: AllSaAllH | P19: 1 | Q19: IMPNRGZ | S19: elc_wof-GRC_0111 | T19: AllSaAllH | U19: 1 | V19: IMPNRGZ
I20: elc_spv-GRC_0109 | J20: AllSaAllH | K20: 1 | L20: IMPNRGZ | N20: elc_won-GRC_0107 | O20: AllSaAllH | P20: 1 | Q20: IMPNRGZ | S20: elc_wof-GRC_0112 | T20: AllSaAllH | U20: 1 | V20: IMPNRGZ
I21: elc_spv-GRC_0011 | J21: AllSaAllH | K21: 1 | L21: IMPNRGZ | N21: elc_won-GRC_0108 | O21: AllSaAllH | P21: 1 | Q21: IMPNRGZ | S21: elc_wof-GRC_0113 | T21: AllSaAllH | U21: 1 | V21: IMPNRGZ
I22: elc_spv-GRC_0111 | J22: AllSaAllH | K22: 1 | L22: IMPNRGZ | N22: elc_won-GRC_0109 | O22: AllSaAllH | P22: 1 | Q22: IMPNRGZ | S22: elc_wof-GRC_0114 | T22: AllSaAllH | U22: 1 | V22: IMPNRGZ
I23: elc_spv-GRC_0112 | J23: AllSaAllH | K23: 1 | L23: IMPNRGZ | N23: elc_won-GRC_0011 | O23: AllSaAllH | P23: 1 | Q23: IMPNRGZ | S23: elc_wof-GRC_0115 | T23: AllSaAllH | U23: 1 | V23: IMPNRGZ
I24: elc_spv-GRC_0113 | J24: AllSaAllH | K24: 1 | L24: IMPNRGZ | N24: elc_won-GRC_0110 | O24: AllSaAllH | P24: 1 | Q24: IMPNRGZ | S24: elc_wof-GRC_0116 | T24: AllSaAllH | U24: 1 | V24: IMPNRGZ
... I142: elc_spv-GRC_0099 | J142: AllSaAllH | K142: 1 | L142: IMPNRGZ | N142: elc_won-GRC_0087 | O142: AllSaAllH | P142: 1 | Q142: IMPNRGZ | S142: elc_wof-GRC_0051 | T142: AllSaAllH | U142: 1 | V142: IMPNRGZ
N143: elc_won-GRC_0088 | O143: AllSaAllH | P143: 1 | Q143: IMPNRGZ | S143: elc_wof-GRC_0052 | T143: AllSaAllH | U143: 1 | V143: IMPNRGZ
N144: elc_won-GRC_0089 | O144: AllSaAllH | P144: 1 | Q144: IMPNRGZ | S144: elc_wof-GRC_0053 | T144: AllSaAllH | U144: 1 | V144: IMPNRGZ
N145: elc_won-GRC_0090 | O145: AllSaAllH | P145: 1 | Q145: IMPNRGZ | S145: elc_wof-GRC_0054 | T145: AllSaAllH | U145: 1 | V145: IMPNRGZ
N146: elc_won-GRC_0091 | O146: AllSaAllH | P146: 1 | Q146: IMPNRGZ | S146: elc_wof-GRC_0060 | T146: AllSaAllH | U146: 1 | V146: IMPNRGZ
N147: elc_won-GRC_0092 | O147: AllSaAllH | P147: 1 | Q147: IMPNRGZ | S147: elc_wof-GRC_0061 | T147: AllSaAllH | U147: 1 | V147: IMPNRGZ
N148: elc_won-GRC_0093 | O148: AllSaAllH | P148: 1 | Q148: IMPNRGZ | S148: elc_wof-GRC_0062 | T148: AllSaAllH | U148: 1 | V148: IMPNRGZ
N149: elc_won-GRC_0094 | O149: AllSaAllH | P149: 1 | Q149: IMPNRGZ | S149: elc_wof-GRC_0063 | T149: AllSaAllH | U149: 1 | V149: IMPNRGZ
N150: elc_won-GRC_0095 | O150: AllSaAllH | P150: 1 | Q150: IMPNRGZ | S150: elc_wof-GRC_0064 | T150: AllSaAllH | U150: 1 | V150: IMPNRGZ
N151: elc_won-GRC_0096 | O151: AllSaAllH | P151: 1 | Q151: IMPNRGZ | S151: elc_wof-GRC_0065 | T151: AllSaAllH | U151: 1 | V151: IMPNRGZ
N152: elc_won-GRC_0097 | O152: AllSaAllH | P152: 1 | Q152: IMPNRGZ | S152: elc_wof-GRC_0071 | T152: AllSaAllH | U152: 1 | V152: IMPNRGZ
N153: elc_won-GRC_0099 | O153: AllSaAllH | P153: 1 | Q153: IMPNRGZ | S153: elc_wof-GRC_0072 | T153: AllSaAllH | U153: 1 | V153: IMPNRGZ
S154: elc_wof-GRC_0073 | T154: AllSaAllH | U154: 1 | V154: IMPNRGZ
S155: elc_wof-GRC_0074 | T155: AllSaAllH | U155: 1 | V155: IMPNRGZ
S156: elc_wof-GRC_0080 | T156: AllSaAllH | U156: 1 | V156: IMPNRGZ
S157: elc_wof-GRC_0081 | T157: AllSaAllH | U157: 1 | V157: IMPNRGZ
S158: elc_wof-GRC_0082 | T158: AllSaAllH | U158: 1 | V158: IMPNRGZ
S159: elc_wof-GRC_0090 | T159: AllSaAllH | U159: 1 | V159: IMPNRGZ
S160: elc_wof-GRC_0091 | T160: AllSaAllH | U160: 1 | V160: IMPNRGZ
S161: elc_wof-GRC_0092 | T161: AllSaAllH | U161: 1 | V161: IMPNRGZ
S162: elc_wof-GRC_0093 | T162: AllSaAllH | U162: 1 | V162: IMPNRGZ
S163: elc_wof-GRC_0094 | T163: AllSaAllH | U163: 1 | V163: IMPNRGZ
S164: elc_wof-GRC_0095 | T164: AllSaAllH | U164: 1 | V164: IMPNRGZ
S165: elc_wof-GRC_0098 | T165: AllSaAllH | U165: 1 | V165: IMPNRGZ
S166: elc_wof-GRC_0099 | T166: AllSaAllH | U166: 1 | V166: IMPNRGZ

Sheet ts_12
C9: =IF(A11="x","DeActivated","~TimeSlices") -> DeActivated | I9: =IF(A11="x","DeActivated","~TFM_DINS-AT") -> DeActivated | N9: =IF(A11="x","DeActivated","~TFM_DINS-AT") -> DeActivated | S9: =IF(A11="x","DeActivated","~TFM_DINS-AT") -> DeActivated | X9: =IF(A11="x","DeActivated","~TFM_DINS-AT") -> DeActivated | AC9: =IF(A11="x","DeActivated","~TFM_DINS-AT") -> DeActivated | AG9: =IF(A11="x","DeActivated","~TFM_DINS-AT") -> DeActivated | AK9: =IF(A11="x","DeActivated","~TFM_INS-AT") -> DeActivated
A10: ts_12 | C10: season | D10: weekly | E10: daynite | F10: wparent | G10: dparent | I10: commodity | J10: timeslice | K10: com_fr | L10: process | N10: commodity | O10: timeslice | P10: com_fr | Q10: process | S10: commodity | T10: timeslice | U10: com_fr | V10: process | X10: g_yrfr | Y10: com_fr | Z10: timeslice | AA10: commodity | AC10: commodity | AD10: timeslice | AE10: com_fr | AG10: commodity | AH10: timeslice | AI10: com_pkflx | AK10: timeslice | AL10: ncap_afs | AM10: pset_ci
A11: =IFERROR(IF(Veda!D5=A10,"ok","x"),"") -> x | C11: F | D11: a | E11: D | F11: W,R,S,F | G11: a | I11: elc_spv-GRC_0000 | J11: FaD | K11: 0.18941488 | L11: IMPNRGZ | N11: elc_won-GRC_0000 | O11: FaD | P11: 0.097290209 | Q11: IMPNRGZ | S11: elc_wof-GRC_0100 | T11: FaD | U11: 0.097853804 | V11: IMPNRGZ | X11: 0.11426941 | Y11: 0.16087081 | Z11: FaD | AA11: elc_roadtransport | AC11: elc_buildings | AD11: FaD | AE11: 0.11512098 | AG11: ELC | AH11: FaD | AI11: 0.26679849 | AK11: R | AL11: 0.27681818 | AM11: hydro
C12: R | E12: N | G12: a | I12: elc_spv-GRC_0000 | J12: FaN | K12: 0 | L12: IMPNRGZ | N12: elc_won-GRC_0000 | O12: FaN | P12: 0.10067403 | Q12: IMPNRGZ | S12: elc_wof-GRC_0100 | T12: FaN | U12: 0.10738428 | V12: IMPNRGZ | X12: 0.11426941 | Y12: 0.052547713 | Z12: FaN | AA12: elc_roadtransport | AC12: elc_buildings | AD12: FaN | AE12: 0.088544035 | AG12: ELC | AH12: FaN | AI12: 0.41944247 | AK12: S | AL12: 0.35284091 | AM12: hydro
C13: S | E13: P | G13: a | I13: elc_spv-GRC_0000 | J13: FaP | K13: 0.009936505 | L13: IMPNRGZ | N13: elc_won-GRC_0000 | O13: FaP | P13: 0.020058545 | Q13: IMPNRGZ | S13: elc_wof-GRC_0100 | T13: FaP | U13: 0.017218884 | V13: IMPNRGZ | X13: 0.020776256 | Y13: 0.035896543 | Z13: FaP | AA13: elc_roadtransport | AC13: elc_buildings | AD13: FaP | AE13: 0.021763448 | AG13: ELC | AH13: FaP | AI13: 0.19461497 | AK13: F | AL13: 0.22329545 | AM13: hydro
C14: W | I14: elc_spv-GRC_0000 | J14: RaD | K14: 0.26631737 | L14: IMPNRGZ | N14: elc_won-GRC_0000 | O14: RaD | P14: 0.11858082 | Q14: IMPNRGZ | S14: elc_wof-GRC_0100 | T14: RaD | U14: 0.12779436 | V14: IMPNRGZ | X14: 0.11552511 | Y14: 0.16263862 | Z14: RaD | AA14: elc_roadtransport | AC14: elc_buildings | AD14: RaD | AE14: 0.11719508 | AG14: ELC | AH14: RaD | AI14: 0.20125533 | AK14: W | AL14: 0.34704545 | AM14: hydro
I15: elc_spv-GRC_0000 | J15: RaN | K15: 0.0017664256 | L15: IMPNRGZ | N15: elc_won-GRC_0000 | O15: RaN | P15: 0.11706575 | Q15: IMPNRGZ | S15: elc_wof-GRC_0100 | T15: RaN | U15: 0.12494225 | V15: IMPNRGZ | X15: 0.11552511 | Y15: 0.053125161 | Z15: RaN | AA15: elc_roadtransport | AC15: elc_buildings | AD15: RaN | AE15: 0.090802038 | AG15: ELC | AH15: RaN | AI15: 0.43448729
I16: elc_spv-GRC_0000 | J16: RaP | K16: 0.028907279 | L16: IMPNRGZ | N16: elc_won-GRC_0000 | O16: RaP | P16: 0.024474083 | Q16: IMPNRGZ | S16: elc_wof-GRC_0100 | T16: RaP | U16: 0.026480155 | V16: IMPNRGZ | X16: 0.021004566 | Y16: 0.036291011 | Z16: RaP | AA16: elc_roadtransport | AC16: elc_buildings | AD16: RaP | AE16: 0.022495907 | AG16: ELC | AH16: RaP | AI16: 0.18639706
I17: elc_spv-GRC_0000 | J17: SaD | K17: 0.30876244 | L17: IMPNRGZ | N17: elc_won-GRC_0000 | O17: SaD | P17: 0.085651043 | Q17: IMPNRGZ | S17: elc_wof-GRC_0100 | T17: SaD | U17: 0.064072303 | V17: IMPNRGZ | X17: 0.11552511 | Y17: 0.16263862 | Z17: SaD | AA17: elc_roadtransport | AC17: elc_buildings | AD17: SaD | AE17: 0.14490169 | AG17: ELC | AH17: SaD | AI17: 0.21681433
I18: elc_spv-GRC_0000 | J18: SaN | K18: 0.0088595509 | L18: IMPNRGZ | N18: elc_won-GRC_0000 | O18: SaN | P18: 0.11635374 | Q18: IMPNRGZ | S18: elc_wof-GRC_0100 | T18: SaN | U18: 0.060745898 | V18: IMPNRGZ | X18: 0.11552511 | Y18: 0.053125161 | Z18: SaN | AA18: elc_roadtransport | AC18: elc_buildings | AD18: SaN | AE18: 0.10197983 | AG18: ELC | AH18: SaN | AI18: 0.37429206
I19: elc_spv-GRC_0000 | J19: SaP | K19: 0.038345627 | L19: IMPNRGZ | N19: elc_won-GRC_0000 | O19: SaP | P19: 0.029266255 | Q19: IMPNRGZ | S19: elc_wof-GRC_0100 | T19: SaP | U19: 0.01936712 | V19: IMPNRGZ | X19: 0.021004566 | Y19: 0.036291011 | Z19: SaP | AA19: elc_roadtransport | AC19: elc_buildings | AD19: SaP | AE19: 0.025212418 | AG19: ELC | AH19: SaP | AI19: 0.13566808
I20: elc_spv-GRC_0000 | J20: WaD | K20: 0.14338743 | L20: IMPNRGZ | N20: elc_won-GRC_0000 | O20: WaD | P20: 0.12729048 | Q20: IMPNRGZ | S20: elc_wof-GRC_0100 | T20: WaD | U20: 0.16751141 | V20: IMPNRGZ | X20: 0.1130137 | Y20: 0.159103 | Z20: WaD | AA20: elc_roadtransport | AC20: elc_buildings | AD20: WaD | AE20: 0.13690389 | AG20: ELC | AH20: WaD | AI20: 0.21230344
I21: elc_spv-GRC_0000 | J21: WaN | K21: 0 | L21: IMPNRGZ | N21: elc_won-GRC_0000 | O21: WaN | P21: 0.13764477 | Q21: IMPNRGZ | S21: elc_wof-GRC_0100 | T21: WaN | U21: 0.15473996 | V21: IMPNRGZ | X21: 0.1130137 | Y21: 0.051970266 | Z21: WaN | AA21: elc_roadtransport | AC21: elc_buildings | AD21: WaN | AE21: 0.10728812 | AG21: ELC | AH21: WaN | AI21: 0.3489739
I22: elc_spv-GRC_0000 | J22: WaP | K22: 0.0043024835 | L22: IMPNRGZ | N22: elc_won-GRC_0000 | O22: WaP | P22: 0.025650268 | Q22: IMPNRGZ | S22: elc_wof-GRC_0100 | T22: WaP | U22: 0.031889571 | V22: IMPNRGZ | X22: 0.020547945 | Y22: 0.035502076 | Z22: WaP | AA22: elc_roadtransport | AC22: elc_buildings | AD22: WaP | AE22: 0.027792576 | AG22: ELC | AH22: WaP | AI22: 0.11355789
I23: elc_spv-GRC_0001 | J23: FaD | K23: 0.19181645 | L23: IMPNRGZ | N23: elc_won-GRC_0001 | O23: FaD | P23: 0.10509321 | Q23: IMPNRGZ | S23: elc_wof-GRC_0104 | T23: FaD | U23: 0.069898839 | V23: IMPNRGZ | AC23: elc_industry | AD23: FaD | AE23: 0.11508611
I24: elc_spv-GRC_0001 | J24: FaN | K24: 0 | L24: IMPNRGZ | N24: elc_won-GRC_0001 | O24: FaN | P24: 0.10059279 | Q24: IMPNRGZ | S24: elc_wof-GRC_0104 | T24: FaN | U24: 0.071750465 | V24: IMPNRGZ | AC24: elc_industry | AD24: FaN | AE24: 0.1130633
I25: elc_spv-GRC_0001 | J25: FaP | K25: 0.010086705 | L25: IMPNRGZ | N25: elc_won-GRC_0001 | O25: FaP | P25: 0.021063048 | Q25: IMPNRGZ | S25: elc_wof-GRC_0104 | T25: FaP | U25: 0.013745285 | V25: IMPNRGZ | AC25: elc_industry | AD25: FaP | AE25: 0.020988098
I26: elc_spv-GRC_0001 | J26: RaD | K26: 0.26462979 | L26: IMPNRGZ | N26: elc_won-GRC_0001 | O26: RaD | P26: 0.12186855 | Q26: IMPNRGZ | S26: elc_wof-GRC_0104 | T26: RaD | U26: 0.12363199 | V26: IMPNRGZ | AC26: elc_industry | AD26: RaD | AE26: 0.11633092
I27: elc_spv-GRC_0001 | J27: RaN | K27: 0.0019092303 | L27: IMPNRGZ | N27: elc_won-GRC_0001 | O27: RaN | P27: 0.11881003 | Q27: IMPNRGZ | S27: elc_wof-GRC_0104 | T27: RaN | U27: 0.11910913 | V27: IMPNRGZ | AC27: elc_industry | AD27: RaN | AE27: 0.11432212
I28: elc_spv-GRC_0001 | J28: RaP | K28: 0.029040641 | L28: IMPNRGZ | N28: elc_won-GRC_0001 | O28: RaP | P28: 0.02516902 | Q28: IMPNRGZ | S28: elc_wof-GRC_0104 | T28: RaP | U28: 0.023348579 | V28: IMPNRGZ | AC28: elc_industry | AD28: RaP | AE28: 0.021241475
I29: elc_spv-GRC_0001 | J29: SaD | K29: 0.31000649 | L29: IMPNRGZ | N29: elc_won-GRC_0001 | O29: SaD | P29: 0.088088534 | Q29: IMPNRGZ | S29: elc_wof-GRC_0104 | T29: SaD | U29: 0.1348419 | V29: IMPNRGZ | AC29: elc_industry | AD29: SaD | AE29: 0.11713022
I30: elc_spv-GRC_0001 | J30: SaN | K30: 0.0090595332 | L30: IMPNRGZ | N30: elc_won-GRC_0001 | O30: SaN | P30: 0.1021807 | Q30: IMPNRGZ | S30: elc_wof-GRC_0104 | T30: SaN | U30: 0.12817112 | V30: IMPNRGZ | AC30: elc_industry | AD30: SaN | AE30: 0.11386339
I31: elc_spv-GRC_0001 | J31: SaP | K31: 0.03797356 | L31: IMPNRGZ | N31: elc_won-GRC_0001 | O31: SaP | P31: 0.029091059 | Q31: IMPNRGZ | S31: elc_wof-GRC_0104 | T31: SaP | U31: 0.026879562 | V31: IMPNRGZ | AC31: elc_industry | AD31: SaP | AE31: 0.021210144
I32: elc_spv-GRC_0001 | J32: WaD | K32: 0.14162443 | L32: IMPNRGZ | N32: elc_won-GRC_0001 | O32: WaD | P32: 0.12865789 | Q32: IMPNRGZ | S32: elc_wof-GRC_0104 | T32: WaD | U32: 0.13020371 | V32: IMPNRGZ | AC32: elc_industry | AD32: WaD | AE32: 0.1140322
I33: elc_spv-GRC_0001 | J33: WaN | K33: 0 | L33: IMPNRGZ | N33: elc_won-GRC_0001 | O33: WaN | P33: 0.13244592 | Q33: IMPNRGZ | S33: elc_wof-GRC_0104 | T33: WaN | U33: 0.13556353 | V33: IMPNRGZ | AC33: elc_industry | AD33: WaN | AE33: 0.1117781
I34: elc_spv-GRC_0001 | J34: WaP | K34: 0.0038531731 | L34: IMPNRGZ | N34: elc_won-GRC_0001 | O34: WaP | P34: 0.026939244 | Q34: IMPNRGZ | S34: elc_wof-GRC_0104 | T34: WaP | U34: 0.022855882 | V34: IMPNRGZ | AC34: elc_industry | AD34: WaP | AE34: 0.020953922
I35: elc_spv-GRC_0010 | J35: FaD | K35: 0.18998554 | L35: IMPNRGZ | N35: elc_won-GRC_0010 | O35: FaD | P35: 0.08836628 | Q35: IMPNRGZ | S35: elc_wof-GRC_0105 | T35: FaD | U35: 0.10528996 | V35: IMPNRGZ
I36: elc_spv-GRC_0010 | J36: FaN | K36: 0 | L36: IMPNRGZ | N36: elc_won-GRC_0010 | O36: FaN | P36: 0.091759331 | Q36: IMPNRGZ | S36: elc_wof-GRC_0105 | T36: FaN | U36: 0.093403172 | V36: IMPNRGZ
I37: elc_spv-GRC_0010 | J37: FaP | K37: 0.0090378325 | L37: IMPNRGZ | N37: elc_won-GRC_0010 | O37: FaP | P37: 0.018471777 | Q37: IMPNRGZ | S37: elc_wof-GRC_0105 | T37: FaP | U37: 0.01821865 | V37: IMPNRGZ
I38: elc_spv-GRC_0010 | J38: RaD | K38: 0.26744669 | L38: IMPNRGZ | N38: elc_won-GRC_0010 | O38: RaD | P38: 0.11827577 | Q38: IMPNRGZ | S38: elc_wof-GRC_0105 | T38: RaD | U38: 0.12182932 | V38: IMPNRGZ
I39: elc_spv-GRC_0010 | J39: RaN | K39: 0.0013054146 | L39: IMPNRGZ | N39: elc_won-GRC_0010 | O39: RaN | P39: 0.1124015 | Q39: IMPNRGZ | S39: elc_wof-GRC_0105 | T39: RaN | U39: 0.11529316 | V39: IMPNRGZ
I40: elc_spv-GRC_0010 | J40: RaP | K40: 0.026995725 | L40: IMPNRGZ | N40: elc_won-GRC_0010 | O40: RaP | P40: 0.026988479 | Q40: IMPNRGZ | S40: elc_wof-GRC_0105 | T40: RaP | U40: 0.021820072 | V40: IMPNRGZ
I41: elc_spv-GRC_0010 | J41: SaD | K41: 0.30796627 | L41: IMPNRGZ | N41: elc_won-GRC_0010 | O41: SaD | P41: 0.09667507 | Q41: IMPNRGZ | S41: elc_wof-GRC_0105 | T41: SaD | U41: 0.11181343 | V41: IMPNRGZ
I42: elc_spv-GRC_0010 | J42: SaN | K42: 0.0078469465 | L42: IMPNRGZ | N42: elc_won-GRC_0010 | O42: SaN | P42: 0.10549241 | Q42: IMPNRGZ | S42: elc_wof-GRC_0105 | T42: SaN | U42: 0.072249275 | V42: IMPNRGZ
I43: elc_spv-GRC_0010 | J43: SaP | K43: 0.036723993 | L43: IMPNRGZ | N43: elc_won-GRC_0010 | O43: SaP | P43: 0.039529726 | Q43: IMPNRGZ | S43: elc_wof-GRC_0105 | T43: SaP | U43: 0.01654738 | V43: IMPNRGZ
I44: elc_spv-GRC_0010 | J44: WaD | K44: 0.14845844 | L44: IMPNRGZ | N44: elc_won-GRC_0010 | O44: WaD | P44: 0.13388871 | Q44: IMPNRGZ | S44: elc_wof-GRC_0105 | T44: WaD | U44: 0.14594778 | V44: IMPNRGZ
I45: elc_spv-GRC_0010 | J45: WaN | K45: 0 | L45: IMPNRGZ | N45: elc_won-GRC_0010 | O45: WaN | P45: 0.14195137 | Q45: IMPNRGZ | S45: elc_wof-GRC_0105 | T45: WaN | U45: 0.15087327 | V45: IMPNRGZ
I46: elc_spv-GRC_0010 | J46: WaP | K46: 0.0042331415 | L46: IMPNRGZ | N46: elc_won-GRC_0010 | O46: WaP | P46: 0.02619958 | Q46: IMPNRGZ | S46: elc_wof-GRC_0105 | T46: WaP | U46: 0.026714529 | V46: IMPNRGZ
... I1594: elc_spv-GRC_0099 | J1594: WaP | K1594: 0.0020709266 | L1594: IMPNRGZ | N1594: elc_won-GRC_0087 | O1594: WaP | P1594: 0.029338394 | Q1594: IMPNRGZ | S1594: elc_wof-GRC_0051 | T1594: WaP | U1594: 0.027268285 | V1594: IMPNRGZ
N1595: elc_won-GRC_0088 | O1595: FaD | P1595: 0.085210218 | Q1595: IMPNRGZ | S1595: elc_wof-GRC_0052 | T1595: FaD | U1595: 0.091744804 | V1595: IMPNRGZ
N1596: elc_won-GRC_0088 | O1596: FaN | P1596: 0.070183569 | Q1596: IMPNRGZ | S1596: elc_wof-GRC_0052 | T1596: FaN | U1596: 0.094052258 | V1596: IMPNRGZ
N1597: elc_won-GRC_0088 | O1597: FaP | P1597: 0.016336411 | Q1597: IMPNRGZ | S1597: elc_wof-GRC_0052 | T1597: FaP | U1597: 0.018616257 | V1597: IMPNRGZ
N1598: elc_won-GRC_0088 | O1598: RaD | P1598: 0.1733568 | Q1598: IMPNRGZ | S1598: elc_wof-GRC_0052 | T1598: RaD | U1598: 0.12364569 | V1598: IMPNRGZ
N1599: elc_won-GRC_0088 | O1599: RaN | P1599: 0.12948598 | Q1599: IMPNRGZ | S1599: elc_wof-GRC_0052 | T1599: RaN | U1599: 0.11877228 | V1599: IMPNRGZ
N1600: elc_won-GRC_0088 | O1600: RaP | P1600: 0.031326184 | Q1600: IMPNRGZ | S1600: elc_wof-GRC_0052 | T1600: RaP | U1600: 0.026943032 | V1600: IMPNRGZ
N1601: elc_won-GRC_0088 | O1601: SaD | P1601: 0.04920516 | Q1601: IMPNRGZ | S1601: elc_wof-GRC_0052 | T1601: SaD | U1601: 0.075856093 | V1601: IMPNRGZ
N1602: elc_won-GRC_0088 | O1602: SaN | P1602: 0.072885036 | Q1602: IMPNRGZ | S1602: elc_wof-GRC_0052 | T1602: SaN | U1602: 0.095941802 | V1602: IMPNRGZ
N1603: elc_won-GRC_0088 | O1603: SaP | P1603: 0.011255555 | Q1603: IMPNRGZ | S1603: elc_wof-GRC_0052 | T1603: SaP | U1603: 0.032325612 | V1603: IMPNRGZ
N1604: elc_won-GRC_0088 | O1604: WaD | P1604: 0.16783933 | Q1604: IMPNRGZ | S1604: elc_wof-GRC_0052 | T1604: WaD | U1604: 0.14459747 | V1604: IMPNRGZ
N1605: elc_won-GRC_0088 | O1605: WaN | P1605: 0.1613972 | Q1605: IMPNRGZ | S1605: elc_wof-GRC_0052 | T1605: WaN | U1605: 0.14989461 | V1605: IMPNRGZ
N1606: elc_won-GRC_0088 | O1606: WaP | P1606: 0.031518554 | Q1606: IMPNRGZ | S1606: elc_wof-GRC_0052 | T1606: WaP | U1606: 0.02761009 | V1606: IMPNRGZ
... N1726: elc_won-GRC_0099 | O1726: WaP | P1726: 0.02296864 | Q1726: IMPNRGZ | S1726: elc_wof-GRC_0072 | T1726: WaP | U1726: 0.025249885 | V1726: IMPNRGZ
S1727: elc_wof-GRC_0073 | T1727: FaD | U1727: 0.092338677 | V1727: IMPNRGZ
S1728: elc_wof-GRC_0073 | T1728: FaN | U1728: 0.0617512 | V1728: IMPNRGZ
S1729: elc_wof-GRC_0073 | T1729: FaP | U1729: 0.016354469 | V1729: IMPNRGZ
S1730: elc_wof-GRC_0073 | T1730: RaD | U1730: 0.17103127 | V1730: IMPNRGZ
S1731: elc_wof-GRC_0073 | T1731: RaN | U1731: 0.12860838 | V1731: IMPNRGZ
S1732: elc_wof-GRC_0073 | T1732: RaP | U1732: 0.029762243 | V1732: IMPNRGZ
S1733: elc_wof-GRC_0073 | T1733: SaD | U1733: 0.10879114 | V1733: IMPNRGZ
S1734: elc_wof-GRC_0073 | T1734: SaN | U1734: 0.030725568 | V1734: IMPNRGZ
S1735: elc_wof-GRC_0073 | T1735: SaP | U1735: 0.027945106 | V1735: IMPNRGZ
S1736: elc_wof-GRC_0073 | T1736: WaD | U1736: 0.1669053 | V1736: IMPNRGZ
S1737: elc_wof-GRC_0073 | T1737: WaN | U1737: 0.13985838 | V1737: IMPNRGZ
S1738: elc_wof-GRC_0073 | T1738: WaP | U1738: 0.025928271 | V1738: IMPNRGZ
... S1882: elc_wof-GRC_0099 | T1882: WaP | U1882: 0.030952274 | V1882: IMPNRGZ
