Workbook

Sheet Veda
G1: 1,2,3,4,5,6,7,8,9,10,11,12,13,14,15,21,22,23,24,25,31,32,33,34,35,36,37,38,39,40,41,42,43,44,45
D2: ="~Inputcell: "&_xlfn.TEXTJOIN(",",TRUE,G1:EE1) -> ~Inputcell: 1,2,3,4,5,6,7,8,9,10,11,12,13,14,15,21,22,23,24,25,31,32,33,34,35,36,37,38,39,40,41,42,43,44,45 | G2: 5 | H2: 6 | I2: 7 | J2: 9 | K2: 10 | L2: 11 | M2: 16 | N2: 17 | O2: 18 | P2: 20 | Q2: 21 | R2: 22 | S2: 27 | T2: 28 | U2: 29 | V2: 31 | W2: 32 | X2: 33 | Y2: 38 | Z2: 39 | AA2: 40 | AB2: 42 | AC2: 43 | AD2: 44 | AE2: 49 | AF2: 50 | AG2: 51 | AH2: 53 | AI2: 54 | AJ2: 55
D3: 3
D5: =VLOOKUP(D3,$C$9:$E$999,2,FALSE) -> ts_annual | E5: =VLOOKUP(D3,$C$9:$E$999,3,FALSE) -> C3
B7: ~Scenmap
A8: priority | B8: scen | C8: case_no | D8: timeslice | E8: climate
A9: 5 | B9: =VLOOKUP(E9,$AK$9:$AL$15,2,FALSE)&"."&VLOOKUP(D9,$AH$9:$AI$24,2,FALSE) -> e 1.5 deg no OS.kAnn | C9: 1 | D9: =VLOOKUP(AJ9,$AG$9:$AH$22,2,FALSE) -> ts_annual | E9: C1 | G9: Limit warming to 1.5°C (>50%) with no or limited overshoot | AG9: 1 | AH9: ts_annual | AI9: kAnn | AJ9: 1 | AK9: C1 | AL9: e 1.5 deg no OS
A10: 5 | B10: =VLOOKUP(E10,$AK$9:$AL$15,2,FALSE)&"."&VLOOKUP(D10,$AH$9:$AI$24,2,FALSE) -> d 1.5 deg OS.kAnn | C10: =C9+1 -> 2 | D10: =VLOOKUP(AJ10,$AG$9:$AH$22,2,FALSE) -> ts_annual | E10: C2 | G10: Limit warming to 1.5°C (>67%) with high overshoot | S10: IEA | AG10: 2 | AH10: ts_12t | AI10: k12 | AJ10: 1 | AK10: C2 | AL10: d 1.5 deg OS
A11: 5 | B11: =VLOOKUP(E11,$AK$9:$AL$15,2,FALSE)&"."&VLOOKUP(D11,$AH$9:$AI$24,2,FALSE) -> c 2 deg (67%).kAnn | C11: =C10+1 -> 3 | D11: =VLOOKUP(AJ11,$AG$9:$AH$22,2,FALSE) -> ts_annual | E11: C3 | G11: Limit warming to 2°C (>67%) with higher action post-2030 | S11: 2022 | AG11: 3 | AH11: ts_012 | AI11: j12 | AJ11: 1 | AK11: C3 | AL11: c 2 deg (67%)
A12: 5 | B12: =VLOOKUP(E12,$AK$9:$AL$15,2,FALSE)&"."&VLOOKUP(D12,$AH$9:$AI$24,2,FALSE) -> b 2 deg (50%).kAnn | C12: =C11+1 -> 4 | D12: =VLOOKUP(AJ12,$AG$9:$AH$22,2,FALSE) -> ts_annual | E12: C4 | G12: Limit warming to 2°C (>50%) with immediate action | S12: =SUMIFS(iea_data!I3:I9999,iea_data!$B$3:$B$9999,Veda!$S$11)+T28-T29 -> 690.28 | T12: base-year generation (TWh) | AG12: 4 | AH12: ts_024 | AI12: i24 | AJ12: 1 | AK12: C4 | AL12: b 2 deg (50%)
A13: 5 | B13: =VLOOKUP(E13,$AK$9:$AL$15,2,FALSE)&"."&VLOOKUP(D13,$AH$9:$AI$24,2,FALSE) -> a 3 deg.kAnn | C13: =C12+1 -> 5 | D13: =VLOOKUP(AJ13,$AG$9:$AH$22,2,FALSE) -> ts_annual | E13: C7 | G13: Likely above 3°C warming with limited mitigation | AG13: 5 | AH13: ts_048 | AI13: h48 | AJ13: 1 | AK13: C7 | AL13: a 3 deg
A14: 5 | B14: =VLOOKUP(E14,$AK$9:$AL$15,2,FALSE)&"."&VLOOKUP(D14,$AH$9:$AI$24,2,FALSE) -> e 1.5 deg no OS.k12 | C14: =C13+1 -> 6 | D14: =VLOOKUP(AJ14,$AG$9:$AH$22,2,FALSE) -> ts_12t | E14: =E9 -> C1 | T14: =S12 -> 690.28 | U14: =$S$12*J15 -> 807.6276 | V14: =$S$12*K15 -> 980.1976 | W14: =$S$12*L15 -> 1125.1564 | X14: =$S$12*M15 -> 1380.56 | Y14: =$S$12*N15 -> 1635.9636 | Z14: =$S$12*O15 -> 1981.1036 | AG14: 6 | AH14: ts_064 | AI14: g64 | AJ14: =AJ9+1 -> 2
A15: 5 | B15: =VLOOKUP(E15,$AK$9:$AL$15,2,FALSE)&"."&VLOOKUP(D15,$AH$9:$AI$24,2,FALSE) -> d 1.5 deg OS.k12 | C15: =C14+1 -> 7 | D15: =VLOOKUP(AJ15,$AG$9:$AH$22,2,FALSE) -> ts_12t | E15: =E10 -> C2 | G15: Electricity growth relative to 2020 | I15: =SUMIFS(ar6_r10!$F$2:$F$999,ar6_r10!$A$2:$A$999,Veda!$E$5,ar6_r10!$C$2:$C$999,Veda!I$17,ar6_r10!$M$2:$M$999,Veda!$G15) -> 1 | J15: =SUMIFS(ar6_r10!$F$2:$F$999,ar6_r10!$A$2:$A$999,Veda!$E$5,ar6_r10!$C$2:$C$999,Veda!J$17,ar6_r10!$M$2:$M$999,Veda!$G15) -> 1.17 | K15: =SUMIFS(ar6_r10!$F$2:$F$999,ar6_r10!$A$2:$A$999,Veda!$E$5,ar6_r10!$C$2:$C$999,Veda!K$17,ar6_r10!$M$2:$M$999,Veda!$G15) -> 1.42 | L15: =SUMIFS(ar6_r10!$F$2:$F$999,ar6_r10!$A$2:$A$999,Veda!$E$5,ar6_r10!$C$2:$C$999,Veda!L$17,ar6_r10!$M$2:$M$999,Veda!$G15) -> 1.63 | M15: =SUMIFS(ar6_r10!$F$2:$F$999,ar6_r10!$A$2:$A$999,Veda!$E$5,ar6_r10!$C$2:$C$999,Veda!M$17,ar6_r10!$M$2:$M$999,Veda!$G15) -> 2 | N15: =SUMIFS(ar6_r10!$F$2:$F$999,ar6_r10!$A$2:$A$999,Veda!$E$5,ar6_r10!$C$2:$C$999,Veda!N$17,ar6_r10!$M$2:$M$999,Veda!$G15) -> 2.37 | O15: =SUMIFS(ar6_r10!$F$2:$F$999,ar6_r10!$A$2:$A$999,Veda!$E$5,ar6_r10!$C$2:$C$999,Veda!O$17,ar6_r10!$M$2:$M$999,Veda!$G15) -> 2.87 | AG15: 7 | AH15: ts_096P50 | AI15: f96p50 | AJ15: =AJ10+1 -> 2
A16: 5 | B16: =VLOOKUP(E16,$AK$9:$AL$15,2,FALSE)&"."&VLOOKUP(D16,$AH$9:$AI$24,2,FALSE) -> c 2 deg (67%).k12 | C16: =C15+1 -> 8 | D16: =VLOOKUP(AJ16,$AG$9:$AH$22,2,FALSE) -> ts_12t | E16: =E11 -> C3 | S16: ~TFM_INS-TS | AG16: 8 | AH16: ts_096P10 | AI16: f96p10 | AJ16: =AJ11+1 -> 2
A17: 5 | B17: =VLOOKUP(E17,$AK$9:$AL$15,2,FALSE)&"."&VLOOKUP(D17,$AH$9:$AI$24,2,FALSE) -> b 2 deg (50%).k12 | C17: =C16+1 -> 9 | D17: =VLOOKUP(AJ17,$AG$9:$AH$22,2,FALSE) -> ts_12t | E17: =E12 -> C4 | I17: 2020 | J17: =U17 -> 2025 | K17: =V17 -> 2030 | L17: =W17 -> 2035 | M17: =X17 -> 2040 | N17: =Y17 -> 2045 | O17: =Z17 -> 2050 | S17: commodity | T17: 2022 | U17: 2025 | V17: 2030 | W17: 2035 | X17: 2040 | Y17: 2045 | Z17: 2050 | AA17: attribute | AG17: 9 | AH17: ts_096P90 | AI17: f96p90 | AJ17: =AJ12+1 -> 2
A18: 5 | B18: =VLOOKUP(E18,$AK$9:$AL$15,2,FALSE)&"."&VLOOKUP(D18,$AH$9:$AI$24,2,FALSE) -> a 3 deg.k12 | C18: =C17+1 -> 10 | D18: =VLOOKUP(AJ18,$AG$9:$AH$22,2,FALSE) -> ts_12t | E18: =E13 -> C7 | G18: Hydrogen as a share of electricity | I18: =SUMIFS(ar6_r10!$F$2:$F$999,ar6_r10!$A$2:$A$999,Veda!$E$5,ar6_r10!$C$2:$C$999,Veda!I$17,ar6_r10!$M$2:$M$999,Veda!$G18) -> 0 | J18: =SUMIFS(ar6_r10!$F$2:$F$999,ar6_r10!$A$2:$A$999,Veda!$E$5,ar6_r10!$C$2:$C$999,Veda!J$17,ar6_r10!$M$2:$M$999,Veda!$G18) -> 0 | K18: =SUMIFS(ar6_r10!$F$2:$F$999,ar6_r10!$A$2:$A$999,Veda!$E$5,ar6_r10!$C$2:$C$999,Veda!K$17,ar6_r10!$M$2:$M$999,Veda!$G18) -> 0 | L18: =SUMIFS(ar6_r10!$F$2:$F$999,ar6_r10!$A$2:$A$999,Veda!$E$5,ar6_r10!$C$2:$C$999,Veda!L$17,ar6_r10!$M$2:$M$999,Veda!$G18) -> 0 | M18: =SUMIFS(ar6_r10!$F$2:$F$999,ar6_r10!$A$2:$A$999,Veda!$E$5,ar6_r10!$C$2:$C$999,Veda!M$17,ar6_r10!$M$2:$M$999,Veda!$G18) -> 0.01 | N18: =SUMIFS(ar6_r10!$F$2:$F$999,ar6_r10!$A$2:$A$999,Veda!$E$5,ar6_r10!$C$2:$C$999,Veda!N$17,ar6_r10!$M$2:$M$999,Veda!$G18) -> 0.01 | O18: =SUMIFS(ar6_r10!$F$2:$F$999,ar6_r10!$A$2:$A$999,Veda!$E$5,ar6_r10!$C$2:$C$999,Veda!O$17,ar6_r10!$M$2:$M$999,Veda!$G18) -> 0.03 | S18: hydrogen_allsect | T18: =I18*T$14 -> 0 | U18: =J18*U$14 -> 0 | V18: =K18*V$14 -> 0 | W18: =L18*W$14 -> 0 | X18: =M18*X$14 -> 13.8056 | Y18: =N18*Y$14 -> 16.359636 | Z18: =O18*Z$14 -> 59.433108 | AA18: demand | AG18: 10 | AH18: s1p1v1_d | AI18: e3d | AJ18: =AJ13+1 -> 2
A19: 5 | B19: =VLOOKUP(E19,$AK$9:$AL$15,2,FALSE)&"."&VLOOKUP(D19,$AH$9:$AI$24,2,FALSE) -> e 1.5 deg no OS.j12 | C19: =C18+1 -> 11 | D19: =VLOOKUP(AJ19,$AG$9:$AH$22,2,FALSE) -> ts_012 | E19: =E14 -> C1 | G19: Industry electricity share | I19: =SUMIFS(ar6_r10!$F$2:$F$999,ar6_r10!$A$2:$A$999,Veda!$E$5,ar6_r10!$C$2:$C$999,Veda!I$17,ar6_r10!$M$2:$M$999,Veda!$G19) -> 0.43 | J19: =SUMIFS(ar6_r10!$F$2:$F$999,ar6_r10!$A$2:$A$999,Veda!$E$5,ar6_r10!$C$2:$C$999,Veda!J$17,ar6_r10!$M$2:$M$999,Veda!$G19) -> 0.42 | K19: =SUMIFS(ar6_r10!$F$2:$F$999,ar6_r10!$A$2:$A$999,Veda!$E$5,ar6_r10!$C$2:$C$999,Veda!K$17,ar6_r10!$M$2:$M$999,Veda!$G19) -> 0.43 | L19: =SUMIFS(ar6_r10!$F$2:$F$999,ar6_r10!$A$2:$A$999,Veda!$E$5,ar6_r10!$C$2:$C$999,Veda!L$17,ar6_r10!$M$2:$M$999,Veda!$G19) -> 0.45 | M19: =SUMIFS(ar6_r10!$F$2:$F$999,ar6_r10!$A$2:$A$999,Veda!$E$5,ar6_r10!$C$2:$C$999,Veda!M$17,ar6_r10!$M$2:$M$999,Veda!$G19) -> 0.43 | N19: =SUMIFS(ar6_r10!$F$2:$F$999,ar6_r10!$A$2:$A$999,Veda!$E$5,ar6_r10!$C$2:$C$999,Veda!N$17,ar6_r10!$M$2:$M$999,Veda!$G19) -> 0.45 | O19: =SUMIFS(ar6_r10!$F$2:$F$999,ar6_r10!$A$2:$A$999,Veda!$E$5,ar6_r10!$C$2:$C$999,Veda!O$17,ar6_r10!$M$2:$M$999,Veda!$G19) -> 0.43 | S19: elc_industry | T19: =I19*T$14 -> 296.8204 | U19: =J19*U$14 -> 339.20359 | V19: =K19*V$14 -> 421.48497 | W19: =L19*W$14 -> 506.32038 | X19: =M19*X$14 -> 593.6408 | Y19: =N19*Y$14 -> 736.18362 | Z19: =O19*Z$14 -> 851.87455 | AA19: demand | AG19: 11 | AH19: s3p3v3_d | AI19: d9d | AJ19: =AJ14+1 -> 3
A20: 5 | B20: =VLOOKUP(E20,$AK$9:$AL$15,2,FALSE)&"."&VLOOKUP(D20,$AH$9:$AI$24,2,FALSE) -> d 1.5 deg OS.j12 | C20: =C19+1 -> 12 | D20: =VLOOKUP(AJ20,$AG$9:$AH$22,2,FALSE) -> ts_012 | E20: =E15 -> C2 | G20: Residential and commercial electricity share | I20: =SUMIFS(ar6_r10!$F$2:$F$999,ar6_r10!$A$2:$A$999,Veda!$E$5,ar6_r10!$C$2:$C$999,Veda!I$17,ar6_r10!$M$2:$M$999,Veda!$G20) -> 0.57 | J20: =SUMIFS(ar6_r10!$F$2:$F$999,ar6_r10!$A$2:$A$999,Veda!$E$5,ar6_r10!$C$2:$C$999,Veda!J$17,ar6_r10!$M$2:$M$999,Veda!$G20) -> 0.57 | K20: =SUMIFS(ar6_r10!$F$2:$F$999,ar6_r10!$A$2:$A$999,Veda!$E$5,ar6_r10!$C$2:$C$999,Veda!K$17,ar6_r10!$M$2:$M$999,Veda!$G20) -> 0.53 | L20: =SUMIFS(ar6_r10!$F$2:$F$999,ar6_r10!$A$2:$A$999,Veda!$E$5,ar6_r10!$C$2:$C$999,Veda!L$17,ar6_r10!$M$2:$M$999,Veda!$G20) -> 0.51 | M20: =SUMIFS(ar6_r10!$F$2:$F$999,ar6_r10!$A$2:$A$999,Veda!$E$5,ar6_r10!$C$2:$C$999,Veda!M$17,ar6_r10!$M$2:$M$999,Veda!$G20) -> 0.5 | N20: =SUMIFS(ar6_r10!$F$2:$F$999,ar6_r10!$A$2:$A$999,Veda!$E$5,ar6_r10!$C$2:$C$999,Veda!N$17,ar6_r10!$M$2:$M$999,Veda!$G20) -> 0.47 | O20: =SUMIFS(ar6_r10!$F$2:$F$999,ar6_r10!$A$2:$A$999,Veda!$E$5,ar6_r10!$C$2:$C$999,Veda!O$17,ar6_r10!$M$2:$M$999,Veda!$G20) -> 0.48 | S20: elc_buildings | T20: =I20*T$14 -> 393.4596 | U20: =J20*U$14 -> 460.34773 | V20: =K20*V$14 -> 519.50473 | W20: =L20*W$14 -> 573.82976 | X20: =M20*X$14 -> 690.28 | Y20: =N20*Y$14 -> 768.90289 | Z20: =O20*Z$14 -> 950.92973 | AA20: demand | AG20: 12 | AH20: s5p5v5_d | AI20: c15d | AJ20: =AJ15+1 -> 3
A21: 5 | B21: =VLOOKUP(E21,$AK$9:$AL$15,2,FALSE)&"."&VLOOKUP(D21,$AH$9:$AI$24,2,FALSE) -> c 2 deg (67%).j12 | C21: =C20+1 -> 13 | D21: =VLOOKUP(AJ21,$AG$9:$AH$22,2,FALSE) -> ts_012 | E21: =E16 -> C3 | G21: Transportation electricity share | I21: =SUMIFS(ar6_r10!$F$2:$F$999,ar6_r10!$A$2:$A$999,Veda!$E$5,ar6_r10!$C$2:$C$999,Veda!I$17,ar6_r10!$M$2:$M$999,Veda!$G21) -> 0.01 | J21: =SUMIFS(ar6_r10!$F$2:$F$999,ar6_r10!$A$2:$A$999,Veda!$E$5,ar6_r10!$C$2:$C$999,Veda!J$17,ar6_r10!$M$2:$M$999,Veda!$G21) -> 0.01 | K21: =SUMIFS(ar6_r10!$F$2:$F$999,ar6_r10!$A$2:$A$999,Veda!$E$5,ar6_r10!$C$2:$C$999,Veda!K$17,ar6_r10!$M$2:$M$999,Veda!$G21) -> 0.02 | L21: =SUMIFS(ar6_r10!$F$2:$F$999,ar6_r10!$A$2:$A$999,Veda!$E$5,ar6_r10!$C$2:$C$999,Veda!L$17,ar6_r10!$M$2:$M$999,Veda!$G21) -> 0.02 | M21: =SUMIFS(ar6_r10!$F$2:$F$999,ar6_r10!$A$2:$A$999,Veda!$E$5,ar6_r10!$C$2:$C$999,Veda!M$17,ar6_r10!$M$2:$M$999,Veda!$G21) -> 0.04 | N21: =SUMIFS(ar6_r10!$F$2:$F$999,ar6_r10!$A$2:$A$999,Veda!$E$5,ar6_r10!$C$2:$C$999,Veda!N$17,ar6_r10!$M$2:$M$999,Veda!$G21) -> 0.05 | O21: =SUMIFS(ar6_r10!$F$2:$F$999,ar6_r10!$A$2:$A$999,Veda!$E$5,ar6_r10!$C$2:$C$999,Veda!O$17,ar6_r10!$M$2:$M$999,Veda!$G21) -> 0.07 | S21: elc_transport | T21: =I21*T$14 -> 6.9028 | U21: =T21 -> 6.9028 | V21: =U21 -> 6.9028 | W21: =V21 -> 6.9028 | X21: =W21 -> 6.9028 | Y21: =X21 -> 6.9028 | Z21: =Y21 -> 6.9028 | AA21: demand | AC21: non-road transport demand assumed to be constant | AG21: 13 | AH21: s2_w | AI21: b2w | AJ21: =AJ16+1 -> 3
A22: 5 | B22: =VLOOKUP(E22,$AK$9:$AL$15,2,FALSE)&"."&VLOOKUP(D22,$AH$9:$AI$24,2,FALSE) -> b 2 deg (50%).j12 | C22: =C21+1 -> 14 | D22: =VLOOKUP(AJ22,$AG$9:$AH$22,2,FALSE) -> ts_012 | E22: =E17 -> C4 | S22: elc_roadtransport | T22: =T14-SUM(T19:T21) -> -6.9028 | U22: =U14-SUM(U19:U21) -> 1.173476 | V22: =V14-SUM(V19:V21) -> 32.305104 | W22: =W14-SUM(W19:W21) -> 38.103456 | X22: =X14-SUM(X19:X21) -> 89.7364 | Y22: =Y14-SUM(Y19:Y21) -> 123.97429 | Z22: =Z14-SUM(Z19:Z21) -> 171.39652 | AA22: demand | AG22: 14 | AH22: s2_w_p2_d | AI22: a2w2d | AJ22: =AJ17+1 -> 3
A23: 5 | B23: =VLOOKUP(E23,$AK$9:$AL$15,2,FALSE)&"."&VLOOKUP(D23,$AH$9:$AI$24,2,FALSE) -> a 3 deg.j12 | C23: =C22+1 -> 15 | D23: =VLOOKUP(AJ23,$AG$9:$AH$22,2,FALSE) -> ts_012 | E23: =E18 -> C7 | S23: * | AJ23: =AJ18+1 -> 3
A24: 5 | B24: =VLOOKUP(E24,$AK$9:$AL$15,2,FALSE)&"."&VLOOKUP(D24,$AH$9:$AI$24,2,FALSE) -> e 1.5 deg no OS.i24 | C24: =C23+1 -> 16 | D24: =VLOOKUP(AJ24,$AG$9:$AH$22,2,FALSE) -> ts_024 | E24: =E19 -> C1 | G24: CO2 price | I24: 0 | J24: 0 | K24: =SUMIFS(ar6_r10!$F$2:$F$999,ar6_r10!$A$2:$A$999,Veda!$E$5,ar6_r10!$C$2:$C$999,Veda!K$17,ar6_r10!$M$2:$M$999,Veda!$G24) -> 61.35 | L24: =SUMIFS(ar6_r10!$F$2:$F$999,ar6_r10!$A$2:$A$999,Veda!$E$5,ar6_r10!$C$2:$C$999,Veda!L$17,ar6_r10!$M$2:$M$999,Veda!$G24) -> 98.16 | M24: =SUMIFS(ar6_r10!$F$2:$F$999,ar6_r10!$A$2:$A$999,Veda!$E$5,ar6_r10!$C$2:$C$999,Veda!M$17,ar6_r10!$M$2:$M$999,Veda!$G24) -> 128.76 | N24: =SUMIFS(ar6_r10!$F$2:$F$999,ar6_r10!$A$2:$A$999,Veda!$E$5,ar6_r10!$C$2:$C$999,Veda!N$17,ar6_r10!$M$2:$M$999,Veda!$G24) -> 172.36 | O24: =SUMIFS(ar6_r10!$F$2:$F$999,ar6_r10!$A$2:$A$999,Veda!$E$5,ar6_r10!$C$2:$C$999,Veda!O$17,ar6_r10!$M$2:$M$999,Veda!$G24) -> 209.45 | S24: co2net | U24: 0 | V24: =K24/1000 -> 0.06135 | W24: =L24/1000 -> 0.09816 | X24: =M24/1000 -> 0.12876 | Y24: =N24/1000 -> 0.17236 | Z24: =O24/1000 -> 0.20945 | AA24: com_taxnet | AJ24: =AJ19+1 -> 4
A25: 5 | B25: =VLOOKUP(E25,$AK$9:$AL$15,2,FALSE)&"."&VLOOKUP(D25,$AH$9:$AI$24,2,FALSE) -> d 1.5 deg OS.i24 | C25: =C24+1 -> 17 | D25: =VLOOKUP(AJ25,$AG$9:$AH$22,2,FALSE) -> ts_024 | E25: =E20 -> C2 | AJ25: =AJ20+1 -> 4
A26: 5 | B26: =VLOOKUP(E26,$AK$9:$AL$15,2,FALSE)&"."&VLOOKUP(D26,$AH$9:$AI$24,2,FALSE) -> c 2 deg (67%).i24 | C26: =C25+1 -> 18 | D26: =VLOOKUP(AJ26,$AG$9:$AH$22,2,FALSE) -> ts_024 | E26: =E21 -> C3 | S26: ~TFM_INS-TS | AJ26: =AJ21+1 -> 4
A27: 5 | B27: =VLOOKUP(E27,$AK$9:$AL$15,2,FALSE)&"."&VLOOKUP(D27,$AH$9:$AI$24,2,FALSE) -> b 2 deg (50%).i24 | C27: =C26+1 -> 19 | D27: =VLOOKUP(AJ27,$AG$9:$AH$22,2,FALSE) -> ts_024 | E27: =E22 -> C4 | S27: process | T27: =T17 -> 2022 | U27: =U17 -> 2025 | V27: =V17 -> 2030 | W27: =W17 -> 2035 | X27: =X17 -> 2040 | Y27: =Y17 -> 2045 | Z27: =Z17 -> 2050 | AA27: attribute | AB27: limtype | AJ27: =AJ22+1 -> 4
A28: 5 | B28: =VLOOKUP(E28,$AK$9:$AL$15,2,FALSE)&"."&VLOOKUP(D28,$AH$9:$AI$24,2,FALSE) -> a 3 deg.i24 | C28: =C27+1 -> 20 | D28: =VLOOKUP(AJ28,$AG$9:$AH$22,2,FALSE) -> ts_024 | E28: =E23 -> C7 | Q28: =SUMIFS(iea_data!G3:G9999,iea_data!$B$3:$B$9999,Veda!$S$11) -> 17.89 | S28: Trd_electricity import | T28: =Q28 -> 17.89 | AA28: ACT_BND | AB28: FX | AJ28: =AJ23+1 -> 4
A29: 5 | B29: =VLOOKUP(E29,$AK$9:$AL$15,2,FALSE)&"."&VLOOKUP(D29,$AH$9:$AI$24,2,FALSE) -> e 1.5 deg no OS.h48 | C29: =C28+1 -> 21 | D29: =VLOOKUP(AJ29,$AG$9:$AH$22,2,FALSE) -> ts_048 | E29: =E24 -> C1 | Q29: =SUMIFS(iea_data!H3:H9999,iea_data!$B$3:$B$9999,Veda!$S$11) -> -4.98 | S29: Trd_electricity export | T29: =-1*Q29 -> 4.98 | AA29: ACT_BND | AB29: FX | AJ29: =AJ24+1 -> 5
A30: 5 | B30: =VLOOKUP(E30,$AK$9:$AL$15,2,FALSE)&"."&VLOOKUP(D30,$AH$9:$AI$24,2,FALSE) -> d 1.5 deg OS.h48 | C30: =C29+1 -> 22 | D30: =VLOOKUP(AJ30,$AG$9:$AH$22,2,FALSE) -> ts_048 | E30: =E25 -> C2 | AJ30: =AJ25+1 -> 5
A31: 5 | B31: =VLOOKUP(E31,$AK$9:$AL$15,2,FALSE)&"."&VLOOKUP(D31,$AH$9:$AI$24,2,FALSE) -> c 2 deg (67%).h48 | C31: =C30+1 -> 23 | D31: =VLOOKUP(AJ31,$AG$9:$AH$22,2,FALSE) -> ts_048 | E31: =E26 -> C3 | AJ31: =AJ26+1 -> 5
A32: 5 | B32: =VLOOKUP(E32,$AK$9:$AL$15,2,FALSE)&"."&VLOOKUP(D32,$AH$9:$AI$24,2,FALSE) -> b 2 deg (50%).h48 | C32: =C31+1 -> 24 | D32: =VLOOKUP(AJ32,$AG$9:$AH$22,2,FALSE) -> ts_048 | E32: =E27 -> C4 | AJ32: =AJ27+1 -> 5
A33: 5 | B33: =VLOOKUP(E33,$AK$9:$AL$15,2,FALSE)&"."&VLOOKUP(D33,$AH$9:$AI$24,2,FALSE) -> a 3 deg.h48 | C33: =C32+1 -> 25 | D33: =VLOOKUP(AJ33,$AG$9:$AH$22,2,FALSE) -> ts_048 | E33: =E28 -> C7 | AJ33: =AJ28+1 -> 5
A34: 5 | B34: =VLOOKUP(E34,$AK$9:$AL$15,2,FALSE)&"."&VLOOKUP(D34,$AH$9:$AI$24,2,FALSE) -> e 1.5 deg no OS.g64 | C34: =C33+1 -> 26 | D34: =VLOOKUP(AJ34,$AG$9:$AH$22,2,FALSE) -> ts_064 | E34: =E29 -> C1 | AJ34: =AJ29+1 -> 6
A35: 5 | B35: =VLOOKUP(E35,$AK$9:$AL$15,2,FALSE)&"."&VLOOKUP(D35,$AH$9:$AI$24,2,FALSE) -> d 1.5 deg OS.g64 | C35: =C34+1 -> 27 | D35: =VLOOKUP(AJ35,$AG$9:$AH$22,2,FALSE) -> ts_064 | E35: =E30 -> C2 | AJ35: =AJ30+1 -> 6
A36: 5 | B36: =VLOOKUP(E36,$AK$9:$AL$15,2,FALSE)&"."&VLOOKUP(D36,$AH$9:$AI$24,2,FALSE) -> c 2 deg (67%).g64 | C36: =C35+1 -> 28 | D36: =VLOOKUP(AJ36,$AG$9:$AH$22,2,FALSE) -> ts_064 | E36: =E31 -> C3 | G36: C7 | AJ36: =AJ31+1 -> 6
A37: 5 | B37: =VLOOKUP(E37,$AK$9:$AL$15,2,FALSE)&"."&VLOOKUP(D37,$AH$9:$AI$24,2,FALSE) -> b 2 deg (50%).g64 | C37: =C36+1 -> 29 | D37: =VLOOKUP(AJ37,$AG$9:$AH$22,2,FALSE) -> ts_064 | E37: =E32 -> C4 | G37: Gas Price | I37: =SUMIFS(ar6_r10!$F$2:$F$999,ar6_r10!$A$2:$A$999,Veda!$G$36,ar6_r10!$C$2:$C$999,Veda!I$17,ar6_r10!$M$2:$M$999,Veda!$G37) -> 1 | J37: =SUMIFS(ar6_r10!$F$2:$F$999,ar6_r10!$A$2:$A$999,Veda!$G$36,ar6_r10!$C$2:$C$999,Veda!J$17,ar6_r10!$M$2:$M$999,Veda!$G37) -> 1.03 | K37: =SUMIFS(ar6_r10!$F$2:$F$999,ar6_r10!$A$2:$A$999,Veda!$G$36,ar6_r10!$C$2:$C$999,Veda!K$17,ar6_r10!$M$2:$M$999,Veda!$G37) -> 1.21 | L37: =SUMIFS(ar6_r10!$F$2:$F$999,ar6_r10!$A$2:$A$999,Veda!$G$36,ar6_r10!$C$2:$C$999,Veda!L$17,ar6_r10!$M$2:$M$999,Veda!$G37) -> 1.15 | M37: =SUMIFS(ar6_r10!$F$2:$F$999,ar6_r10!$A$2:$A$999,Veda!$G$36,ar6_r10!$C$2:$C$999,Veda!M$17,ar6_r10!$M$2:$M$999,Veda!$G37) -> 1.28 | N37: =SUMIFS(ar6_r10!$F$2:$F$999,ar6_r10!$A$2:$A$999,Veda!$G$36,ar6_r10!$C$2:$C$999,Veda!N$17,ar6_r10!$M$2:$M$999,Veda!$G37) -> 1.36 | O37: =SUMIFS(ar6_r10!$F$2:$F$999,ar6_r10!$A$2:$A$999,Veda!$G$36,ar6_r10!$C$2:$C$999,Veda!O$17,ar6_r10!$M$2:$M$999,Veda!$G37) -> 1.38 | AJ37: =AJ32+1 -> 6
A38: 5 | B38: =VLOOKUP(E38,$AK$9:$AL$15,2,FALSE)&"."&VLOOKUP(D38,$AH$9:$AI$24,2,FALSE) -> a 3 deg.g64 | C38: =C37+1 -> 30 | D38: =VLOOKUP(AJ38,$AG$9:$AH$22,2,FALSE) -> ts_064 | E38: =E33 -> C7 | G38: Coal Price | I38: =SUMIFS(ar6_r10!$F$2:$F$999,ar6_r10!$A$2:$A$999,Veda!$G$36,ar6_r10!$C$2:$C$999,Veda!I$17,ar6_r10!$M$2:$M$999,Veda!$G38) -> 1 | J38: =SUMIFS(ar6_r10!$F$2:$F$999,ar6_r10!$A$2:$A$999,Veda!$G$36,ar6_r10!$C$2:$C$999,Veda!J$17,ar6_r10!$M$2:$M$999,Veda!$G38) -> 1.03 | K38: =SUMIFS(ar6_r10!$F$2:$F$999,ar6_r10!$A$2:$A$999,Veda!$G$36,ar6_r10!$C$2:$C$999,Veda!K$17,ar6_r10!$M$2:$M$999,Veda!$G38) -> 1.08 | L38: =SUMIFS(ar6_r10!$F$2:$F$999,ar6_r10!$A$2:$A$999,Veda!$G$36,ar6_r10!$C$2:$C$999,Veda!L$17,ar6_r10!$M$2:$M$999,Veda!$G38) -> 1.09 | M38: =SUMIFS(ar6_r10!$F$2:$F$999,ar6_r10!$A$2:$A$999,Veda!$G$36,ar6_r10!$C$2:$C$999,Veda!M$17,ar6_r10!$M$2:$M$999,Veda!$G38) -> 1.1 | N38: =SUMIFS(ar6_r10!$F$2:$F$999,ar6_r10!$A$2:$A$999,Veda!$G$36,ar6_r10!$C$2:$C$999,Veda!N$17,ar6_r10!$M$2:$M$999,Veda!$G38) -> 1.12 | O38: =SUMIFS(ar6_r10!$F$2:$F$999,ar6_r10!$A$2:$A$999,Veda!$G$36,ar6_r10!$C$2:$C$999,Veda!O$17,ar6_r10!$M$2:$M$999,Veda!$G38) -> 1.14 | AJ38: =AJ33+1 -> 6
A39: 5 | B39: =VLOOKUP(E39,$AK$9:$AL$15,2,FALSE)&"."&VLOOKUP(D39,$AH$9:$AI$24,2,FALSE) -> e 1.5 deg no OS.f96p50 | C39: =C38+1 -> 31 | D39: =VLOOKUP(AJ39,$AG$9:$AH$22,2,FALSE) -> ts_096P50 | E39: =E34 -> C1 | G39: Oil Price | I39: =SUMIFS(ar6_r10!$F$2:$F$999,ar6_r10!$A$2:$A$999,Veda!$G$36,ar6_r10!$C$2:$C$999,Veda!I$17,ar6_r10!$M$2:$M$999,Veda!$G39) -> 1 | J39: =SUMIFS(ar6_r10!$F$2:$F$999,ar6_r10!$A$2:$A$999,Veda!$G$36,ar6_r10!$C$2:$C$999,Veda!J$17,ar6_r10!$M$2:$M$999,Veda!$G39) -> 1.05 | K39: =SUMIFS(ar6_r10!$F$2:$F$999,ar6_r10!$A$2:$A$999,Veda!$G$36,ar6_r10!$C$2:$C$999,Veda!K$17,ar6_r10!$M$2:$M$999,Veda!$G39) -> 1.25 | L39: =SUMIFS(ar6_r10!$F$2:$F$999,ar6_r10!$A$2:$A$999,Veda!$G$36,ar6_r10!$C$2:$C$999,Veda!L$17,ar6_r10!$M$2:$M$999,Veda!$G39) -> 1.18 | M39: =SUMIFS(ar6_r10!$F$2:$F$999,ar6_r10!$A$2:$A$999,Veda!$G$36,ar6_r10!$C$2:$C$999,Veda!M$17,ar6_r10!$M$2:$M$999,Veda!$G39) -> 1.3 | N39: =SUMIFS(ar6_r10!$F$2:$F$999,ar6_r10!$A$2:$A$999,Veda!$G$36,ar6_r10!$C$2:$C$999,Veda!N$17,ar6_r10!$M$2:$M$999,Veda!$G39) -> 1.4 | O39: =SUMIFS(ar6_r10!$F$2:$F$999,ar6_r10!$A$2:$A$999,Veda!$G$36,ar6_r10!$C$2:$C$999,Veda!O$17,ar6_r10!$M$2:$M$999,Veda!$G39) -> 1.5 | AJ39: =AJ34+1 -> 7
A40: 5 | B40: =VLOOKUP(E40,$AK$9:$AL$15,2,FALSE)&"."&VLOOKUP(D40,$AH$9:$AI$24,2,FALSE) -> d 1.5 deg OS.f96p50 | C40: =C39+1 -> 32 | D40: =VLOOKUP(AJ40,$AG$9:$AH$22,2,FALSE) -> ts_096P50 | E40: =E35 -> C2 | G40: Biomass Price | I40: =SUMIFS(ar6_r10!$F$2:$F$999,ar6_r10!$A$2:$A$999,Veda!$G$36,ar6_r10!$C$2:$C$999,Veda!I$17,ar6_r10!$M$2:$M$999,Veda!$G40) -> 1 | J40: =SUMIFS(ar6_r10!$F$2:$F$999,ar6_r10!$A$2:$A$999,Veda!$G$36,ar6_r10!$C$2:$C$999,Veda!J$17,ar6_r10!$M$2:$M$999,Veda!$G40) -> 1.03 | K40: =SUMIFS(ar6_r10!$F$2:$F$999,ar6_r10!$A$2:$A$999,Veda!$G$36,ar6_r10!$C$2:$C$999,Veda!K$17,ar6_r10!$M$2:$M$999,Veda!$G40) -> 1.01 | L40: =SUMIFS(ar6_r10!$F$2:$F$999,ar6_r10!$A$2:$A$999,Veda!$G$36,ar6_r10!$C$2:$C$999,Veda!L$17,ar6_r10!$M$2:$M$999,Veda!$G40) -> 0.93 | M40: =SUMIFS(ar6_r10!$F$2:$F$999,ar6_r10!$A$2:$A$999,Veda!$G$36,ar6_r10!$C$2:$C$999,Veda!M$17,ar6_r10!$M$2:$M$999,Veda!$G40) -> 0.94 | N40: =SUMIFS(ar6_r10!$F$2:$F$999,ar6_r10!$A$2:$A$999,Veda!$G$36,ar6_r10!$C$2:$C$999,Veda!N$17,ar6_r10!$M$2:$M$999,Veda!$G40) -> 0.92 | O40: =SUMIFS(ar6_r10!$F$2:$F$999,ar6_r10!$A$2:$A$999,Veda!$G$36,ar6_r10!$C$2:$C$999,Veda!O$17,ar6_r10!$M$2:$M$999,Veda!$G40) -> 0.87 | AJ40: =AJ35+1 -> 7
A41: 5 | B41: =VLOOKUP(E41,$AK$9:$AL$15,2,FALSE)&"."&VLOOKUP(D41,$AH$9:$AI$24,2,FALSE) -> c 2 deg (67%).f96p50 | C41: =C40+1 -> 33 | D41: =VLOOKUP(AJ41,$AG$9:$AH$22,2,FALSE) -> ts_096P50 | E41: =E36 -> C3 | AJ41: =AJ36+1 -> 7
A42: 5 | B42: =VLOOKUP(E42,$AK$9:$AL$15,2,FALSE)&"."&VLOOKUP(D42,$AH$9:$AI$24,2,FALSE) -> b 2 deg (50%).f96p50 | C42: =C41+1 -> 34 | D42: =VLOOKUP(AJ42,$AG$9:$AH$22,2,FALSE) -> ts_096P50 | E42: =E37 -> C4 | AJ42: =AJ37+1 -> 7
A43: 5 | B43: =VLOOKUP(E43,$AK$9:$AL$15,2,FALSE)&"."&VLOOKUP(D43,$AH$9:$AI$24,2,FALSE) -> a 3 deg.f96p50 | C43: =C42+1 -> 35 | D43: =VLOOKUP(AJ43,$AG$9:$AH$22,2,FALSE) -> ts_096P50 | E43: =E38 -> C7 | G43: ~TFM_INS-TS: attribute=flo_cost | AJ43: =AJ38+1 -> 7
A44: 5 | B44: =VLOOKUP(E44,$AK$9:$AL$15,2,FALSE)&"."&VLOOKUP(D44,$AH$9:$AI$24,2,FALSE) -> e 1.5 deg no OS.f96p10 | C44: =C43+1 -> 36 | D44: =VLOOKUP(AJ44,$AG$9:$AH$22,2,FALSE) -> ts_096P10 | E44: =E39 -> C1 | G44: commodity | H44: pset_co | I44: 2022 | J44: =J17 -> 2025 | K44: =K17 -> 2030 | L44: =L17 -> 2035 | M44: =M17 -> 2040 | N44: =N17 -> 2045 | O44: =O17 -> 2050 | R44: low | S44: high | AJ44: =AJ39+1 -> 8
A45: 5 | B45: =VLOOKUP(E45,$AK$9:$AL$15,2,FALSE)&"."&VLOOKUP(D45,$AH$9:$AI$24,2,FALSE) -> d 1.5 deg OS.f96p10 | C45: =C44+1 -> 37 | D45: =VLOOKUP(AJ45,$AG$9:$AH$22,2,FALSE) -> ts_096P10 | E45: =E40 -> C2 | G45: Gas | H45: =G45 -> Gas | I45: =AVERAGE($R45:$S45)*I37 -> 17.15 | J45: =AVERAGE($R45:$S45)*J37 -> 17.6645 | K45: =AVERAGE($R45:$S45)*K37 -> 20.7515 | L45: =AVERAGE($R45:$S45)*L37 -> 19.7225 | M45: =AVERAGE($R45:$S45)*M37 -> 21.952 | N45: =AVERAGE($R45:$S45)*N37 -> 23.324 | O45: =AVERAGE($R45:$S45)*O37 -> 23.667 | R45: =HLOOKUP($G45&"_"&R$44,fuel_prices!$B$10:$I$11,2,FALSE) -> 13.7 | S45: =HLOOKUP($G45&"_"&S$44,fuel_prices!$B$10:$I$11,2,FALSE) -> 20.6 | AJ45: =AJ40+1 -> 8
A46: 5 | B46: =VLOOKUP(E46,$AK$9:$AL$15,2,FALSE)&"."&VLOOKUP(D46,$AH$9:$AI$24,2,FALSE) -> c 2 deg (67%).f96p10 | C46: =C45+1 -> 38 | D46: =VLOOKUP(AJ46,$AG$9:$AH$22,2,FALSE) -> ts_096P10 | E46: =E41 -> C3 | G46: Coal | H46: =G46 -> Coal | I46: =AVERAGE($R46:$S46)*I38 -> 14.45 | J46: =AVERAGE($R46:$S46)*J38 -> 14.8835 | K46: =AVERAGE($R46:$S46)*K38 -> 15.606 | L46: =AVERAGE($R46:$S46)*L38 -> 15.7505 | M46: =AVERAGE($R46:$S46)*M38 -> 15.895 | N46: =AVERAGE($R46:$S46)*N38 -> 16.184 | O46: =AVERAGE($R46:$S46)*O38 -> 16.473 | R46: =HLOOKUP($G46&"_"&R$44,fuel_prices!$B$10:$I$11,2,FALSE) -> 12.2 | S46: =HLOOKUP($G46&"_"&S$44,fuel_prices!$B$10:$I$11,2,FALSE) -> 16.7 | AJ46: =AJ41+1 -> 8
A47: 5 | B47: =VLOOKUP(E47,$AK$9:$AL$15,2,FALSE)&"."&VLOOKUP(D47,$AH$9:$AI$24,2,FALSE) -> b 2 deg (50%).f96p10 | C47: =C46+1 -> 39 | D47: =VLOOKUP(AJ47,$AG$9:$AH$22,2,FALSE) -> ts_096P10 | E47: =E42 -> C4 | G47: Oil | H47: =G47 -> Oil | I47: =AVERAGE($R47:$S47)*I39 -> 50 | J47: =AVERAGE($R47:$S47)*J39 -> 52.5 | K47: =AVERAGE($R47:$S47)*K39 -> 62.5 | L47: =AVERAGE($R47:$S47)*L39 -> 59 | M47: =AVERAGE($R47:$S47)*M39 -> 65 | N47: =AVERAGE($R47:$S47)*N39 -> 70 | O47: =AVERAGE($R47:$S47)*O39 -> 75 | R47: =HLOOKUP($G47&"_"&R$44,fuel_prices!$B$10:$I$11,2,FALSE) -> 45 | S47: =HLOOKUP($G47&"_"&S$44,fuel_prices!$B$10:$I$11,2,FALSE) -> 55 | AJ47: =AJ42+1 -> 8
A48: 5 | B48: =VLOOKUP(E48,$AK$9:$AL$15,2,FALSE)&"."&VLOOKUP(D48,$AH$9:$AI$24,2,FALSE) -> a 3 deg.f96p10 | C48: =C47+1 -> 40 | D48: =VLOOKUP(AJ48,$AG$9:$AH$22,2,FALSE) -> ts_096P10 | E48: =E43 -> C7 | G48: Bioenergy | H48: =G48 -> Bioenergy | I48: =AVERAGE($R48:$S48)*I40 -> 18 | J48: =AVERAGE($R48:$S48)*J40 -> 18.54 | K48: =AVERAGE($R48:$S48)*K40 -> 18.18 | L48: =AVERAGE($R48:$S48)*L40 -> 16.74 | M48: =AVERAGE($R48:$S48)*M40 -> 16.92 | N48: =AVERAGE($R48:$S48)*N40 -> 16.56 | O48: =AVERAGE($R48:$S48)*O40 -> 15.66 | R48: =HLOOKUP($G48&"_"&R$44,fuel_prices!$B$10:$I$11,2,FALSE) -> 14 | S48: =HLOOKUP($G48&"_"&S$44,fuel_prices!$B$10:$I$11,2,FALSE) -> 22 | AJ48: =AJ43+1 -> 8
A49: 5 | B49: =VLOOKUP(E49,$AK$9:$AL$15,2,FALSE)&"."&VLOOKUP(D49,$AH$9:$AI$24,2,FALSE) -> e 1.5 deg no OS.f96p90 | C49: =C48+1 -> 41 | D49: =VLOOKUP(AJ49,$AG$9:$AH$22,2,FALSE) -> ts_096P90 | E49: =E44 -> C1 | AJ49: =AJ44+1 -> 9
A50: 5 | B50: =VLOOKUP(E50,$AK$9:$AL$15,2,FALSE)&"."&VLOOKUP(D50,$AH$9:$AI$24,2,FALSE) -> d 1.5 deg OS.f96p90 | C50: =C49+1 -> 42 | D50: =VLOOKUP(AJ50,$AG$9:$AH$22,2,FALSE) -> ts_096P90 | E50: =E45 -> C2 | AJ50: =AJ45+1 -> 9
A51: 5 | B51: =VLOOKUP(E51,$AK$9:$AL$15,2,FALSE)&"."&VLOOKUP(D51,$AH$9:$AI$24,2,FALSE) -> c 2 deg (67%).f96p90 | C51: =C50+1 -> 43 | D51: =VLOOKUP(AJ51,$AG$9:$AH$22,2,FALSE) -> ts_096P90 | E51: =E46 -> C3 | AJ51: =AJ46+1 -> 9
A52: 5 | B52: =VLOOKUP(E52,$AK$9:$AL$15,2,FALSE)&"."&VLOOKUP(D52,$AH$9:$AI$24,2,FALSE) -> b 2 deg (50%).f96p90 | C52: =C51+1 -> 44 | D52: =VLOOKUP(AJ52,$AG$9:$AH$22,2,FALSE) -> ts_096P90 | E52: =E47 -> C4 | AJ52: =AJ47+1 -> 9
A53: 5 | B53: =VLOOKUP(E53,$AK$9:$AL$15,2,FALSE)&"."&VLOOKUP(D53,$AH$9:$AI$24,2,FALSE) -> a 3 deg.f96p90 | C53: =C52+1 -> 45 | D53: =VLOOKUP(AJ53,$AG$9:$AH$22,2,FALSE) -> ts_096P90 | E53: =E48 -> C7 | AJ53: =AJ48+1 -> 9
A54: 5 | B54: =VLOOKUP(E54,$AK$9:$AL$15,2,FALSE)&"."&VLOOKUP(D54,$AH$9:$AI$24,2,FALSE) -> e 1.5 deg no OS.e3d | C54: =C53+1 -> 46 | D54: =VLOOKUP(AJ54,$AG$9:$AH$22,2,FALSE) -> s1p1v1_d | E54: =E49 -> C1 | AJ54: =AJ49+1 -> 10
A55: 5 | B55: =VLOOKUP(E55,$AK$9:$AL$15,2,FALSE)&"."&VLOOKUP(D55,$AH$9:$AI$24,2,FALSE) -> d 1.5 deg OS.e3d | C55: =C54+1 -> 47 | D55: =VLOOKUP(AJ55,$AG$9:$AH$22,2,FALSE) -> s1p1v1_d | E55: =E50 -> C2 | AJ55: =AJ50+1 -> 10
A56: 5 | B56: =VLOOKUP(E56,$AK$9:$AL$15,2,FALSE)&"."&VLOOKUP(D56,$AH$9:$AI$24,2,FALSE) -> c 2 deg (67%).e3d | C56: =C55+1 -> 48 | D56: =VLOOKUP(AJ56,$AG$9:$AH$22,2,FALSE) -> s1p1v1_d | E56: =E51 -> C3 | AJ56: =AJ51+1 -> 10
A57: 5 | B57: =VLOOKUP(E57,$AK$9:$AL$15,2,FALSE)&"."&VLOOKUP(D57,$AH$9:$AI$24,2,FALSE) -> b 2 deg (50%).e3d | C57: =C56+1 -> 49 | D57: =VLOOKUP(AJ57,$AG$9:$AH$22,2,FALSE) -> s1p1v1_d | E57: =E52 -> C4 | AJ57: =AJ52+1 -> 10
A58: 5 | B58: =VLOOKUP(E58,$AK$9:$AL$15,2,FALSE)&"."&VLOOKUP(D58,$AH$9:$AI$24,2,FALSE) -> a 3 deg.e3d | C58: =C57+1 -> 50 | D58: =VLOOKUP(AJ58,$AG$9:$AH$22,2,FALSE) -> s1p1v1_d | E58: =E53 -> C7 | AJ58: =AJ53+1 -> 10
A59: 5 | B59: =VLOOKUP(E59,$AK$9:$AL$15,2,FALSE)&"."&VLOOKUP(D59,$AH$9:$AI$24,2,FALSE) -> e 1.5 deg no OS.d9d | C59: =C58+1 -> 51 | D59: =VLOOKUP(AJ59,$AG$9:$AH$22,2,FALSE) -> s3p3v3_d | E59: =E54 -> C1 | AJ59: =AJ54+1 -> 11
A60: 5 | B60: =VLOOKUP(E60,$AK$9:$AL$15,2,FALSE)&"."&VLOOKUP(D60,$AH$9:$AI$24,2,FALSE) -> d 1.5 deg OS.d9d | C60: =C59+1 -> 52 | D60: =VLOOKUP(AJ60,$AG$9:$AH$22,2,FALSE) -> s3p3v3_d | E60: =E55 -> C2 | AJ60: =AJ55+1 -> 11
... A78: 5 | B78: =VLOOKUP(E78,$AK$9:$AL$15,2,FALSE)&"."&VLOOKUP(D78,$AH$9:$AI$24,2,FALSE) -> a 3 deg.a2w2d | C78: =C77+1 -> 70 | D78: =VLOOKUP(AJ78,$AG$9:$AH$22,2,FALSE) -> s2_w_p2_d | E78: =E73 -> C7 | AJ78: =AJ73+1 -> 14

Sheet fuel_prices
A9: Fuel Prices
A10: iso | B10: gas_low | C10: gas_high | D10: coal_low | E10: coal_high | F10: oil_low | G10: oil_high | H10: bioenergy_low | I10: bioenergy_high | J10: Notes
A11: BRA | B11: 13.7 | C11: 20.6 | D11: 12.2 | E11: 16.7 | F11: 45 | G11: 55 | H11: 14 | I11: 22 | J11: Pre-salt gas growing, sugarcane bagasse

Sheet iea_data
A9: IEA Baseline Data
A10: iso | B10: year | C10: industry_twh | D10: buildings_agri_twh | E10: nonroad_transport_twh | F10: road_transport_twh | G10: imports_twh | H10: exports_twh | I10: total_production_twh
A11: BRA | B11: 2000 | C11: 217.13 | D11: 173.18 | E11: 1.25 | F11: 0 | G11: 44.35 | H11: -0.01 | I11: 348.91
A12: BRA | B12: 2001 | C12: 205.28 | D12: 157.97 | E12: 1.2 | F12: 0 | G12: 37.85 | H12: -0.01 | I12: 328.51
A13: BRA | B13: 2002 | C13: 220.09 | D13: 159.14 | E13: 0.94 | F13: 0 | G13: 36.58 | H13: -0.01 | I13: 345.67
A14: BRA | B14: 2003 | C14: 229.65 | D14: 168.51 | E14: 0.98 | F14: 0 | G14: 37.15 | H14: -0.01 | I14: 364.34
A15: BRA | B15: 2004 | C15: 247.72 | D15: 173.65 | E15: 1.04 | F15: 0 | G15: 37.39 | H15: -0.01 | I15: 387.45
A16: BRA | B16: 2005 | C16: 253.01 | D16: 185.1 | E16: 1.19 | F16: 0 | G16: 39.2 | H16: -0.16 | I16: 403.03
A17: BRA | B17: 2006 | C17: 265.43 | D17: 190.5 | E17: 1.46 | F17: 0 | G17: 41.45 | H17: -0.28 | I17: 419.34
A18: BRA | B18: 2007 | C18: 277.71 | D18: 200.67 | E18: 1.57 | F18: 0 | G18: 40.87 | H18: -2.03 | I18: 445.15
A19: BRA | B19: 2008 | C19: 287.84 | D19: 211.03 | E19: 1.61 | F19: 0 | G19: 42.9 | H19: -0.69 | I19: 463.07
A20: BRA | B20: 2009 | C20: 280.41 | D20: 219.4 | E20: 1.59 | F20: 0 | G20: 41.06 | H20: -1.08 | I20: 466.12
A21: BRA | B21: 2010 | C21: 307.72 | D21: 232.85 | E21: 1.66 | F21: 0 | G21: 35.91 | H21: -1.26 | I21: 515.71
A22: BRA | B22: 2011 | C22: 315.74 | D22: 245.66 | E22: 1.7 | F22: 0 | G22: 38.43 | H22: -2.54 | I22: 531.76
... A33: BRA | B33: 2022 | C33: 352.04 | D33: 329.56 | E33: 1.98 | F33: 0 | G33: 17.89 | H33: -4.98 | I33: 677.37

Sheet ar6_r10
A9: AR6 Scenario Drivers
A10: Category | B10: Region | C10: Year | D10: count | E10: mean | F10: median | G10: std | H10: min | I10: max | J10: q25 | K10: q75 | L10: category_description | M10: attribute
A11: C1 | B11: R10LATIN_AM | C11: 2020 | D11: 60 | E11: 5.67 | F11: 0.55 | G11: 7.11 | H11: 0 | I11: 17.35 | J11: 0 | K11: 13.55 | L11: Limit warming to 1.5°C (>50%) with no or limited overshoot | M11: CO2 price
A12: C1 | B12: R10LATIN_AM | C12: 2025 | D12: 60 | E12: 165.38 | F12: 153.36 | G12: 124.95 | H12: 1.73 | I12: 626.48 | J12: 108.64 | K12: 200.87 | L12: Limit warming to 1.5°C (>50%) with no or limited overshoot | M12: CO2 price
A13: C1 | B13: R10LATIN_AM | C13: 2030 | D13: 60 | E13: 234.48 | F13: 220.73 | G13: 112.04 | H13: 21.58 | I13: 673.46 | J13: 173.6 | K13: 252.97 | L13: Limit warming to 1.5°C (>50%) with no or limited overshoot | M13: CO2 price
A14: C1 | B14: R10LATIN_AM | C14: 2035 | D14: 60 | E14: 322.99 | F14: 286.86 | G14: 152.29 | H14: 0 | I14: 859.53 | J14: 236.35 | K14: 439.44 | L14: Limit warming to 1.5°C (>50%) with no or limited overshoot | M14: CO2 price
A15: C1 | B15: R10LATIN_AM | C15: 2040 | D15: 60 | E15: 431.53 | F15: 360.55 | G15: 207.19 | H15: 162.1 | I15: 1097.01 | J15: 289.44 | K15: 573.35 | L15: Limit warming to 1.5°C (>50%) with no or limited overshoot | M15: CO2 price
A16: C1 | B16: R10LATIN_AM | C16: 2045 | D16: 60 | E16: 534.47 | F16: 471.06 | G16: 243.62 | H16: 193.42 | I16: 1269.88 | J16: 352.78 | K16: 713.93 | L16: Limit warming to 1.5°C (>50%) with no or limited overshoot | M16: CO2 price
A17: C1 | B17: R10LATIN_AM | C17: 2050 | D17: 60 | E17: 624.12 | F17: 581.75 | G17: 257.63 | H17: 209.76 | I17: 1170.26 | J17: 409.79 | K17: 771.78 | L17: Limit warming to 1.5°C (>50%) with no or limited overshoot | M17: CO2 price
A18: C2 | B18: R10LATIN_AM | C18: 2020 | D18: 86 | E18: 2.57 | F18: 0 | G18: 5.21 | H18: 0 | I18: 17.25 | J18: 0 | K18: 0.95 | L18: Limit warming to 1.5°C (>67%) with high overshoot | M18: CO2 price
A19: C2 | B19: R10LATIN_AM | C19: 2025 | D19: 75 | E19: 47.44 | F19: 28.56 | G19: 42.96 | H19: 0 | I19: 174.97 | J19: 22.45 | K19: 61.4 | L19: Limit warming to 1.5°C (>67%) with high overshoot | M19: CO2 price
A20: C2 | B20: R10LATIN_AM | C20: 2030 | D20: 86 | E20: 66.05 | F20: 57.59 | G20: 49.35 | H20: 0 | I20: 221.93 | J20: 28.65 | K20: 83.92 | L20: Limit warming to 1.5°C (>67%) with high overshoot | M20: CO2 price
A21: C2 | B21: R10LATIN_AM | C21: 2035 | D21: 75 | E21: 198.06 | F21: 135.74 | G21: 296.93 | H21: -204.26 | I21: 2037.12 | J21: 87.23 | K21: 201.85 | L21: Limit warming to 1.5°C (>67%) with high overshoot | M21: CO2 price
A22: C2 | B22: R10LATIN_AM | C22: 2040 | D22: 86 | E22: 249.05 | F22: 169.66 | G22: 359.66 | H22: 0 | I22: 2600 | J22: 111.56 | K22: 257.75 | L22: Limit warming to 1.5°C (>67%) with high overshoot | M22: CO2 price
... A221: C1 | B221: R10LATIN_AM | C221: 2020 | D221: 35 | E221: 1 | F221: 1 | G221: 0 | H221: 1 | I221: 1 | J221: 1 | K221: 1 | L221: Limit warming to 1.5°C (>50%) with no or limited overshoot | M221: Gas price
A222: C1 | B222: R10LATIN_AM | C222: 2025 | D222: 37 | E222: 65535 | F222: 1.93 | H222: 1.26 | I222: 65535 | J222: 1.7 | K222: 2.38 | L222: Limit warming to 1.5°C (>50%) with no or limited overshoot | M222: Gas price
A223: C1 | B223: R10LATIN_AM | C223: 2030 | D223: 37 | E223: 65535 | F223: 2.65 | H223: 1.63 | I223: 65535 | J223: 2.34 | K223: 3.32 | L223: Limit warming to 1.5°C (>50%) with no or limited overshoot | M223: Gas price
A224: C1 | B224: R10LATIN_AM | C224: 2035 | D224: 37 | E224: 65535 | F224: 3.13 | H224: 1.95 | I224: 65535 | J224: 2.48 | K224: 4.02 | L224: Limit warming to 1.5°C (>50%) with no or limited overshoot | M224: Gas price
A225: C1 | B225: R10LATIN_AM | C225: 2040 | D225: 37 | E225: 65535 | F225: 3.66 | H225: 2.43 | I225: 65535 | J225: 2.98 | K225: 4.33 | L225: Limit warming to 1.5°C (>50%) with no or limited overshoot | M225: Gas price
A226: C1 | B226: R10LATIN_AM | C226: 2045 | D226: 37 | E226: 65535 | F226: 3.74 | H226: 2.45 | I226: 65535 | J226: 3.23 | K226: 4.96 | L226: Limit warming to 1.5°C (>50%) with no or limited overshoot | M226: Gas price
A227: C1 | B227: R10LATIN_AM | C227: 2050 | D227: 37 | E227: 65535 | F227: 3.74 | H227: 2.21 | I227: 65535 | J227: 3.22 | K227: 4.2 | L227: Limit warming to 1.5°C (>50%) with no or limited overshoot | M227: Gas price
A228: C2 | B228: R10LATIN_AM | C228: 2020 | D228: 43 | E228: 1 | F228: 1 | G228: 0 | H228: 1 | I228: 1 | J228: 1 | K228: 1 | L228: Limit warming to 1.5°C (>67%) with high overshoot | M228: Gas price
A229: C2 | B229: R10LATIN_AM | C229: 2025 | D229: 43 | E229: 1.25 | F229: 1.17 | G229: 0.19 | H229: 1.04 | I229: 1.83 | J229: 1.13 | K229: 1.28 | L229: Limit warming to 1.5°C (>67%) with high overshoot | M229: Gas price
A230: C2 | B230: R10LATIN_AM | C230: 2030 | D230: 43 | E230: 1.59 | F230: 1.56 | G230: 0.32 | H230: 1.05 | I230: 2.39 | J230: 1.34 | K230: 1.77 | L230: Limit warming to 1.5°C (>67%) with high overshoot | M230: Gas price
A231: C2 | B231: R10LATIN_AM | C231: 2035 | D231: 43 | E231: 2.72 | F231: 2.15 | G231: 2.08 | H231: 1.05 | I231: 10.54 | J231: 1.84 | K231: 2.47 | L231: Limit warming to 1.5°C (>67%) with high overshoot | M231: Gas price
A232: C2 | B232: R10LATIN_AM | C232: 2040 | D232: 43 | E232: 3.74 | F232: 2.7 | G232: 3.88 | H232: 1.04 | I232: 18.89 | J232: 2.05 | K232: 3.02 | L232: Limit warming to 1.5°C (>67%) with high overshoot | M232: Gas price
A233: C2 | B233: R10LATIN_AM | C233: 2045 | D233: 43 | E233: 3.42 | F233: 2.8 | G233: 1.73 | H233: 1.1 | I233: 10.94 | J233: 2.56 | K233: 3.85 | L233: Limit warming to 1.5°C (>67%) with high overshoot | M233: Gas price
A234: C2 | B234: R10LATIN_AM | C234: 2050 | D234: 43 | E234: 3.32 | F234: 2.92 | G234: 1.23 | H234: 1.2 | I234: 8.44 | J234: 2.7 | K234: 3.67 | L234: Limit warming to 1.5°C (>67%) with high overshoot | M234: Gas price
A235: C3 | B235: R10LATIN_AM | C235: 2020 | D235: 113 | E235: 1 | F235: 1 | G235: 0 | H235: 1 | I235: 1 | J235: 1 | K235: 1 | L235: Limit warming to 2°C (>67%) with higher action post-2030 | M235: Gas price
A236: C3 | B236: R10LATIN_AM | C236: 2025 | D236: 113 | E236: 1.38 | F236: 1.33 | G236: 0.3 | H236: 1.02 | I236: 2.65 | J236: 1.2 | K236: 1.41 | L236: Limit warming to 2°C (>67%) with higher action post-2030 | M236: Gas price
A237: C3 | B237: R10LATIN_AM | C237: 2030 | D237: 113 | E237: 1.78 | F237: 1.71 | G237: 0.49 | H237: 1.05 | I237: 3.7 | J237: 1.44 | K237: 2.04 | L237: Limit warming to 2°C (>67%) with higher action post-2030 | M237: Gas price
A238: C3 | B238: R10LATIN_AM | C238: 2035 | D238: 113 | E238: 2.22 | F238: 1.89 | G238: 0.9 | H238: 1.05 | I238: 7.88 | J238: 1.64 | K238: 2.71 | L238: Limit warming to 2°C (>67%) with higher action post-2030 | M238: Gas price
A239: C3 | B239: R10LATIN_AM | C239: 2040 | D239: 113 | E239: 2.73 | F239: 2.4 | G239: 1.19 | H239: 1.06 | I239: 8.68 | J239: 1.86 | K239: 3.31 | L239: Limit warming to 2°C (>67%) with higher action post-2030 | M239: Gas price
... A360: C7 | B360: R10LATIN_AM | C360: 2050 | D360: 10 | E360: 0.96 | F360: 0.87 | G360: 0.2 | H360: 0.76 | I360: 1.36 | J360: 0.79 | K360: 1.07 | L360: Likely above 3°C warming with limited mitigation | M360: Biomass price

Sheet ev_charging_uc
A10: =IFERROR(Veda!D5,"ts_12t") -> ts_annual | C10: day_night | D10: ts_012 | F10: day_night | G10: ts_048 | I10: day_night | J10: ts_096P50 | L10: day_night | M10: ts_096P10 | O10: day_night | P10: ts_096P90 | R10: day_night | S10: ts_annual | U10: day_night | V10: ts_12t
C11: D | D11: S04aH02,S03aH02,S01aH02,S02aH02 | F11: D | G11: S03aH03,S02aH04,S01aH03,S05aH02,S05aH03,S01aH02,S04aH04,S04aH02,S02aH02,S03aH02,S01aH04,S07aH02,S04aH03,S07aH04,S06aH04,S02aH03,S07aH03,S03aH04,S05aH04,S06aH02,S06aH03 | I11: D | J11: S04aH03,S07aH04,S08aH03,S09aH04,S12aH02,S01aH05,S03aH06,S06aH05,S10aH02,S10aH06,S11aH06,S12aH04,S12aH05,S01aH03,S05aH02,S05aH03,S05aH06,S04aH02,S09aH02,S09aH03,S11aH03,S11aH04,S04aH06,S05aH04,S06aH02,S06aH03,S10aH04,S12aH06,S08aH02,S09aH06,S02aH04,S02aH05,S10aH03,S10aH05,S01aH04,S07aH02,S07aH06,S01aH06,S02aH03,S07aH03,S08aH06,S03aH02,S07aH05,S03aH04,S08aH05,S11aH05,S12aH03,S03aH03,S09aH05,S04aH05,S02aH02,S06aH06,S01aH02,S04aH04,S02aH06,S03aH05,S05aH05,S06aH04,S08aH04,S11aH02 | L11: D | M11: S01aH04,S07aH02,S07aH06,S04aH03,S07aH04,S08aH03,S09aH04,S12aH02,S01aH05,S03aH06,S06aH05,S10aH02,S10aH06,S11aH06,S12aH04,S12aH05,S02aH06,S03aH05,S05aH05,S06aH04,S08aH04,S11aH02,S02aH04,S02aH05,S10aH03,S10aH05,S04aH05,S03aH02,S07aH05,S03aH04,S08aH05,S11aH05,S12aH03,S01aH06,S02aH03,S07aH03,S08aH06,S08aH02,S09aH06,S01aH02,S04aH04,S01aH03,S05aH02,S05aH03,S05aH06,S04aH06,S05aH04,S06aH02,S06aH03,S10aH04,S12aH06,S03aH03,S09aH05,S02aH02,S06aH06,S04aH02,S09aH02,S09aH03,S11aH03,S11aH04 | O11: D | P11: S02aH02,S06aH06,S03aH02,S07aH05,S01aH02,S04aH04,S03aH04,S08aH05,S11aH05,S12aH03,S03aH03,S09aH05,S01aH03,S05aH02,S05aH03,S05aH06,S02aH04,S02aH05,S10aH03,S10aH05,S04aH03,S07aH04,S08aH03,S09aH04,S12aH02,S04aH06,S05aH04,S06aH02,S06aH03,S10aH04,S12aH06,S04aH05,S04aH02,S09aH02,S09aH03,S11aH03,S11aH04,S08aH02,S09aH06,S01aH04,S07aH02,S07aH06,S01aH05,S03aH06,S06aH05,S10aH02,S10aH06,S11aH06,S12aH04,S12aH05,S02aH06,S03aH05,S05aH05,S06aH04,S08aH04,S11aH02,S01aH06,S02aH03,S07aH03,S08aH06 | R11: D | S11: AllSaAllH | U11: D | V11: FaP,SaP,WaP,SaD,RaP,RaD,WaD,FaD
C12: N | D12: S01aH01,S04aH01,S01aH03,S02aH01,S04aH03,S02aH03,S03aH01,S03aH03 | F12: N | G12: S06aH06,S04aH05,S06aH01,S02aH06,S03aH05,S05aH05,S01aH05,S03aH06,S06aH05,S07aH05,S03aH01,S02aH01,S05aH06,S02aH05,S01aH01,S04aH01,S04aH06,S05aH01,S07aH06,S01aH06,S07aH01 | I12: N | J12: S02aH01,S09aH01,S11aH07,S05aH07,S07aH01,S10aH07,S04aH08,S06aH01,S12aH08,S03aH08,S04aH07,S06aH08,S12aH01,S08aH01,S09aH07,S10aH01,S01aH01,S04aH01,S09aH08,S11aH01,S08aH07,S01aH07,S02aH07,S05aH01,S11aH08,S05aH08,S10aH08,S03aH01,S12aH07,S01aH08,S02aH08,S03aH07,S06aH07,S07aH07,S07aH08,S08aH08 | L12: N | M12: S08aH01,S09aH07,S10aH01,S02aH01,S06aH07,S07aH07,S07aH08,S08aH08,S03aH08,S04aH07,S06aH08,S12aH01,S05aH08,S10aH08,S08aH07,S01aH07,S02aH07,S05aH01,S01aH01,S04aH01,S09aH08,S11aH01,S04aH08,S06aH01,S12aH08,S01aH08,S02aH08,S03aH07,S09aH01,S11aH07,S05aH07,S07aH01,S10aH07,S11aH08,S03aH01,S12aH07 | O12: N | P12: S03aH01,S12aH07,S08aH07,S01aH08,S02aH08,S03aH07,S01aH07,S02aH07,S05aH01,S11aH08,S09aH01,S11aH07,S03aH08,S04aH07,S06aH08,S12aH01,S02aH01,S05aH07,S07aH01,S10aH07,S05aH08,S10aH08,S04aH08,S06aH01,S12aH08,S08aH01,S09aH07,S10aH01,S06aH07,S07aH07,S07aH08,S08aH08,S01aH01,S04aH01,S09aH08,S11aH01 | R12: N | S12: AllSaAllH | U12: N | V12: SaN,WaN,WaP,FaN,RaN,FaP,SaP,RaP
I17: 0.75 | K17: share of charging at night
C18: ~UC_Sets: R_E: AllRegions
H21: =IF(H23=H24,"Not Required!","~UC_T: LO") -> Not Required!
C22: UC_N | D22: Pset_CI | E22: Pset_CO | F22: pset_pn | G22: Cset_CN | H22: TimeSlice | I22: UC_FLO | J22: UC_RHSRT | K22: UC_RHSRT~0
C23: UC_bev night chg limit | D23: ELC | E23: =G23 -> AuxStoIN | F23: *EV* | G23: AuxStoIN | H23: =HLOOKUP($A$10,$D$10:$CU$12,3,FALSE) -> AllSaAllH | I23: =1+I24 -> 0.25 | J23: 0 | K23: 3 | M23: night
D24: ELC | E24: =G24 -> AuxStoIN | F24: *EV* | G24: AuxStoIN | H24: =HLOOKUP($A$10,$D$10:$CU$12,2,FALSE) -> AllSaAllH | I24: =-$I$17 -> -0.75 | M24: day

Sheet ts_012
C9: =IF(A11="x","DeActivated","~TimeSlices") -> DeActivated | I9: =IF(A11="x","DeActivated","~TFM_DINS-AT") -> DeActivated | N9: =IF(A11="x","DeActivated","~TFM_DINS-AT") -> DeActivated | S9: =IF(A11="x","DeActivated","~TFM_DINS-AT") -> DeActivated | X9: =IF(A11="x","DeActivated","~TFM_DINS-AT") -> DeActivated | AC9: =IF(A11="x","DeActivated","~TFM_DINS-AT") -> DeActivated | AG9: =IF(A11="x","DeActivated","~TFM_DINS-AT") -> DeActivated | AK9: =IF(A11="x","DeActivated","~TFM_INS-AT") -> DeActivated
A10: ts_012 | C10: season | D10: weekly | E10: daynite | F10: wparent | G10: dparent | I10: commodity | J10: timeslice | K10: com_fr | L10: process | N10: commodity | O10: timeslice | P10: com_fr | Q10: process | S10: commodity | T10: timeslice | U10: com_fr | V10: process | X10: g_yrfr | Y10: com_fr | Z10: timeslice | AA10: commodity | AC10: commodity | AD10: timeslice | AE10: com_fr | AG10: commodity | AH10: timeslice | AI10: com_pkflx | AK10: Year | AL10: timeslice | AM10: ncap_afs | AN10: pset_ci
A11: =IFERROR(IF(Veda!D5=A10,"ok","x"),"") -> x | C11: S01 | D11: a | E11: H01 | F11: S01,S02,S03,S04 | G11: a | I11: elc_spv_001 | J11: S01aH01 | K11: 0.0051294425 | L11: IMPNRGZ | N11: elc_won_001 | O11: S01aH01 | P11: 0.025044484 | Q11: IMPNRGZ | S11: elc_wof_001 | T11: S01aH01 | U11: 0.019683682 | V11: IMPNRGZ | X11: 0.024771689 | Y11: 0.0097827943 | Z11: S01aH01 | AA11: elc_roadtransport | AC11: elc_buildings | AD11: S01aH01 | AE11: 0.02358238 | AG11: ELC | AH11: S01aH01 | AI11: 0.19756038 | AK11: 2020 | AL11: S01 | AM11: 0.46683482 | AN11: hydro
C12: S02 | E12: H02 | G12: a | I12: elc_spv_001 | J12: S01aH02 | K12: 0.12089886 | L12: IMPNRGZ | N12: elc_won_001 | O12: S01aH02 | P12: 0.036554364 | Q12: IMPNRGZ | S12: elc_wof_001 | T12: S01aH02 | U12: 0.032427353 | V12: IMPNRGZ | X12: 0.042465753 | Y12: 0.061789855 | Z12: S01aH02 | AA12: elc_roadtransport | AC12: elc_buildings | AD12: S01aH02 | AE12: 0.045181357 | AG12: ELC | AH12: S01aH02 | AI12: 0.23090031 | AK12: 2020 | AL12: S02 | AM12: 0.50012385 | AN12: hydro
C13: S03 | E13: H03 | G13: a | I13: elc_spv_001 | J13: S01aH03 | K13: 0.0025880172 | L13: IMPNRGZ | N13: elc_won_001 | O13: S01aH03 | P13: 0.013298913 | Q13: IMPNRGZ | S13: elc_wof_001 | T13: S01aH03 | U13: 0.016330714 | V13: IMPNRGZ | X13: 0.017694064 | Y13: 0.013358858 | Z13: S01aH03 | AA13: elc_roadtransport | AC13: elc_buildings | AD13: S01aH03 | AE13: 0.020669499 | AG13: ELC | AH13: S01aH03 | AI13: 0.12100711 | AK13: 2020 | AL13: S03 | AM13: 0.39821698 | AN13: hydro
C14: S04 | I14: elc_spv_001 | J14: S02aH01 | K14: 0.0036011143 | L14: IMPNRGZ | N14: elc_won_001 | O14: S02aH01 | P14: 0.030379543 | Q14: IMPNRGZ | S14: elc_wof_001 | T14: S02aH01 | U14: 0.044276083 | V14: IMPNRGZ | X14: 0.047146119 | Y14: 0.018618866 | Z14: S02aH01 | AA14: elc_roadtransport | AC14: elc_buildings | AD14: S02aH01 | AE14: 0.047132302 | AG14: ELC | AH14: S02aH01 | AI14: 0.17448572 | AK14: 2020 | AL14: S04 | AM14: 0.39883771 | AN14: hydro
I15: elc_spv_001 | J15: S02aH02 | K15: 0.17932754 | L15: IMPNRGZ | N15: elc_won_001 | O15: S02aH02 | P15: 0.045427584 | Q15: IMPNRGZ | S15: elc_wof_001 | T15: S02aH02 | U15: 0.067200594 | V15: IMPNRGZ | X15: 0.080821918 | Y15: 0.11760005 | Z15: S02aH02 | AA15: elc_roadtransport | AC15: elc_buildings | AD15: S02aH02 | AE15: 0.087250362 | AG15: ELC | AH15: S02aH02 | AI15: 0.26533623 | AK15: 2021 | AL15: S01 | AM15: 0.42166923 | AN15: hydro
I16: elc_spv_001 | J16: S02aH03 | K16: 2.108948e-05 | L16: IMPNRGZ | N16: elc_won_001 | O16: S02aH03 | P16: 0.017524689 | Q16: IMPNRGZ | S16: elc_wof_001 | T16: S02aH03 | U16: 0.033004855 | V16: IMPNRGZ | X16: 0.033675799 | Y16: 0.025424923 | Z16: S02aH03 | AA16: elc_roadtransport | AC16: elc_buildings | AD16: S02aH03 | AE16: 0.040323448 | AG16: ELC | AH16: S02aH03 | AI16: 0.18303171 | AK16: 2021 | AL16: S02 | AM16: 0.48848367 | AN16: hydro
I17: elc_spv_001 | J17: S03aH01 | K17: 0 | L17: IMPNRGZ | N17: elc_won_001 | O17: S03aH01 | P17: 0.053195888 | Q17: IMPNRGZ | S17: elc_wof_001 | T17: S03aH01 | U17: 0.047372275 | V17: IMPNRGZ | X17: 0.048744292 | Y17: 0.019250015 | Z17: S03aH01 | AA17: elc_roadtransport | AC17: elc_buildings | AD17: S03aH01 | AE17: 0.043388406 | AG17: ELC | AH17: S03aH01 | AI17: 0.1929197 | AK17: 2021 | AL17: S03 | AM17: 0.43055736 | AN17: hydro
I18: elc_spv_001 | J18: S03aH02 | K18: 0.11930972 | L18: IMPNRGZ | N18: elc_won_001 | O18: S03aH02 | P18: 0.05725558 | Q18: IMPNRGZ | S18: elc_wof_001 | T18: S03aH02 | U18: 0.079578324 | V18: IMPNRGZ | X18: 0.083561644 | Y18: 0.12158649 | Z18: S03aH02 | AA18: elc_roadtransport | AC18: elc_buildings | AD18: S03aH02 | AE18: 0.079640849 | AG18: ELC | AH18: S03aH02 | AI18: 0.14475141 | AK18: 2021 | AL18: S04 | AM18: 0.3444743 | AN18: hydro
I19: elc_spv_001 | J19: S03aH03 | K19: 0 | L19: IMPNRGZ | N19: elc_won_001 | O19: S03aH03 | P19: 0.037568689 | Q19: IMPNRGZ | S19: elc_wof_001 | T19: S03aH03 | U19: 0.037342344 | V19: IMPNRGZ | X19: 0.034817352 | Y19: 0.026286785 | Z19: S03aH03 | AA19: elc_roadtransport | AC19: elc_buildings | AD19: S03aH03 | AE19: 0.038535925 | AG19: ELC | AH19: S03aH03 | AI19: 0.057078701 | AK19: 2022 | AL19: S01 | AM19: 0.47973344 | AN19: hydro
I20: elc_spv_001 | J20: S04aH01 | K20: 0.019742839 | L20: IMPNRGZ | N20: elc_won_001 | O20: S04aH01 | P20: 0.26042827 | Q20: IMPNRGZ | S20: elc_wof_001 | T20: S04aH01 | U20: 0.18816375 | V20: IMPNRGZ | X20: 0.17100457 | Y20: 0.067532838 | Z20: S04aH01 | AA20: elc_roadtransport | AC20: elc_buildings | AD20: S04aH01 | AE20: 0.15236595 | AG20: ELC | AH20: S04aH01 | AI20: 0.26485459 | AK20: 2022 | AL20: S02 | AM20: 0.52256896 | AN20: hydro
I21: elc_spv_001 | J21: S04aH02 | K21: 0.54837386 | L21: IMPNRGZ | N21: elc_won_001 | O21: S04aH02 | P21: 0.28316296 | Q21: IMPNRGZ | S21: elc_wof_001 | T21: S04aH02 | U21: 0.30043539 | V21: IMPNRGZ | X21: 0.29315068 | Y21: 0.42654932 | Z21: S04aH02 | AA21: elc_roadtransport | AC21: elc_buildings | AD21: S04aH02 | AE21: 0.28549424 | AG21: ELC | AH21: S04aH02 | AI21: 0.35878022 | AK21: 2022 | AL21: S03 | AM21: 0.47661396 | AN21: hydro
I22: elc_spv_001 | J22: S04aH03 | K22: 0.0010075295 | L22: IMPNRGZ | N22: elc_won_001 | O22: S04aH03 | P22: 0.14015903 | Q22: IMPNRGZ | S22: elc_wof_001 | T22: S04aH03 | U22: 0.13418463 | V22: IMPNRGZ | X22: 0.12214612 | Y22: 0.092219211 | Z22: S04aH03 | AA22: elc_roadtransport | AC22: elc_buildings | AD22: S04aH03 | AE22: 0.13643529 | AG22: ELC | AH22: S04aH03 | AI22: 0.23687136 | AK22: 2022 | AL22: S04 | AM22: 0.42728797 | AN22: hydro
I23: elc_spv_002 | J23: S01aH01 | K23: 0.005245539 | L23: IMPNRGZ | N23: elc_won_002 | O23: S01aH01 | P23: 0.017536007 | Q23: IMPNRGZ | S23: elc_wof_002 | T23: S01aH01 | U23: 0.01741342 | V23: IMPNRGZ | AC23: elc_industry | AD23: S01aH01 | AE23: 0.024625517 | AK23: 2025 | AL23: S01 | AM23: 0.4268 | AN23: hydro
I24: elc_spv_002 | J24: S01aH02 | K24: 0.12118277 | L24: IMPNRGZ | N24: elc_won_002 | O24: S01aH02 | P24: 0.015536378 | Q24: IMPNRGZ | S24: elc_wof_002 | T24: S01aH02 | U24: 0.031355043 | V24: IMPNRGZ | AC24: elc_industry | AD24: S01aH02 | AE24: 0.042507681 | AK24: 2025 | AL24: S02 | AM24: 0.43865 | AN24: hydro
I25: elc_spv_002 | J25: S01aH03 | K25: 0.0035062 | L25: IMPNRGZ | N25: elc_won_002 | O25: S01aH03 | P25: 0.011629464 | Q25: IMPNRGZ | S25: elc_wof_002 | T25: S01aH03 | U25: 0.017613624 | V25: IMPNRGZ | AC25: elc_industry | AD25: S01aH03 | AE25: 0.017824979 | AK25: 2025 | AL25: S03 | AM25: 0.38185 | AN25: hydro
I26: elc_spv_002 | J26: S02aH01 | K26: 0.0029306256 | L26: IMPNRGZ | N26: elc_won_002 | O26: S02aH01 | P26: 0.03620851 | Q26: IMPNRGZ | S26: elc_wof_002 | T26: S02aH01 | U26: 0.039868894 | V26: IMPNRGZ | AC26: elc_industry | AD26: S02aH01 | AE26: 0.046933446 | AK26: 2025 | AL26: S04 | AM26: 0.35015714 | AN26: hydro
I27: elc_spv_002 | J27: S02aH02 | K27: 0.17406235 | L27: IMPNRGZ | N27: elc_won_002 | O27: S02aH02 | P27: 0.040552867 | Q27: IMPNRGZ | S27: elc_wof_002 | T27: S02aH02 | U27: 0.069553211 | V27: IMPNRGZ | AC27: elc_industry | AD27: S02aH02 | AE27: 0.080854293 | AK27: 2026 | AL27: S01 | AM27: 0.381 | AN27: hydro
I28: elc_spv_002 | J28: S02aH03 | K28: 0 | L28: IMPNRGZ | N28: elc_won_002 | O28: S02aH03 | P28: 0.024692195 | Q28: IMPNRGZ | S28: elc_wof_002 | T28: S02aH03 | U28: 0.03657321 | V28: IMPNRGZ | AC28: elc_industry | AD28: S02aH03 | AE28: 0.033933483 | AK28: 2026 | AL28: S02 | AM28: 0.4568 | AN28: hydro
I29: elc_spv_002 | J29: S03aH01 | K29: 0 | L29: IMPNRGZ | N29: elc_won_002 | O29: S03aH01 | P29: 0.053633289 | Q29: IMPNRGZ | S29: elc_wof_002 | T29: S03aH01 | U29: 0.0446504 | V29: IMPNRGZ | AC29: elc_industry | AD29: S03aH01 | AE29: 0.048504912 | AK29: 2026 | AL29: S03 | AM29: 0.40125 | AN29: hydro
I30: elc_spv_002 | J30: S03aH02 | K30: 0.12409552 | L30: IMPNRGZ | N30: elc_won_002 | O30: S03aH02 | P30: 0.059415171 | Q30: IMPNRGZ | S30: elc_wof_002 | T30: S03aH02 | U30: 0.075065788 | V30: IMPNRGZ | AC30: elc_industry | AD30: S03aH02 | AE30: 0.083474936 | AK30: 2026 | AL30: S04 | AM30: 0.32764286 | AN30: hydro
I31: elc_spv_002 | J31: S03aH03 | K31: 0 | L31: IMPNRGZ | N31: elc_won_002 | O31: S03aH03 | P31: 0.036564638 | Q31: IMPNRGZ | S31: elc_wof_002 | T31: S03aH03 | U31: 0.035202575 | V31: IMPNRGZ | AC31: elc_industry | AD31: S03aH03 | AE31: 0.035110511 | AK31: 2027 | AL31: S01 | AM31: 0.3869 | AN31: hydro
I32: elc_spv_002 | J32: S04aH01 | K32: 0.016530016 | L32: IMPNRGZ | N32: elc_won_002 | O32: S04aH01 | P32: 0.26966525 | Q32: IMPNRGZ | S32: elc_wof_002 | T32: S04aH01 | U32: 0.18849214 | V32: IMPNRGZ | AC32: elc_industry | AD32: S04aH01 | AE32: 0.17005255 | AK32: 2027 | AL32: S02 | AM32: 0.43075 | AN32: hydro
I33: elc_spv_002 | J33: S04aH02 | K33: 0.55163434 | L33: IMPNRGZ | N33: elc_won_002 | O33: S04aH02 | P33: 0.27240613 | Q33: IMPNRGZ | S33: elc_wof_002 | T33: S04aH02 | U33: 0.2987139 | V33: IMPNRGZ | AC33: elc_industry | AD33: S04aH02 | AE33: 0.29301339 | AK33: 2027 | AL33: S03 | AM33: 0.41475 | AN33: hydro
I34: elc_spv_002 | J34: S04aH03 | K34: 0.00081264836 | L34: IMPNRGZ | N34: elc_won_002 | O34: S04aH03 | P34: 0.1621601 | Q34: IMPNRGZ | S34: elc_wof_002 | T34: S04aH03 | U34: 0.14549779 | V34: IMPNRGZ | AC34: elc_industry | AD34: S04aH03 | AE34: 0.1231643 | AK34: 2027 | AL34: S04 | AM34: 0.34101429 | AN34: hydro
I35: elc_spv_003 | J35: S01aH01 | K35: 0.0050257698 | L35: IMPNRGZ | N35: elc_won_003 | O35: S01aH01 | P35: 0.019425292 | Q35: IMPNRGZ | S35: elc_wof_003 | T35: S01aH01 | U35: 0.018601889 | V35: IMPNRGZ | AK35: 2028 | AL35: S01 | AM35: 0.5103 | AN35: hydro
I36: elc_spv_003 | J36: S01aH02 | K36: 0.12027196 | L36: IMPNRGZ | N36: elc_won_003 | O36: S01aH02 | P36: 0.022687742 | Q36: IMPNRGZ | S36: elc_wof_003 | T36: S01aH02 | U36: 0.030065127 | V36: IMPNRGZ | AK36: 2028 | AL36: S02 | AM36: 0.53775 | AN36: hydro
I37: elc_spv_003 | J37: S01aH03 | K37: 0.0045321679 | L37: IMPNRGZ | N37: elc_won_003 | O37: S01aH03 | P37: 0.013210668 | Q37: IMPNRGZ | S37: elc_wof_003 | T37: S01aH03 | U37: 0.015392987 | V37: IMPNRGZ | AK37: 2028 | AL37: S03 | AM37: 0.52215 | AN37: hydro
I38: elc_spv_003 | J38: S02aH01 | K38: 0.0017877861 | L38: IMPNRGZ | N38: elc_won_003 | O38: S02aH01 | P38: 0.034594391 | Q38: IMPNRGZ | S38: elc_wof_003 | T38: S02aH01 | U38: 0.042687909 | V38: IMPNRGZ | AK38: 2028 | AL38: S04 | AM38: 0.44277143 | AN38: hydro
I39: elc_spv_003 | J39: S02aH02 | K39: 0.17824735 | L39: IMPNRGZ | N39: elc_won_003 | O39: S02aH02 | P39: 0.04489853 | Q39: IMPNRGZ | S39: elc_wof_003 | T39: S02aH02 | U39: 0.066171842 | V39: IMPNRGZ | AK39: 2029 | AL39: S01 | AM39: 0.578 | AN39: hydro
I40: elc_spv_003 | J40: S02aH03 | K40: 0.0009249329 | L40: IMPNRGZ | N40: elc_won_003 | O40: S02aH03 | P40: 0.023064811 | Q40: IMPNRGZ | S40: elc_wof_003 | T40: S02aH03 | U40: 0.032161147 | V40: IMPNRGZ | AK40: 2029 | AL40: S02 | AM40: 0.5782 | AN40: hydro
I41: elc_spv_003 | J41: S03aH01 | K41: 0 | L41: IMPNRGZ | N41: elc_won_003 | O41: S03aH01 | P41: 0.048474538 | Q41: IMPNRGZ | S41: elc_wof_003 | T41: S03aH01 | U41: 0.047736198 | V41: IMPNRGZ | AK41: 2029 | AL41: S03 | AM41: 0.5113 | AN41: hydro
I42: elc_spv_003 | J42: S03aH02 | K42: 0.11654669 | L42: IMPNRGZ | N42: elc_won_003 | O42: S03aH02 | P42: 0.06787245 | Q42: IMPNRGZ | S42: elc_wof_003 | T42: S03aH02 | U42: 0.082445218 | V42: IMPNRGZ | AK42: 2029 | AL42: S04 | AM42: 0.45112857 | AN42: hydro
I43: elc_spv_003 | J43: S03aH03 | K43: 0 | L43: IMPNRGZ | N43: elc_won_003 | O43: S03aH03 | P43: 0.034377217 | Q43: IMPNRGZ | S43: elc_wof_003 | T43: S03aH03 | U43: 0.036596474 | V43: IMPNRGZ | AK43: 2030 | AL43: S01 | AM43: 0.5936 | AN43: hydro
I44: elc_spv_003 | J44: S04aH01 | K44: 0.015017067 | L44: IMPNRGZ | N44: elc_won_003 | O44: S04aH01 | P44: 0.24851161 | Q44: IMPNRGZ | S44: elc_wof_003 | T44: S04aH01 | U44: 0.19161867 | V44: IMPNRGZ | AK44: 2030 | AL44: S02 | AM44: 0.5584 | AN44: hydro
I45: elc_spv_003 | J45: S04aH02 | K45: 0.55474873 | L45: IMPNRGZ | N45: elc_won_003 | O45: S04aH02 | P45: 0.2713079 | Q45: IMPNRGZ | S45: elc_wof_003 | T45: S04aH02 | U45: 0.30285976 | V45: IMPNRGZ | AK45: 2030 | AL45: S03 | AM45: 0.5428 | AN45: hydro
I46: elc_spv_003 | J46: S04aH03 | K46: 0.002897547 | L46: IMPNRGZ | N46: elc_won_003 | O46: S04aH03 | P46: 0.17157485 | Q46: IMPNRGZ | S46: elc_wof_003 | T46: S04aH03 | U46: 0.13366278 | V46: IMPNRGZ | AK46: 2030 | AL46: S04 | AM46: 0.48034286 | AN46: hydro
... I126: elc_spv_010 | J126: S03aH02 | K126: 0.14380181 | L126: IMPNRGZ | N126: elc_won_010 | O126: S03aH02 | P126: 0.068276866 | Q126: IMPNRGZ | S126: elc_wof_010 | T126: S03aH02 | U126: 0.077703594 | V126: IMPNRGZ | AK126: 2050 | AL126: S04 | AM126: 0.33592857 | AN126: hydro
I127: elc_spv_010 | J127: S03aH03 | K127: 0 | L127: IMPNRGZ | N127: elc_won_010 | O127: S03aH03 | P127: 0.039075921 | Q127: IMPNRGZ | S127: elc_wof_010 | T127: S03aH03 | U127: 0.032183134 | V127: IMPNRGZ
I128: elc_spv_010 | J128: S04aH01 | K128: 0.016025607 | L128: IMPNRGZ | N128: elc_won_010 | O128: S04aH01 | P128: 0.23274448 | Q128: IMPNRGZ | S128: elc_wof_010 | T128: S04aH01 | U128: 0.19026041 | V128: IMPNRGZ
I129: elc_spv_010 | J129: S04aH02 | K129: 0.57518082 | L129: IMPNRGZ | N129: elc_won_010 | O129: S04aH02 | P129: 0.27158758 | Q129: IMPNRGZ | S129: elc_wof_010 | T129: S04aH02 | U129: 0.31439051 | V129: IMPNRGZ
I130: elc_spv_010 | J130: S04aH03 | K130: 0 | L130: IMPNRGZ | N130: elc_won_010 | O130: S04aH03 | P130: 0.17236037 | Q130: IMPNRGZ | S130: elc_wof_010 | T130: S04aH03 | U130: 0.13378211 | V130: IMPNRGZ
I131: elc_spv_011 | J131: S01aH01 | K131: 0.003572365 | L131: IMPNRGZ | N131: elc_won_011 | O131: S01aH01 | P131: 0.031356608 | Q131: IMPNRGZ | S131: elc_wof_011 | T131: S01aH01 | U131: 0.021333077 | V131: IMPNRGZ
I132: elc_spv_011 | J132: S01aH02 | K132: 0.10641495 | L132: IMPNRGZ | N132: elc_won_011 | O132: S01aH02 | P132: 0.025763328 | Q132: IMPNRGZ | S132: elc_wof_011 | T132: S01aH02 | U132: 0.033998102 | V132: IMPNRGZ
I133: elc_spv_011 | J133: S01aH03 | K133: 0 | L133: IMPNRGZ | N133: elc_won_011 | O133: S01aH03 | P133: 0.023921764 | Q133: IMPNRGZ | S133: elc_wof_011 | T133: S01aH03 | U133: 0.016402706 | V133: IMPNRGZ
I134: elc_spv_011 | J134: S02aH01 | K134: 0.0036286081 | L134: IMPNRGZ | N134: elc_won_011 | O134: S02aH01 | P134: 0.055155393 | Q134: IMPNRGZ | S134: elc_wof_011 | T134: S02aH01 | U134: 0.041517407 | V134: IMPNRGZ
I135: elc_spv_011 | J135: S02aH02 | K135: 0.16057842 | L135: IMPNRGZ | N135: elc_won_011 | O135: S02aH02 | P135: 0.05685886 | Q135: IMPNRGZ | S135: elc_wof_011 | T135: S02aH02 | U135: 0.066566757 | V135: IMPNRGZ
I136: elc_spv_011 | J136: S02aH03 | K136: 0 | L136: IMPNRGZ | N136: elc_won_011 | O136: S02aH03 | P136: 0.040983621 | Q136: IMPNRGZ | S136: elc_wof_011 | T136: S02aH03 | U136: 0.027896213 | V136: IMPNRGZ
I137: elc_spv_011 | J137: S03aH01 | K137: 0 | L137: IMPNRGZ | N137: elc_won_011 | O137: S03aH01 | P137: 0.045804482 | Q137: IMPNRGZ | S137: elc_wof_011 | T137: S03aH01 | U137: 0.04068448 | V137: IMPNRGZ
I138: elc_spv_011 | J138: S03aH02 | K138: 0.14898434 | L138: IMPNRGZ | N138: elc_won_011 | O138: S03aH02 | P138: 0.047121123 | Q138: IMPNRGZ | S138: elc_wof_011 | T138: S03aH02 | U138: 0.069849632 | V138: IMPNRGZ
... I382: elc_spv_031 | J382: S04aH03 | K382: 0 | L382: IMPNRGZ | N382: elc_won_031 | O382: S04aH03 | P382: 0.17423428 | Q382: IMPNRGZ | S382: elc_wof_031 | T382: S04aH03 | U382: 0.15486341 | V382: IMPNRGZ
I383: elc_spv_032 | J383: S01aH01 | K383: 0.0018532549 | L383: IMPNRGZ | N383: elc_won_032 | O383: S01aH01 | P383: 0.015783145 | Q383: IMPNRGZ
I384: elc_spv_032 | J384: S01aH02 | K384: 0.069622495 | L384: IMPNRGZ | N384: elc_won_032 | O384: S01aH02 | P384: 0.014139489 | Q384: IMPNRGZ
I385: elc_spv_032 | J385: S01aH03 | K385: 0 | L385: IMPNRGZ | N385: elc_won_032 | O385: S01aH03 | P385: 0.011502621 | Q385: IMPNRGZ
I386: elc_spv_032 | J386: S02aH01 | K386: 0.0062111742 | L386: IMPNRGZ | N386: elc_won_032 | O386: S02aH01 | P386: 0.036447922 | Q386: IMPNRGZ
I387: elc_spv_032 | J387: S02aH02 | K387: 0.16893341 | L387: IMPNRGZ | N387: elc_won_032 | O387: S02aH02 | P387: 0.035098845 | Q387: IMPNRGZ
I388: elc_spv_032 | J388: S02aH03 | K388: 0 | L388: IMPNRGZ | N388: elc_won_032 | O388: S02aH03 | P388: 0.031282719 | Q388: IMPNRGZ
I389: elc_spv_032 | J389: S03aH01 | K389: 0.00039189455 | L389: IMPNRGZ | N389: elc_won_032 | O389: S03aH01 | P389: 0.036030007 | Q389: IMPNRGZ
I390: elc_spv_032 | J390: S03aH02 | K390: 0.15667759 | L390: IMPNRGZ | N390: elc_won_032 | O390: S03aH02 | P390: 0.054560557 | Q390: IMPNRGZ
I391: elc_spv_032 | J391: S03aH03 | K391: 0 | L391: IMPNRGZ | N391: elc_won_032 | O391: S03aH03 | P391: 0.030441593 | Q391: IMPNRGZ
I392: elc_spv_032 | J392: S04aH01 | K392: 0.014281735 | L392: IMPNRGZ | N392: elc_won_032 | O392: S04aH01 | P392: 0.21726883 | Q392: IMPNRGZ
I393: elc_spv_032 | J393: S04aH02 | K393: 0.58202844 | L393: IMPNRGZ | N393: elc_won_032 | O393: S04aH02 | P393: 0.31244052 | Q393: IMPNRGZ
I394: elc_spv_032 | J394: S04aH03 | K394: 0 | L394: IMPNRGZ | N394: elc_won_032 | O394: S04aH03 | P394: 0.20500375 | Q394: IMPNRGZ
... I838: elc_spv_069 | J838: S04aH03 | K838: 0 | L838: IMPNRGZ | N838: elc_won_069 | O838: S04aH03 | P838: 0.19745796 | Q838: IMPNRGZ
I839: elc_spv_070 | J839: S01aH01 | K839: 0 | L839: IMPNRGZ
I840: elc_spv_070 | J840: S01aH02 | K840: 0.073906981 | L840: IMPNRGZ
I841: elc_spv_070 | J841: S01aH03 | K841: 0 | L841: IMPNRGZ
I842: elc_spv_070 | J842: S02aH01 | K842: 0 | L842: IMPNRGZ
I843: elc_spv_070 | J843: S02aH02 | K843: 0.14727301 | L843: IMPNRGZ
I844: elc_spv_070 | J844: S02aH03 | K844: 0 | L844: IMPNRGZ
I845: elc_spv_070 | J845: S03aH01 | K845: 0 | L845: IMPNRGZ
I846: elc_spv_070 | J846: S03aH02 | K846: 0.15903273 | L846: IMPNRGZ
I847: elc_spv_070 | J847: S03aH03 | K847: 0 | L847: IMPNRGZ
I848: elc_spv_070 | J848: S04aH01 | K848: 0.0035516408 | L848: IMPNRGZ
I849: elc_spv_070 | J849: S04aH02 | K849: 0.61623564 | L849: IMPNRGZ
I850: elc_spv_070 | J850: S04aH03 | K850: 0 | L850: IMPNRGZ
... I1390: elc_spv_115 | J1390: S04aH03 | K1390: 0 | L1390: IMPNRGZ

Sheet ts_048
C9: =IF(A11="x","DeActivated","~TimeSlices") -> DeActivated | I9: =IF(A11="x","DeActivated","~TFM_DINS-AT") -> DeActivated | N9: =IF(A11="x","DeActivated","~TFM_DINS-AT") -> DeActivated | S9: =IF(A11="x","DeActivated","~TFM_DINS-AT") -> DeActivated | X9: =IF(A11="x","DeActivated","~TFM_DINS-AT") -> DeActivated | AC9: =IF(A11="x","DeActivated","~TFM_DINS-AT") -> DeActivated | AG9: =IF(A11="x","DeActivated","~TFM_DINS-AT") -> DeActivated | AK9: =IF(A11="x","DeActivated","~TFM_INS-AT") -> DeActivated
A10: ts_048 | C10: season | D10: weekly | E10: daynite | F10: wparent | G10: dparent | I10: commodity | J10: timeslice | K10: com_fr | L10: process | N10: commodity | O10: timeslice | P10: com_fr | Q10: process | S10: commodity | T10: timeslice | U10: com_fr | V10: process | X10: g_yrfr | Y10: com_fr | Z10: timeslice | AA10: commodity | AC10: commodity | AD10: timeslice | AE10: com_fr | AG10: commodity | AH10: timeslice | AI10: com_pkflx | AK10: Year | AL10: timeslice | AM10: ncap_afs | AN10: pset_ci
A11: =IFERROR(IF(Veda!D5=A10,"ok","x"),"") -> x | C11: S01 | D11: a | E11: H01 | F11: S01,S02,S03,S04,S05,S06,S07 | G11: a | I11: elc_spv_001 | J11: S01aH01 | K11: 0.0051294425 | L11: IMPNRGZ | N11: elc_won_001 | O11: S01aH01 | P11: 0.025044484 | Q11: IMPNRGZ | S11: elc_wof_001 | T11: S01aH01 | U11: 0.019683682 | V11: IMPNRGZ | X11: 0.024771689 | Y11: 0.0097827943 | Z11: S01aH01 | AA11: elc_roadtransport | AC11: elc_buildings | AD11: S01aH01 | AE11: 0.02358238 | AG11: ELC | AH11: S01aH01 | AI11: 0.19756038 | AK11: 2020 | AL11: S01 | AM11: 0.46683482 | AN11: hydro
C12: S02 | E12: H02 | G12: a | I12: elc_spv_001 | J12: S01aH02 | K12: 0.0080101212 | L12: IMPNRGZ | N12: elc_won_001 | O12: S01aH02 | P12: 0.0039099904 | Q12: IMPNRGZ | S12: elc_wof_001 | T12: S01aH02 | U12: 0.0024410547 | V12: IMPNRGZ | X12: 0.0035388128 | Y12: 0.0059087255 | Z12: S01aH02 | AA12: elc_roadtransport | AC12: elc_buildings | AD12: S01aH02 | AE12: 0.0029526519 | AG12: ELC | AH12: S01aH02 | AI12: 0.053223688 | AK12: 2020 | AL12: S02 | AM12: 0.50231514 | AN12: hydro
C13: S03 | E13: H03 | G13: a | I13: elc_spv_001 | J13: S01aH03 | K13: 0.088870053 | L13: IMPNRGZ | N13: elc_won_001 | O13: S01aH03 | P13: 0.025604734 | Q13: IMPNRGZ | S13: elc_wof_001 | T13: S01aH03 | U13: 0.021149923 | V13: IMPNRGZ | X13: 0.028310502 | Y13: 0.036767687 | Z13: S01aH03 | AA13: elc_roadtransport | AC13: elc_buildings | AD13: S01aH03 | AE13: 0.029772243 | AG13: ELC | AH13: S01aH03 | AI13: 0.23714818 | AK13: 2020 | AL13: S03 | AM13: 0.49793255 | AN13: hydro
C14: S04 | E14: H04 | G14: a | I14: elc_spv_001 | J14: S01aH04 | K14: 0.017700808 | L14: IMPNRGZ | N14: elc_won_001 | O14: S01aH04 | P14: 0.0046162039 | Q14: IMPNRGZ | S14: elc_wof_001 | T14: S01aH04 | U14: 0.0059157925 | V14: IMPNRGZ | X14: 0.0070776256 | Y14: 0.013769899 | Z14: S01aH04 | AA14: elc_roadtransport | AC14: elc_buildings | AD14: S01aH04 | AE14: 0.008315074 | AG14: ELC | AH14: S01aH04 | AI14: 0.15499617 | AK14: 2020 | AL14: S04 | AM14: 0.39821698 | AN14: hydro
C15: S05 | E15: H05 | G15: a | I15: elc_spv_001 | J15: S01aH05 | K15: 0.006317873 | L15: IMPNRGZ | N15: elc_won_001 | O15: S01aH05 | P15: 0.0024234359 | Q15: IMPNRGZ | S15: elc_wof_001 | T15: S01aH05 | U15: 0.0029205824 | V15: IMPNRGZ | X15: 0.0035388128 | Y15: 0.0053435431 | Z15: S01aH05 | AA15: elc_roadtransport | AC15: elc_buildings | AD15: S01aH05 | AE15: 0.0041413882 | AG15: ELC | AH15: S01aH05 | AI15: 0.1513824 | AK15: 2020 | AL15: S05 | AM15: 0.39206299 | AN15: hydro
C16: S06 | E16: H06 | G16: a | I16: elc_spv_001 | J16: S01aH06 | K16: 0.0025880172 | L16: IMPNRGZ | N16: elc_won_001 | O16: S01aH06 | P16: 0.013298913 | Q16: IMPNRGZ | S16: elc_wof_001 | T16: S01aH06 | U16: 0.016330714 | V16: IMPNRGZ | X16: 0.017694064 | Y16: 0.013358858 | Z16: S01aH06 | AA16: elc_roadtransport | AC16: elc_buildings | AD16: S01aH06 | AE16: 0.020669499 | AG16: ELC | AH16: S01aH06 | AI16: 0.12100711 | AK16: 2020 | AL16: S06 | AM16: 0.40206527 | AN16: hydro
C17: S07 | I17: elc_spv_001 | J17: S02aH01 | K17: 0.0032601846 | L17: IMPNRGZ | N17: elc_won_001 | O17: S02aH01 | P17: 0.017673745 | Q17: IMPNRGZ | S17: elc_wof_001 | T17: S02aH01 | U17: 0.022856801 | V17: IMPNRGZ | X17: 0.022374429 | Y17: 0.0088360722 | Z17: S02aH01 | AA17: elc_roadtransport | AC17: elc_buildings | AD17: S02aH01 | AE17: 0.022676326 | AG17: ELC | AH17: S02aH01 | AI17: 0.16562294 | AK17: 2020 | AL17: S07 | AM17: 0.39947687 | AN17: hydro
I18: elc_spv_001 | J18: S02aH02 | K18: 0.0056845574 | L18: IMPNRGZ | N18: elc_won_001 | O18: S02aH02 | P18: 0.0023018597 | Q18: IMPNRGZ | S18: elc_wof_001 | T18: S02aH02 | U18: 0.0027404278 | V18: IMPNRGZ | X18: 0.003196347 | Y18: 0.0053369134 | Z18: S02aH02 | AA18: elc_roadtransport | AC18: elc_buildings | AD18: S02aH02 | AE18: 0.0026953657 | AG18: ELC | AH18: S02aH02 | AI18: 0.027769355 | AK18: 2021 | AL18: S01 | AM18: 0.42166923 | AN18: hydro
I19: elc_spv_001 | J19: S02aH03 | K19: 0.067805746 | L19: IMPNRGZ | N19: elc_won_001 | O19: S02aH03 | P19: 0.017115024 | Q19: IMPNRGZ | S19: elc_wof_001 | T19: S02aH03 | U19: 0.022851346 | V19: IMPNRGZ | X19: 0.025570776 | Y19: 0.033209524 | Z19: S02aH03 | AA19: elc_roadtransport | AC19: elc_buildings | AD19: S02aH03 | AE19: 0.028036978 | AG19: ELC | AH19: S02aH03 | AI19: 0.24488513 | AK19: 2021 | AL19: S02 | AM19: 0.47486905 | AN19: hydro
I20: elc_spv_001 | J20: S02aH04 | K20: 0.012205613 | L20: IMPNRGZ | N20: elc_won_001 | O20: S02aH04 | P20: 0.0035376094 | Q20: IMPNRGZ | S20: elc_wof_001 | T20: S02aH04 | U20: 0.0061425169 | V20: IMPNRGZ | X20: 0.0063926941 | Y20: 0.012437329 | Z20: S02aH04 | AA20: elc_roadtransport | AC20: elc_buildings | AD20: S02aH04 | AE20: 0.0084338849 | AG20: ELC | AH20: S02aH04 | AI20: 0.1099222 | AK20: 2021 | AL20: S03 | AM20: 0.50209828 | AN20: hydro
I21: elc_spv_001 | J21: S02aH05 | K21: 0.0037361597 | L21: IMPNRGZ | N21: elc_won_001 | O21: S02aH05 | P21: 0.0018299615 | Q21: IMPNRGZ | S21: elc_wof_001 | T21: S02aH05 | U21: 0.0029155467 | V21: IMPNRGZ | X21: 0.003196347 | Y21: 0.004826426 | Z21: S02aH05 | AA21: elc_roadtransport | AC21: elc_buildings | AD21: S02aH05 | AE21: 0.0041775339 | AG21: ELC | AH21: S02aH05 | AI21: 0.11702026 | AK21: 2021 | AL21: S04 | AM21: 0.43055736 | AN21: hydro
I22: elc_spv_001 | J22: S02aH06 | K22: 2.108948e-05 | L22: IMPNRGZ | N22: elc_won_001 | O22: S02aH06 | P22: 0.010657222 | Q22: IMPNRGZ | S22: elc_wof_001 | T22: S02aH06 | U22: 0.017065312 | V22: IMPNRGZ | X22: 0.015981735 | Y22: 0.012066065 | Z22: S02aH06 | AA22: elc_roadtransport | AC22: elc_buildings | AD22: S02aH06 | AE22: 0.019898262 | AG22: ELC | AH22: S02aH06 | AI22: 0.1537357 | AK22: 2021 | AL22: S05 | AM22: 0.33403841 | AN22: hydro
I23: elc_spv_001 | J23: S03aH01 | K23: 0.0003409297 | L23: IMPNRGZ | N23: elc_won_001 | O23: S03aH01 | P23: 0.012705799 | Q23: IMPNRGZ | S23: elc_wof_001 | T23: S03aH01 | U23: 0.021419282 | V23: IMPNRGZ | X23: 0.024771689 | Y23: 0.0097827943 | Z23: S03aH01 | AA23: elc_roadtransport | AC23: elc_buildings | AD23: S03aH01 | AE23: 0.024455977 | AG23: ELC | AH23: S03aH01 | AI23: 0.15425665 | AK23: 2021 | AL23: S06 | AM23: 0.32944188 | AN23: hydro
I24: elc_spv_001 | J24: S03aH02 | K24: 0.005557114 | L24: IMPNRGZ | N24: elc_won_001 | O24: S03aH02 | P24: 0.0023778681 | Q24: IMPNRGZ | S24: elc_wof_001 | T24: S03aH02 | U24: 0.0026107315 | V24: IMPNRGZ | X24: 0.0035388128 | Y24: 0.0059087255 | Z24: S03aH02 | AA24: elc_roadtransport | AC24: elc_buildings | AD24: S03aH02 | AE24: 0.0028973121 | AG24: ELC | AH24: S03aH02 | AI24: 0.068135354 | AK24: 2021 | AL24: S07 | AM24: 0.4254758 | AN24: hydro
I25: elc_spv_001 | J25: S03aH03 | K25: 0.069035838 | L25: IMPNRGZ | N25: elc_won_001 | O25: S03aH03 | P25: 0.015138329 | Q25: IMPNRGZ | S25: elc_wof_001 | T25: S03aH03 | U25: 0.021053467 | V25: IMPNRGZ | X25: 0.028310502 | Y25: 0.036767687 | Z25: S03aH03 | AA25: elc_roadtransport | AC25: elc_buildings | AD25: S03aH03 | AE25: 0.028502402 | AG25: ELC | AH25: S03aH03 | AI25: 0.26363612 | AK25: 2022 | AL25: S01 | AM25: 0.47973344 | AN25: hydro
I26: elc_spv_001 | J26: S03aH04 | K26: 0.012510998 | L26: IMPNRGZ | N26: elc_won_001 | O26: S03aH04 | P26: 0.0019280106 | Q26: IMPNRGZ | S26: elc_wof_001 | T26: S03aH04 | U26: 0.0059700909 | V26: IMPNRGZ | X26: 0.0070776256 | Y26: 0.013769899 | Z26: S03aH04 | AA26: elc_roadtransport | AC26: elc_buildings | AD26: S03aH04 | AE26: 0.0083570743 | AG26: ELC | AH26: S03aH04 | AI26: 0.15929861 | AK26: 2022 | AL26: S02 | AM26: 0.51717408 | AN26: hydro
I27: elc_spv_001 | J27: S03aH05 | K27: 0.0027915113 | L27: IMPNRGZ | N27: elc_won_001 | O27: S03aH05 | P27: 0.0011989209 | Q27: IMPNRGZ | S27: elc_wof_001 | T27: S03aH05 | U27: 0.0029164665 | V27: IMPNRGZ | X27: 0.0035388128 | Y27: 0.0053435431 | Z27: S03aH05 | AA27: elc_roadtransport | AC27: elc_buildings | AD27: S03aH05 | AE27: 0.0041498104 | AG27: ELC | AH27: S03aH05 | AI27: 0.16562948 | AK27: 2022 | AL27: S03 | AM27: 0.52796384 | AN27: hydro
I28: elc_spv_001 | J28: S03aH06 | K28: 0 | L28: IMPNRGZ | N28: elc_won_001 | O28: S03aH06 | P28: 0.0068674672 | Q28: IMPNRGZ | S28: elc_wof_001 | T28: S03aH06 | U28: 0.015939543 | V28: IMPNRGZ | X28: 0.017694064 | Y28: 0.013358858 | Z28: S03aH06 | AA28: elc_roadtransport | AC28: elc_buildings | AD28: S03aH06 | AE28: 0.020425185 | AG28: ELC | AH28: S03aH06 | AI28: 0.17606127 | AK28: 2022 | AL28: S04 | AM28: 0.47661396 | AN28: hydro
I29: elc_spv_001 | J29: S04aH01 | K29: 0 | L29: IMPNRGZ | N29: elc_won_001 | O29: S04aH01 | P29: 0.053195888 | Q29: IMPNRGZ | S29: elc_wof_001 | T29: S04aH01 | U29: 0.047372275 | V29: IMPNRGZ | X29: 0.048744292 | Y29: 0.019250015 | Z29: S04aH01 | AA29: elc_roadtransport | AC29: elc_buildings | AD29: S04aH01 | AE29: 0.043388406 | AG29: ELC | AH29: S04aH01 | AI29: 0.1929197 | AK29: 2022 | AL29: S05 | AM29: 0.42612301 | AN29: hydro
... I52: elc_spv_001 | J52: S07aH06 | K52: 0.0010075295 | L52: IMPNRGZ | N52: elc_won_001 | O52: S07aH06 | P52: 0.013447966 | Q52: IMPNRGZ | S52: elc_wof_001 | T52: S07aH06 | U52: 0.016059676 | V52: IMPNRGZ | X52: 0.017694064 | Y52: 0.013358858 | Z52: S07aH06 | AA52: elc_roadtransport | AC52: elc_buildings | AD52: S07aH06 | AE52: 0.021396531 | AG52: ELC | AH52: S07aH06 | AI52: 0.17717031 | AK52: 2027 | AL52: S07 | AM52: 0.3445 | AN52: hydro
I53: elc_spv_002 | J53: S01aH01 | K53: 0.005245539 | L53: IMPNRGZ | N53: elc_won_002 | O53: S01aH01 | P53: 0.017536007 | Q53: IMPNRGZ | S53: elc_wof_002 | T53: S01aH01 | U53: 0.01741342 | V53: IMPNRGZ | AC53: elc_industry | AD53: S01aH01 | AE53: 0.024625517 | AK53: 2028 | AL53: S01 | AM53: 0.5103 | AN53: hydro
I54: elc_spv_002 | J54: S01aH02 | K54: 0.0083442018 | L54: IMPNRGZ | N54: elc_won_002 | O54: S01aH02 | P54: 0.0015513957 | Q54: IMPNRGZ | S54: elc_wof_002 | T54: S01aH02 | U54: 0.0021918247 | V54: IMPNRGZ | AC54: elc_industry | AD54: S01aH02 | AE54: 0.0034923213 | AK54: 2028 | AL54: S02 | AM54: 0.5236 | AN54: hydro
I55: elc_spv_002 | J55: S01aH03 | K55: 0.088003847 | L55: IMPNRGZ | N55: elc_won_002 | O55: S01aH03 | P55: 0.011606081 | Q55: IMPNRGZ | S55: elc_wof_002 | T55: S01aH03 | U55: 0.019407933 | V55: IMPNRGZ | AC55: elc_industry | AD55: S01aH03 | AE55: 0.028317003 | AK55: 2028 | AL55: S03 | AM55: 0.5519 | AN55: hydro
I56: elc_spv_002 | J56: S01aH04 | K56: 0.01814828 | L56: IMPNRGZ | N56: elc_won_002 | O56: S01aH04 | P56: 0.0013702093 | Q56: IMPNRGZ | S56: elc_wof_002 | T56: S01aH04 | U56: 0.006564552 | V56: IMPNRGZ | AC56: elc_industry | AD56: S01aH04 | AE56: 0.0071329 | AK56: 2028 | AL56: S04 | AM56: 0.52215 | AN56: hydro
I57: elc_spv_002 | J57: S01aH05 | K57: 0.0066864392 | L57: IMPNRGZ | N57: elc_won_002 | O57: S01aH05 | P57: 0.0010086921 | Q57: IMPNRGZ | S57: elc_wof_002 | T57: S01aH05 | U57: 0.0031907337 | V57: IMPNRGZ | AC57: elc_industry | AD57: S01aH05 | AE57: 0.0035654565 | AK57: 2028 | AL57: S05 | AM57: 0.4161 | AN57: hydro
I58: elc_spv_002 | J58: S01aH06 | K58: 0.0035062 | L58: IMPNRGZ | N58: elc_won_002 | O58: S01aH06 | P58: 0.011629464 | Q58: IMPNRGZ | S58: elc_wof_002 | T58: S01aH06 | U58: 0.017613624 | V58: IMPNRGZ | AC58: elc_industry | AD58: S01aH06 | AE58: 0.017824979 | AK58: 2028 | AL58: S06 | AM58: 0.450525 | AN58: hydro
I59: elc_spv_002 | J59: S02aH01 | K59: 0.0029306256 | L59: IMPNRGZ | N59: elc_won_002 | O59: S02aH01 | P59: 0.018348813 | Q59: IMPNRGZ | S59: elc_wof_002 | T59: S02aH01 | U59: 0.02054916 | V59: IMPNRGZ | AC59: elc_industry | AD59: S02aH01 | AE59: 0.022243714 | AK59: 2028 | AL59: S07 | AM59: 0.4651 | AN59: hydro
I60: elc_spv_002 | J60: S02aH02 | K60: 0.005936807 | L60: IMPNRGZ | N60: elc_won_002 | O60: S02aH02 | P60: 0.0017720281 | Q60: IMPNRGZ | S60: elc_wof_002 | T60: S02aH02 | U60: 0.0022830833 | V60: IMPNRGZ | AC60: elc_industry | AD60: S02aH02 | AE60: 0.003144198 | AK60: 2029 | AL60: S01 | AM60: 0.578 | AN60: hydro
I61: elc_spv_002 | J61: S02aH03 | K61: 0.068587085 | L61: IMPNRGZ | N61: elc_won_002 | O61: S02aH03 | P61: 0.019170757 | Q61: IMPNRGZ | S61: elc_wof_002 | T61: S02aH03 | U61: 0.023089283 | V61: IMPNRGZ | AC61: elc_industry | AD61: S02aH03 | AE61: 0.02555189 | AK61: 2029 | AL61: S02 | AM61: 0.5762 | AN61: hydro
I62: elc_spv_002 | J62: S02aH04 | K62: 0.013117964 | L62: IMPNRGZ | N62: elc_won_002 | O62: S02aH04 | P62: 0.0030306639 | Q62: IMPNRGZ | S62: elc_wof_002 | T62: S02aH04 | U62: 0.0073791519 | V62: IMPNRGZ | AC62: elc_industry | AD62: S02aH04 | AE62: 0.0064756213 | AK62: 2029 | AL62: S03 | AM62: 0.5802 | AN62: hydro
I63: elc_spv_002 | J63: S02aH05 | K63: 0.0041068871 | L63: IMPNRGZ | N63: elc_won_002 | O63: S02aH05 | P63: 0.0014843649 | Q63: IMPNRGZ | S63: elc_wof_002 | T63: S02aH05 | U63: 0.0035838595 | V63: IMPNRGZ | AC63: elc_industry | AD63: S02aH05 | AE63: 0.0032353861 | AK63: 2029 | AL63: S04 | AM63: 0.5113 | AN63: hydro
I64: elc_spv_002 | J64: S02aH06 | K64: 0 | L64: IMPNRGZ | N64: elc_won_002 | O64: S02aH06 | P64: 0.013317615 | Q64: IMPNRGZ | S64: elc_wof_002 | T64: S02aH06 | U64: 0.01941875 | V64: IMPNRGZ | AC64: elc_industry | AD64: S02aH06 | AE64: 0.016116059 | AK64: 2029 | AL64: S05 | AM64: 0.41495 | AN64: hydro
... I94: elc_spv_002 | J94: S07aH06 | K94: 0.00081264836 | L94: IMPNRGZ | N94: elc_won_002 | O94: S07aH06 | P94: 0.015419477 | Q94: IMPNRGZ | S94: elc_wof_002 | T94: S07aH06 | U94: 0.018260014 | V94: IMPNRGZ | AC94: elc_industry | AD94: S07aH06 | AE94: 0.017839499 | AK94: 2033 | AL94: S07 | AM94: 0.5575 | AN94: hydro
I95: elc_spv_003 | J95: S01aH01 | K95: 0.0050257698 | L95: IMPNRGZ | N95: elc_won_003 | O95: S01aH01 | P95: 0.019425292 | Q95: IMPNRGZ | S95: elc_wof_003 | T95: S01aH01 | U95: 0.018601889 | V95: IMPNRGZ | AK95: 2034 | AL95: S01 | AM95: 0.568 | AN95: hydro
I96: elc_spv_003 | J96: S01aH02 | K96: 0.0081291096 | L96: IMPNRGZ | N96: elc_won_003 | O96: S01aH02 | P96: 0.0019070381 | Q96: IMPNRGZ | S96: elc_wof_003 | T96: S01aH02 | U96: 0.0023571221 | V96: IMPNRGZ | AK96: 2034 | AL96: S02 | AM96: 0.5411 | AN96: hydro
I97: elc_spv_003 | J97: S01aH03 | K97: 0.087271243 | L97: IMPNRGZ | N97: elc_won_003 | O97: S01aH03 | P97: 0.016573074 | Q97: IMPNRGZ | S97: elc_wof_003 | T97: S01aH03 | U97: 0.019670313 | V97: IMPNRGZ | AK97: 2034 | AL97: S03 | AM97: 0.6454 | AN97: hydro
I98: elc_spv_003 | J98: S01aH04 | K98: 0.017897893 | L98: IMPNRGZ | N98: elc_won_003 | O98: S01aH04 | P98: 0.0025103514 | Q98: IMPNRGZ | S98: elc_wof_003 | T98: S01aH04 | U98: 0.0054375673 | V98: IMPNRGZ | AK98: 2034 | AL98: S04 | AM98: 0.49005 | AN98: hydro
I99: elc_spv_003 | J99: S01aH05 | K99: 0.0069737124 | L99: IMPNRGZ | N99: elc_won_003 | O99: S01aH05 | P99: 0.0016972784 | Q99: IMPNRGZ | S99: elc_wof_003 | T99: S01aH05 | U99: 0.0026001244 | V99: IMPNRGZ | AK99: 2034 | AL99: S05 | AM99: 0.44915 | AN99: hydro
I100: elc_spv_003 | J100: S01aH06 | K100: 0.0045321679 | L100: IMPNRGZ | N100: elc_won_003 | O100: S01aH06 | P100: 0.013210668 | Q100: IMPNRGZ | S100: elc_wof_003 | T100: S01aH06 | U100: 0.015392987 | V100: IMPNRGZ | AK100: 2034 | AL100: S06 | AM100: 0.459075 | AN100: hydro
I101: elc_spv_003 | J101: S02aH01 | K101: 0.0017877861 | L101: IMPNRGZ | N101: elc_won_003 | O101: S02aH01 | P101: 0.01682691 | Q101: IMPNRGZ | S101: elc_wof_003 | T101: S02aH01 | U101: 0.02117712 | V101: IMPNRGZ | AK101: 2034 | AL101: S07 | AM101: 0.5451 | AN101: hydro
I102: elc_spv_003 | J102: S02aH02 | K102: 0.0056313957 | L102: IMPNRGZ | N102: elc_won_003 | O102: S02aH02 | P102: 0.0017716969 | Q102: IMPNRGZ | S102: elc_wof_003 | T102: S02aH02 | U102: 0.0024508242 | V102: IMPNRGZ | AK102: 2035 | AL102: S01 | AM102: 0.5697 | AN102: hydro
I103: elc_spv_003 | J103: S02aH03 | K103: 0.067772639 | L103: IMPNRGZ | N103: elc_won_003 | O103: S02aH03 | P103: 0.014521365 | Q103: IMPNRGZ | S103: elc_wof_003 | T103: S02aH03 | U103: 0.021360171 | V103: IMPNRGZ | AK103: 2035 | AL103: S02 | AM103: 0.5898 | AN103: hydro
I104: elc_spv_003 | J104: S02aH04 | K104: 0.013412039 | L104: IMPNRGZ | N104: elc_won_003 | O104: S02aH04 | P104: 0.003140522 | Q104: IMPNRGZ | S104: elc_wof_003 | T104: S02aH04 | U104: 0.0059692938 | V104: IMPNRGZ | AK104: 2035 | AL104: S03 | AM104: 0.6023 | AN104: hydro
I105: elc_spv_003 | J105: S02aH05 | K105: 0.0044557628 | L105: IMPNRGZ | N105: elc_won_003 | O105: S02aH05 | P105: 0.0016643095 | Q105: IMPNRGZ | S105: elc_wof_003 | T105: S02aH05 | U105: 0.0028230379 | V105: IMPNRGZ | AK105: 2035 | AL105: S04 | AM105: 0.5586 | AN105: hydro
I106: elc_spv_003 | J106: S02aH06 | K106: 0.0009249329 | L106: IMPNRGZ | N106: elc_won_003 | O106: S02aH06 | P106: 0.012280277 | Q106: IMPNRGZ | S106: elc_wof_003 | T106: S02aH06 | U106: 0.016288942 | V106: IMPNRGZ | AK106: 2035 | AL106: S05 | AM106: 0.46775 | AN106: hydro
... I213: elc_spv_005 | J213: S06aH05 | K213: 0.0059790801 | L213: IMPNRGZ | N213: elc_won_005 | O213: S06aH05 | P213: 0.01157716 | Q213: IMPNRGZ | S213: elc_wof_005 | T213: S06aH05 | U213: 0.017304928 | V213: IMPNRGZ | AK213: 2050 | AL213: S07 | AM213: 0.3947 | AN213: hydro
I214: elc_spv_005 | J214: S06aH06 | K214: 0 | L214: IMPNRGZ | N214: elc_won_005 | O214: S06aH06 | P214: 0.10810892 | Q214: IMPNRGZ | S214: elc_wof_005 | T214: S06aH06 | U214: 0.08924326 | V214: IMPNRGZ
I215: elc_spv_005 | J215: S07aH01 | K215: 0.0084746142 | L215: IMPNRGZ | N215: elc_won_005 | O215: S07aH01 | P215: 0.015015959 | Q215: IMPNRGZ | S215: elc_wof_005 | T215: S07aH01 | U215: 0.019423236 | V215: IMPNRGZ
I216: elc_spv_005 | J216: S07aH02 | K216: 0.0091203421 | L216: IMPNRGZ | N216: elc_won_005 | O216: S07aH02 | P216: 0.0015790715 | Q216: IMPNRGZ | S216: elc_wof_005 | T216: S07aH02 | U216: 0.0024242536 | V216: IMPNRGZ
I217: elc_spv_005 | J217: S07aH03 | K217: 0.092436294 | L217: IMPNRGZ | N217: elc_won_005 | O217: S07aH03 | P217: 0.017480894 | Q217: IMPNRGZ | S217: elc_wof_005 | T217: S07aH03 | U217: 0.021990155 | V217: IMPNRGZ
I218: elc_spv_005 | J218: S07aH04 | K218: 0.018414948 | L218: IMPNRGZ | N218: elc_won_005 | O218: S07aH04 | P218: 0.0023664242 | Q218: IMPNRGZ | S218: elc_wof_005 | T218: S07aH04 | U218: 0.0067136612 | V218: IMPNRGZ
I219: elc_spv_005 | J219: S07aH05 | K219: 0.0058667728 | L219: IMPNRGZ | N219: elc_won_005 | O219: S07aH05 | P219: 0.00091457877 | Q219: IMPNRGZ | S219: elc_wof_005 | T219: S07aH05 | U219: 0.003080173 | V219: IMPNRGZ
I220: elc_spv_005 | J220: S07aH06 | K220: 0 | L220: IMPNRGZ | N220: elc_won_005 | O220: S07aH06 | P220: 0.0067288051 | Q220: IMPNRGZ | S220: elc_wof_005 | T220: S07aH06 | U220: 0.01665113 | V220: IMPNRGZ
I221: elc_spv_006 | J221: S01aH01 | K221: 0.0051932813 | L221: IMPNRGZ | N221: elc_won_006 | O221: S01aH01 | P221: 0.020710279 | Q221: IMPNRGZ | S221: elc_wof_006 | T221: S01aH01 | U221: 0.025242342 | V221: IMPNRGZ
I222: elc_spv_006 | J222: S01aH02 | K222: 0.0083053966 | L222: IMPNRGZ | N222: elc_won_006 | O222: S01aH02 | P222: 0.0026648445 | Q222: IMPNRGZ | S222: elc_wof_006 | T222: S01aH02 | U222: 0.0029576205 | V222: IMPNRGZ
I223: elc_spv_006 | J223: S01aH03 | K223: 0.089229853 | L223: IMPNRGZ | N223: elc_won_006 | O223: S01aH03 | P223: 0.014794751 | Q223: IMPNRGZ | S223: elc_wof_006 | T223: S01aH03 | U223: 0.023279933 | V223: IMPNRGZ
I224: elc_spv_006 | J224: S01aH04 | K224: 0.016154851 | L224: IMPNRGZ | N224: elc_won_006 | O224: S01aH04 | P224: 0.0029272127 | Q224: IMPNRGZ | S224: elc_wof_006 | T224: S01aH04 | U224: 0.0072776999 | V224: IMPNRGZ
I225: elc_spv_006 | J225: S01aH05 | K225: 0.0053427581 | L225: IMPNRGZ | N225: elc_won_006 | O225: S01aH05 | P225: 0.0016308958 | Q225: IMPNRGZ | S225: elc_wof_006 | T225: S01aH05 | U225: 0.0042553047 | V225: IMPNRGZ
... I1312: elc_spv_031 | J1312: S07aH06 | K1312: 0 | L1312: IMPNRGZ | N1312: elc_won_031 | O1312: S07aH06 | P1312: 0.0057195487 | Q1312: IMPNRGZ | S1312: elc_wof_031 | T1312: S07aH06 | U1312: 0.01860046 | V1312: IMPNRGZ
I1313: elc_spv_032 | J1313: S01aH01 | K1313: 0.0018532549 | L1313: IMPNRGZ | N1313: elc_won_032 | O1313: S01aH01 | P1313: 0.015783145 | Q1313: IMPNRGZ
I1314: elc_spv_032 | J1314: S01aH02 | K1314: 0.0037988242 | L1314: IMPNRGZ | N1314: elc_won_032 | O1314: S01aH02 | P1314: 0.0013774487 | Q1314: IMPNRGZ
I1315: elc_spv_032 | J1315: S01aH03 | K1315: 0.055120566 | L1315: IMPNRGZ | N1315: elc_won_032 | O1315: S01aH03 | P1315: 0.009231437 | Q1315: IMPNRGZ
I1316: elc_spv_032 | J1316: S01aH04 | K1316: 0.008631746 | L1316: IMPNRGZ | N1316: elc_won_032 | O1316: S01aH04 | P1316: 0.0021332455 | Q1316: IMPNRGZ
I1317: elc_spv_032 | J1317: S01aH05 | K1317: 0.002071359 | L1317: IMPNRGZ | N1317: elc_won_032 | O1317: S01aH05 | P1317: 0.0013973582 | Q1317: IMPNRGZ
I1318: elc_spv_032 | J1318: S01aH06 | K1318: 0 | L1318: IMPNRGZ | N1318: elc_won_032 | O1318: S01aH06 | P1318: 0.011502621 | Q1318: IMPNRGZ
I1319: elc_spv_032 | J1319: S02aH01 | K1319: 0.0032564724 | L1319: IMPNRGZ | N1319: elc_won_032 | O1319: S02aH01 | P1319: 0.019692951 | Q1319: IMPNRGZ
I1320: elc_spv_032 | J1320: S02aH02 | K1320: 0.0050510216 | L1320: IMPNRGZ | N1320: elc_won_032 | O1320: S02aH02 | P1320: 0.0012570575 | Q1320: IMPNRGZ
I1321: elc_spv_032 | J1321: S02aH03 | K1321: 0.068530765 | L1321: IMPNRGZ | N1321: elc_won_032 | O1321: S02aH03 | P1321: 0.012231674 | Q1321: IMPNRGZ
I1322: elc_spv_032 | J1322: S02aH04 | K1322: 0.010261786 | L1322: IMPNRGZ | N1322: elc_won_032 | O1322: S02aH04 | P1322: 0.0033975874 | Q1322: IMPNRGZ
I1323: elc_spv_032 | J1323: S02aH05 | K1323: 0.0030595723 | L1323: IMPNRGZ | N1323: elc_won_032 | O1323: S02aH05 | P1323: 0.002133009 | Q1323: IMPNRGZ
I1324: elc_spv_032 | J1324: S02aH06 | K1324: 0 | L1324: IMPNRGZ | N1324: elc_won_032 | O1324: S02aH06 | P1324: 0.018605897 | Q1324: IMPNRGZ
... I2908: elc_spv_069 | J2908: S07aH06 | K2908: 0 | L2908: IMPNRGZ | N2908: elc_won_069 | O2908: S07aH06 | P2908: 0.010621942 | Q2908: IMPNRGZ
I2909: elc_spv_070 | J2909: S01aH01 | K2909: 0 | L2909: IMPNRGZ
I2910: elc_spv_070 | J2910: S01aH02 | K2910: 0.0022152346 | L2910: IMPNRGZ
I2911: elc_spv_070 | J2911: S01aH03 | K2911: 0.057129181 | L2911: IMPNRGZ
I2912: elc_spv_070 | J2912: S01aH04 | K2912: 0.011548734 | L2912: IMPNRGZ
I2913: elc_spv_070 | J2913: S01aH05 | K2913: 0.0030138319 | L2913: IMPNRGZ
I2914: elc_spv_070 | J2914: S01aH06 | K2914: 0 | L2914: IMPNRGZ
I2915: elc_spv_070 | J2915: S02aH01 | K2915: 0 | L2915: IMPNRGZ
I2916: elc_spv_070 | J2916: S02aH02 | K2916: 0.0017343514 | L2916: IMPNRGZ
I2917: elc_spv_070 | J2917: S02aH03 | K2917: 0.052326922 | L2917: IMPNRGZ
I2918: elc_spv_070 | J2918: S02aH04 | K2918: 0.010939013 | L2918: IMPNRGZ
I2919: elc_spv_070 | J2919: S02aH05 | K2919: 0.0028925836 | L2919: IMPNRGZ
I2920: elc_spv_070 | J2920: S02aH06 | K2920: 0 | L2920: IMPNRGZ
... I4840: elc_spv_115 | J4840: S07aH06 | K4840: 0 | L4840: IMPNRGZ

Sheet ts_096P50
C9: =IF(A11="x","DeActivated","~TimeSlices") -> DeActivated | I9: =IF(A11="x","DeActivated","~TFM_DINS-AT") -> DeActivated | N9: =IF(A11="x","DeActivated","~TFM_DINS-AT") -> DeActivated | S9: =IF(A11="x","DeActivated","~TFM_DINS-AT") -> DeActivated | X9: =IF(A11="x","DeActivated","~TFM_DINS-AT") -> DeActivated | AC9: =IF(A11="x","DeActivated","~TFM_DINS-AT") -> DeActivated | AG9: =IF(A11="x","DeActivated","~TFM_DINS-AT") -> DeActivated | AK9: =IF(A11="x","DeActivated","~TFM_INS-AT") -> DeActivated
A10: ts_096P50 | C10: season | D10: weekly | E10: daynite | F10: wparent | G10: dparent | I10: commodity | J10: timeslice | K10: com_fr | L10: process | N10: commodity | O10: timeslice | P10: com_fr | Q10: process | S10: commodity | T10: timeslice | U10: com_fr | V10: process | X10: g_yrfr | Y10: com_fr | Z10: timeslice | AA10: commodity | AC10: commodity | AD10: timeslice | AE10: com_fr | AG10: commodity | AH10: timeslice | AI10: com_pkflx | AK10: Year | AL10: timeslice | AM10: ncap_afs | AN10: pset_ci
A11: =IFERROR(IF(Veda!D5=A10,"ok","x"),"") -> x | C11: S01 | D11: a | E11: H01 | F11: S01,S02,S03,S04,S05,S06,S07,S08,S09,S10,S11,S12 | G11: a | I11: elc_spv_001 | J11: S01aH01 | K11: 0.0051294425 | L11: IMPNRGZ | N11: elc_won_001 | O11: S01aH01 | P11: 0.025044484 | Q11: IMPNRGZ | S11: elc_wof_001 | T11: S01aH01 | U11: 0.019683682 | V11: IMPNRGZ | X11: 0.024771689 | Y11: 0.0097827943 | Z11: S01aH01 | AA11: elc_roadtransport | AC11: elc_buildings | AD11: S01aH01 | AE11: 0.02358238 | AG11: ELC | AH11: S01aH01 | AI11: 0.19756038 | AK11: 2020 | AL11: S01 | AM11: 0.46683482 | AN11: hydro
C12: S02 | E12: H02 | G12: a | I12: elc_spv_001 | J12: S01aH02 | K12: 0.0080101212 | L12: IMPNRGZ | N12: elc_won_001 | O12: S01aH02 | P12: 0.0039099904 | Q12: IMPNRGZ | S12: elc_wof_001 | T12: S01aH02 | U12: 0.0024410547 | V12: IMPNRGZ | X12: 0.0035388128 | Y12: 0.0059087255 | Z12: S01aH02 | AA12: elc_roadtransport | AC12: elc_buildings | AD12: S01aH02 | AE12: 0.0029526519 | AG12: ELC | AH12: S01aH02 | AI12: 0.053223688 | AK12: 2020 | AL12: S02 | AM12: 0.50231514 | AN12: hydro
C13: S03 | E13: H03 | G13: a | I13: elc_spv_001 | J13: S01aH03 | K13: 0.009795869 | L13: IMPNRGZ | N13: elc_won_001 | O13: S01aH03 | P13: 0.0036839907 | Q13: IMPNRGZ | S13: elc_wof_001 | T13: S01aH03 | U13: 0.0025218341 | V13: IMPNRGZ | X13: 0.0035388128 | Y13: 0.0045214595 | Z13: S01aH03 | AA13: elc_roadtransport | AC13: elc_buildings | AD13: S01aH03 | AE13: 0.0030640846 | AG13: ELC | AH13: S01aH03 | AI13: 0.049864854 | AK13: 2020 | AL13: S03 | AM13: 0.49793255 | AN13: hydro
C14: S04 | E14: H04 | G14: a | I14: elc_spv_001 | J14: S01aH04 | K14: 0.068935402 | L14: IMPNRGZ | N14: elc_won_001 | O14: S01aH04 | P14: 0.019133625 | Q14: IMPNRGZ | S14: elc_wof_001 | T14: S01aH04 | U14: 0.015864332 | V14: IMPNRGZ | X14: 0.021232877 | Y14: 0.026902684 | Z14: S01aH04 | AA14: elc_roadtransport | AC14: elc_buildings | AD14: S01aH04 | AE14: 0.022568706 | AG14: ELC | AH14: S01aH04 | AI14: 0.15832018 | AK14: 2020 | AL14: S04 | AM14: 0.40961744 | AN14: hydro
C15: S05 | E15: H05 | G15: a | I15: elc_spv_001 | J15: S01aH05 | K15: 0.010138782 | L15: IMPNRGZ | N15: elc_won_001 | O15: S01aH05 | P15: 0.0027871184 | Q15: IMPNRGZ | S15: elc_wof_001 | T15: S01aH05 | U15: 0.0027637567 | V15: IMPNRGZ | X15: 0.0035388128 | Y15: 0.0053435431 | Z15: S01aH05 | AA15: elc_roadtransport | AC15: elc_buildings | AD15: S01aH05 | AE15: 0.0041394522 | AG15: ELC | AH15: S01aH05 | AI15: 0.15567027 | AK15: 2020 | AL15: S05 | AM15: 0.38681653 | AN15: hydro
C16: S06 | E16: H06 | G16: a | I16: elc_spv_001 | J16: S01aH06 | K16: 0.017700808 | L16: IMPNRGZ | N16: elc_won_001 | O16: S01aH06 | P16: 0.0046162039 | Q16: IMPNRGZ | S16: elc_wof_001 | T16: S01aH06 | U16: 0.0059157925 | V16: IMPNRGZ | X16: 0.0070776256 | Y16: 0.013769899 | Z16: S01aH06 | AA16: elc_roadtransport | AC16: elc_buildings | AD16: S01aH06 | AE16: 0.008315074 | AG16: ELC | AH16: S01aH06 | AI16: 0.15499617 | AK16: 2020 | AL16: S06 | AM16: 0.38243662 | AN16: hydro
C17: S07 | E17: H07 | G17: a | I17: elc_spv_001 | J17: S01aH07 | K17: 0.006317873 | L17: IMPNRGZ | N17: elc_won_001 | O17: S01aH07 | P17: 0.0024234359 | Q17: IMPNRGZ | S17: elc_wof_001 | T17: S01aH07 | U17: 0.0029205824 | V17: IMPNRGZ | X17: 0.0035388128 | Y17: 0.0053435431 | Z17: S01aH07 | AA17: elc_roadtransport | AC17: elc_buildings | AD17: S01aH07 | AE17: 0.0041413882 | AG17: ELC | AH17: S01aH07 | AI17: 0.1513824 | AK17: 2020 | AL17: S07 | AM17: 0.40168936 | AN17: hydro
C18: S08 | E18: H08 | G18: a | I18: elc_spv_001 | J18: S01aH08 | K18: 0.0025880172 | L18: IMPNRGZ | N18: elc_won_001 | O18: S01aH08 | P18: 0.013298913 | Q18: IMPNRGZ | S18: elc_wof_001 | T18: S01aH08 | U18: 0.016330714 | V18: IMPNRGZ | X18: 0.017694064 | Y18: 0.013358858 | Z18: S01aH08 | AA18: elc_roadtransport | AC18: elc_buildings | AD18: S01aH08 | AE18: 0.020669499 | AG18: ELC | AH18: S01aH08 | AI18: 0.12100711 | AK18: 2020 | AL18: S08 | AM18: 0.39542064 | AN18: hydro
C19: S09 | I19: elc_spv_001 | J19: S02aH01 | K19: 0.0032601846 | L19: IMPNRGZ | N19: elc_won_001 | O19: S02aH01 | P19: 0.017673745 | Q19: IMPNRGZ | S19: elc_wof_001 | T19: S02aH01 | U19: 0.022856801 | V19: IMPNRGZ | X19: 0.022374429 | Y19: 0.0088360722 | Z19: S02aH01 | AA19: elc_roadtransport | AC19: elc_buildings | AD19: S02aH01 | AE19: 0.022676326 | AG19: ELC | AH19: S02aH01 | AI19: 0.16562294 | AK19: 2020 | AL19: S09 | AM19: 0.43260682 | AN19: hydro
C20: S10 | I20: elc_spv_001 | J20: S02aH02 | K20: 0.0056845574 | L20: IMPNRGZ | N20: elc_won_001 | O20: S02aH02 | P20: 0.0023018597 | Q20: IMPNRGZ | S20: elc_wof_001 | T20: S02aH02 | U20: 0.0027404278 | V20: IMPNRGZ | X20: 0.003196347 | Y20: 0.0053369134 | Z20: S02aH02 | AA20: elc_roadtransport | AC20: elc_buildings | AD20: S02aH02 | AE20: 0.0026953657 | AG20: ELC | AH20: S02aH02 | AI20: 0.027769355 | AK20: 2020 | AL20: S10 | AM20: 0.40795807 | AN20: hydro
C21: S11 | I21: elc_spv_001 | J21: S02aH03 | K21: 0.0073021346 | L21: IMPNRGZ | N21: elc_won_001 | O21: S02aH03 | P21: 0.0021358668 | Q21: IMPNRGZ | S21: elc_wof_001 | T21: S02aH03 | U21: 0.0026986208 | V21: IMPNRGZ | X21: 0.003196347 | Y21: 0.0040838989 | Z21: S02aH03 | AA21: elc_roadtransport | AC21: elc_buildings | AD21: S02aH03 | AE21: 0.0027580309 | AG21: ELC | AH21: S02aH03 | AI21: 0.040410379 | AK21: 2020 | AL21: S11 | AM21: 0.37227557 | AN21: hydro
C22: S12 | I22: elc_spv_001 | J22: S02aH04 | K22: 0.052832757 | L22: IMPNRGZ | N22: elc_won_001 | O22: S02aH04 | P22: 0.01306138 | Q22: IMPNRGZ | S22: elc_wof_001 | T22: S02aH04 | U22: 0.017214729 | V22: IMPNRGZ | X22: 0.019178082 | Y22: 0.024299199 | Z22: S02aH04 | AA22: elc_roadtransport | AC22: elc_buildings | AD22: S02aH04 | AE22: 0.021109821 | AG22: ELC | AH22: S02aH04 | AI22: 0.16631753 | AK22: 2020 | AL22: S12 | AM22: 0.39947687 | AN22: hydro
I23: elc_spv_001 | J23: S02aH05 | K23: 0.0076708546 | L23: IMPNRGZ | N23: elc_won_001 | O23: S02aH05 | P23: 0.001917777 | Q23: IMPNRGZ | S23: elc_wof_001 | T23: S02aH05 | U23: 0.0029379965 | V23: IMPNRGZ | X23: 0.003196347 | Y23: 0.004826426 | Z23: S02aH05 | AA23: elc_roadtransport | AC23: elc_buildings | AD23: S02aH05 | AE23: 0.0041691262 | AG23: ELC | AH23: S02aH05 | AI23: 0.11046119 | AK23: 2021 | AL23: S01 | AM23: 0.42166923 | AN23: hydro
I24: elc_spv_001 | J24: S02aH06 | K24: 0.012205613 | L24: IMPNRGZ | N24: elc_won_001 | O24: S02aH06 | P24: 0.0035376094 | Q24: IMPNRGZ | S24: elc_wof_001 | T24: S02aH06 | U24: 0.0061425169 | V24: IMPNRGZ | X24: 0.0063926941 | Y24: 0.012437329 | Z24: S02aH06 | AA24: elc_roadtransport | AC24: elc_buildings | AD24: S02aH06 | AE24: 0.0084338849 | AG24: ELC | AH24: S02aH06 | AI24: 0.1099222 | AK24: 2021 | AL24: S02 | AM24: 0.47486905 | AN24: hydro
I25: elc_spv_001 | J25: S02aH07 | K25: 0.0037361597 | L25: IMPNRGZ | N25: elc_won_001 | O25: S02aH07 | P25: 0.0018299615 | Q25: IMPNRGZ | S25: elc_wof_001 | T25: S02aH07 | U25: 0.0029155467 | V25: IMPNRGZ | X25: 0.003196347 | Y25: 0.004826426 | Z25: S02aH07 | AA25: elc_roadtransport | AC25: elc_buildings | AD25: S02aH07 | AE25: 0.0041775339 | AG25: ELC | AH25: S02aH07 | AI25: 0.11702026 | AK25: 2021 | AL25: S03 | AM25: 0.50209828 | AN25: hydro
I26: elc_spv_001 | J26: S02aH08 | K26: 2.108948e-05 | L26: IMPNRGZ | N26: elc_won_001 | O26: S02aH08 | P26: 0.010657222 | Q26: IMPNRGZ | S26: elc_wof_001 | T26: S02aH08 | U26: 0.017065312 | V26: IMPNRGZ | X26: 0.015981735 | Y26: 0.012066065 | Z26: S02aH08 | AA26: elc_roadtransport | AC26: elc_buildings | AD26: S02aH08 | AE26: 0.019898262 | AG26: ELC | AH26: S02aH08 | AI26: 0.1537357 | AK26: 2021 | AL26: S04 | AM26: 0.44828654 | AN26: hydro
I27: elc_spv_001 | J27: S03aH01 | K27: 0.0003409297 | L27: IMPNRGZ | N27: elc_won_001 | O27: S03aH01 | P27: 0.012705799 | Q27: IMPNRGZ | S27: elc_wof_001 | T27: S03aH01 | U27: 0.021419282 | V27: IMPNRGZ | X27: 0.024771689 | Y27: 0.0097827943 | Z27: S03aH01 | AA27: elc_roadtransport | AC27: elc_buildings | AD27: S03aH01 | AE27: 0.024455977 | AG27: ELC | AH27: S03aH01 | AI27: 0.15425665 | AK27: 2021 | AL27: S05 | AM27: 0.41282818 | AN27: hydro
I28: elc_spv_001 | J28: S03aH02 | K28: 0.005557114 | L28: IMPNRGZ | N28: elc_won_001 | O28: S03aH02 | P28: 0.0023778681 | Q28: IMPNRGZ | S28: elc_wof_001 | T28: S03aH02 | U28: 0.0026107315 | V28: IMPNRGZ | X28: 0.0035388128 | Y28: 0.0059087255 | Z28: S03aH02 | AA28: elc_roadtransport | AC28: elc_buildings | AD28: S03aH02 | AE28: 0.0028973121 | AG28: ELC | AH28: S03aH02 | AI28: 0.068135354 | AK28: 2021 | AL28: S06 | AM28: 0.35286863 | AN28: hydro
I29: elc_spv_001 | J29: S03aH03 | K29: 0.007426674 | L29: IMPNRGZ | N29: elc_won_001 | O29: S03aH03 | P29: 0.0021615067 | Q29: IMPNRGZ | S29: elc_wof_001 | T29: S03aH03 | U29: 0.0025771027 | V29: IMPNRGZ | X29: 0.0035388128 | Y29: 0.0045214595 | Z29: S03aH03 | AA29: elc_roadtransport | AC29: elc_buildings | AD29: S03aH03 | AE29: 0.0029117184 | AG29: ELC | AH29: S03aH03 | AI29: 0.065877119 | AK29: 2021 | AL29: S07 | AM29: 0.31520819 | AN29: hydro
I30: elc_spv_001 | J30: S03aH04 | K30: 0.054102273 | L30: IMPNRGZ | N30: elc_won_001 | O30: S03aH04 | P30: 0.011728766 | Q30: IMPNRGZ | S30: elc_wof_001 | T30: S03aH04 | U30: 0.015637858 | V30: IMPNRGZ | X30: 0.021232877 | Y30: 0.026902684 | Z30: S03aH04 | AA30: elc_roadtransport | AC30: elc_buildings | AD30: S03aH04 | AE30: 0.021451139 | AG30: ELC | AH30: S03aH04 | AI30: 0.20190654 | AK30: 2021 | AL30: S08 | AM30: 0.29998192 | AN30: hydro
I31: elc_spv_001 | J31: S03aH05 | K31: 0.007506891 | L31: IMPNRGZ | N31: elc_won_001 | O31: S03aH05 | P31: 0.0012480565 | Q31: IMPNRGZ | S31: elc_wof_001 | T31: S03aH05 | U31: 0.0028385066 | V31: IMPNRGZ | X31: 0.0035388128 | Y31: 0.0053435431 | Z31: S03aH05 | AA31: elc_roadtransport | AC31: elc_buildings | AD31: S03aH05 | AE31: 0.0041395441 | AG31: ELC | AH31: S03aH05 | AI31: 0.1488066 | AK31: 2021 | AL31: S09 | AM31: 0.3224161 | AN31: hydro
I32: elc_spv_001 | J32: S03aH06 | K32: 0.012510998 | L32: IMPNRGZ | N32: elc_won_001 | O32: S03aH06 | P32: 0.0019280106 | Q32: IMPNRGZ | S32: elc_wof_001 | T32: S03aH06 | U32: 0.0059700909 | V32: IMPNRGZ | X32: 0.0070776256 | Y32: 0.013769899 | Z32: S03aH06 | AA32: elc_roadtransport | AC32: elc_buildings | AD32: S03aH06 | AE32: 0.0083570743 | AG32: ELC | AH32: S03aH06 | AI32: 0.15929861 | AK32: 2021 | AL32: S10 | AM32: 0.31864638 | AN32: hydro
I33: elc_spv_001 | J33: S03aH07 | K33: 0.0027915113 | L33: IMPNRGZ | N33: elc_won_001 | O33: S03aH07 | P33: 0.0011989209 | Q33: IMPNRGZ | S33: elc_wof_001 | T33: S03aH07 | U33: 0.0029164665 | V33: IMPNRGZ | X33: 0.0035388128 | Y33: 0.0053435431 | Z33: S03aH07 | AA33: elc_roadtransport | AC33: elc_buildings | AD33: S03aH07 | AE33: 0.0041498104 | AG33: ELC | AH33: S03aH07 | AI33: 0.16562948 | AK33: 2021 | AL33: S11 | AM33: 0.37672311 | AN33: hydro
I34: elc_spv_001 | J34: S03aH08 | K34: 0 | L34: IMPNRGZ | N34: elc_won_001 | O34: S03aH08 | P34: 0.0068674672 | Q34: IMPNRGZ | S34: elc_wof_001 | T34: S03aH08 | U34: 0.015939543 | V34: IMPNRGZ | X34: 0.017694064 | Y34: 0.013358858 | Z34: S03aH08 | AA34: elc_roadtransport | AC34: elc_buildings | AD34: S03aH08 | AE34: 0.020425185 | AG34: ELC | AH34: S03aH08 | AI34: 0.17606127 | AK34: 2021 | AL34: S12 | AM34: 0.4254758 | AN34: hydro
... I106: elc_spv_001 | J106: S12aH08 | K106: 0.0010075295 | L106: IMPNRGZ | N106: elc_won_001 | O106: S12aH08 | P106: 0.013447966 | Q106: IMPNRGZ | S106: elc_wof_001 | T106: S12aH08 | U106: 0.016059676 | V106: IMPNRGZ | X106: 0.017694064 | Y106: 0.013358858 | Z106: S12aH08 | AA106: elc_roadtransport | AC106: elc_buildings | AD106: S12aH08 | AE106: 0.021396531 | AG106: ELC | AH106: S12aH08 | AI106: 0.17717031 | AK106: 2029 | AL106: S12 | AM106: 0.5263 | AN106: hydro
I107: elc_spv_002 | J107: S01aH01 | K107: 0.005245539 | L107: IMPNRGZ | N107: elc_won_002 | O107: S01aH01 | P107: 0.017536007 | Q107: IMPNRGZ | S107: elc_wof_002 | T107: S01aH01 | U107: 0.01741342 | V107: IMPNRGZ | AC107: elc_industry | AD107: S01aH01 | AE107: 0.024625517 | AK107: 2030 | AL107: S01 | AM107: 0.5936 | AN107: hydro
I108: elc_spv_002 | J108: S01aH02 | K108: 0.0083442018 | L108: IMPNRGZ | N108: elc_won_002 | O108: S01aH02 | P108: 0.0015513957 | Q108: IMPNRGZ | S108: elc_wof_002 | T108: S01aH02 | U108: 0.0021918247 | V108: IMPNRGZ | AC108: elc_industry | AD108: S01aH02 | AE108: 0.0034923213 | AK108: 2030 | AL108: S02 | AM108: 0.5354 | AN108: hydro
I109: elc_spv_002 | J109: S01aH03 | K109: 0.010070378 | L109: IMPNRGZ | N109: elc_won_002 | O109: S01aH03 | P109: 0.0017582416 | Q109: IMPNRGZ | S109: elc_wof_002 | T109: S01aH03 | U109: 0.0022227519 | V109: IMPNRGZ | AC109: elc_industry | AD109: S01aH03 | AE109: 0.003499177 | AK109: 2030 | AL109: S03 | AM109: 0.5814 | AN109: hydro
I110: elc_spv_002 | J110: S01aH04 | K110: 0.067733691 | L110: IMPNRGZ | N110: elc_won_002 | O110: S01aH04 | P110: 0.0089921096 | Q110: IMPNRGZ | S110: elc_wof_002 | T110: S01aH04 | U110: 0.014252541 | V110: IMPNRGZ | AC110: elc_industry | AD110: S01aH04 | AE110: 0.021252489 | AK110: 2030 | AL110: S04 | AM110: 0.5458 | AN110: hydro
I111: elc_spv_002 | J111: S01aH05 | K111: 0.010199778 | L111: IMPNRGZ | N111: elc_won_002 | O111: S01aH05 | P111: 0.00085572932 | Q111: IMPNRGZ | S111: elc_wof_002 | T111: S01aH05 | U111: 0.0029326406 | V111: IMPNRGZ | AC111: elc_industry | AD111: S01aH05 | AE111: 0.0035653374 | AK111: 2030 | AL111: S05 | AM111: 0.5398 | AN111: hydro
I112: elc_spv_002 | J112: S01aH06 | K112: 0.01814828 | L112: IMPNRGZ | N112: elc_won_002 | O112: S01aH06 | P112: 0.0013702093 | Q112: IMPNRGZ | S112: elc_wof_002 | T112: S01aH06 | U112: 0.006564552 | V112: IMPNRGZ | AC112: elc_industry | AD112: S01aH06 | AE112: 0.0071329 | AK112: 2030 | AL112: S06 | AM112: 0.4814 | AN112: hydro
I113: elc_spv_002 | J113: S01aH07 | K113: 0.0066864392 | L113: IMPNRGZ | N113: elc_won_002 | O113: S01aH07 | P113: 0.0010086921 | Q113: IMPNRGZ | S113: elc_wof_002 | T113: S01aH07 | U113: 0.0031907337 | V113: IMPNRGZ | AC113: elc_industry | AD113: S01aH07 | AE113: 0.0035654565 | AK113: 2030 | AL113: S07 | AM113: 0.4666 | AN113: hydro
I114: elc_spv_002 | J114: S01aH08 | K114: 0.0035062 | L114: IMPNRGZ | N114: elc_won_002 | O114: S01aH08 | P114: 0.011629464 | Q114: IMPNRGZ | S114: elc_wof_002 | T114: S01aH08 | U114: 0.017613624 | V114: IMPNRGZ | AC114: elc_industry | AD114: S01aH08 | AE114: 0.017824979 | AK114: 2030 | AL114: S08 | AM114: 0.4632 | AN114: hydro
I115: elc_spv_002 | J115: S02aH01 | K115: 0.0029306256 | L115: IMPNRGZ | N115: elc_won_002 | O115: S02aH01 | P115: 0.018348813 | Q115: IMPNRGZ | S115: elc_wof_002 | T115: S02aH01 | U115: 0.02054916 | V115: IMPNRGZ | AC115: elc_industry | AD115: S02aH01 | AE115: 0.022243714 | AK115: 2030 | AL115: S09 | AM115: 0.4494 | AN115: hydro
I116: elc_spv_002 | J116: S02aH02 | K116: 0.005936807 | L116: IMPNRGZ | N116: elc_won_002 | O116: S02aH02 | P116: 0.0017720281 | Q116: IMPNRGZ | S116: elc_wof_002 | T116: S02aH02 | U116: 0.0022830833 | V116: IMPNRGZ | AC116: elc_industry | AD116: S02aH02 | AE116: 0.003144198 | AK116: 2030 | AL116: S10 | AM116: 0.4933 | AN116: hydro
I117: elc_spv_002 | J117: S02aH03 | K117: 0.0074683505 | L117: IMPNRGZ | N117: elc_won_002 | O117: S02aH03 | P117: 0.0020102433 | Q117: IMPNRGZ | S117: elc_wof_002 | T117: S02aH03 | U117: 0.0025218913 | V117: IMPNRGZ | AC117: elc_industry | AD117: S02aH03 | AE117: 0.0031480534 | AK117: 2030 | AL117: S11 | AM117: 0.5093 | AN117: hydro
I118: elc_spv_002 | J118: S02aH04 | K118: 0.053262314 | L118: IMPNRGZ | N118: elc_won_002 | O118: S02aH04 | P118: 0.015320539 | Q118: IMPNRGZ | S118: elc_wof_002 | T118: S02aH04 | U118: 0.017160577 | V118: IMPNRGZ | AC118: elc_industry | AD118: S02aH04 | AE118: 0.019168968 | AK118: 2030 | AL118: S12 | AM118: 0.4992 | AN118: hydro
... I202: elc_spv_002 | J202: S12aH08 | K202: 0.00081264836 | L202: IMPNRGZ | N202: elc_won_002 | O202: S12aH08 | P202: 0.015419477 | Q202: IMPNRGZ | S202: elc_wof_002 | T202: S12aH08 | U202: 0.018260014 | V202: IMPNRGZ | AC202: elc_industry | AD202: S12aH08 | AE202: 0.017839499 | AK202: 2037 | AL202: S12 | AM202: 0.4644 | AN202: hydro
I203: elc_spv_003 | J203: S01aH01 | K203: 0.0050257698 | L203: IMPNRGZ | N203: elc_won_003 | O203: S01aH01 | P203: 0.019425292 | Q203: IMPNRGZ | S203: elc_wof_003 | T203: S01aH01 | U203: 0.018601889 | V203: IMPNRGZ | AK203: 2038 | AL203: S01 | AM203: 0.5136 | AN203: hydro
I204: elc_spv_003 | J204: S01aH02 | K204: 0.0081291096 | L204: IMPNRGZ | N204: elc_won_003 | O204: S01aH02 | P204: 0.0019070381 | Q204: IMPNRGZ | S204: elc_wof_003 | T204: S01aH02 | U204: 0.0023571221 | V204: IMPNRGZ | AK204: 2038 | AL204: S02 | AM204: 0.4832 | AN204: hydro
I205: elc_spv_003 | J205: S01aH03 | K205: 0.0099816977 | L205: IMPNRGZ | N205: elc_won_003 | O205: S01aH03 | P205: 0.0022504142 | Q205: IMPNRGZ | S205: elc_wof_003 | T205: S01aH03 | U205: 0.0023898198 | V205: IMPNRGZ | AK205: 2038 | AL205: S03 | AM205: 0.5449 | AN205: hydro
I206: elc_spv_003 | J206: S01aH04 | K206: 0.067338964 | L206: IMPNRGZ | N206: elc_won_003 | O206: S01aH04 | P206: 0.01267062 | Q206: IMPNRGZ | S206: elc_wof_003 | T206: S01aH04 | U206: 0.014685386 | V206: IMPNRGZ | AK206: 2038 | AL206: S04 | AM206: 0.4296 | AN206: hydro
I207: elc_spv_003 | J207: S01aH05 | K207: 0.0099505804 | L207: IMPNRGZ | N207: elc_won_003 | O207: S01aH05 | P207: 0.0016520396 | Q207: IMPNRGZ | S207: elc_wof_003 | T207: S01aH05 | U207: 0.002595107 | V207: IMPNRGZ | AK207: 2038 | AL207: S05 | AM207: 0.3995 | AN207: hydro
I208: elc_spv_003 | J208: S01aH06 | K208: 0.017897893 | L208: IMPNRGZ | N208: elc_won_003 | O208: S01aH06 | P208: 0.0025103514 | Q208: IMPNRGZ | S208: elc_wof_003 | T208: S01aH06 | U208: 0.0054375673 | V208: IMPNRGZ | AK208: 2038 | AL208: S06 | AM208: 0.4282 | AN208: hydro
I209: elc_spv_003 | J209: S01aH07 | K209: 0.0069737124 | L209: IMPNRGZ | N209: elc_won_003 | O209: S01aH07 | P209: 0.0016972784 | Q209: IMPNRGZ | S209: elc_wof_003 | T209: S01aH07 | U209: 0.0026001244 | V209: IMPNRGZ | AK209: 2038 | AL209: S07 | AM209: 0.3665 | AN209: hydro
I210: elc_spv_003 | J210: S01aH08 | K210: 0.0045321679 | L210: IMPNRGZ | N210: elc_won_003 | O210: S01aH08 | P210: 0.013210668 | Q210: IMPNRGZ | S210: elc_wof_003 | T210: S01aH08 | U210: 0.015392987 | V210: IMPNRGZ | AK210: 2038 | AL210: S08 | AM210: 0.3485 | AN210: hydro
I211: elc_spv_003 | J211: S02aH01 | K211: 0.0017877861 | L211: IMPNRGZ | N211: elc_won_003 | O211: S02aH01 | P211: 0.01682691 | Q211: IMPNRGZ | S211: elc_wof_003 | T211: S02aH01 | U211: 0.02117712 | V211: IMPNRGZ | AK211: 2038 | AL211: S09 | AM211: 0.3767 | AN211: hydro
I212: elc_spv_003 | J212: S02aH02 | K212: 0.0056313957 | L212: IMPNRGZ | N212: elc_won_003 | O212: S02aH02 | P212: 0.0017716969 | Q212: IMPNRGZ | S212: elc_wof_003 | T212: S02aH02 | U212: 0.0024508242 | V212: IMPNRGZ | AK212: 2038 | AL212: S10 | AM212: 0.3986 | AN212: hydro
I213: elc_spv_003 | J213: S02aH03 | K213: 0.0073229712 | L213: IMPNRGZ | N213: elc_won_003 | O213: S02aH03 | P213: 0.0017588831 | Q213: IMPNRGZ | S213: elc_wof_003 | T213: S02aH03 | U213: 0.0024879346 | V213: IMPNRGZ | AK213: 2038 | AL213: S11 | AM213: 0.4401 | AN213: hydro
I214: elc_spv_003 | J214: S02aH04 | K214: 0.052689078 | L214: IMPNRGZ | N214: elc_won_003 | O214: S02aH04 | P214: 0.011214808 | Q214: IMPNRGZ | S214: elc_wof_003 | T214: S02aH04 | U214: 0.016041509 | V214: IMPNRGZ | AK214: 2038 | AL214: S12 | AM214: 0.4762 | AN214: hydro
... I358: elc_spv_004 | J358: S08aH04 | K358: 0.038749546 | L358: IMPNRGZ | N358: elc_won_004 | O358: S08aH04 | P358: 0.029477091 | Q358: IMPNRGZ | S358: elc_wof_004 | T358: S08aH04 | U358: 0.022027859 | V358: IMPNRGZ | AK358: 2050 | AL358: S12 | AM358: 0.3947 | AN358: hydro
I359: elc_spv_004 | J359: S08aH05 | K359: 0.0053297323 | L359: IMPNRGZ | N359: elc_won_004 | O359: S08aH05 | P359: 0.0044835645 | Q359: IMPNRGZ | S359: elc_wof_004 | T359: S08aH05 | U359: 0.0037061916 | V359: IMPNRGZ
I360: elc_spv_004 | J360: S08aH06 | K360: 0.0082791965 | L360: IMPNRGZ | N360: elc_won_004 | O360: S08aH06 | P360: 0.0075479929 | Q360: IMPNRGZ | S360: elc_wof_004 | T360: S08aH06 | U360: 0.0077976811 | V360: IMPNRGZ
I361: elc_spv_004 | J361: S08aH07 | K361: 0 | L361: IMPNRGZ | N361: elc_won_004 | O361: S08aH07 | P361: 0.0051767109 | Q361: IMPNRGZ | S361: elc_wof_004 | T361: S08aH07 | U361: 0.0040346397 | V361: IMPNRGZ
I362: elc_spv_004 | J362: S08aH08 | K362: 0 | L362: IMPNRGZ | N362: elc_won_004 | O362: S08aH08 | P362: 0.035633164 | Q362: IMPNRGZ | S362: elc_wof_004 | T362: S08aH08 | U362: 0.021339654 | V362: IMPNRGZ
I363: elc_spv_004 | J363: S09aH01 | K363: 0.00044617221 | L363: IMPNRGZ | N363: elc_won_004 | O363: S09aH01 | P363: 0.051559386 | Q363: IMPNRGZ | S363: elc_wof_004 | T363: S09aH01 | U363: 0.030210956 | V363: IMPNRGZ
I364: elc_spv_004 | J364: S09aH02 | K364: 0.0041009673 | L364: IMPNRGZ | N364: elc_won_004 | O364: S09aH02 | P364: 0.0077801102 | Q364: IMPNRGZ | S364: elc_wof_004 | T364: S09aH02 | U364: 0.0037721231 | V364: IMPNRGZ
I365: elc_spv_004 | J365: S09aH03 | K365: 0.0058460092 | L365: IMPNRGZ | N365: elc_won_004 | O365: S09aH03 | P365: 0.005109302 | Q365: IMPNRGZ | S365: elc_wof_004 | T365: S09aH03 | U365: 0.0038052258 | V365: IMPNRGZ
I366: elc_spv_004 | J366: S09aH04 | K366: 0.046539449 | L366: IMPNRGZ | N366: elc_won_004 | O366: S09aH04 | P366: 0.030704228 | Q366: IMPNRGZ | S366: elc_wof_004 | T366: S09aH04 | U366: 0.021862916 | V366: IMPNRGZ
I367: elc_spv_004 | J367: S09aH05 | K367: 0.006371657 | L367: IMPNRGZ | N367: elc_won_004 | O367: S09aH05 | P367: 0.0040368389 | Q367: IMPNRGZ | S367: elc_wof_004 | T367: S09aH05 | U367: 0.0036194038 | V367: IMPNRGZ
I368: elc_spv_004 | J368: S09aH06 | K368: 0.0094841066 | L368: IMPNRGZ | N368: elc_won_004 | O368: S09aH06 | P368: 0.0059705054 | Q368: IMPNRGZ | S368: elc_wof_004 | T368: S09aH06 | U368: 0.0075962315 | V368: IMPNRGZ
I369: elc_spv_004 | J369: S09aH07 | K369: 0.00027269242 | L369: IMPNRGZ | N369: elc_won_004 | O369: S09aH07 | P369: 0.0031378403 | Q369: IMPNRGZ | S369: elc_wof_004 | T369: S09aH07 | U369: 0.0036912054 | V369: IMPNRGZ
I370: elc_spv_004 | J370: S09aH08 | K370: 0 | L370: IMPNRGZ | N370: elc_won_004 | O370: S09aH08 | P370: 0.024559143 | Q370: IMPNRGZ | S370: elc_wof_004 | T370: S09aH08 | U370: 0.020418737 | V370: IMPNRGZ
... I2986: elc_spv_031 | J2986: S12aH08 | K2986: 0 | L2986: IMPNRGZ | N2986: elc_won_031 | O2986: S12aH08 | P2986: 0.0057195487 | Q2986: IMPNRGZ | S2986: elc_wof_031 | T2986: S12aH08 | U2986: 0.01860046 | V2986: IMPNRGZ
I2987: elc_spv_032 | J2987: S01aH01 | K2987: 0.0018532549 | L2987: IMPNRGZ | N2987: elc_won_032 | O2987: S01aH01 | P2987: 0.015783145 | Q2987: IMPNRGZ
I2988: elc_spv_032 | J2988: S01aH02 | K2988: 0.0037988242 | L2988: IMPNRGZ | N2988: elc_won_032 | O2988: S01aH02 | P2988: 0.0013774487 | Q2988: IMPNRGZ
I2989: elc_spv_032 | J2989: S01aH03 | K2989: 0.005517672 | L2989: IMPNRGZ | N2989: elc_won_032 | O2989: S01aH03 | P2989: 0.001571301 | Q2989: IMPNRGZ
I2990: elc_spv_032 | J2990: S01aH04 | K2990: 0.04346177 | L2990: IMPNRGZ | N2990: elc_won_032 | O2990: S01aH04 | P2990: 0.0067417855 | Q2990: IMPNRGZ
I2991: elc_spv_032 | J2991: S01aH05 | K2991: 0.0061411235 | L2991: IMPNRGZ | N2991: elc_won_032 | O2991: S01aH05 | P2991: 0.00091835051 | Q2991: IMPNRGZ
I2992: elc_spv_032 | J2992: S01aH06 | K2992: 0.008631746 | L2992: IMPNRGZ | N2992: elc_won_032 | O2992: S01aH06 | P2992: 0.0021332455 | Q2992: IMPNRGZ
I2993: elc_spv_032 | J2993: S01aH07 | K2993: 0.002071359 | L2993: IMPNRGZ | N2993: elc_won_032 | O2993: S01aH07 | P2993: 0.0013973582 | Q2993: IMPNRGZ
I2994: elc_spv_032 | J2994: S01aH08 | K2994: 0 | L2994: IMPNRGZ | N2994: elc_won_032 | O2994: S01aH08 | P2994: 0.011502621 | Q2994: IMPNRGZ
I2995: elc_spv_032 | J2995: S02aH01 | K2995: 0.0032564724 | L2995: IMPNRGZ | N2995: elc_won_032 | O2995: S02aH01 | P2995: 0.019692951 | Q2995: IMPNRGZ
I2996: elc_spv_032 | J2996: S02aH02 | K2996: 0.0050510216 | L2996: IMPNRGZ | N2996: elc_won_032 | O2996: S02aH02 | P2996: 0.0012570575 | Q2996: IMPNRGZ
I2997: elc_spv_032 | J2997: S02aH03 | K2997: 0.0070638675 | L2997: IMPNRGZ | N2997: elc_won_032 | O2997: S02aH03 | P2997: 0.0016253803 | Q2997: IMPNRGZ
I2998: elc_spv_032 | J2998: S02aH04 | K2998: 0.054257677 | L2998: IMPNRGZ | N2998: elc_won_032 | O2998: S02aH04 | P2998: 0.009150965 | Q2998: IMPNRGZ
... I6634: elc_spv_069 | J6634: S12aH08 | K6634: 0 | L6634: IMPNRGZ | N6634: elc_won_069 | O6634: S12aH08 | P6634: 0.010621942 | Q6634: IMPNRGZ
I6635: elc_spv_070 | J6635: S01aH01 | K6635: 0 | L6635: IMPNRGZ
I6636: elc_spv_070 | J6636: S01aH02 | K6636: 0.0022152346 | L6636: IMPNRGZ
I6637: elc_spv_070 | J6637: S01aH03 | K6637: 0.0041358203 | L6637: IMPNRGZ
I6638: elc_spv_070 | J6638: S01aH04 | K6638: 0.04551862 | L6638: IMPNRGZ
I6639: elc_spv_070 | J6639: S01aH05 | K6639: 0.0074747404 | L6639: IMPNRGZ
I6640: elc_spv_070 | J6640: S01aH06 | K6640: 0.011548734 | L6640: IMPNRGZ
I6641: elc_spv_070 | J6641: S01aH07 | K6641: 0.0030138319 | L6641: IMPNRGZ
I6642: elc_spv_070 | J6642: S01aH08 | K6642: 0 | L6642: IMPNRGZ
I6643: elc_spv_070 | J6643: S02aH01 | K6643: 0 | L6643: IMPNRGZ
I6644: elc_spv_070 | J6644: S02aH02 | K6644: 0.0017343514 | L6644: IMPNRGZ
I6645: elc_spv_070 | J6645: S02aH03 | K6645: 0.00334878 | L6645: IMPNRGZ
I6646: elc_spv_070 | J6646: S02aH04 | K6646: 0.041948515 | L6646: IMPNRGZ
... I11050: elc_spv_115 | J11050: S12aH08 | K11050: 0 | L11050: IMPNRGZ

Sheet ts_096P10
C9: =IF(A11="x","DeActivated","~TimeSlices") -> DeActivated | I9: =IF(A11="x","DeActivated","~TFM_DINS-AT") -> DeActivated | N9: =IF(A11="x","DeActivated","~TFM_DINS-AT") -> DeActivated | S9: =IF(A11="x","DeActivated","~TFM_DINS-AT") -> DeActivated | X9: =IF(A11="x","DeActivated","~TFM_DINS-AT") -> DeActivated | AC9: =IF(A11="x","DeActivated","~TFM_DINS-AT") -> DeActivated | AG9: =IF(A11="x","DeActivated","~TFM_DINS-AT") -> DeActivated | AK9: =IF(A11="x","DeActivated","~TFM_INS-AT") -> DeActivated
A10: ts_096P10 | C10: season | D10: weekly | E10: daynite | F10: wparent | G10: dparent | I10: commodity | J10: timeslice | K10: com_fr | L10: process | N10: commodity | O10: timeslice | P10: com_fr | Q10: process | S10: commodity | T10: timeslice | U10: com_fr | V10: process | X10: g_yrfr | Y10: com_fr | Z10: timeslice | AA10: commodity | AC10: commodity | AD10: timeslice | AE10: com_fr | AG10: commodity | AH10: timeslice | AI10: com_pkflx | AK10: Year | AL10: timeslice | AM10: ncap_afs | AN10: pset_ci
A11: =IFERROR(IF(Veda!D5=A10,"ok","x"),"") -> x | C11: S01 | D11: a | E11: H01 | F11: S01,S02,S03,S04,S05,S06,S07,S08,S09,S10,S11,S12 | G11: a | I11: elc_spv_001 | J11: S01aH01 | K11: 0.0051294425 | L11: IMPNRGZ | N11: elc_won_001 | O11: S01aH01 | P11: 0.025044484 | Q11: IMPNRGZ | S11: elc_wof_001 | T11: S01aH01 | U11: 0.019683682 | V11: IMPNRGZ | X11: 0.024771689 | Y11: 0.0097827943 | Z11: S01aH01 | AA11: elc_roadtransport | AC11: elc_buildings | AD11: S01aH01 | AE11: 0.02358238 | AG11: ELC | AH11: S01aH01 | AI11: 0.19756038 | AK11: 2020 | AL11: S01 | AM11: 0.46683482 | AN11: hydro
C12: S02 | E12: H02 | G12: a | I12: elc_spv_001 | J12: S01aH02 | K12: 0.0080101212 | L12: IMPNRGZ | N12: elc_won_001 | O12: S01aH02 | P12: 0.0039099904 | Q12: IMPNRGZ | S12: elc_wof_001 | T12: S01aH02 | U12: 0.0024410547 | V12: IMPNRGZ | X12: 0.0035388128 | Y12: 0.0059087255 | Z12: S01aH02 | AA12: elc_roadtransport | AC12: elc_buildings | AD12: S01aH02 | AE12: 0.0029526519 | AG12: ELC | AH12: S01aH02 | AI12: 0.053223688 | AK12: 2020 | AL12: S02 | AM12: 0.50231514 | AN12: hydro
C13: S03 | E13: H03 | G13: a | I13: elc_spv_001 | J13: S01aH03 | K13: 0.009795869 | L13: IMPNRGZ | N13: elc_won_001 | O13: S01aH03 | P13: 0.0036839907 | Q13: IMPNRGZ | S13: elc_wof_001 | T13: S01aH03 | U13: 0.0025218341 | V13: IMPNRGZ | X13: 0.0035388128 | Y13: 0.0045214595 | Z13: S01aH03 | AA13: elc_roadtransport | AC13: elc_buildings | AD13: S01aH03 | AE13: 0.0030640846 | AG13: ELC | AH13: S01aH03 | AI13: 0.049864854 | AK13: 2020 | AL13: S03 | AM13: 0.49793255 | AN13: hydro
C14: S04 | E14: H04 | G14: a | I14: elc_spv_001 | J14: S01aH04 | K14: 0.068935402 | L14: IMPNRGZ | N14: elc_won_001 | O14: S01aH04 | P14: 0.019133625 | Q14: IMPNRGZ | S14: elc_wof_001 | T14: S01aH04 | U14: 0.015864332 | V14: IMPNRGZ | X14: 0.021232877 | Y14: 0.026902684 | Z14: S01aH04 | AA14: elc_roadtransport | AC14: elc_buildings | AD14: S01aH04 | AE14: 0.022568706 | AG14: ELC | AH14: S01aH04 | AI14: 0.15832018 | AK14: 2020 | AL14: S04 | AM14: 0.40961744 | AN14: hydro
C15: S05 | E15: H05 | G15: a | I15: elc_spv_001 | J15: S01aH05 | K15: 0.010138782 | L15: IMPNRGZ | N15: elc_won_001 | O15: S01aH05 | P15: 0.0027871184 | Q15: IMPNRGZ | S15: elc_wof_001 | T15: S01aH05 | U15: 0.0027637567 | V15: IMPNRGZ | X15: 0.0035388128 | Y15: 0.0053435431 | Z15: S01aH05 | AA15: elc_roadtransport | AC15: elc_buildings | AD15: S01aH05 | AE15: 0.0041394522 | AG15: ELC | AH15: S01aH05 | AI15: 0.15567027 | AK15: 2020 | AL15: S05 | AM15: 0.38681653 | AN15: hydro
C16: S06 | E16: H06 | G16: a | I16: elc_spv_001 | J16: S01aH06 | K16: 0.017700808 | L16: IMPNRGZ | N16: elc_won_001 | O16: S01aH06 | P16: 0.0046162039 | Q16: IMPNRGZ | S16: elc_wof_001 | T16: S01aH06 | U16: 0.0059157925 | V16: IMPNRGZ | X16: 0.0070776256 | Y16: 0.013769899 | Z16: S01aH06 | AA16: elc_roadtransport | AC16: elc_buildings | AD16: S01aH06 | AE16: 0.008315074 | AG16: ELC | AH16: S01aH06 | AI16: 0.15499617 | AK16: 2020 | AL16: S06 | AM16: 0.38243662 | AN16: hydro
C17: S07 | E17: H07 | G17: a | I17: elc_spv_001 | J17: S01aH07 | K17: 0.006317873 | L17: IMPNRGZ | N17: elc_won_001 | O17: S01aH07 | P17: 0.0024234359 | Q17: IMPNRGZ | S17: elc_wof_001 | T17: S01aH07 | U17: 0.0029205824 | V17: IMPNRGZ | X17: 0.0035388128 | Y17: 0.0053435431 | Z17: S01aH07 | AA17: elc_roadtransport | AC17: elc_buildings | AD17: S01aH07 | AE17: 0.0041413882 | AG17: ELC | AH17: S01aH07 | AI17: 0.1513824 | AK17: 2020 | AL17: S07 | AM17: 0.40168936 | AN17: hydro
C18: S08 | E18: H08 | G18: a | I18: elc_spv_001 | J18: S01aH08 | K18: 0.0025880172 | L18: IMPNRGZ | N18: elc_won_001 | O18: S01aH08 | P18: 0.013298913 | Q18: IMPNRGZ | S18: elc_wof_001 | T18: S01aH08 | U18: 0.016330714 | V18: IMPNRGZ | X18: 0.017694064 | Y18: 0.013358858 | Z18: S01aH08 | AA18: elc_roadtransport | AC18: elc_buildings | AD18: S01aH08 | AE18: 0.020669499 | AG18: ELC | AH18: S01aH08 | AI18: 0.12100711 | AK18: 2020 | AL18: S08 | AM18: 0.39542064 | AN18: hydro
C19: S09 | I19: elc_spv_001 | J19: S02aH01 | K19: 0.0032601846 | L19: IMPNRGZ | N19: elc_won_001 | O19: S02aH01 | P19: 0.017673745 | Q19: IMPNRGZ | S19: elc_wof_001 | T19: S02aH01 | U19: 0.022856801 | V19: IMPNRGZ | X19: 0.022374429 | Y19: 0.0088360722 | Z19: S02aH01 | AA19: elc_roadtransport | AC19: elc_buildings | AD19: S02aH01 | AE19: 0.022676326 | AG19: ELC | AH19: S02aH01 | AI19: 0.16562294 | AK19: 2020 | AL19: S09 | AM19: 0.43260682 | AN19: hydro
C20: S10 | I20: elc_spv_001 | J20: S02aH02 | K20: 0.0056845574 | L20: IMPNRGZ | N20: elc_won_001 | O20: S02aH02 | P20: 0.0023018597 | Q20: IMPNRGZ | S20: elc_wof_001 | T20: S02aH02 | U20: 0.0027404278 | V20: IMPNRGZ | X20: 0.003196347 | Y20: 0.0053369134 | Z20: S02aH02 | AA20: elc_roadtransport | AC20: elc_buildings | AD20: S02aH02 | AE20: 0.0026953657 | AG20: ELC | AH20: S02aH02 | AI20: 0.027769355 | AK20: 2020 | AL20: S10 | AM20: 0.40795807 | AN20: hydro
C21: S11 | I21: elc_spv_001 | J21: S02aH03 | K21: 0.0073021346 | L21: IMPNRGZ | N21: elc_won_001 | O21: S02aH03 | P21: 0.0021358668 | Q21: IMPNRGZ | S21: elc_wof_001 | T21: S02aH03 | U21: 0.0026986208 | V21: IMPNRGZ | X21: 0.003196347 | Y21: 0.0040838989 | Z21: S02aH03 | AA21: elc_roadtransport | AC21: elc_buildings | AD21: S02aH03 | AE21: 0.0027580309 | AG21: ELC | AH21: S02aH03 | AI21: 0.040410379 | AK21: 2020 | AL21: S11 | AM21: 0.37227557 | AN21: hydro
C22: S12 | I22: elc_spv_001 | J22: S02aH04 | K22: 0.052832757 | L22: IMPNRGZ | N22: elc_won_001 | O22: S02aH04 | P22: 0.01306138 | Q22: IMPNRGZ | S22: elc_wof_001 | T22: S02aH04 | U22: 0.017214729 | V22: IMPNRGZ | X22: 0.019178082 | Y22: 0.024299199 | Z22: S02aH04 | AA22: elc_roadtransport | AC22: elc_buildings | AD22: S02aH04 | AE22: 0.021109821 | AG22: ELC | AH22: S02aH04 | AI22: 0.16631753 | AK22: 2020 | AL22: S12 | AM22: 0.39947687 | AN22: hydro
I23: elc_spv_001 | J23: S02aH05 | K23: 0.0076708546 | L23: IMPNRGZ | N23: elc_won_001 | O23: S02aH05 | P23: 0.001917777 | Q23: IMPNRGZ | S23: elc_wof_001 | T23: S02aH05 | U23: 0.0029379965 | V23: IMPNRGZ | X23: 0.003196347 | Y23: 0.004826426 | Z23: S02aH05 | AA23: elc_roadtransport | AC23: elc_buildings | AD23: S02aH05 | AE23: 0.0041691262 | AG23: ELC | AH23: S02aH05 | AI23: 0.11046119 | AK23: 2021 | AL23: S01 | AM23: 0.42166923 | AN23: hydro
I24: elc_spv_001 | J24: S02aH06 | K24: 0.012205613 | L24: IMPNRGZ | N24: elc_won_001 | O24: S02aH06 | P24: 0.0035376094 | Q24: IMPNRGZ | S24: elc_wof_001 | T24: S02aH06 | U24: 0.0061425169 | V24: IMPNRGZ | X24: 0.0063926941 | Y24: 0.012437329 | Z24: S02aH06 | AA24: elc_roadtransport | AC24: elc_buildings | AD24: S02aH06 | AE24: 0.0084338849 | AG24: ELC | AH24: S02aH06 | AI24: 0.1099222 | AK24: 2021 | AL24: S02 | AM24: 0.47486905 | AN24: hydro
I25: elc_spv_001 | J25: S02aH07 | K25: 0.0037361597 | L25: IMPNRGZ | N25: elc_won_001 | O25: S02aH07 | P25: 0.0018299615 | Q25: IMPNRGZ | S25: elc_wof_001 | T25: S02aH07 | U25: 0.0029155467 | V25: IMPNRGZ | X25: 0.003196347 | Y25: 0.004826426 | Z25: S02aH07 | AA25: elc_roadtransport | AC25: elc_buildings | AD25: S02aH07 | AE25: 0.0041775339 | AG25: ELC | AH25: S02aH07 | AI25: 0.11702026 | AK25: 2021 | AL25: S03 | AM25: 0.50209828 | AN25: hydro
I26: elc_spv_001 | J26: S02aH08 | K26: 2.108948e-05 | L26: IMPNRGZ | N26: elc_won_001 | O26: S02aH08 | P26: 0.010657222 | Q26: IMPNRGZ | S26: elc_wof_001 | T26: S02aH08 | U26: 0.017065312 | V26: IMPNRGZ | X26: 0.015981735 | Y26: 0.012066065 | Z26: S02aH08 | AA26: elc_roadtransport | AC26: elc_buildings | AD26: S02aH08 | AE26: 0.019898262 | AG26: ELC | AH26: S02aH08 | AI26: 0.1537357 | AK26: 2021 | AL26: S04 | AM26: 0.44828654 | AN26: hydro
I27: elc_spv_001 | J27: S03aH01 | K27: 0.0003409297 | L27: IMPNRGZ | N27: elc_won_001 | O27: S03aH01 | P27: 0.012705799 | Q27: IMPNRGZ | S27: elc_wof_001 | T27: S03aH01 | U27: 0.021419282 | V27: IMPNRGZ | X27: 0.024771689 | Y27: 0.0097827943 | Z27: S03aH01 | AA27: elc_roadtransport | AC27: elc_buildings | AD27: S03aH01 | AE27: 0.024455977 | AG27: ELC | AH27: S03aH01 | AI27: 0.15425665 | AK27: 2021 | AL27: S05 | AM27: 0.41282818 | AN27: hydro
I28: elc_spv_001 | J28: S03aH02 | K28: 0.005557114 | L28: IMPNRGZ | N28: elc_won_001 | O28: S03aH02 | P28: 0.0023778681 | Q28: IMPNRGZ | S28: elc_wof_001 | T28: S03aH02 | U28: 0.0026107315 | V28: IMPNRGZ | X28: 0.0035388128 | Y28: 0.0059087255 | Z28: S03aH02 | AA28: elc_roadtransport | AC28: elc_buildings | AD28: S03aH02 | AE28: 0.0028973121 | AG28: ELC | AH28: S03aH02 | AI28: 0.068135354 | AK28: 2021 | AL28: S06 | AM28: 0.35286863 | AN28: hydro
I29: elc_spv_001 | J29: S03aH03 | K29: 0.007426674 | L29: IMPNRGZ | N29: elc_won_001 | O29: S03aH03 | P29: 0.0021615067 | Q29: IMPNRGZ | S29: elc_wof_001 | T29: S03aH03 | U29: 0.0025771027 | V29: IMPNRGZ | X29: 0.0035388128 | Y29: 0.0045214595 | Z29: S03aH03 | AA29: elc_roadtransport | AC29: elc_buildings | AD29: S03aH03 | AE29: 0.0029117184 | AG29: ELC | AH29: S03aH03 | AI29: 0.065877119 | AK29: 2021 | AL29: S07 | AM29: 0.31520819 | AN29: hydro
I30: elc_spv_001 | J30: S03aH04 | K30: 0.054102273 | L30: IMPNRGZ | N30: elc_won_001 | O30: S03aH04 | P30: 0.011728766 | Q30: IMPNRGZ | S30: elc_wof_001 | T30: S03aH04 | U30: 0.015637858 | V30: IMPNRGZ | X30: 0.021232877 | Y30: 0.026902684 | Z30: S03aH04 | AA30: elc_roadtransport | AC30: elc_buildings | AD30: S03aH04 | AE30: 0.021451139 | AG30: ELC | AH30: S03aH04 | AI30: 0.20190654 | AK30: 2021 | AL30: S08 | AM30: 0.29998192 | AN30: hydro
I31: elc_spv_001 | J31: S03aH05 | K31: 0.007506891 | L31: IMPNRGZ | N31: elc_won_001 | O31: S03aH05 | P31: 0.0012480565 | Q31: IMPNRGZ | S31: elc_wof_001 | T31: S03aH05 | U31: 0.0028385066 | V31: IMPNRGZ | X31: 0.0035388128 | Y31: 0.0053435431 | Z31: S03aH05 | AA31: elc_roadtransport | AC31: elc_buildings | AD31: S03aH05 | AE31: 0.0041395441 | AG31: ELC | AH31: S03aH05 | AI31: 0.1488066 | AK31: 2021 | AL31: S09 | AM31: 0.3224161 | AN31: hydro
I32: elc_spv_001 | J32: S03aH06 | K32: 0.012510998 | L32: IMPNRGZ | N32: elc_won_001 | O32: S03aH06 | P32: 0.0019280106 | Q32: IMPNRGZ | S32: elc_wof_001 | T32: S03aH06 | U32: 0.0059700909 | V32: IMPNRGZ | X32: 0.0070776256 | Y32: 0.013769899 | Z32: S03aH06 | AA32: elc_roadtransport | AC32: elc_buildings | AD32: S03aH06 | AE32: 0.0083570743 | AG32: ELC | AH32: S03aH06 | AI32: 0.15929861 | AK32: 2021 | AL32: S10 | AM32: 0.31864638 | AN32: hydro
I33: elc_spv_001 | J33: S03aH07 | K33: 0.0027915113 | L33: IMPNRGZ | N33: elc_won_001 | O33: S03aH07 | P33: 0.0011989209 | Q33: IMPNRGZ | S33: elc_wof_001 | T33: S03aH07 | U33: 0.0029164665 | V33: IMPNRGZ | X33: 0.0035388128 | Y33: 0.0053435431 | Z33: S03aH07 | AA33: elc_roadtransport | AC33: elc_buildings | AD33: S03aH07 | AE33: 0.0041498104 | AG33: ELC | AH33: S03aH07 | AI33: 0.16562948 | AK33: 2021 | AL33: S11 | AM33: 0.37672311 | AN33: hydro
I34: elc_spv_001 | J34: S03aH08 | K34: 0 | L34: IMPNRGZ | N34: elc_won_001 | O34: S03aH08 | P34: 0.0068674672 | Q34: IMPNRGZ | S34: elc_wof_001 | T34: S03aH08 | U34: 0.015939543 | V34: IMPNRGZ | X34: 0.017694064 | Y34: 0.013358858 | Z34: S03aH08 | AA34: elc_roadtransport | AC34: elc_buildings | AD34: S03aH08 | AE34: 0.020425185 | AG34: ELC | AH34: S03aH08 | AI34: 0.17606127 | AK34: 2021 | AL34: S12 | AM34: 0.4254758 | AN34: hydro
... I106: elc_spv_001 | J106: S12aH08 | K106: 0.0010075295 | L106: IMPNRGZ | N106: elc_won_001 | O106: S12aH08 | P106: 0.013447966 | Q106: IMPNRGZ | S106: elc_wof_001 | T106: S12aH08 | U106: 0.016059676 | V106: IMPNRGZ | X106: 0.017694064 | Y106: 0.013358858 | Z106: S12aH08 | AA106: elc_roadtransport | AC106: elc_buildings | AD106: S12aH08 | AE106: 0.021396531 | AG106: ELC | AH106: S12aH08 | AI106: 0.17717031 | AK106: 2029 | AL106: S12 | AM106: 0.3825 | AN106: hydro
I107: elc_spv_002 | J107: S01aH01 | K107: 0.005245539 | L107: IMPNRGZ | N107: elc_won_002 | O107: S01aH01 | P107: 0.017536007 | Q107: IMPNRGZ | S107: elc_wof_002 | T107: S01aH01 | U107: 0.01741342 | V107: IMPNRGZ | AC107: elc_industry | AD107: S01aH01 | AE107: 0.024625517 | AK107: 2030 | AL107: S01 | AM107: 0.4665 | AN107: hydro
I108: elc_spv_002 | J108: S01aH02 | K108: 0.0083442018 | L108: IMPNRGZ | N108: elc_won_002 | O108: S01aH02 | P108: 0.0015513957 | Q108: IMPNRGZ | S108: elc_wof_002 | T108: S01aH02 | U108: 0.0021918247 | V108: IMPNRGZ | AC108: elc_industry | AD108: S01aH02 | AE108: 0.0034923213 | AK108: 2030 | AL108: S02 | AM108: 0.5465 | AN108: hydro
I109: elc_spv_002 | J109: S01aH03 | K109: 0.010070378 | L109: IMPNRGZ | N109: elc_won_002 | O109: S01aH03 | P109: 0.0017582416 | Q109: IMPNRGZ | S109: elc_wof_002 | T109: S01aH03 | U109: 0.0022227519 | V109: IMPNRGZ | AC109: elc_industry | AD109: S01aH03 | AE109: 0.003499177 | AK109: 2030 | AL109: S03 | AM109: 0.5059 | AN109: hydro
I110: elc_spv_002 | J110: S01aH04 | K110: 0.067733691 | L110: IMPNRGZ | N110: elc_won_002 | O110: S01aH04 | P110: 0.0089921096 | Q110: IMPNRGZ | S110: elc_wof_002 | T110: S01aH04 | U110: 0.014252541 | V110: IMPNRGZ | AC110: elc_industry | AD110: S01aH04 | AE110: 0.021252489 | AK110: 2030 | AL110: S04 | AM110: 0.4714 | AN110: hydro
I111: elc_spv_002 | J111: S01aH05 | K111: 0.010199778 | L111: IMPNRGZ | N111: elc_won_002 | O111: S01aH05 | P111: 0.00085572932 | Q111: IMPNRGZ | S111: elc_wof_002 | T111: S01aH05 | U111: 0.0029326406 | V111: IMPNRGZ | AC111: elc_industry | AD111: S01aH05 | AE111: 0.0035653374 | AK111: 2030 | AL111: S05 | AM111: 0.3883 | AN111: hydro
I112: elc_spv_002 | J112: S01aH06 | K112: 0.01814828 | L112: IMPNRGZ | N112: elc_won_002 | O112: S01aH06 | P112: 0.0013702093 | Q112: IMPNRGZ | S112: elc_wof_002 | T112: S01aH06 | U112: 0.006564552 | V112: IMPNRGZ | AC112: elc_industry | AD112: S01aH06 | AE112: 0.0071329 | AK112: 2030 | AL112: S06 | AM112: 0.4063 | AN112: hydro
I113: elc_spv_002 | J113: S01aH07 | K113: 0.0066864392 | L113: IMPNRGZ | N113: elc_won_002 | O113: S01aH07 | P113: 0.0010086921 | Q113: IMPNRGZ | S113: elc_wof_002 | T113: S01aH07 | U113: 0.0031907337 | V113: IMPNRGZ | AC113: elc_industry | AD113: S01aH07 | AE113: 0.0035654565 | AK113: 2030 | AL113: S07 | AM113: 0.3806 | AN113: hydro
I114: elc_spv_002 | J114: S01aH08 | K114: 0.0035062 | L114: IMPNRGZ | N114: elc_won_002 | O114: S01aH08 | P114: 0.011629464 | Q114: IMPNRGZ | S114: elc_wof_002 | T114: S01aH08 | U114: 0.017613624 | V114: IMPNRGZ | AC114: elc_industry | AD114: S01aH08 | AE114: 0.017824979 | AK114: 2030 | AL114: S08 | AM114: 0.3323 | AN114: hydro
I115: elc_spv_002 | J115: S02aH01 | K115: 0.0029306256 | L115: IMPNRGZ | N115: elc_won_002 | O115: S02aH01 | P115: 0.018348813 | Q115: IMPNRGZ | S115: elc_wof_002 | T115: S02aH01 | U115: 0.02054916 | V115: IMPNRGZ | AC115: elc_industry | AD115: S02aH01 | AE115: 0.022243714 | AK115: 2030 | AL115: S09 | AM115: 0.3973 | AN115: hydro
I116: elc_spv_002 | J116: S02aH02 | K116: 0.005936807 | L116: IMPNRGZ | N116: elc_won_002 | O116: S02aH02 | P116: 0.0017720281 | Q116: IMPNRGZ | S116: elc_wof_002 | T116: S02aH02 | U116: 0.0022830833 | V116: IMPNRGZ | AC116: elc_industry | AD116: S02aH02 | AE116: 0.003144198 | AK116: 2030 | AL116: S10 | AM116: 0.3621 | AN116: hydro
I117: elc_spv_002 | J117: S02aH03 | K117: 0.0074683505 | L117: IMPNRGZ | N117: elc_won_002 | O117: S02aH03 | P117: 0.0020102433 | Q117: IMPNRGZ | S117: elc_wof_002 | T117: S02aH03 | U117: 0.0025218913 | V117: IMPNRGZ | AC117: elc_industry | AD117: S02aH03 | AE117: 0.0031480534 | AK117: 2030 | AL117: S11 | AM117: 0.4266 | AN117: hydro
I118: elc_spv_002 | J118: S02aH04 | K118: 0.053262314 | L118: IMPNRGZ | N118: elc_won_002 | O118: S02aH04 | P118: 0.015320539 | Q118: IMPNRGZ | S118: elc_wof_002 | T118: S02aH04 | U118: 0.017160577 | V118: IMPNRGZ | AC118: elc_industry | AD118: S02aH04 | AE118: 0.019168968 | AK118: 2030 | AL118: S12 | AM118: 0.4635 | AN118: hydro
... I202: elc_spv_002 | J202: S12aH08 | K202: 0.00081264836 | L202: IMPNRGZ | N202: elc_won_002 | O202: S12aH08 | P202: 0.015419477 | Q202: IMPNRGZ | S202: elc_wof_002 | T202: S12aH08 | U202: 0.018260014 | V202: IMPNRGZ | AC202: elc_industry | AD202: S12aH08 | AE202: 0.017839499 | AK202: 2037 | AL202: S12 | AM202: 0.4779 | AN202: hydro
I203: elc_spv_003 | J203: S01aH01 | K203: 0.0050257698 | L203: IMPNRGZ | N203: elc_won_003 | O203: S01aH01 | P203: 0.019425292 | Q203: IMPNRGZ | S203: elc_wof_003 | T203: S01aH01 | U203: 0.018601889 | V203: IMPNRGZ | AK203: 2038 | AL203: S01 | AM203: 0.5583 | AN203: hydro
I204: elc_spv_003 | J204: S01aH02 | K204: 0.0081291096 | L204: IMPNRGZ | N204: elc_won_003 | O204: S01aH02 | P204: 0.0019070381 | Q204: IMPNRGZ | S204: elc_wof_003 | T204: S01aH02 | U204: 0.0023571221 | V204: IMPNRGZ | AK204: 2038 | AL204: S02 | AM204: 0.6047 | AN204: hydro
I205: elc_spv_003 | J205: S01aH03 | K205: 0.0099816977 | L205: IMPNRGZ | N205: elc_won_003 | O205: S01aH03 | P205: 0.0022504142 | Q205: IMPNRGZ | S205: elc_wof_003 | T205: S01aH03 | U205: 0.0023898198 | V205: IMPNRGZ | AK205: 2038 | AL205: S03 | AM205: 0.5478 | AN205: hydro
I206: elc_spv_003 | J206: S01aH04 | K206: 0.067338964 | L206: IMPNRGZ | N206: elc_won_003 | O206: S01aH04 | P206: 0.01267062 | Q206: IMPNRGZ | S206: elc_wof_003 | T206: S01aH04 | U206: 0.014685386 | V206: IMPNRGZ | AK206: 2038 | AL206: S04 | AM206: 0.5726 | AN206: hydro
I207: elc_spv_003 | J207: S01aH05 | K207: 0.0099505804 | L207: IMPNRGZ | N207: elc_won_003 | O207: S01aH05 | P207: 0.0016520396 | Q207: IMPNRGZ | S207: elc_wof_003 | T207: S01aH05 | U207: 0.002595107 | V207: IMPNRGZ | AK207: 2038 | AL207: S05 | AM207: 0.4849 | AN207: hydro
I208: elc_spv_003 | J208: S01aH06 | K208: 0.017897893 | L208: IMPNRGZ | N208: elc_won_003 | O208: S01aH06 | P208: 0.0025103514 | Q208: IMPNRGZ | S208: elc_wof_003 | T208: S01aH06 | U208: 0.0054375673 | V208: IMPNRGZ | AK208: 2038 | AL208: S06 | AM208: 0.4092 | AN208: hydro
I209: elc_spv_003 | J209: S01aH07 | K209: 0.0069737124 | L209: IMPNRGZ | N209: elc_won_003 | O209: S01aH07 | P209: 0.0016972784 | Q209: IMPNRGZ | S209: elc_wof_003 | T209: S01aH07 | U209: 0.0026001244 | V209: IMPNRGZ | AK209: 2038 | AL209: S07 | AM209: 0.428 | AN209: hydro
I210: elc_spv_003 | J210: S01aH08 | K210: 0.0045321679 | L210: IMPNRGZ | N210: elc_won_003 | O210: S01aH08 | P210: 0.013210668 | Q210: IMPNRGZ | S210: elc_wof_003 | T210: S01aH08 | U210: 0.015392987 | V210: IMPNRGZ | AK210: 2038 | AL210: S08 | AM210: 0.4018 | AN210: hydro
I211: elc_spv_003 | J211: S02aH01 | K211: 0.0017877861 | L211: IMPNRGZ | N211: elc_won_003 | O211: S02aH01 | P211: 0.01682691 | Q211: IMPNRGZ | S211: elc_wof_003 | T211: S02aH01 | U211: 0.02117712 | V211: IMPNRGZ | AK211: 2038 | AL211: S09 | AM211: 0.4139 | AN211: hydro
I212: elc_spv_003 | J212: S02aH02 | K212: 0.0056313957 | L212: IMPNRGZ | N212: elc_won_003 | O212: S02aH02 | P212: 0.0017716969 | Q212: IMPNRGZ | S212: elc_wof_003 | T212: S02aH02 | U212: 0.0024508242 | V212: IMPNRGZ | AK212: 2038 | AL212: S10 | AM212: 0.4568 | AN212: hydro
I213: elc_spv_003 | J213: S02aH03 | K213: 0.0073229712 | L213: IMPNRGZ | N213: elc_won_003 | O213: S02aH03 | P213: 0.0017588831 | Q213: IMPNRGZ | S213: elc_wof_003 | T213: S02aH03 | U213: 0.0024879346 | V213: IMPNRGZ | AK213: 2038 | AL213: S11 | AM213: 0.4428 | AN213: hydro
I214: elc_spv_003 | J214: S02aH04 | K214: 0.052689078 | L214: IMPNRGZ | N214: elc_won_003 | O214: S02aH04 | P214: 0.011214808 | Q214: IMPNRGZ | S214: elc_wof_003 | T214: S02aH04 | U214: 0.016041509 | V214: IMPNRGZ | AK214: 2038 | AL214: S12 | AM214: 0.5327 | AN214: hydro
... I358: elc_spv_004 | J358: S08aH04 | K358: 0.038749546 | L358: IMPNRGZ | N358: elc_won_004 | O358: S08aH04 | P358: 0.029477091 | Q358: IMPNRGZ | S358: elc_wof_004 | T358: S08aH04 | U358: 0.022027859 | V358: IMPNRGZ | AK358: 2050 | AL358: S12 | AM358: 0.429 | AN358: hydro
I359: elc_spv_004 | J359: S08aH05 | K359: 0.0053297323 | L359: IMPNRGZ | N359: elc_won_004 | O359: S08aH05 | P359: 0.0044835645 | Q359: IMPNRGZ | S359: elc_wof_004 | T359: S08aH05 | U359: 0.0037061916 | V359: IMPNRGZ
I360: elc_spv_004 | J360: S08aH06 | K360: 0.0082791965 | L360: IMPNRGZ | N360: elc_won_004 | O360: S08aH06 | P360: 0.0075479929 | Q360: IMPNRGZ | S360: elc_wof_004 | T360: S08aH06 | U360: 0.0077976811 | V360: IMPNRGZ
I361: elc_spv_004 | J361: S08aH07 | K361: 0 | L361: IMPNRGZ | N361: elc_won_004 | O361: S08aH07 | P361: 0.0051767109 | Q361: IMPNRGZ | S361: elc_wof_004 | T361: S08aH07 | U361: 0.0040346397 | V361: IMPNRGZ
I362: elc_spv_004 | J362: S08aH08 | K362: 0 | L362: IMPNRGZ | N362: elc_won_004 | O362: S08aH08 | P362: 0.035633164 | Q362: IMPNRGZ | S362: elc_wof_004 | T362: S08aH08 | U362: 0.021339654 | V362: IMPNRGZ
I363: elc_spv_004 | J363: S09aH01 | K363: 0.00044617221 | L363: IMPNRGZ | N363: elc_won_004 | O363: S09aH01 | P363: 0.051559386 | Q363: IMPNRGZ | S363: elc_wof_004 | T363: S09aH01 | U363: 0.030210956 | V363: IMPNRGZ
I364: elc_spv_004 | J364: S09aH02 | K364: 0.0041009673 | L364: IMPNRGZ | N364: elc_won_004 | O364: S09aH02 | P364: 0.0077801102 | Q364: IMPNRGZ | S364: elc_wof_004 | T364: S09aH02 | U364: 0.0037721231 | V364: IMPNRGZ
I365: elc_spv_004 | J365: S09aH03 | K365: 0.0058460092 | L365: IMPNRGZ | N365: elc_won_004 | O365: S09aH03 | P365: 0.005109302 | Q365: IMPNRGZ | S365: elc_wof_004 | T365: S09aH03 | U365: 0.0038052258 | V365: IMPNRGZ
I366: elc_spv_004 | J366: S09aH04 | K366: 0.046539449 | L366: IMPNRGZ | N366: elc_won_004 | O366: S09aH04 | P366: 0.030704228 | Q366: IMPNRGZ | S366: elc_wof_004 | T366: S09aH04 | U366: 0.021862916 | V366: IMPNRGZ
I367: elc_spv_004 | J367: S09aH05 | K367: 0.006371657 | L367: IMPNRGZ | N367: elc_won_004 | O367: S09aH05 | P367: 0.0040368389 | Q367: IMPNRGZ | S367: elc_wof_004 | T367: S09aH05 | U367: 0.0036194038 | V367: IMPNRGZ
I368: elc_spv_004 | J368: S09aH06 | K368: 0.0094841066 | L368: IMPNRGZ | N368: elc_won_004 | O368: S09aH06 | P368: 0.0059705054 | Q368: IMPNRGZ | S368: elc_wof_004 | T368: S09aH06 | U368: 0.0075962315 | V368: IMPNRGZ
I369: elc_spv_004 | J369: S09aH07 | K369: 0.00027269242 | L369: IMPNRGZ | N369: elc_won_004 | O369: S09aH07 | P369: 0.0031378403 | Q369: IMPNRGZ | S369: elc_wof_004 | T369: S09aH07 | U369: 0.0036912054 | V369: IMPNRGZ
I370: elc_spv_004 | J370: S09aH08 | K370: 0 | L370: IMPNRGZ | N370: elc_won_004 | O370: S09aH08 | P370: 0.024559143 | Q370: IMPNRGZ | S370: elc_wof_004 | T370: S09aH08 | U370: 0.020418737 | V370: IMPNRGZ
... I2986: elc_spv_031 | J2986: S12aH08 | K2986: 0 | L2986: IMPNRGZ | N2986: elc_won_031 | O2986: S12aH08 | P2986: 0.0057195487 | Q2986: IMPNRGZ | S2986: elc_wof_031 | T2986: S12aH08 | U2986: 0.01860046 | V2986: IMPNRGZ
I2987: elc_spv_032 | J2987: S01aH01 | K2987: 0.0018532549 | L2987: IMPNRGZ | N2987: elc_won_032 | O2987: S01aH01 | P2987: 0.015783145 | Q2987: IMPNRGZ
I2988: elc_spv_032 | J2988: S01aH02 | K2988: 0.0037988242 | L2988: IMPNRGZ | N2988: elc_won_032 | O2988: S01aH02 | P2988: 0.0013774487 | Q2988: IMPNRGZ
I2989: elc_spv_032 | J2989: S01aH03 | K2989: 0.005517672 | L2989: IMPNRGZ | N2989: elc_won_032 | O2989: S01aH03 | P2989: 0.001571301 | Q2989: IMPNRGZ
I2990: elc_spv_032 | J2990: S01aH04 | K2990: 0.04346177 | L2990: IMPNRGZ | N2990: elc_won_032 | O2990: S01aH04 | P2990: 0.0067417855 | Q2990: IMPNRGZ
I2991: elc_spv_032 | J2991: S01aH05 | K2991: 0.0061411235 | L2991: IMPNRGZ | N2991: elc_won_032 | O2991: S01aH05 | P2991: 0.00091835051 | Q2991: IMPNRGZ
I2992: elc_spv_032 | J2992: S01aH06 | K2992: 0.008631746 | L2992: IMPNRGZ | N2992: elc_won_032 | O2992: S01aH06 | P2992: 0.0021332455 | Q2992: IMPNRGZ
I2993: elc_spv_032 | J2993: S01aH07 | K2993: 0.002071359 | L2993: IMPNRGZ | N2993: elc_won_032 | O2993: S01aH07 | P2993: 0.0013973582 | Q2993: IMPNRGZ
I2994: elc_spv_032 | J2994: S01aH08 | K2994: 0 | L2994: IMPNRGZ | N2994: elc_won_032 | O2994: S01aH08 | P2994: 0.011502621 | Q2994: IMPNRGZ
I2995: elc_spv_032 | J2995: S02aH01 | K2995: 0.0032564724 | L2995: IMPNRGZ | N2995: elc_won_032 | O2995: S02aH01 | P2995: 0.019692951 | Q2995: IMPNRGZ
I2996: elc_spv_032 | J2996: S02aH02 | K2996: 0.0050510216 | L2996: IMPNRGZ | N2996: elc_won_032 | O2996: S02aH02 | P2996: 0.0012570575 | Q2996: IMPNRGZ
I2997: elc_spv_032 | J2997: S02aH03 | K2997: 0.0070638675 | L2997: IMPNRGZ | N2997: elc_won_032 | O2997: S02aH03 | P2997: 0.0016253803 | Q2997: IMPNRGZ
I2998: elc_spv_032 | J2998: S02aH04 | K2998: 0.054257677 | L2998: IMPNRGZ | N2998: elc_won_032 | O2998: S02aH04 | P2998: 0.009150965 | Q2998: IMPNRGZ
... I6634: elc_spv_069 | J6634: S12aH08 | K6634: 0 | L6634: IMPNRGZ | N6634: elc_won_069 | O6634: S12aH08 | P6634: 0.010621942 | Q6634: IMPNRGZ
I6635: elc_spv_070 | J6635: S01aH01 | K6635: 0 | L6635: IMPNRGZ
I6636: elc_spv_070 | J6636: S01aH02 | K6636: 0.0022152346 | L6636: IMPNRGZ
I6637: elc_spv_070 | J6637: S01aH03 | K6637: 0.0041358203 | L6637: IMPNRGZ
I6638: elc_spv_070 | J6638: S01aH04 | K6638: 0.04551862 | L6638: IMPNRGZ
I6639: elc_spv_070 | J6639: S01aH05 | K6639: 0.0074747404 | L6639: IMPNRGZ
I6640: elc_spv_070 | J6640: S01aH06 | K6640: 0.011548734 | L6640: IMPNRGZ
I6641: elc_spv_070 | J6641: S01aH07 | K6641: 0.0030138319 | L6641: IMPNRGZ
I6642: elc_spv_070 | J6642: S01aH08 | K6642: 0 | L6642: IMPNRGZ
I6643: elc_spv_070 | J6643: S02aH01 | K6643: 0 | L6643: IMPNRGZ
I6644: elc_spv_070 | J6644: S02aH02 | K6644: 0.0017343514 | L6644: IMPNRGZ
I6645: elc_spv_070 | J6645: S02aH03 | K6645: 0.00334878 | L6645: IMPNRGZ
I6646: elc_spv_070 | J6646: S02aH04 | K6646: 0.041948515 | L6646: IMPNRGZ
... I11050: elc_spv_115 | J11050: S12aH08 | K11050: 0 | L11050: IMPNRGZ

Sheet ts_096P90
C9: =IF(A11="x","DeActivated","~TimeSlices") -> DeActivated | I9: =IF(A11="x","DeActivated","~TFM_DINS-AT") -> DeActivated | N9: =IF(A11="x","DeActivated","~TFM_DINS-AT") -> DeActivated | S9: =IF(A11="x","DeActivated","~TFM_DINS-AT") -> DeActivated | X9: =IF(A11="x","DeActivated","~TFM_DINS-AT") -> DeActivated | AC9: =IF(A11="x","DeActivated","~TFM_DINS-AT") -> DeActivated | AG9: =IF(A11="x","DeActivated","~TFM_DINS-AT") -> DeActivated | AK9: =IF(A11="x","DeActivated","~TFM_INS-AT") -> DeActivated
A10: ts_096P90 | C10: season | D10: weekly | E10: daynite | F10: wparent | G10: dparent | I10: commodity | J10: timeslice | K10: com_fr | L10: process | N10: commodity | O10: timeslice | P10: com_fr | Q10: process | S10: commodity | T10: timeslice | U10: com_fr | V10: process | X10: g_yrfr | Y10: com_fr | Z10: timeslice | AA10: commodity | AC10: commodity | AD10: timeslice | AE10: com_fr | AG10: commodity | AH10: timeslice | AI10: com_pkflx | AK10: Year | AL10: timeslice | AM10: ncap_afs | AN10: pset_ci
A11: =IFERROR(IF(Veda!D5=A10,"ok","x"),"") -> x | C11: S01 | D11: a | E11: H01 | F11: S01,S02,S03,S04,S05,S06,S07,S08,S09,S10,S11,S12 | G11: a | I11: elc_spv_001 | J11: S01aH01 | K11: 0.0051294425 | L11: IMPNRGZ | N11: elc_won_001 | O11: S01aH01 | P11: 0.025044484 | Q11: IMPNRGZ | S11: elc_wof_001 | T11: S01aH01 | U11: 0.019683682 | V11: IMPNRGZ | X11: 0.024771689 | Y11: 0.0097827943 | Z11: S01aH01 | AA11: elc_roadtransport | AC11: elc_buildings | AD11: S01aH01 | AE11: 0.02358238 | AG11: ELC | AH11: S01aH01 | AI11: 0.19756038 | AK11: 2020 | AL11: S01 | AM11: 0.46683482 | AN11: hydro
C12: S02 | E12: H02 | G12: a | I12: elc_spv_001 | J12: S01aH02 | K12: 0.0080101212 | L12: IMPNRGZ | N12: elc_won_001 | O12: S01aH02 | P12: 0.0039099904 | Q12: IMPNRGZ | S12: elc_wof_001 | T12: S01aH02 | U12: 0.0024410547 | V12: IMPNRGZ | X12: 0.0035388128 | Y12: 0.0059087255 | Z12: S01aH02 | AA12: elc_roadtransport | AC12: elc_buildings | AD12: S01aH02 | AE12: 0.0029526519 | AG12: ELC | AH12: S01aH02 | AI12: 0.053223688 | AK12: 2020 | AL12: S02 | AM12: 0.50231514 | AN12: hydro
C13: S03 | E13: H03 | G13: a | I13: elc_spv_001 | J13: S01aH03 | K13: 0.009795869 | L13: IMPNRGZ | N13: elc_won_001 | O13: S01aH03 | P13: 0.0036839907 | Q13: IMPNRGZ | S13: elc_wof_001 | T13: S01aH03 | U13: 0.0025218341 | V13: IMPNRGZ | X13: 0.0035388128 | Y13: 0.0045214595 | Z13: S01aH03 | AA13: elc_roadtransport | AC13: elc_buildings | AD13: S01aH03 | AE13: 0.0030640846 | AG13: ELC | AH13: S01aH03 | AI13: 0.049864854 | AK13: 2020 | AL13: S03 | AM13: 0.49793255 | AN13: hydro
C14: S04 | E14: H04 | G14: a | I14: elc_spv_001 | J14: S01aH04 | K14: 0.068935402 | L14: IMPNRGZ | N14: elc_won_001 | O14: S01aH04 | P14: 0.019133625 | Q14: IMPNRGZ | S14: elc_wof_001 | T14: S01aH04 | U14: 0.015864332 | V14: IMPNRGZ | X14: 0.021232877 | Y14: 0.026902684 | Z14: S01aH04 | AA14: elc_roadtransport | AC14: elc_buildings | AD14: S01aH04 | AE14: 0.022568706 | AG14: ELC | AH14: S01aH04 | AI14: 0.15832018 | AK14: 2020 | AL14: S04 | AM14: 0.40961744 | AN14: hydro
C15: S05 | E15: H05 | G15: a | I15: elc_spv_001 | J15: S01aH05 | K15: 0.010138782 | L15: IMPNRGZ | N15: elc_won_001 | O15: S01aH05 | P15: 0.0027871184 | Q15: IMPNRGZ | S15: elc_wof_001 | T15: S01aH05 | U15: 0.0027637567 | V15: IMPNRGZ | X15: 0.0035388128 | Y15: 0.0053435431 | Z15: S01aH05 | AA15: elc_roadtransport | AC15: elc_buildings | AD15: S01aH05 | AE15: 0.0041394522 | AG15: ELC | AH15: S01aH05 | AI15: 0.15567027 | AK15: 2020 | AL15: S05 | AM15: 0.38681653 | AN15: hydro
C16: S06 | E16: H06 | G16: a | I16: elc_spv_001 | J16: S01aH06 | K16: 0.017700808 | L16: IMPNRGZ | N16: elc_won_001 | O16: S01aH06 | P16: 0.0046162039 | Q16: IMPNRGZ | S16: elc_wof_001 | T16: S01aH06 | U16: 0.0059157925 | V16: IMPNRGZ | X16: 0.0070776256 | Y16: 0.013769899 | Z16: S01aH06 | AA16: elc_roadtransport | AC16: elc_buildings | AD16: S01aH06 | AE16: 0.008315074 | AG16: ELC | AH16: S01aH06 | AI16: 0.15499617 | AK16: 2020 | AL16: S06 | AM16: 0.38243662 | AN16: hydro
C17: S07 | E17: H07 | G17: a | I17: elc_spv_001 | J17: S01aH07 | K17: 0.006317873 | L17: IMPNRGZ | N17: elc_won_001 | O17: S01aH07 | P17: 0.0024234359 | Q17: IMPNRGZ | S17: elc_wof_001 | T17: S01aH07 | U17: 0.0029205824 | V17: IMPNRGZ | X17: 0.0035388128 | Y17: 0.0053435431 | Z17: S01aH07 | AA17: elc_roadtransport | AC17: elc_buildings | AD17: S01aH07 | AE17: 0.0041413882 | AG17: ELC | AH17: S01aH07 | AI17: 0.1513824 | AK17: 2020 | AL17: S07 | AM17: 0.40168936 | AN17: hydro
C18: S08 | E18: H08 | G18: a | I18: elc_spv_001 | J18: S01aH08 | K18: 0.0025880172 | L18: IMPNRGZ | N18: elc_won_001 | O18: S01aH08 | P18: 0.013298913 | Q18: IMPNRGZ | S18: elc_wof_001 | T18: S01aH08 | U18: 0.016330714 | V18: IMPNRGZ | X18: 0.017694064 | Y18: 0.013358858 | Z18: S01aH08 | AA18: elc_roadtransport | AC18: elc_buildings | AD18: S01aH08 | AE18: 0.020669499 | AG18: ELC | AH18: S01aH08 | AI18: 0.12100711 | AK18: 2020 | AL18: S08 | AM18: 0.39542064 | AN18: hydro
C19: S09 | I19: elc_spv_001 | J19: S02aH01 | K19: 0.0032601846 | L19: IMPNRGZ | N19: elc_won_001 | O19: S02aH01 | P19: 0.017673745 | Q19: IMPNRGZ | S19: elc_wof_001 | T19: S02aH01 | U19: 0.022856801 | V19: IMPNRGZ | X19: 0.022374429 | Y19: 0.0088360722 | Z19: S02aH01 | AA19: elc_roadtransport | AC19: elc_buildings | AD19: S02aH01 | AE19: 0.022676326 | AG19: ELC | AH19: S02aH01 | AI19: 0.16562294 | AK19: 2020 | AL19: S09 | AM19: 0.43260682 | AN19: hydro
C20: S10 | I20: elc_spv_001 | J20: S02aH02 | K20: 0.0056845574 | L20: IMPNRGZ | N20: elc_won_001 | O20: S02aH02 | P20: 0.0023018597 | Q20: IMPNRGZ | S20: elc_wof_001 | T20: S02aH02 | U20: 0.0027404278 | V20: IMPNRGZ | X20: 0.003196347 | Y20: 0.0053369134 | Z20: S02aH02 | AA20: elc_roadtransport | AC20: elc_buildings | AD20: S02aH02 | AE20: 0.0026953657 | AG20: ELC | AH20: S02aH02 | AI20: 0.027769355 | AK20: 2020 | AL20: S10 | AM20: 0.40795807 | AN20: hydro
C21: S11 | I21: elc_spv_001 | J21: S02aH03 | K21: 0.0073021346 | L21: IMPNRGZ | N21: elc_won_001 | O21: S02aH03 | P21: 0.0021358668 | Q21: IMPNRGZ | S21: elc_wof_001 | T21: S02aH03 | U21: 0.0026986208 | V21: IMPNRGZ | X21: 0.003196347 | Y21: 0.0040838989 | Z21: S02aH03 | AA21: elc_roadtransport | AC21: elc_buildings | AD21: S02aH03 | AE21: 0.0027580309 | AG21: ELC | AH21: S02aH03 | AI21: 0.040410379 | AK21: 2020 | AL21: S11 | AM21: 0.37227557 | AN21: hydro
C22: S12 | I22: elc_spv_001 | J22: S02aH04 | K22: 0.052832757 | L22: IMPNRGZ | N22: elc_won_001 | O22: S02aH04 | P22: 0.01306138 | Q22: IMPNRGZ | S22: elc_wof_001 | T22: S02aH04 | U22: 0.017214729 | V22: IMPNRGZ | X22: 0.019178082 | Y22: 0.024299199 | Z22: S02aH04 | AA22: elc_roadtransport | AC22: elc_buildings | AD22: S02aH04 | AE22: 0.021109821 | AG22: ELC | AH22: S02aH04 | AI22: 0.16631753 | AK22: 2020 | AL22: S12 | AM22: 0.39947687 | AN22: hydro
I23: elc_spv_001 | J23: S02aH05 | K23: 0.0076708546 | L23: IMPNRGZ | N23: elc_won_001 | O23: S02aH05 | P23: 0.001917777 | Q23: IMPNRGZ | S23: elc_wof_001 | T23: S02aH05 | U23: 0.0029379965 | V23: IMPNRGZ | X23: 0.003196347 | Y23: 0.004826426 | Z23: S02aH05 | AA23: elc_roadtransport | AC23: elc_buildings | AD23: S02aH05 | AE23: 0.0041691262 | AG23: ELC | AH23: S02aH05 | AI23: 0.11046119 | AK23: 2021 | AL23: S01 | AM23: 0.42166923 | AN23: hydro
I24: elc_spv_001 | J24: S02aH06 | K24: 0.012205613 | L24: IMPNRGZ | N24: elc_won_001 | O24: S02aH06 | P24: 0.0035376094 | Q24: IMPNRGZ | S24: elc_wof_001 | T24: S02aH06 | U24: 0.0061425169 | V24: IMPNRGZ | X24: 0.0063926941 | Y24: 0.012437329 | Z24: S02aH06 | AA24: elc_roadtransport | AC24: elc_buildings | AD24: S02aH06 | AE24: 0.0084338849 | AG24: ELC | AH24: S02aH06 | AI24: 0.1099222 | AK24: 2021 | AL24: S02 | AM24: 0.47486905 | AN24: hydro
I25: elc_spv_001 | J25: S02aH07 | K25: 0.0037361597 | L25: IMPNRGZ | N25: elc_won_001 | O25: S02aH07 | P25: 0.0018299615 | Q25: IMPNRGZ | S25: elc_wof_001 | T25: S02aH07 | U25: 0.0029155467 | V25: IMPNRGZ | X25: 0.003196347 | Y25: 0.004826426 | Z25: S02aH07 | AA25: elc_roadtransport | AC25: elc_buildings | AD25: S02aH07 | AE25: 0.0041775339 | AG25: ELC | AH25: S02aH07 | AI25: 0.11702026 | AK25: 2021 | AL25: S03 | AM25: 0.50209828 | AN25: hydro
I26: elc_spv_001 | J26: S02aH08 | K26: 2.108948e-05 | L26: IMPNRGZ | N26: elc_won_001 | O26: S02aH08 | P26: 0.010657222 | Q26: IMPNRGZ | S26: elc_wof_001 | T26: S02aH08 | U26: 0.017065312 | V26: IMPNRGZ | X26: 0.015981735 | Y26: 0.012066065 | Z26: S02aH08 | AA26: elc_roadtransport | AC26: elc_buildings | AD26: S02aH08 | AE26: 0.019898262 | AG26: ELC | AH26: S02aH08 | AI26: 0.1537357 | AK26: 2021 | AL26: S04 | AM26: 0.44828654 | AN26: hydro
I27: elc_spv_001 | J27: S03aH01 | K27: 0.0003409297 | L27: IMPNRGZ | N27: elc_won_001 | O27: S03aH01 | P27: 0.012705799 | Q27: IMPNRGZ | S27: elc_wof_001 | T27: S03aH01 | U27: 0.021419282 | V27: IMPNRGZ | X27: 0.024771689 | Y27: 0.0097827943 | Z27: S03aH01 | AA27: elc_roadtransport | AC27: elc_buildings | AD27: S03aH01 | AE27: 0.024455977 | AG27: ELC | AH27: S03aH01 | AI27: 0.15425665 | AK27: 2021 | AL27: S05 | AM27: 0.41282818 | AN27: hydro
I28: elc_spv_001 | J28: S03aH02 | K28: 0.005557114 | L28: IMPNRGZ | N28: elc_won_001 | O28: S03aH02 | P28: 0.0023778681 | Q28: IMPNRGZ | S28: elc_wof_001 | T28: S03aH02 | U28: 0.0026107315 | V28: IMPNRGZ | X28: 0.0035388128 | Y28: 0.0059087255 | Z28: S03aH02 | AA28: elc_roadtransport | AC28: elc_buildings | AD28: S03aH02 | AE28: 0.0028973121 | AG28: ELC | AH28: S03aH02 | AI28: 0.068135354 | AK28: 2021 | AL28: S06 | AM28: 0.35286863 | AN28: hydro
I29: elc_spv_001 | J29: S03aH03 | K29: 0.007426674 | L29: IMPNRGZ | N29: elc_won_001 | O29: S03aH03 | P29: 0.0021615067 | Q29: IMPNRGZ | S29: elc_wof_001 | T29: S03aH03 | U29: 0.0025771027 | V29: IMPNRGZ | X29: 0.0035388128 | Y29: 0.0045214595 | Z29: S03aH03 | AA29: elc_roadtransport | AC29: elc_buildings | AD29: S03aH03 | AE29: 0.0029117184 | AG29: ELC | AH29: S03aH03 | AI29: 0.065877119 | AK29: 2021 | AL29: S07 | AM29: 0.31520819 | AN29: hydro
I30: elc_spv_001 | J30: S03aH04 | K30: 0.054102273 | L30: IMPNRGZ | N30: elc_won_001 | O30: S03aH04 | P30: 0.011728766 | Q30: IMPNRGZ | S30: elc_wof_001 | T30: S03aH04 | U30: 0.015637858 | V30: IMPNRGZ | X30: 0.021232877 | Y30: 0.026902684 | Z30: S03aH04 | AA30: elc_roadtransport | AC30: elc_buildings | AD30: S03aH04 | AE30: 0.021451139 | AG30: ELC | AH30: S03aH04 | AI30: 0.20190654 | AK30: 2021 | AL30: S08 | AM30: 0.29998192 | AN30: hydro
I31: elc_spv_001 | J31: S03aH05 | K31: 0.007506891 | L31: IMPNRGZ | N31: elc_won_001 | O31: S03aH05 | P31: 0.0012480565 | Q31: IMPNRGZ | S31: elc_wof_001 | T31: S03aH05 | U31: 0.0028385066 | V31: IMPNRGZ | X31: 0.0035388128 | Y31: 0.0053435431 | Z31: S03aH05 | AA31: elc_roadtransport | AC31: elc_buildings | AD31: S03aH05 | AE31: 0.0041395441 | AG31: ELC | AH31: S03aH05 | AI31: 0.1488066 | AK31: 2021 | AL31: S09 | AM31: 0.3224161 | AN31: hydro
I32: elc_spv_001 | J32: S03aH06 | K32: 0.012510998 | L32: IMPNRGZ | N32: elc_won_001 | O32: S03aH06 | P32: 0.0019280106 | Q32: IMPNRGZ | S32: elc_wof_001 | T32: S03aH06 | U32: 0.0059700909 | V32: IMPNRGZ | X32: 0.0070776256 | Y32: 0.013769899 | Z32: S03aH06 | AA32: elc_roadtransport | AC32: elc_buildings | AD32: S03aH06 | AE32: 0.0083570743 | AG32: ELC | AH32: S03aH06 | AI32: 0.15929861 | AK32: 2021 | AL32: S10 | AM32: 0.31864638 | AN32: hydro
I33: elc_spv_001 | J33: S03aH07 | K33: 0.0027915113 | L33: IMPNRGZ | N33: elc_won_001 | O33: S03aH07 | P33: 0.0011989209 | Q33: IMPNRGZ | S33: elc_wof_001 | T33: S03aH07 | U33: 0.0029164665 | V33: IMPNRGZ | X33: 0.0035388128 | Y33: 0.0053435431 | Z33: S03aH07 | AA33: elc_roadtransport | AC33: elc_buildings | AD33: S03aH07 | AE33: 0.0041498104 | AG33: ELC | AH33: S03aH07 | AI33: 0.16562948 | AK33: 2021 | AL33: S11 | AM33: 0.37672311 | AN33: hydro
I34: elc_spv_001 | J34: S03aH08 | K34: 0 | L34: IMPNRGZ | N34: elc_won_001 | O34: S03aH08 | P34: 0.0068674672 | Q34: IMPNRGZ | S34: elc_wof_001 | T34: S03aH08 | U34: 0.015939543 | V34: IMPNRGZ | X34: 0.017694064 | Y34: 0.013358858 | Z34: S03aH08 | AA34: elc_roadtransport | AC34: elc_buildings | AD34: S03aH08 | AE34: 0.020425185 | AG34: ELC | AH34: S03aH08 | AI34: 0.17606127 | AK34: 2021 | AL34: S12 | AM34: 0.4254758 | AN34: hydro
... I106: elc_spv_001 | J106: S12aH08 | K106: 0.0010075295 | L106: IMPNRGZ | N106: elc_won_001 | O106: S12aH08 | P106: 0.013447966 | Q106: IMPNRGZ | S106: elc_wof_001 | T106: S12aH08 | U106: 0.016059676 | V106: IMPNRGZ | X106: 0.017694064 | Y106: 0.013358858 | Z106: S12aH08 | AA106: elc_roadtransport | AC106: elc_buildings | AD106: S12aH08 | AE106: 0.021396531 | AG106: ELC | AH106: S12aH08 | AI106: 0.17717031 | AK106: 2029 | AL106: S12 | AM106: 0.4253 | AN106: hydro
I107: elc_spv_002 | J107: S01aH01 | K107: 0.005245539 | L107: IMPNRGZ | N107: elc_won_002 | O107: S01aH01 | P107: 0.017536007 | Q107: IMPNRGZ | S107: elc_wof_002 | T107: S01aH01 | U107: 0.01741342 | V107: IMPNRGZ | AC107: elc_industry | AD107: S01aH01 | AE107: 0.024625517 | AK107: 2030 | AL107: S01 | AM107: 0.4386 | AN107: hydro
I108: elc_spv_002 | J108: S01aH02 | K108: 0.0083442018 | L108: IMPNRGZ | N108: elc_won_002 | O108: S01aH02 | P108: 0.0015513957 | Q108: IMPNRGZ | S108: elc_wof_002 | T108: S01aH02 | U108: 0.0021918247 | V108: IMPNRGZ | AC108: elc_industry | AD108: S01aH02 | AE108: 0.0034923213 | AK108: 2030 | AL108: S02 | AM108: 0.5476 | AN108: hydro
I109: elc_spv_002 | J109: S01aH03 | K109: 0.010070378 | L109: IMPNRGZ | N109: elc_won_002 | O109: S01aH03 | P109: 0.0017582416 | Q109: IMPNRGZ | S109: elc_wof_002 | T109: S01aH03 | U109: 0.0022227519 | V109: IMPNRGZ | AC109: elc_industry | AD109: S01aH03 | AE109: 0.003499177 | AK109: 2030 | AL109: S03 | AM109: 0.4863 | AN109: hydro
I110: elc_spv_002 | J110: S01aH04 | K110: 0.067733691 | L110: IMPNRGZ | N110: elc_won_002 | O110: S01aH04 | P110: 0.0089921096 | Q110: IMPNRGZ | S110: elc_wof_002 | T110: S01aH04 | U110: 0.014252541 | V110: IMPNRGZ | AC110: elc_industry | AD110: S01aH04 | AE110: 0.021252489 | AK110: 2030 | AL110: S04 | AM110: 0.4326 | AN110: hydro
I111: elc_spv_002 | J111: S01aH05 | K111: 0.010199778 | L111: IMPNRGZ | N111: elc_won_002 | O111: S01aH05 | P111: 0.00085572932 | Q111: IMPNRGZ | S111: elc_wof_002 | T111: S01aH05 | U111: 0.0029326406 | V111: IMPNRGZ | AC111: elc_industry | AD111: S01aH05 | AE111: 0.0035653374 | AK111: 2030 | AL111: S05 | AM111: 0.415 | AN111: hydro
I112: elc_spv_002 | J112: S01aH06 | K112: 0.01814828 | L112: IMPNRGZ | N112: elc_won_002 | O112: S01aH06 | P112: 0.0013702093 | Q112: IMPNRGZ | S112: elc_wof_002 | T112: S01aH06 | U112: 0.006564552 | V112: IMPNRGZ | AC112: elc_industry | AD112: S01aH06 | AE112: 0.0071329 | AK112: 2030 | AL112: S06 | AM112: 0.4174 | AN112: hydro
I113: elc_spv_002 | J113: S01aH07 | K113: 0.0066864392 | L113: IMPNRGZ | N113: elc_won_002 | O113: S01aH07 | P113: 0.0010086921 | Q113: IMPNRGZ | S113: elc_wof_002 | T113: S01aH07 | U113: 0.0031907337 | V113: IMPNRGZ | AC113: elc_industry | AD113: S01aH07 | AE113: 0.0035654565 | AK113: 2030 | AL113: S07 | AM113: 0.3808 | AN113: hydro
I114: elc_spv_002 | J114: S01aH08 | K114: 0.0035062 | L114: IMPNRGZ | N114: elc_won_002 | O114: S01aH08 | P114: 0.011629464 | Q114: IMPNRGZ | S114: elc_wof_002 | T114: S01aH08 | U114: 0.017613624 | V114: IMPNRGZ | AC114: elc_industry | AD114: S01aH08 | AE114: 0.017824979 | AK114: 2030 | AL114: S08 | AM114: 0.3377 | AN114: hydro
I115: elc_spv_002 | J115: S02aH01 | K115: 0.0029306256 | L115: IMPNRGZ | N115: elc_won_002 | O115: S02aH01 | P115: 0.018348813 | Q115: IMPNRGZ | S115: elc_wof_002 | T115: S02aH01 | U115: 0.02054916 | V115: IMPNRGZ | AC115: elc_industry | AD115: S02aH01 | AE115: 0.022243714 | AK115: 2030 | AL115: S09 | AM115: 0.3686 | AN115: hydro
I116: elc_spv_002 | J116: S02aH02 | K116: 0.005936807 | L116: IMPNRGZ | N116: elc_won_002 | O116: S02aH02 | P116: 0.0017720281 | Q116: IMPNRGZ | S116: elc_wof_002 | T116: S02aH02 | U116: 0.0022830833 | V116: IMPNRGZ | AC116: elc_industry | AD116: S02aH02 | AE116: 0.003144198 | AK116: 2030 | AL116: S10 | AM116: 0.3677 | AN116: hydro
I117: elc_spv_002 | J117: S02aH03 | K117: 0.0074683505 | L117: IMPNRGZ | N117: elc_won_002 | O117: S02aH03 | P117: 0.0020102433 | Q117: IMPNRGZ | S117: elc_wof_002 | T117: S02aH03 | U117: 0.0025218913 | V117: IMPNRGZ | AC117: elc_industry | AD117: S02aH03 | AE117: 0.0031480534 | AK117: 2030 | AL117: S11 | AM117: 0.4292 | AN117: hydro
I118: elc_spv_002 | J118: S02aH04 | K118: 0.053262314 | L118: IMPNRGZ | N118: elc_won_002 | O118: S02aH04 | P118: 0.015320539 | Q118: IMPNRGZ | S118: elc_wof_002 | T118: S02aH04 | U118: 0.017160577 | V118: IMPNRGZ | AC118: elc_industry | AD118: S02aH04 | AE118: 0.019168968 | AK118: 2030 | AL118: S12 | AM118: 0.4394 | AN118: hydro
... I202: elc_spv_002 | J202: S12aH08 | K202: 0.00081264836 | L202: IMPNRGZ | N202: elc_won_002 | O202: S12aH08 | P202: 0.015419477 | Q202: IMPNRGZ | S202: elc_wof_002 | T202: S12aH08 | U202: 0.018260014 | V202: IMPNRGZ | AC202: elc_industry | AD202: S12aH08 | AE202: 0.017839499 | AK202: 2037 | AL202: S12 | AM202: 0.5519 | AN202: hydro
I203: elc_spv_003 | J203: S01aH01 | K203: 0.0050257698 | L203: IMPNRGZ | N203: elc_won_003 | O203: S01aH01 | P203: 0.019425292 | Q203: IMPNRGZ | S203: elc_wof_003 | T203: S01aH01 | U203: 0.018601889 | V203: IMPNRGZ | AK203: 2038 | AL203: S01 | AM203: 0.5375 | AN203: hydro
I204: elc_spv_003 | J204: S01aH02 | K204: 0.0081291096 | L204: IMPNRGZ | N204: elc_won_003 | O204: S01aH02 | P204: 0.0019070381 | Q204: IMPNRGZ | S204: elc_wof_003 | T204: S01aH02 | U204: 0.0023571221 | V204: IMPNRGZ | AK204: 2038 | AL204: S02 | AM204: 0.627 | AN204: hydro
I205: elc_spv_003 | J205: S01aH03 | K205: 0.0099816977 | L205: IMPNRGZ | N205: elc_won_003 | O205: S01aH03 | P205: 0.0022504142 | Q205: IMPNRGZ | S205: elc_wof_003 | T205: S01aH03 | U205: 0.0023898198 | V205: IMPNRGZ | AK205: 2038 | AL205: S03 | AM205: 0.5845 | AN205: hydro
I206: elc_spv_003 | J206: S01aH04 | K206: 0.067338964 | L206: IMPNRGZ | N206: elc_won_003 | O206: S01aH04 | P206: 0.01267062 | Q206: IMPNRGZ | S206: elc_wof_003 | T206: S01aH04 | U206: 0.014685386 | V206: IMPNRGZ | AK206: 2038 | AL206: S04 | AM206: 0.523 | AN206: hydro
I207: elc_spv_003 | J207: S01aH05 | K207: 0.0099505804 | L207: IMPNRGZ | N207: elc_won_003 | O207: S01aH05 | P207: 0.0016520396 | Q207: IMPNRGZ | S207: elc_wof_003 | T207: S01aH05 | U207: 0.002595107 | V207: IMPNRGZ | AK207: 2038 | AL207: S05 | AM207: 0.5354 | AN207: hydro
I208: elc_spv_003 | J208: S01aH06 | K208: 0.017897893 | L208: IMPNRGZ | N208: elc_won_003 | O208: S01aH06 | P208: 0.0025103514 | Q208: IMPNRGZ | S208: elc_wof_003 | T208: S01aH06 | U208: 0.0054375673 | V208: IMPNRGZ | AK208: 2038 | AL208: S06 | AM208: 0.4653 | AN208: hydro
I209: elc_spv_003 | J209: S01aH07 | K209: 0.0069737124 | L209: IMPNRGZ | N209: elc_won_003 | O209: S01aH07 | P209: 0.0016972784 | Q209: IMPNRGZ | S209: elc_wof_003 | T209: S01aH07 | U209: 0.0026001244 | V209: IMPNRGZ | AK209: 2038 | AL209: S07 | AM209: 0.3989 | AN209: hydro
I210: elc_spv_003 | J210: S01aH08 | K210: 0.0045321679 | L210: IMPNRGZ | N210: elc_won_003 | O210: S01aH08 | P210: 0.013210668 | Q210: IMPNRGZ | S210: elc_wof_003 | T210: S01aH08 | U210: 0.015392987 | V210: IMPNRGZ | AK210: 2038 | AL210: S08 | AM210: 0.4549 | AN210: hydro
I211: elc_spv_003 | J211: S02aH01 | K211: 0.0017877861 | L211: IMPNRGZ | N211: elc_won_003 | O211: S02aH01 | P211: 0.01682691 | Q211: IMPNRGZ | S211: elc_wof_003 | T211: S02aH01 | U211: 0.02117712 | V211: IMPNRGZ | AK211: 2038 | AL211: S09 | AM211: 0.4413 | AN211: hydro
I212: elc_spv_003 | J212: S02aH02 | K212: 0.0056313957 | L212: IMPNRGZ | N212: elc_won_003 | O212: S02aH02 | P212: 0.0017716969 | Q212: IMPNRGZ | S212: elc_wof_003 | T212: S02aH02 | U212: 0.0024508242 | V212: IMPNRGZ | AK212: 2038 | AL212: S10 | AM212: 0.4278 | AN212: hydro
I213: elc_spv_003 | J213: S02aH03 | K213: 0.0073229712 | L213: IMPNRGZ | N213: elc_won_003 | O213: S02aH03 | P213: 0.0017588831 | Q213: IMPNRGZ | S213: elc_wof_003 | T213: S02aH03 | U213: 0.0024879346 | V213: IMPNRGZ | AK213: 2038 | AL213: S11 | AM213: 0.4889 | AN213: hydro
I214: elc_spv_003 | J214: S02aH04 | K214: 0.052689078 | L214: IMPNRGZ | N214: elc_won_003 | O214: S02aH04 | P214: 0.011214808 | Q214: IMPNRGZ | S214: elc_wof_003 | T214: S02aH04 | U214: 0.016041509 | V214: IMPNRGZ | AK214: 2038 | AL214: S12 | AM214: 0.4668 | AN214: hydro
... I358: elc_spv_004 | J358: S08aH04 | K358: 0.038749546 | L358: IMPNRGZ | N358: elc_won_004 | O358: S08aH04 | P358: 0.029477091 | Q358: IMPNRGZ | S358: elc_wof_004 | T358: S08aH04 | U358: 0.022027859 | V358: IMPNRGZ | AK358: 2050 | AL358: S12 | AM358: 0.4759 | AN358: hydro
I359: elc_spv_004 | J359: S08aH05 | K359: 0.0053297323 | L359: IMPNRGZ | N359: elc_won_004 | O359: S08aH05 | P359: 0.0044835645 | Q359: IMPNRGZ | S359: elc_wof_004 | T359: S08aH05 | U359: 0.0037061916 | V359: IMPNRGZ
I360: elc_spv_004 | J360: S08aH06 | K360: 0.0082791965 | L360: IMPNRGZ | N360: elc_won_004 | O360: S08aH06 | P360: 0.0075479929 | Q360: IMPNRGZ | S360: elc_wof_004 | T360: S08aH06 | U360: 0.0077976811 | V360: IMPNRGZ
I361: elc_spv_004 | J361: S08aH07 | K361: 0 | L361: IMPNRGZ | N361: elc_won_004 | O361: S08aH07 | P361: 0.0051767109 | Q361: IMPNRGZ | S361: elc_wof_004 | T361: S08aH07 | U361: 0.0040346397 | V361: IMPNRGZ
I362: elc_spv_004 | J362: S08aH08 | K362: 0 | L362: IMPNRGZ | N362: elc_won_004 | O362: S08aH08 | P362: 0.035633164 | Q362: IMPNRGZ | S362: elc_wof_004 | T362: S08aH08 | U362: 0.021339654 | V362: IMPNRGZ
I363: elc_spv_004 | J363: S09aH01 | K363: 0.00044617221 | L363: IMPNRGZ | N363: elc_won_004 | O363: S09aH01 | P363: 0.051559386 | Q363: IMPNRGZ | S363: elc_wof_004 | T363: S09aH01 | U363: 0.030210956 | V363: IMPNRGZ
I364: elc_spv_004 | J364: S09aH02 | K364: 0.0041009673 | L364: IMPNRGZ | N364: elc_won_004 | O364: S09aH02 | P364: 0.0077801102 | Q364: IMPNRGZ | S364: elc_wof_004 | T364: S09aH02 | U364: 0.0037721231 | V364: IMPNRGZ
I365: elc_spv_004 | J365: S09aH03 | K365: 0.0058460092 | L365: IMPNRGZ | N365: elc_won_004 | O365: S09aH03 | P365: 0.005109302 | Q365: IMPNRGZ | S365: elc_wof_004 | T365: S09aH03 | U365: 0.0038052258 | V365: IMPNRGZ
I366: elc_spv_004 | J366: S09aH04 | K366: 0.046539449 | L366: IMPNRGZ | N366: elc_won_004 | O366: S09aH04 | P366: 0.030704228 | Q366: IMPNRGZ | S366: elc_wof_004 | T366: S09aH04 | U366: 0.021862916 | V366: IMPNRGZ
I367: elc_spv_004 | J367: S09aH05 | K367: 0.006371657 | L367: IMPNRGZ | N367: elc_won_004 | O367: S09aH05 | P367: 0.0040368389 | Q367: IMPNRGZ | S367: elc_wof_004 | T367: S09aH05 | U367: 0.0036194038 | V367: IMPNRGZ
I368: elc_spv_004 | J368: S09aH06 | K368: 0.0094841066 | L368: IMPNRGZ | N368: elc_won_004 | O368: S09aH06 | P368: 0.0059705054 | Q368: IMPNRGZ | S368: elc_wof_004 | T368: S09aH06 | U368: 0.0075962315 | V368: IMPNRGZ
I369: elc_spv_004 | J369: S09aH07 | K369: 0.00027269242 | L369: IMPNRGZ | N369: elc_won_004 | O369: S09aH07 | P369: 0.0031378403 | Q369: IMPNRGZ | S369: elc_wof_004 | T369: S09aH07 | U369: 0.0036912054 | V369: IMPNRGZ
I370: elc_spv_004 | J370: S09aH08 | K370: 0 | L370: IMPNRGZ | N370: elc_won_004 | O370: S09aH08 | P370: 0.024559143 | Q370: IMPNRGZ | S370: elc_wof_004 | T370: S09aH08 | U370: 0.020418737 | V370: IMPNRGZ
... I2986: elc_spv_031 | J2986: S12aH08 | K2986: 0 | L2986: IMPNRGZ | N2986: elc_won_031 | O2986: S12aH08 | P2986: 0.0057195487 | Q2986: IMPNRGZ | S2986: elc_wof_031 | T2986: S12aH08 | U2986: 0.01860046 | V2986: IMPNRGZ
I2987: elc_spv_032 | J2987: S01aH01 | K2987: 0.0018532549 | L2987: IMPNRGZ | N2987: elc_won_032 | O2987: S01aH01 | P2987: 0.015783145 | Q2987: IMPNRGZ
I2988: elc_spv_032 | J2988: S01aH02 | K2988: 0.0037988242 | L2988: IMPNRGZ | N2988: elc_won_032 | O2988: S01aH02 | P2988: 0.0013774487 | Q2988: IMPNRGZ
I2989: elc_spv_032 | J2989: S01aH03 | K2989: 0.005517672 | L2989: IMPNRGZ | N2989: elc_won_032 | O2989: S01aH03 | P2989: 0.001571301 | Q2989: IMPNRGZ
I2990: elc_spv_032 | J2990: S01aH04 | K2990: 0.04346177 | L2990: IMPNRGZ | N2990: elc_won_032 | O2990: S01aH04 | P2990: 0.0067417855 | Q2990: IMPNRGZ
I2991: elc_spv_032 | J2991: S01aH05 | K2991: 0.0061411235 | L2991: IMPNRGZ | N2991: elc_won_032 | O2991: S01aH05 | P2991: 0.00091835051 | Q2991: IMPNRGZ
I2992: elc_spv_032 | J2992: S01aH06 | K2992: 0.008631746 | L2992: IMPNRGZ | N2992: elc_won_032 | O2992: S01aH06 | P2992: 0.0021332455 | Q2992: IMPNRGZ
I2993: elc_spv_032 | J2993: S01aH07 | K2993: 0.002071359 | L2993: IMPNRGZ | N2993: elc_won_032 | O2993: S01aH07 | P2993: 0.0013973582 | Q2993: IMPNRGZ
I2994: elc_spv_032 | J2994: S01aH08 | K2994: 0 | L2994: IMPNRGZ | N2994: elc_won_032 | O2994: S01aH08 | P2994: 0.011502621 | Q2994: IMPNRGZ
I2995: elc_spv_032 | J2995: S02aH01 | K2995: 0.0032564724 | L2995: IMPNRGZ | N2995: elc_won_032 | O2995: S02aH01 | P2995: 0.019692951 | Q2995: IMPNRGZ
I2996: elc_spv_032 | J2996: S02aH02 | K2996: 0.0050510216 | L2996: IMPNRGZ | N2996: elc_won_032 | O2996: S02aH02 | P2996: 0.0012570575 | Q2996: IMPNRGZ
I2997: elc_spv_032 | J2997: S02aH03 | K2997: 0.0070638675 | L2997: IMPNRGZ | N2997: elc_won_032 | O2997: S02aH03 | P2997: 0.0016253803 | Q2997: IMPNRGZ
I2998: elc_spv_032 | J2998: S02aH04 | K2998: 0.054257677 | L2998: IMPNRGZ | N2998: elc_won_032 | O2998: S02aH04 | P2998: 0.009150965 | Q2998: IMPNRGZ
... I6634: elc_spv_069 | J6634: S12aH08 | K6634: 0 | L6634: IMPNRGZ | N6634: elc_won_069 | O6634: S12aH08 | P6634: 0.010621942 | Q6634: IMPNRGZ
I6635: elc_spv_070 | J6635: S01aH01 | K6635: 0 | L6635: IMPNRGZ
I6636: elc_spv_070 | J6636: S01aH02 | K6636: 0.0022152346 | L6636: IMPNRGZ
I6637: elc_spv_070 | J6637: S01aH03 | K6637: 0.0041358203 | L6637: IMPNRGZ
I6638: elc_spv_070 | J6638: S01aH04 | K6638: 0.04551862 | L6638: IMPNRGZ
I6639: elc_spv_070 | J6639: S01aH05 | K6639: 0.0074747404 | L6639: IMPNRGZ
I6640: elc_spv_070 | J6640: S01aH06 | K6640: 0.011548734 | L6640: IMPNRGZ
I6641: elc_spv_070 | J6641: S01aH07 | K6641: 0.0030138319 | L6641: IMPNRGZ
I6642: elc_spv_070 | J6642: S01aH08 | K6642: 0 | L6642: IMPNRGZ
I6643: elc_spv_070 | J6643: S02aH01 | K6643: 0 | L6643: IMPNRGZ
I6644: elc_spv_070 | J6644: S02aH02 | K6644: 0.0017343514 | L6644: IMPNRGZ
I6645: elc_spv_070 | J6645: S02aH03 | K6645: 0.00334878 | L6645: IMPNRGZ
I6646: elc_spv_070 | J6646: S02aH04 | K6646: 0.041948515 | L6646: IMPNRGZ
... I11050: elc_spv_115 | J11050: S12aH08 | K11050: 0 | L11050: IMPNRGZ

Sheet ts_annual
C9: =IF(A11="x","DeActivated","~TimeSlices") -> ~TimeSlices | I9: =IF(A11="x","DeActivated","~TFM_DINS-AT") -> ~TFM_DINS-AT | N9: =IF(A11="x","DeActivated","~TFM_DINS-AT") -> ~TFM_DINS-AT | S9: =IF(A11="x","DeActivated","~TFM_DINS-AT") -> ~TFM_DINS-AT | X9: =IF(A11="x","DeActivated","~TFM_DINS-AT") -> ~TFM_DINS-AT | AC9: =IF(A11="x","DeActivated","~TFM_DINS-AT") -> ~TFM_DINS-AT | AG9: =IF(A11="x","DeActivated","~TFM_DINS-AT") -> ~TFM_DINS-AT | AK9: =IF(A11="x","DeActivated","~TFM_INS-AT") -> ~TFM_INS-AT
A10: ts_annual | C10: season | D10: weekly | E10: daynite | F10: wparent | G10: dparent | I10: commodity | J10: timeslice | K10: com_fr | L10: process | N10: commodity | O10: timeslice | P10: com_fr | Q10: process | S10: commodity | T10: timeslice | U10: com_fr | V10: process | X10: g_yrfr | Y10: com_fr | Z10: timeslice | AA10: commodity | AC10: commodity | AD10: timeslice | AE10: com_fr | AG10: commodity | AH10: timeslice | AI10: com_pkflx | AK10: Year | AL10: timeslice | AM10: ncap_afs | AN10: pset_ci
A11: =IFERROR(IF(Veda!D5=A10,"ok","x"),"") -> ok | C11: AllS | D11: a | E11: AllH | F11: AllS | G11: a | I11: elc_spv_001 | J11: AllSaAllH | K11: 1 | L11: IMPNRGZ | N11: elc_won_001 | O11: AllSaAllH | P11: 1 | Q11: IMPNRGZ | S11: elc_wof_001 | T11: AllSaAllH | U11: 1 | V11: IMPNRGZ | X11: 1 | Y11: 1 | Z11: AllSaAllH | AA11: elc_roadtransport | AC11: elc_buildings | AD11: AllSaAllH | AE11: 1 | AG11: ELC | AH11: AllSaAllH | AI11: 0.33758082 | AK11: 2020 | AL11: AllS | AM11: 0.4212817 | AN11: hydro
I12: elc_spv_002 | J12: AllSaAllH | K12: 1 | L12: IMPNRGZ | N12: elc_won_002 | O12: AllSaAllH | P12: 1 | Q12: IMPNRGZ | S12: elc_wof_002 | T12: AllSaAllH | U12: 1 | V12: IMPNRGZ | AC12: elc_industry | AD12: AllSaAllH | AE12: 1 | AK12: 2021 | AL12: AllS | AM12: 0.38925595 | AN12: hydro
I13: elc_spv_003 | J13: AllSaAllH | K13: 1 | L13: IMPNRGZ | N13: elc_won_003 | O13: AllSaAllH | P13: 1 | Q13: IMPNRGZ | S13: elc_wof_003 | T13: AllSaAllH | U13: 1 | V13: IMPNRGZ | AK13: 2022 | AL13: AllS | AM13: 0.45575959 | AN13: hydro
I14: elc_spv_004 | J14: AllSaAllH | K14: 1 | L14: IMPNRGZ | N14: elc_won_004 | O14: AllSaAllH | P14: 1 | Q14: IMPNRGZ | S14: elc_wof_004 | T14: AllSaAllH | U14: 1 | V14: IMPNRGZ | AK14: 2025 | AL14: AllS | AM14: 0.376575 | AN14: hydro
I15: elc_spv_005 | J15: AllSaAllH | K15: 1 | L15: IMPNRGZ | N15: elc_won_005 | O15: AllSaAllH | P15: 1 | Q15: IMPNRGZ | S15: elc_wof_005 | T15: AllSaAllH | U15: 1 | V15: IMPNRGZ | AK15: 2026 | AL15: AllS | AM15: 0.36588333 | AN15: hydro
I16: elc_spv_006 | J16: AllSaAllH | K16: 1 | L16: IMPNRGZ | N16: elc_won_006 | O16: AllSaAllH | P16: 1 | Q16: IMPNRGZ | S16: elc_wof_006 | T16: AllSaAllH | U16: 1 | V16: IMPNRGZ | AK16: 2027 | AL16: AllS | AM16: 0.37208333 | AN16: hydro
I17: elc_spv_007 | J17: AllSaAllH | K17: 1 | L17: IMPNRGZ | N17: elc_won_007 | O17: AllSaAllH | P17: 1 | Q17: IMPNRGZ | S17: elc_wof_007 | T17: AllSaAllH | U17: 1 | V17: IMPNRGZ | AK17: 2028 | AL17: AllS | AM17: 0.47745833 | AN17: hydro
I18: elc_spv_008 | J18: AllSaAllH | K18: 1 | L18: IMPNRGZ | N18: elc_won_008 | O18: AllSaAllH | P18: 1 | Q18: IMPNRGZ | S18: elc_wof_008 | T18: AllSaAllH | U18: 1 | V18: IMPNRGZ | AK18: 2029 | AL18: AllS | AM18: 0.49290833 | AN18: hydro
I19: elc_spv_009 | J19: AllSaAllH | K19: 1 | L19: IMPNRGZ | N19: elc_won_009 | O19: AllSaAllH | P19: 1 | Q19: IMPNRGZ | S19: elc_wof_009 | T19: AllSaAllH | U19: 1 | V19: IMPNRGZ | AK19: 2030 | AL19: AllS | AM19: 0.5132 | AN19: hydro
I20: elc_spv_010 | J20: AllSaAllH | K20: 1 | L20: IMPNRGZ | N20: elc_won_010 | O20: AllSaAllH | P20: 1 | Q20: IMPNRGZ | S20: elc_wof_010 | T20: AllSaAllH | U20: 1 | V20: IMPNRGZ | AK20: 2031 | AL20: AllS | AM20: 0.50125 | AN20: hydro
I21: elc_spv_011 | J21: AllSaAllH | K21: 1 | L21: IMPNRGZ | N21: elc_won_011 | O21: AllSaAllH | P21: 1 | Q21: IMPNRGZ | S21: elc_wof_011 | T21: AllSaAllH | U21: 1 | V21: IMPNRGZ | AK21: 2032 | AL21: AllS | AM21: 0.49416667 | AN21: hydro
I22: elc_spv_012 | J22: AllSaAllH | K22: 1 | L22: IMPNRGZ | N22: elc_won_012 | O22: AllSaAllH | P22: 1 | Q22: IMPNRGZ | S22: elc_wof_012 | T22: AllSaAllH | U22: 1 | V22: IMPNRGZ | AK22: 2033 | AL22: AllS | AM22: 0.49870833 | AN22: hydro
I23: elc_spv_013 | J23: AllSaAllH | K23: 1 | L23: IMPNRGZ | N23: elc_won_013 | O23: AllSaAllH | P23: 1 | Q23: IMPNRGZ | S23: elc_wof_013 | T23: AllSaAllH | U23: 1 | V23: IMPNRGZ | AK23: 2034 | AL23: AllS | AM23: 0.50119167 | AN23: hydro
I24: elc_spv_014 | J24: AllSaAllH | K24: 1 | L24: IMPNRGZ | N24: elc_won_014 | O24: AllSaAllH | P24: 1 | Q24: IMPNRGZ | S24: elc_wof_014 | T24: AllSaAllH | U24: 1 | V24: IMPNRGZ | AK24: 2035 | AL24: AllS | AM24: 0.516175 | AN24: hydro
... I39: elc_spv_029 | J39: AllSaAllH | K39: 1 | L39: IMPNRGZ | N39: elc_won_029 | O39: AllSaAllH | P39: 1 | Q39: IMPNRGZ | S39: elc_wof_029 | T39: AllSaAllH | U39: 1 | V39: IMPNRGZ | AK39: 2050 | AL39: AllS | AM39: 0.35875 | AN39: hydro
I40: elc_spv_030 | J40: AllSaAllH | K40: 1 | L40: IMPNRGZ | N40: elc_won_030 | O40: AllSaAllH | P40: 1 | Q40: IMPNRGZ | S40: elc_wof_030 | T40: AllSaAllH | U40: 1 | V40: IMPNRGZ
I41: elc_spv_031 | J41: AllSaAllH | K41: 1 | L41: IMPNRGZ | N41: elc_won_031 | O41: AllSaAllH | P41: 1 | Q41: IMPNRGZ | S41: elc_wof_031 | T41: AllSaAllH | U41: 1 | V41: IMPNRGZ
I42: elc_spv_032 | J42: AllSaAllH | K42: 1 | L42: IMPNRGZ | N42: elc_won_032 | O42: AllSaAllH | P42: 1 | Q42: IMPNRGZ
I43: elc_spv_033 | J43: AllSaAllH | K43: 1 | L43: IMPNRGZ | N43: elc_won_033 | O43: AllSaAllH | P43: 1 | Q43: IMPNRGZ
I44: elc_spv_034 | J44: AllSaAllH | K44: 1 | L44: IMPNRGZ | N44: elc_won_034 | O44: AllSaAllH | P44: 1 | Q44: IMPNRGZ
I45: elc_spv_035 | J45: AllSaAllH | K45: 1 | L45: IMPNRGZ | N45: elc_won_035 | O45: AllSaAllH | P45: 1 | Q45: IMPNRGZ
I46: elc_spv_036 | J46: AllSaAllH | K46: 1 | L46: IMPNRGZ | N46: elc_won_036 | O46: AllSaAllH | P46: 1 | Q46: IMPNRGZ
I47: elc_spv_037 | J47: AllSaAllH | K47: 1 | L47: IMPNRGZ | N47: elc_won_037 | O47: AllSaAllH | P47: 1 | Q47: IMPNRGZ
I48: elc_spv_038 | J48: AllSaAllH | K48: 1 | L48: IMPNRGZ | N48: elc_won_038 | O48: AllSaAllH | P48: 1 | Q48: IMPNRGZ
I49: elc_spv_039 | J49: AllSaAllH | K49: 1 | L49: IMPNRGZ | N49: elc_won_039 | O49: AllSaAllH | P49: 1 | Q49: IMPNRGZ
I50: elc_spv_040 | J50: AllSaAllH | K50: 1 | L50: IMPNRGZ | N50: elc_won_040 | O50: AllSaAllH | P50: 1 | Q50: IMPNRGZ
I51: elc_spv_041 | J51: AllSaAllH | K51: 1 | L51: IMPNRGZ | N51: elc_won_041 | O51: AllSaAllH | P51: 1 | Q51: IMPNRGZ
I52: elc_spv_042 | J52: AllSaAllH | K52: 1 | L52: IMPNRGZ | N52: elc_won_042 | O52: AllSaAllH | P52: 1 | Q52: IMPNRGZ
I53: elc_spv_043 | J53: AllSaAllH | K53: 1 | L53: IMPNRGZ | N53: elc_won_043 | O53: AllSaAllH | P53: 1 | Q53: IMPNRGZ
... I79: elc_spv_069 | J79: AllSaAllH | K79: 1 | L79: IMPNRGZ | N79: elc_won_069 | O79: AllSaAllH | P79: 1 | Q79: IMPNRGZ
I80: elc_spv_070 | J80: AllSaAllH | K80: 1 | L80: IMPNRGZ
I81: elc_spv_071 | J81: AllSaAllH | K81: 1 | L81: IMPNRGZ
I82: elc_spv_072 | J82: AllSaAllH | K82: 1 | L82: IMPNRGZ
I83: elc_spv_073 | J83: AllSaAllH | K83: 1 | L83: IMPNRGZ
I84: elc_spv_074 | J84: AllSaAllH | K84: 1 | L84: IMPNRGZ
I85: elc_spv_075 | J85: AllSaAllH | K85: 1 | L85: IMPNRGZ
I86: elc_spv_076 | J86: AllSaAllH | K86: 1 | L86: IMPNRGZ
I87: elc_spv_077 | J87: AllSaAllH | K87: 1 | L87: IMPNRGZ
I88: elc_spv_078 | J88: AllSaAllH | K88: 1 | L88: IMPNRGZ
I89: elc_spv_079 | J89: AllSaAllH | K89: 1 | L89: IMPNRGZ
I90: elc_spv_080 | J90: AllSaAllH | K90: 1 | L90: IMPNRGZ
I91: elc_spv_081 | J91: AllSaAllH | K91: 1 | L91: IMPNRGZ
... I125: elc_spv_115 | J125: AllSaAllH | K125: 1 | L125: IMPNRGZ

Sheet ts_12t
C9: =IF(A11="x","DeActivated","~TimeSlices") -> DeActivated | I9: =IF(A11="x","DeActivated","~TFM_DINS-AT") -> DeActivated | N9: =IF(A11="x","DeActivated","~TFM_DINS-AT") -> DeActivated | S9: =IF(A11="x","DeActivated","~TFM_DINS-AT") -> DeActivated | X9: =IF(A11="x","DeActivated","~TFM_DINS-AT") -> DeActivated | AC9: =IF(A11="x","DeActivated","~TFM_DINS-AT") -> DeActivated | AG9: =IF(A11="x","DeActivated","~TFM_DINS-AT") -> DeActivated | AK9: =IF(A11="x","DeActivated","~TFM_INS-AT") -> DeActivated
A10: ts_12t | C10: season | D10: weekly | E10: daynite | F10: wparent | G10: dparent | I10: commodity | J10: timeslice | K10: com_fr | L10: process | N10: commodity | O10: timeslice | P10: com_fr | Q10: process | S10: commodity | T10: timeslice | U10: com_fr | V10: process | X10: g_yrfr | Y10: com_fr | Z10: timeslice | AA10: commodity | AC10: commodity | AD10: timeslice | AE10: com_fr | AG10: commodity | AH10: timeslice | AI10: com_pkflx | AK10: Year | AL10: timeslice | AM10: ncap_afs | AN10: pset_ci
A11: =IFERROR(IF(Veda!D5=A10,"ok","x"),"") -> x | C11: F | D11: a | E11: D | F11: W,R,S,F | G11: a | I11: elc_spv_001 | J11: FaD | K11: 0.25555496 | L11: IMPNRGZ | N11: elc_won_001 | O11: FaD | P11: 0.089634827 | Q11: IMPNRGZ | S11: elc_wof_001 | T11: FaD | U11: 0.13227598 | V11: IMPNRGZ | X11: 0.11426941 | Y11: 0.16087081 | Z11: FaD | AA11: elc_roadtransport | AC11: elc_buildings | AD11: FaD | AE11: 0.10746751 | AG11: ELC | AH11: FaD | AI11: 0.28114388 | AK11: 2020 | AL11: F | AM11: 0.40428015 | AN11: hydro
C12: R | E12: N | G12: a | I12: elc_spv_001 | J12: FaN | K12: 0.0012211047 | L12: IMPNRGZ | N12: elc_won_001 | O12: FaN | P12: 0.11310551 | Q12: IMPNRGZ | S12: elc_wof_001 | T12: FaN | U12: 0.13734344 | V12: IMPNRGZ | X12: 0.11426941 | Y12: 0.052547713 | Z12: FaN | AA12: elc_roadtransport | AC12: elc_buildings | AD12: FaN | AE12: 0.11507796 | AG12: ELC | AH12: FaN | AI12: 0.24165119 | AK12: 2020 | AL12: R | AM12: 0.43145551 | AN12: hydro
C13: S | E13: P | G13: a | I13: elc_spv_001 | J13: FaP | K13: 0.023697528 | L13: IMPNRGZ | N13: elc_won_001 | O13: FaP | P13: 0.0093640573 | Q13: IMPNRGZ | S13: elc_wof_001 | T13: FaP | U13: 0.023790669 | V13: IMPNRGZ | X13: 0.020776256 | Y13: 0.035896543 | Z13: FaP | AA13: elc_roadtransport | AC13: elc_buildings | AD13: FaP | AE13: 0.022296813 | AG13: ELC | AH13: FaP | AI13: 0.18224025 | AK13: 2020 | AL13: S | AM13: 0.39318221 | AN13: hydro
C14: W | I14: elc_spv_001 | J14: RaD | K14: 0.19464009 | L14: IMPNRGZ | N14: elc_won_001 | O14: RaD | P14: 0.077952161 | Q14: IMPNRGZ | S14: elc_wof_001 | T14: RaD | U14: 0.10090069 | V14: IMPNRGZ | X14: 0.11552511 | Y14: 0.16263862 | Z14: RaD | AA14: elc_roadtransport | AC14: elc_buildings | AD14: RaD | AE14: 0.10854062 | AG14: ELC | AH14: RaD | AI14: 0.3325481 | AK14: 2020 | AL14: W | AM14: 0.45620894 | AN14: hydro
I15: elc_spv_001 | J15: RaN | K15: 0 | L15: IMPNRGZ | N15: elc_won_001 | O15: RaN | P15: 0.099758247 | Q15: IMPNRGZ | S15: elc_wof_001 | T15: RaN | U15: 0.11310735 | V15: IMPNRGZ | X15: 0.11552511 | Y15: 0.053125161 | Z15: RaN | AA15: elc_roadtransport | AC15: elc_buildings | AD15: RaN | AE15: 0.11880032 | AG15: ELC | AH15: RaN | AI15: 0.26427979 | AK15: 2021 | AL15: F | AM15: 0.33926186 | AN15: hydro
I16: elc_spv_001 | J16: RaP | K16: 0.014906013 | L16: IMPNRGZ | N16: elc_won_001 | O16: RaP | P16: 0.010526144 | Q16: IMPNRGZ | S16: elc_wof_001 | T16: RaP | U16: 0.020194484 | V16: IMPNRGZ | X16: 0.021004566 | Y16: 0.036291011 | Z16: RaP | AA16: elc_roadtransport | AC16: elc_buildings | AD16: RaP | AE16: 0.023012001 | AG16: ELC | AH16: RaP | AI16: 0.21652356 | AK16: 2021 | AL16: R | AM16: 0.45440433 | AN16: hydro
I17: elc_spv_001 | J17: SaD | K17: 0.14115885 | L17: IMPNRGZ | N17: elc_won_001 | O17: SaD | P17: 0.15744671 | Q17: IMPNRGZ | S17: elc_wof_001 | T17: SaD | U17: 0.11750346 | V17: IMPNRGZ | X17: 0.11552511 | Y17: 0.16263862 | Z17: SaD | AA17: elc_roadtransport | AC17: elc_buildings | AD17: SaD | AE17: 0.10299117 | AG17: ELC | AH17: SaD | AI17: 0.16699612 | AK17: 2021 | AL17: S | AM17: 0.32268625 | AN17: hydro
I18: elc_spv_001 | J18: SaN | K18: 0 | L18: IMPNRGZ | N18: elc_won_001 | O18: SaN | P18: 0.20665385 | Q18: IMPNRGZ | S18: elc_wof_001 | T18: SaN | U18: 0.12550857 | V18: IMPNRGZ | X18: 0.11552511 | Y18: 0.053125161 | Z18: SaN | AA18: elc_roadtransport | AC18: elc_buildings | AD18: SaN | AE18: 0.11328122 | AG18: ELC | AH18: SaN | AI18: 0.15429118 | AK18: 2021 | AL18: W | AM18: 0.44067136 | AN18: hydro
I19: elc_spv_001 | J19: SaP | K19: 0.0065908351 | L19: IMPNRGZ | N19: elc_won_001 | O19: SaP | P19: 0.019055362 | Q19: IMPNRGZ | S19: elc_wof_001 | T19: SaP | U19: 0.02159018 | V19: IMPNRGZ | X19: 0.021004566 | Y19: 0.036291011 | Z19: SaP | AA19: elc_roadtransport | AC19: elc_buildings | AD19: SaP | AE19: 0.021139518 | AG19: ELC | AH19: SaP | AI19: 0.085884208 | AK19: 2022 | AL19: F | AM19: 0.42231667 | AN19: hydro
I20: elc_spv_001 | J20: WaD | K20: 0.31672748 | L20: IMPNRGZ | N20: elc_won_001 | O20: WaD | P20: 0.10380403 | Q20: IMPNRGZ | S20: elc_wof_001 | T20: WaD | U20: 0.086267793 | V20: IMPNRGZ | X20: 0.1130137 | Y20: 0.159103 | Z20: WaD | AA20: elc_roadtransport | AC20: elc_buildings | AD20: WaD | AE20: 0.1184131 | AG20: ELC | AH20: WaD | AI20: 0.30182073 | AK20: 2022 | AL20: R | AM20: 0.49373059 | AN20: hydro
I21: elc_spv_001 | J21: WaN | K21: 0.0055523328 | L21: IMPNRGZ | N21: elc_won_001 | O21: WaN | P21: 0.10047807 | Q21: IMPNRGZ | S21: elc_wof_001 | T21: WaN | U21: 0.10471082 | V21: IMPNRGZ | X21: 0.1130137 | Y21: 0.051970266 | Z21: WaN | AA21: elc_roadtransport | AC21: elc_buildings | AD21: WaN | AE21: 0.12346645 | AG21: ELC | AH21: WaN | AI21: 0.25734214 | AK21: 2022 | AL21: S | AM21: 0.41710327 | AN21: hydro
I22: elc_spv_001 | J22: WaP | K22: 0.039950796 | L22: IMPNRGZ | N22: elc_won_001 | O22: WaP | P22: 0.012221026 | Q22: IMPNRGZ | S22: elc_wof_001 | T22: WaP | U22: 0.016806578 | V22: IMPNRGZ | X22: 0.020547945 | Y22: 0.035502076 | Z22: WaP | AA22: elc_roadtransport | AC22: elc_buildings | AD22: WaP | AE22: 0.025513318 | AG22: ELC | AH22: WaP | AI22: 0.16641439 | AK22: 2022 | AL22: W | AM22: 0.48988782 | AN22: hydro
I23: elc_spv_002 | J23: FaD | K23: 0.26080383 | L23: IMPNRGZ | N23: elc_won_002 | O23: FaD | P23: 0.10415034 | Q23: IMPNRGZ | S23: elc_wof_002 | T23: FaD | U23: 0.13268649 | V23: IMPNRGZ | AC23: elc_industry | AD23: FaD | AE23: 0.11396491 | AK23: 2025 | AL23: F | AM23: 0.35646667 | AN23: hydro
I24: elc_spv_002 | J24: FaN | K24: 0 | L24: IMPNRGZ | N24: elc_won_002 | O24: FaN | P24: 0.15291735 | Q24: IMPNRGZ | S24: elc_wof_002 | T24: FaN | U24: 0.14485558 | V24: IMPNRGZ | AC24: elc_industry | AD24: FaN | AE24: 0.11443313 | AK24: 2025 | AL24: R | AM24: 0.39456667 | AN24: hydro
I25: elc_spv_002 | J25: FaP | K25: 0.025738048 | L25: IMPNRGZ | N25: elc_won_002 | O25: FaP | P25: 0.015134886 | Q25: IMPNRGZ | S25: elc_wof_002 | T25: FaP | U25: 0.026304203 | V25: IMPNRGZ | AC25: elc_industry | AD25: FaP | AE25: 0.020890529 | AK25: 2025 | AL25: S | AM25: 0.32286667 | AN25: hydro
I26: elc_spv_002 | J26: RaD | K26: 0.18992064 | L26: IMPNRGZ | N26: elc_won_002 | O26: RaD | P26: 0.073827294 | Q26: IMPNRGZ | S26: elc_wof_002 | T26: RaD | U26: 0.097053568 | V26: IMPNRGZ | AC26: elc_industry | AD26: RaD | AE26: 0.11513877 | AK26: 2025 | AL26: W | AM26: 0.4324 | AN26: hydro
I27: elc_spv_002 | J27: RaN | K27: 0 | L27: IMPNRGZ | N27: elc_won_002 | O27: RaN | P27: 0.10941368 | Q27: IMPNRGZ | S27: elc_wof_002 | T27: RaN | U27: 0.10794424 | V27: IMPNRGZ | AC27: elc_industry | AD27: RaN | AE27: 0.11576998 | AK27: 2026 | AL27: F | AM27: 0.3231 | AN27: hydro
I28: elc_spv_002 | J28: RaP | K28: 0.016488483 | L28: IMPNRGZ | N28: elc_won_002 | O28: RaP | P28: 0.010701456 | Q28: IMPNRGZ | S28: elc_wof_002 | T28: RaP | U28: 0.019612982 | V28: IMPNRGZ | AC28: elc_industry | AD28: RaP | AE28: 0.021135956 | AK28: 2026 | AL28: R | AM28: 0.41533333 | AN28: hydro
I29: elc_spv_002 | J29: SaD | K29: 0.13919645 | L29: IMPNRGZ | N29: elc_won_002 | O29: SaD | P29: 0.14031274 | Q29: IMPNRGZ | S29: elc_wof_002 | T29: SaD | U29: 0.10899234 | V29: IMPNRGZ | AC29: elc_industry | AD29: SaD | AE29: 0.11512713 | AK29: 2026 | AL29: S | AM29: 0.3064 | AN29: hydro
I30: elc_spv_002 | J30: SaN | K30: 0 | L30: IMPNRGZ | N30: elc_won_002 | O30: SaN | P30: 0.20260533 | Q30: IMPNRGZ | S30: elc_wof_002 | T30: SaN | U30: 0.12775378 | V30: IMPNRGZ | AC30: elc_industry | AD30: SaN | AE30: 0.11576021 | AK30: 2026 | AL30: W | AM30: 0.4187 | AN30: hydro
I31: elc_spv_002 | J31: SaP | K31: 0.0095421098 | L31: IMPNRGZ | N31: elc_won_002 | O31: SaP | P31: 0.021157037 | Q31: IMPNRGZ | S31: elc_wof_002 | T31: SaP | U31: 0.021676603 | V31: IMPNRGZ | AC31: elc_industry | AD31: SaP | AE31: 0.021080713 | AK31: 2027 | AL31: F | AM31: 0.3463 | AN31: hydro
I32: elc_spv_002 | J32: WaD | K32: 0.31339646 | L32: IMPNRGZ | N32: elc_won_002 | O32: WaD | P32: 0.068999869 | Q32: IMPNRGZ | S32: elc_wof_002 | T32: WaD | U32: 0.085493063 | V32: IMPNRGZ | AC32: elc_industry | AD32: WaD | AE32: 0.1128154 | AK32: 2027 | AL32: R | AM32: 0.4284 | AN32: hydro
I33: elc_spv_002 | J33: WaN | K33: 0.0043188483 | L33: IMPNRGZ | N33: elc_won_002 | O33: WaN | P33: 0.093760311 | Q33: IMPNRGZ | S33: elc_wof_002 | T33: WaN | U33: 0.10741797 | V33: IMPNRGZ | AC33: elc_industry | AD33: WaN | AE33: 0.1131263 | AK33: 2027 | AL33: S | AM33: 0.33456667 | AN33: hydro
I34: elc_spv_002 | J34: WaP | K34: 0.040595139 | L34: IMPNRGZ | N34: elc_won_002 | O34: WaP | P34: 0.0070197176 | Q34: IMPNRGZ | S34: elc_wof_002 | T34: WaP | U34: 0.020209184 | V34: IMPNRGZ | AC34: elc_industry | AD34: WaP | AE34: 0.020756979 | AK34: 2027 | AL34: W | AM34: 0.37906667 | AN34: hydro
I35: elc_spv_003 | J35: FaD | K35: 0.25701445 | L35: IMPNRGZ | N35: elc_won_003 | O35: FaD | P35: 0.10515145 | Q35: IMPNRGZ | S35: elc_wof_003 | T35: FaD | U35: 0.13011346 | V35: IMPNRGZ | AK35: 2028 | AL35: F | AM35: 0.46473333 | AN35: hydro
I36: elc_spv_003 | J36: FaN | K36: 1.7786235e-06 | L36: IMPNRGZ | N36: elc_won_003 | O36: FaN | P36: 0.15756529 | Q36: IMPNRGZ | S36: elc_wof_003 | T36: FaN | U36: 0.13398703 | V36: IMPNRGZ | AK36: 2028 | AL36: R | AM36: 0.53206667 | AN36: hydro
I37: elc_spv_003 | J37: FaP | K37: 0.029193172 | L37: IMPNRGZ | N37: elc_won_003 | O37: FaP | P37: 0.017003585 | Q37: IMPNRGZ | S37: elc_wof_003 | T37: FaP | U37: 0.022986539 | V37: IMPNRGZ | AK37: 2028 | AL37: S | AM37: 0.41336667 | AN37: hydro
I38: elc_spv_003 | J38: RaD | K38: 0.18558714 | L38: IMPNRGZ | N38: elc_won_003 | O38: RaD | P38: 0.088607156 | Q38: IMPNRGZ | S38: elc_wof_003 | T38: RaD | U38: 0.10471477 | V38: IMPNRGZ | AK38: 2028 | AL38: W | AM38: 0.49966667 | AN38: hydro
I39: elc_spv_003 | J39: RaN | K39: 0 | L39: IMPNRGZ | N39: elc_won_003 | O39: RaN | P39: 0.10204247 | Q39: IMPNRGZ | S39: elc_wof_003 | T39: RaN | U39: 0.11259768 | V39: IMPNRGZ | AK39: 2029 | AL39: F | AM39: 0.46993333 | AN39: hydro
I40: elc_spv_003 | J40: RaP | K40: 0.017935067 | L40: IMPNRGZ | N40: elc_won_003 | O40: RaP | P40: 0.012427229 | Q40: IMPNRGZ | S40: elc_wof_003 | T40: RaP | U40: 0.020416955 | V40: IMPNRGZ | AK40: 2029 | AL40: R | AM40: 0.53426667 | AN40: hydro
I41: elc_spv_003 | J41: SaD | K41: 0.14131563 | L41: IMPNRGZ | N41: elc_won_003 | O41: SaD | P41: 0.11936522 | Q41: IMPNRGZ | S41: elc_wof_003 | T41: SaD | U41: 0.12092967 | V41: IMPNRGZ | AK41: 2029 | AL41: S | AM41: 0.40726667 | AN41: hydro
I42: elc_spv_003 | J42: SaN | K42: 0 | L42: IMPNRGZ | N42: elc_won_003 | O42: SaN | P42: 0.18640074 | Q42: IMPNRGZ | S42: elc_wof_003 | T42: SaN | U42: 0.12987679 | V42: IMPNRGZ | AK42: 2029 | AL42: W | AM42: 0.56016667 | AN42: hydro
I43: elc_spv_003 | J43: SaP | K43: 0.010270856 | L43: IMPNRGZ | N43: elc_won_003 | O43: SaP | P43: 0.02078021 | Q43: IMPNRGZ | S43: elc_wof_003 | T43: SaP | U43: 0.022001467 | V43: IMPNRGZ | AK43: 2030 | AL43: F | AM43: 0.484 | AN43: hydro
I44: elc_spv_003 | J44: WaD | K44: 0.30857626 | L44: IMPNRGZ | N44: elc_won_003 | O44: WaD | P44: 0.080164226 | Q44: IMPNRGZ | S44: elc_wof_003 | T44: WaD | U44: 0.084173076 | V44: IMPNRGZ | AK44: 2030 | AL44: R | AM44: 0.55566667 | AN44: hydro
I45: elc_spv_003 | J45: WaN | K45: 0.0083528692 | L45: IMPNRGZ | N45: elc_won_003 | O45: WaN | P45: 0.10038242 | Q45: IMPNRGZ | S45: elc_wof_003 | T45: WaN | U45: 0.10237868 | V45: IMPNRGZ | AK45: 2030 | AL45: S | AM45: 0.4704 | AN45: hydro
I46: elc_spv_003 | J46: WaP | K46: 0.041752771 | L46: IMPNRGZ | N46: elc_won_003 | O46: WaP | P46: 0.010110014 | Q46: IMPNRGZ | S46: elc_wof_003 | T46: WaP | U46: 0.015823885 | V46: IMPNRGZ | AK46: 2030 | AL46: W | AM46: 0.54273333 | AN46: hydro
... I126: elc_spv_010 | J126: SaN | K126: 0 | L126: IMPNRGZ | N126: elc_won_010 | O126: SaN | P126: 0.17916825 | Q126: IMPNRGZ | S126: elc_wof_010 | T126: SaN | U126: 0.12063179 | V126: IMPNRGZ | AK126: 2050 | AL126: W | AM126: 0.38813333 | AN126: hydro
I127: elc_spv_010 | J127: SaP | K127: 0.009325326 | L127: IMPNRGZ | N127: elc_won_010 | O127: SaP | P127: 0.023558088 | Q127: IMPNRGZ | S127: elc_wof_010 | T127: SaP | U127: 0.020241083 | V127: IMPNRGZ
I128: elc_spv_010 | J128: WaD | K128: 0.27921407 | L128: IMPNRGZ | N128: elc_won_010 | O128: WaD | P128: 0.065661415 | Q128: IMPNRGZ | S128: elc_wof_010 | T128: WaD | U128: 0.084535686 | V128: IMPNRGZ
I129: elc_spv_010 | J129: WaN | K129: 0.00021492648 | L129: IMPNRGZ | N129: elc_won_010 | O129: WaN | P129: 0.096251017 | Q129: IMPNRGZ | S129: elc_wof_010 | T129: WaN | U129: 0.091577471 | V129: IMPNRGZ
I130: elc_spv_010 | J130: WaP | K130: 0.026282716 | L130: IMPNRGZ | N130: elc_won_010 | O130: WaP | P130: 0.0089302714 | Q130: IMPNRGZ | S130: elc_wof_010 | T130: WaP | U130: 0.017019671 | V130: IMPNRGZ
I131: elc_spv_011 | J131: FaD | K131: 0.26556335 | L131: IMPNRGZ | N131: elc_won_011 | O131: FaD | P131: 0.11705919 | Q131: IMPNRGZ | S131: elc_wof_011 | T131: FaD | U131: 0.1366781 | V131: IMPNRGZ
I132: elc_spv_011 | J132: FaN | K132: 0.0012898548 | L132: IMPNRGZ | N132: elc_won_011 | O132: FaN | P132: 0.17434788 | Q132: IMPNRGZ | S132: elc_wof_011 | T132: FaN | U132: 0.14637815 | V132: IMPNRGZ
I133: elc_spv_011 | J133: FaP | K133: 0.013672401 | L133: IMPNRGZ | N133: elc_won_011 | O133: FaP | P133: 0.019528701 | Q133: IMPNRGZ | S133: elc_wof_011 | T133: FaP | U133: 0.027076348 | V133: IMPNRGZ
I134: elc_spv_011 | J134: RaD | K134: 0.21607462 | L134: IMPNRGZ | N134: elc_won_011 | O134: RaD | P134: 0.081193358 | Q134: IMPNRGZ | S134: elc_wof_011 | T134: RaD | U134: 0.099672443 | V134: IMPNRGZ
I135: elc_spv_011 | J135: RaN | K135: 0 | L135: IMPNRGZ | N135: elc_won_011 | O135: RaN | P135: 0.12545532 | Q135: IMPNRGZ | S135: elc_wof_011 | T135: RaN | U135: 0.10323527 | V135: IMPNRGZ
I136: elc_spv_011 | J136: RaP | K136: 0.011020661 | L136: IMPNRGZ | N136: elc_won_011 | O136: RaP | P136: 0.015450538 | Q136: IMPNRGZ | S136: elc_wof_011 | T136: RaP | U136: 0.019315404 | V136: IMPNRGZ
I137: elc_spv_011 | J137: SaD | K137: 0.17231691 | L137: IMPNRGZ | N137: elc_won_011 | O137: SaD | P137: 0.10479504 | Q137: IMPNRGZ | S137: elc_wof_011 | T137: SaD | U137: 0.12783684 | V137: IMPNRGZ
I138: elc_spv_011 | J138: SaN | K138: 0 | L138: IMPNRGZ | N138: elc_won_011 | O138: SaN | P138: 0.14736334 | Q138: IMPNRGZ | S138: elc_wof_011 | T138: SaN | U138: 0.12798112 | V138: IMPNRGZ
... I382: elc_spv_031 | J382: WaP | K382: 0.021330553 | L382: IMPNRGZ | N382: elc_won_031 | O382: WaP | P382: 0.006960568 | Q382: IMPNRGZ | S382: elc_wof_031 | T382: WaP | U382: 0.019678683 | V382: IMPNRGZ
I383: elc_spv_032 | J383: FaD | K383: 0.27282714 | L383: IMPNRGZ | N383: elc_won_032 | O383: FaD | P383: 0.11372635 | Q383: IMPNRGZ
I384: elc_spv_032 | J384: FaN | K384: 0 | L384: IMPNRGZ | N384: elc_won_032 | O384: FaN | P384: 0.17930306 | Q384: IMPNRGZ
I385: elc_spv_032 | J385: FaP | K385: 0.011913045 | L385: IMPNRGZ | N385: elc_won_032 | O385: FaP | P385: 0.021290928 | Q385: IMPNRGZ
I386: elc_spv_032 | J386: RaD | K386: 0.23006875 | L386: IMPNRGZ | N386: elc_won_032 | O386: RaD | P386: 0.066025995 | Q386: IMPNRGZ
I387: elc_spv_032 | J387: RaN | K387: 0 | L387: IMPNRGZ | N387: elc_won_032 | O387: RaN | P387: 0.090354589 | Q387: IMPNRGZ
I388: elc_spv_032 | J388: RaP | K388: 0.011985705 | L388: IMPNRGZ | N388: elc_won_032 | O388: RaP | P388: 0.010162885 | Q388: IMPNRGZ
I389: elc_spv_032 | J389: SaD | K389: 0.2167058 | L389: IMPNRGZ | N389: elc_won_032 | O389: SaD | P389: 0.15169646 | Q389: IMPNRGZ
I390: elc_spv_032 | J390: SaN | K390: 0 | L390: IMPNRGZ | N390: elc_won_032 | O390: SaN | P390: 0.18718592 | Q390: IMPNRGZ
I391: elc_spv_032 | J391: SaP | K391: 0.0099687376 | L391: IMPNRGZ | N391: elc_won_032 | O391: SaP | P391: 0.027374805 | Q391: IMPNRGZ
I392: elc_spv_032 | J392: WaD | K392: 0.22732868 | L392: IMPNRGZ | N392: elc_won_032 | O392: WaD | P392: 0.048558569 | Q392: IMPNRGZ
I393: elc_spv_032 | J393: WaN | K393: 0 | L393: IMPNRGZ | N393: elc_won_032 | O393: WaN | P393: 0.094988451 | Q393: IMPNRGZ
I394: elc_spv_032 | J394: WaP | K394: 0.019202138 | L394: IMPNRGZ | N394: elc_won_032 | O394: WaP | P394: 0.0093319841 | Q394: IMPNRGZ
... I838: elc_spv_069 | J838: WaP | K838: 0.023634771 | L838: IMPNRGZ | N838: elc_won_069 | O838: WaP | P838: 0.0065645254 | Q838: IMPNRGZ
I839: elc_spv_070 | J839: FaD | K839: 0.2501735 | L839: IMPNRGZ
I840: elc_spv_070 | J840: FaN | K840: 0 | L840: IMPNRGZ
I841: elc_spv_070 | J841: FaP | K841: 0.022848092 | L841: IMPNRGZ
I842: elc_spv_070 | J842: RaD | K842: 0.21736799 | L842: IMPNRGZ
I843: elc_spv_070 | J843: RaN | K843: 0 | L843: IMPNRGZ
I844: elc_spv_070 | J844: RaP | K844: 0.021044874 | L844: IMPNRGZ
I845: elc_spv_070 | J845: SaD | K845: 0.23915906 | L845: IMPNRGZ
I846: elc_spv_070 | J846: SaN | K846: 0 | L846: IMPNRGZ
I847: elc_spv_070 | J847: SaP | K847: 0.023636042 | L847: IMPNRGZ
I848: elc_spv_070 | J848: WaD | K848: 0.2022199 | L848: IMPNRGZ
I849: elc_spv_070 | J849: WaN | K849: 0 | L849: IMPNRGZ
I850: elc_spv_070 | J850: WaP | K850: 0.023550537 | L850: IMPNRGZ
... I1390: elc_spv_115 | J1390: WaP | K1390: 0.029998572 | L1390: IMPNRGZ
