Workbook

Sheet Veda
G1: 1,2,3,4,5,6,7,8,9,10,11,12,13,14,15,21,22,23,24,25
D2: ="~Inputcell: "&_xlfn.TEXTJOIN(",",TRUE,G1:EE1) -> ~Inputcell: 1,2,3,4,5,6,7,8,9,10,11,12,13,14,15,21,22,23,24,25 | G2: 5 | H2: 6 | I2: 7 | J2: 9 | K2: 10 | L2: 11 | M2: 16 | N2: 17 | O2: 18 | P2: 20 | Q2: 21 | R2: 22 | S2: 27 | T2: 28 | U2: 29 | V2: 31 | W2: 32 | X2: 33 | Y2: 38 | Z2: 39 | AA2: 40 | AB2: 42 | AC2: 43 | AD2: 44 | AE2: 49 | AF2: 50 | AG2: 51 | AH2: 53 | AI2: 54 | AJ2: 55
D3: 3
D5: =VLOOKUP(D3,$C$9:$E$999,2,FALSE) -> ts_annual | E5: =VLOOKUP(D3,$C$9:$E$999,3,FALSE) -> C3
B7: ~Scenmap
A8: priority | B8: scen | C8: case_no | D8: timeslice | E8: climate | AM8: bio price multiplier
A9: 5 | B9: =VLOOKUP(E9,$AK$9:$AL$15,2,FALSE)&"."&VLOOKUP(D9,$AH$9:$AI$24,2,FALSE) -> e 1.5 deg no OS.kAnn | C9: 1 | D9: =VLOOKUP(AJ9,$AG$9:$AH$22,2,FALSE) -> ts_annual | E9: C1 | G9: Limit warming to 1.5°C (>50%) with no or limited overshoot | AG9: 1 | AH9: ts_annual | AI9: kAnn | AJ9: 1 | AK9: C1 | AL9: e 1.5 deg no OS | AM9: 5
A10: 5 | B10: =VLOOKUP(E10,$AK$9:$AL$15,2,FALSE)&"."&VLOOKUP(D10,$AH$9:$AI$24,2,FALSE) -> d 1.5 deg OS.kAnn | C10: =C9+1 -> 2 | D10: =VLOOKUP(AJ10,$AG$9:$AH$22,2,FALSE) -> ts_annual | E10: C2 | G10: Limit warming to 1.5°C (>67%) with high overshoot | S10: IEA | AG10: 2 | AH10: ts_12t | AI10: k12 | AJ10: 1 | AK10: C2 | AL10: d 1.5 deg OS | AM10: 4
A11: 5 | B11: =VLOOKUP(E11,$AK$9:$AL$15,2,FALSE)&"."&VLOOKUP(D11,$AH$9:$AI$24,2,FALSE) -> c 2 deg (67%).kAnn | C11: =C10+1 -> 3 | D11: =VLOOKUP(AJ11,$AG$9:$AH$22,2,FALSE) -> ts_annual | E11: C3 | G11: Limit warming to 2°C (>67%) with higher action post-2030 | S11: 2022 | AG11: 3 | AH11: ts_012 | AI11: j12 | AJ11: 1 | AK11: C3 | AL11: c 2 deg (67%) | AM11: 3
A12: 5 | B12: =VLOOKUP(E12,$AK$9:$AL$15,2,FALSE)&"."&VLOOKUP(D12,$AH$9:$AI$24,2,FALSE) -> b 2 deg (50%).kAnn | C12: =C11+1 -> 4 | D12: =VLOOKUP(AJ12,$AG$9:$AH$22,2,FALSE) -> ts_annual | E12: C4 | G12: Limit warming to 2°C (>50%) with immediate action | S12: =SUMIFS(iea_data!I3:I9999,iea_data!$B$3:$B$9999,Veda!$S$11)+T28-T29 -> 325.04 | T12: base-year generation (TWh) | AG12: 4 | AH12: ts_024 | AI12: i24 | AJ12: 1 | AK12: C4 | AL12: b 2 deg (50%) | AM12: 3
A13: 5 | B13: =VLOOKUP(E13,$AK$9:$AL$15,2,FALSE)&"."&VLOOKUP(D13,$AH$9:$AI$24,2,FALSE) -> a 3 deg.kAnn | C13: =C12+1 -> 5 | D13: =VLOOKUP(AJ13,$AG$9:$AH$22,2,FALSE) -> ts_annual | E13: C7 | G13: Likely above 3°C warming with limited mitigation | AG13: 5 | AH13: ts_048 | AI13: h48 | AJ13: 1 | AK13: C7 | AL13: a 3 deg | AM13: 1.5
A14: 5 | B14: =VLOOKUP(E14,$AK$9:$AL$15,2,FALSE)&"."&VLOOKUP(D14,$AH$9:$AI$24,2,FALSE) -> e 1.5 deg no OS.k12 | C14: =C13+1 -> 6 | D14: =VLOOKUP(AJ14,$AG$9:$AH$22,2,FALSE) -> ts_12t | E14: =E9 -> C1 | T14: =S12 -> 325.04 | U14: =$S$12*J15 -> 341.292 | V14: =$S$12*K15 -> 380.2968 | W14: =$S$12*L15 -> 429.0528 | X14: =$S$12*M15 -> 487.56 | Y14: =$S$12*N15 -> 546.0672 | Z14: =$S$12*O15 -> 588.3224 | AG14: 6 | AH14: ts_064 | AI14: g64 | AJ14: =AJ9+1 -> 2
A15: 5 | B15: =VLOOKUP(E15,$AK$9:$AL$15,2,FALSE)&"."&VLOOKUP(D15,$AH$9:$AI$24,2,FALSE) -> d 1.5 deg OS.k12 | C15: =C14+1 -> 7 | D15: =VLOOKUP(AJ15,$AG$9:$AH$22,2,FALSE) -> ts_12t | E15: =E10 -> C2 | G15: Electricity growth relative to 2020 | I15: =SUMIFS(ar6_r10!$F$2:$F$999,ar6_r10!$A$2:$A$999,Veda!$E$5,ar6_r10!$C$2:$C$999,Veda!I$17,ar6_r10!$M$2:$M$999,Veda!$G15) -> 1 | J15: =SUMIFS(ar6_r10!$F$2:$F$999,ar6_r10!$A$2:$A$999,Veda!$E$5,ar6_r10!$C$2:$C$999,Veda!J$17,ar6_r10!$M$2:$M$999,Veda!$G15) -> 1.05 | K15: =SUMIFS(ar6_r10!$F$2:$F$999,ar6_r10!$A$2:$A$999,Veda!$E$5,ar6_r10!$C$2:$C$999,Veda!K$17,ar6_r10!$M$2:$M$999,Veda!$G15) -> 1.17 | L15: =SUMIFS(ar6_r10!$F$2:$F$999,ar6_r10!$A$2:$A$999,Veda!$E$5,ar6_r10!$C$2:$C$999,Veda!L$17,ar6_r10!$M$2:$M$999,Veda!$G15) -> 1.32 | M15: =SUMIFS(ar6_r10!$F$2:$F$999,ar6_r10!$A$2:$A$999,Veda!$E$5,ar6_r10!$C$2:$C$999,Veda!M$17,ar6_r10!$M$2:$M$999,Veda!$G15) -> 1.5 | N15: =SUMIFS(ar6_r10!$F$2:$F$999,ar6_r10!$A$2:$A$999,Veda!$E$5,ar6_r10!$C$2:$C$999,Veda!N$17,ar6_r10!$M$2:$M$999,Veda!$G15) -> 1.68 | O15: =SUMIFS(ar6_r10!$F$2:$F$999,ar6_r10!$A$2:$A$999,Veda!$E$5,ar6_r10!$C$2:$C$999,Veda!O$17,ar6_r10!$M$2:$M$999,Veda!$G15) -> 1.81 | AG15: 7 | AH15: ts_096P50 | AI15: f96p50 | AJ15: =AJ10+1 -> 2
A16: 5 | B16: =VLOOKUP(E16,$AK$9:$AL$15,2,FALSE)&"."&VLOOKUP(D16,$AH$9:$AI$24,2,FALSE) -> c 2 deg (67%).k12 | C16: =C15+1 -> 8 | D16: =VLOOKUP(AJ16,$AG$9:$AH$22,2,FALSE) -> ts_12t | E16: =E11 -> C3 | S16: ~TFM_INS-TS | AG16: 8 | AH16: ts_096P10 | AI16: f96p10 | AJ16: =AJ11+1 -> 2
A17: 5 | B17: =VLOOKUP(E17,$AK$9:$AL$15,2,FALSE)&"."&VLOOKUP(D17,$AH$9:$AI$24,2,FALSE) -> b 2 deg (50%).k12 | C17: =C16+1 -> 9 | D17: =VLOOKUP(AJ17,$AG$9:$AH$22,2,FALSE) -> ts_12t | E17: =E12 -> C4 | I17: 2020 | J17: =U17 -> 2025 | K17: =V17 -> 2030 | L17: =W17 -> 2035 | M17: =X17 -> 2040 | N17: =Y17 -> 2045 | O17: =Z17 -> 2050 | S17: commodity | T17: 2022 | U17: 2025 | V17: 2030 | W17: 2035 | X17: 2040 | Y17: 2045 | Z17: 2050 | AA17: attribute | AG17: 9 | AH17: ts_096P90 | AI17: f96p90 | AJ17: =AJ12+1 -> 2
A18: 5 | B18: =VLOOKUP(E18,$AK$9:$AL$15,2,FALSE)&"."&VLOOKUP(D18,$AH$9:$AI$24,2,FALSE) -> a 3 deg.k12 | C18: =C17+1 -> 10 | D18: =VLOOKUP(AJ18,$AG$9:$AH$22,2,FALSE) -> ts_12t | E18: =E13 -> C7 | G18: Hydrogen as a share of electricity | I18: =SUMIFS(ar6_r10!$F$2:$F$999,ar6_r10!$A$2:$A$999,Veda!$E$5,ar6_r10!$C$2:$C$999,Veda!I$17,ar6_r10!$M$2:$M$999,Veda!$G18) -> 0 | J18: =SUMIFS(ar6_r10!$F$2:$F$999,ar6_r10!$A$2:$A$999,Veda!$E$5,ar6_r10!$C$2:$C$999,Veda!J$17,ar6_r10!$M$2:$M$999,Veda!$G18) -> 0 | K18: =SUMIFS(ar6_r10!$F$2:$F$999,ar6_r10!$A$2:$A$999,Veda!$E$5,ar6_r10!$C$2:$C$999,Veda!K$17,ar6_r10!$M$2:$M$999,Veda!$G18) -> 0.01 | L18: =SUMIFS(ar6_r10!$F$2:$F$999,ar6_r10!$A$2:$A$999,Veda!$E$5,ar6_r10!$C$2:$C$999,Veda!L$17,ar6_r10!$M$2:$M$999,Veda!$G18) -> 0.01 | M18: =SUMIFS(ar6_r10!$F$2:$F$999,ar6_r10!$A$2:$A$999,Veda!$E$5,ar6_r10!$C$2:$C$999,Veda!M$17,ar6_r10!$M$2:$M$999,Veda!$G18) -> 0.01 | N18: =SUMIFS(ar6_r10!$F$2:$F$999,ar6_r10!$A$2:$A$999,Veda!$E$5,ar6_r10!$C$2:$C$999,Veda!N$17,ar6_r10!$M$2:$M$999,Veda!$G18) -> 0.02 | O18: =SUMIFS(ar6_r10!$F$2:$F$999,ar6_r10!$A$2:$A$999,Veda!$E$5,ar6_r10!$C$2:$C$999,Veda!O$17,ar6_r10!$M$2:$M$999,Veda!$G18) -> 0.03 | S18: hydrogen_allsect | T18: =I18*T$14 -> 0 | U18: =J18*U$14 -> 0 | V18: =K18*V$14 -> 3.802968 | W18: =L18*W$14 -> 4.290528 | X18: =M18*X$14 -> 4.8756 | Y18: =N18*Y$14 -> 10.921344 | Z18: =O18*Z$14 -> 17.649672 | AA18: demand | AG18: 10 | AH18: s1p1v1_d | AI18: e3d | AJ18: =AJ13+1 -> 2
A19: 5 | B19: =VLOOKUP(E19,$AK$9:$AL$15,2,FALSE)&"."&VLOOKUP(D19,$AH$9:$AI$24,2,FALSE) -> e 1.5 deg no OS.j12 | C19: =C18+1 -> 11 | D19: =VLOOKUP(AJ19,$AG$9:$AH$22,2,FALSE) -> ts_012 | E19: =E14 -> C1 | G19: Industry electricity share | I19: =SUMIFS(ar6_r10!$F$2:$F$999,ar6_r10!$A$2:$A$999,Veda!$E$5,ar6_r10!$C$2:$C$999,Veda!I$17,ar6_r10!$M$2:$M$999,Veda!$G19) -> 0.36 | J19: =SUMIFS(ar6_r10!$F$2:$F$999,ar6_r10!$A$2:$A$999,Veda!$E$5,ar6_r10!$C$2:$C$999,Veda!J$17,ar6_r10!$M$2:$M$999,Veda!$G19) -> 0.32 | K19: =SUMIFS(ar6_r10!$F$2:$F$999,ar6_r10!$A$2:$A$999,Veda!$E$5,ar6_r10!$C$2:$C$999,Veda!K$17,ar6_r10!$M$2:$M$999,Veda!$G19) -> 0.31 | L19: =SUMIFS(ar6_r10!$F$2:$F$999,ar6_r10!$A$2:$A$999,Veda!$E$5,ar6_r10!$C$2:$C$999,Veda!L$17,ar6_r10!$M$2:$M$999,Veda!$G19) -> 0.29 | M19: =SUMIFS(ar6_r10!$F$2:$F$999,ar6_r10!$A$2:$A$999,Veda!$E$5,ar6_r10!$C$2:$C$999,Veda!M$17,ar6_r10!$M$2:$M$999,Veda!$G19) -> 0.29 | N19: =SUMIFS(ar6_r10!$F$2:$F$999,ar6_r10!$A$2:$A$999,Veda!$E$5,ar6_r10!$C$2:$C$999,Veda!N$17,ar6_r10!$M$2:$M$999,Veda!$G19) -> 0.29 | O19: =SUMIFS(ar6_r10!$F$2:$F$999,ar6_r10!$A$2:$A$999,Veda!$E$5,ar6_r10!$C$2:$C$999,Veda!O$17,ar6_r10!$M$2:$M$999,Veda!$G19) -> 0.3 | S19: elc_industry | T19: =I19*T$14 -> 117.0144 | U19: =J19*U$14 -> 109.21344 | V19: =K19*V$14 -> 117.89201 | W19: =L19*W$14 -> 124.42531 | X19: =M19*X$14 -> 141.3924 | Y19: =N19*Y$14 -> 158.35949 | Z19: =O19*Z$14 -> 176.49672 | AA19: demand | AG19: 11 | AH19: s3p3v3_d | AI19: d9d | AJ19: =AJ14+1 -> 3
A20: 5 | B20: =VLOOKUP(E20,$AK$9:$AL$15,2,FALSE)&"."&VLOOKUP(D20,$AH$9:$AI$24,2,FALSE) -> d 1.5 deg OS.j12 | C20: =C19+1 -> 12 | D20: =VLOOKUP(AJ20,$AG$9:$AH$22,2,FALSE) -> ts_012 | E20: =E15 -> C2 | G20: Residential and commercial electricity share | I20: =SUMIFS(ar6_r10!$F$2:$F$999,ar6_r10!$A$2:$A$999,Veda!$E$5,ar6_r10!$C$2:$C$999,Veda!I$17,ar6_r10!$M$2:$M$999,Veda!$G20) -> 0.6 | J20: =SUMIFS(ar6_r10!$F$2:$F$999,ar6_r10!$A$2:$A$999,Veda!$E$5,ar6_r10!$C$2:$C$999,Veda!J$17,ar6_r10!$M$2:$M$999,Veda!$G20) -> 0.6 | K20: =SUMIFS(ar6_r10!$F$2:$F$999,ar6_r10!$A$2:$A$999,Veda!$E$5,ar6_r10!$C$2:$C$999,Veda!K$17,ar6_r10!$M$2:$M$999,Veda!$G20) -> 0.6 | L20: =SUMIFS(ar6_r10!$F$2:$F$999,ar6_r10!$A$2:$A$999,Veda!$E$5,ar6_r10!$C$2:$C$999,Veda!L$17,ar6_r10!$M$2:$M$999,Veda!$G20) -> 0.57 | M20: =SUMIFS(ar6_r10!$F$2:$F$999,ar6_r10!$A$2:$A$999,Veda!$E$5,ar6_r10!$C$2:$C$999,Veda!M$17,ar6_r10!$M$2:$M$999,Veda!$G20) -> 0.54 | N20: =SUMIFS(ar6_r10!$F$2:$F$999,ar6_r10!$A$2:$A$999,Veda!$E$5,ar6_r10!$C$2:$C$999,Veda!N$17,ar6_r10!$M$2:$M$999,Veda!$G20) -> 0.52 | O20: =SUMIFS(ar6_r10!$F$2:$F$999,ar6_r10!$A$2:$A$999,Veda!$E$5,ar6_r10!$C$2:$C$999,Veda!O$17,ar6_r10!$M$2:$M$999,Veda!$G20) -> 0.53 | S20: elc_buildings | T20: =I20*T$14 -> 195.024 | U20: =J20*U$14 -> 204.7752 | V20: =K20*V$14 -> 228.17808 | W20: =L20*W$14 -> 244.5601 | X20: =M20*X$14 -> 263.2824 | Y20: =N20*Y$14 -> 283.95494 | Z20: =O20*Z$14 -> 311.81087 | AA20: demand | AG20: 12 | AH20: s5p5v5_d | AI20: c15d | AJ20: =AJ15+1 -> 3
A21: 5 | B21: =VLOOKUP(E21,$AK$9:$AL$15,2,FALSE)&"."&VLOOKUP(D21,$AH$9:$AI$24,2,FALSE) -> c 2 deg (67%).j12 | C21: =C20+1 -> 13 | D21: =VLOOKUP(AJ21,$AG$9:$AH$22,2,FALSE) -> ts_012 | E21: =E16 -> C3 | G21: Transportation electricity share | I21: =SUMIFS(ar6_r10!$F$2:$F$999,ar6_r10!$A$2:$A$999,Veda!$E$5,ar6_r10!$C$2:$C$999,Veda!I$17,ar6_r10!$M$2:$M$999,Veda!$G21) -> 0.03 | J21: =SUMIFS(ar6_r10!$F$2:$F$999,ar6_r10!$A$2:$A$999,Veda!$E$5,ar6_r10!$C$2:$C$999,Veda!J$17,ar6_r10!$M$2:$M$999,Veda!$G21) -> 0.06 | K21: =SUMIFS(ar6_r10!$F$2:$F$999,ar6_r10!$A$2:$A$999,Veda!$E$5,ar6_r10!$C$2:$C$999,Veda!K$17,ar6_r10!$M$2:$M$999,Veda!$G21) -> 0.08 | L21: =SUMIFS(ar6_r10!$F$2:$F$999,ar6_r10!$A$2:$A$999,Veda!$E$5,ar6_r10!$C$2:$C$999,Veda!L$17,ar6_r10!$M$2:$M$999,Veda!$G21) -> 0.11 | M21: =SUMIFS(ar6_r10!$F$2:$F$999,ar6_r10!$A$2:$A$999,Veda!$E$5,ar6_r10!$C$2:$C$999,Veda!M$17,ar6_r10!$M$2:$M$999,Veda!$G21) -> 0.12 | N21: =SUMIFS(ar6_r10!$F$2:$F$999,ar6_r10!$A$2:$A$999,Veda!$E$5,ar6_r10!$C$2:$C$999,Veda!N$17,ar6_r10!$M$2:$M$999,Veda!$G21) -> 0.18 | O21: =SUMIFS(ar6_r10!$F$2:$F$999,ar6_r10!$A$2:$A$999,Veda!$E$5,ar6_r10!$C$2:$C$999,Veda!O$17,ar6_r10!$M$2:$M$999,Veda!$G21) -> 0.19 | S21: elc_transport | T21: =I21*T$14 -> 9.7512 | U21: =T21 -> 9.7512 | V21: =U21 -> 9.7512 | W21: =V21 -> 9.7512 | X21: =W21 -> 9.7512 | Y21: =X21 -> 9.7512 | Z21: =Y21 -> 9.7512 | AA21: demand | AC21: non-road transport demand assumed to be constant | AG21: 13 | AH21: s2_w | AI21: b2w | AJ21: =AJ16+1 -> 3
A22: 5 | B22: =VLOOKUP(E22,$AK$9:$AL$15,2,FALSE)&"."&VLOOKUP(D22,$AH$9:$AI$24,2,FALSE) -> b 2 deg (50%).j12 | C22: =C21+1 -> 14 | D22: =VLOOKUP(AJ22,$AG$9:$AH$22,2,FALSE) -> ts_012 | E22: =E17 -> C4 | S22: elc_roadtransport | T22: =T14-SUM(T19:T21) -> 3.2504 | U22: =U14-SUM(U19:U21) -> 17.55216 | V22: =V14-SUM(V19:V21) -> 24.475512 | W22: =W14-SUM(W19:W21) -> 50.316192 | X22: =X14-SUM(X19:X21) -> 73.134 | Y22: =Y14-SUM(Y19:Y21) -> 94.001568 | Z22: =Z14-SUM(Z19:Z21) -> 90.263608 | AA22: demand | AG22: 14 | AH22: s2_w_p2_d | AI22: a2w2d | AJ22: =AJ17+1 -> 3
A23: 5 | B23: =VLOOKUP(E23,$AK$9:$AL$15,2,FALSE)&"."&VLOOKUP(D23,$AH$9:$AI$24,2,FALSE) -> a 3 deg.j12 | C23: =C22+1 -> 15 | D23: =VLOOKUP(AJ23,$AG$9:$AH$22,2,FALSE) -> ts_012 | E23: =E18 -> C7 | S23: * | AG23: 15 | AH23: s1v1_d | AI23: e2d | AJ23: =AJ18+1 -> 3
A24: 5 | B24: =VLOOKUP(E24,$AK$9:$AL$15,2,FALSE)&"."&VLOOKUP(D24,$AH$9:$AI$24,2,FALSE) -> e 1.5 deg no OS.i24 | C24: =C23+1 -> 16 | D24: =VLOOKUP(AJ24,$AG$9:$AH$22,2,FALSE) -> ts_024 | E24: =E19 -> C1 | G24: CO2 price | I24: 0 | J24: 0 | K24: =SUMIFS(ar6_r10!$F$2:$F$999,ar6_r10!$A$2:$A$999,Veda!$E$5,ar6_r10!$C$2:$C$999,Veda!K$17,ar6_r10!$M$2:$M$999,Veda!$G24) -> 71.48 | L24: =SUMIFS(ar6_r10!$F$2:$F$999,ar6_r10!$A$2:$A$999,Veda!$E$5,ar6_r10!$C$2:$C$999,Veda!L$17,ar6_r10!$M$2:$M$999,Veda!$G24) -> 104.42 | M24: =SUMIFS(ar6_r10!$F$2:$F$999,ar6_r10!$A$2:$A$999,Veda!$E$5,ar6_r10!$C$2:$C$999,Veda!M$17,ar6_r10!$M$2:$M$999,Veda!$G24) -> 134.85 | N24: =SUMIFS(ar6_r10!$F$2:$F$999,ar6_r10!$A$2:$A$999,Veda!$E$5,ar6_r10!$C$2:$C$999,Veda!N$17,ar6_r10!$M$2:$M$999,Veda!$G24) -> 178.1 | O24: =SUMIFS(ar6_r10!$F$2:$F$999,ar6_r10!$A$2:$A$999,Veda!$E$5,ar6_r10!$C$2:$C$999,Veda!O$17,ar6_r10!$M$2:$M$999,Veda!$G24) -> 209.45 | S24: co2net | U24: 0 | V24: =K24/1000 -> 0.07148 | W24: =L24/1000 -> 0.10442 | X24: =M24/1000 -> 0.13485 | Y24: =N24/1000 -> 0.1781 | Z24: =O24/1000 -> 0.20945 | AA24: com_taxnet | AJ24: =AJ19+1 -> 4
A25: 5 | B25: =VLOOKUP(E25,$AK$9:$AL$15,2,FALSE)&"."&VLOOKUP(D25,$AH$9:$AI$24,2,FALSE) -> d 1.5 deg OS.i24 | C25: =C24+1 -> 17 | D25: =VLOOKUP(AJ25,$AG$9:$AH$22,2,FALSE) -> ts_024 | E25: =E20 -> C2 | AJ25: =AJ20+1 -> 4
A26: 5 | B26: =VLOOKUP(E26,$AK$9:$AL$15,2,FALSE)&"."&VLOOKUP(D26,$AH$9:$AI$24,2,FALSE) -> c 2 deg (67%).i24 | C26: =C25+1 -> 18 | D26: =VLOOKUP(AJ26,$AG$9:$AH$22,2,FALSE) -> ts_024 | E26: =E21 -> C3 | S26: ~TFM_INS-TS | AJ26: =AJ21+1 -> 4
A27: 5 | B27: =VLOOKUP(E27,$AK$9:$AL$15,2,FALSE)&"."&VLOOKUP(D27,$AH$9:$AI$24,2,FALSE) -> b 2 deg (50%).i24 | C27: =C26+1 -> 19 | D27: =VLOOKUP(AJ27,$AG$9:$AH$22,2,FALSE) -> ts_024 | E27: =E22 -> C4 | S27: process | T27: =T17 -> 2022 | U27: =U17 -> 2025 | V27: =V17 -> 2030 | W27: =W17 -> 2035 | X27: =X17 -> 2040 | Y27: =Y17 -> 2045 | Z27: =Z17 -> 2050 | AA27: attribute | AB27: limtype | AJ27: =AJ22+1 -> 4
A28: 5 | B28: =VLOOKUP(E28,$AK$9:$AL$15,2,FALSE)&"."&VLOOKUP(D28,$AH$9:$AI$24,2,FALSE) -> a 3 deg.i24 | C28: =C27+1 -> 20 | D28: =VLOOKUP(AJ28,$AG$9:$AH$22,2,FALSE) -> ts_024 | E28: =E23 -> C7 | Q28: =SUMIFS(iea_data!G3:G9999,iea_data!$B$3:$B$9999,Veda!$S$11) -> 47.39 | S28: Trd_electricity import | T28: =Q28 -> 47.39 | AA28: ACT_BND | AB28: FX | AJ28: =AJ23+1 -> 4
A29: 5 | B29: =VLOOKUP(E29,$AK$9:$AL$15,2,FALSE)&"."&VLOOKUP(D29,$AH$9:$AI$24,2,FALSE) -> e 1.5 deg no OS.h48 | C29: =C28+1 -> 21 | D29: =VLOOKUP(AJ29,$AG$9:$AH$22,2,FALSE) -> ts_048 | E29: =E24 -> C1 | Q29: =SUMIFS(iea_data!H3:H9999,iea_data!$B$3:$B$9999,Veda!$S$11) -> -4.4 | S29: Trd_electricity export | T29: =-1*Q29 -> 4.4 | AA29: ACT_BND | AB29: FX | AJ29: =AJ24+1 -> 5
A30: 5 | B30: =VLOOKUP(E30,$AK$9:$AL$15,2,FALSE)&"."&VLOOKUP(D30,$AH$9:$AI$24,2,FALSE) -> d 1.5 deg OS.h48 | C30: =C29+1 -> 22 | D30: =VLOOKUP(AJ30,$AG$9:$AH$22,2,FALSE) -> ts_048 | E30: =E25 -> C2 | AJ30: =AJ25+1 -> 5
A31: 5 | B31: =VLOOKUP(E31,$AK$9:$AL$15,2,FALSE)&"."&VLOOKUP(D31,$AH$9:$AI$24,2,FALSE) -> c 2 deg (67%).h48 | C31: =C30+1 -> 23 | D31: =VLOOKUP(AJ31,$AG$9:$AH$22,2,FALSE) -> ts_048 | E31: =E26 -> C3 | AJ31: =AJ26+1 -> 5
A32: 5 | B32: =VLOOKUP(E32,$AK$9:$AL$15,2,FALSE)&"."&VLOOKUP(D32,$AH$9:$AI$24,2,FALSE) -> b 2 deg (50%).h48 | C32: =C31+1 -> 24 | D32: =VLOOKUP(AJ32,$AG$9:$AH$22,2,FALSE) -> ts_048 | E32: =E27 -> C4 | AJ32: =AJ27+1 -> 5
A33: 5 | B33: =VLOOKUP(E33,$AK$9:$AL$15,2,FALSE)&"."&VLOOKUP(D33,$AH$9:$AI$24,2,FALSE) -> a 3 deg.h48 | C33: =C32+1 -> 25 | D33: =VLOOKUP(AJ33,$AG$9:$AH$22,2,FALSE) -> ts_048 | E33: =E28 -> C7 | AJ33: =AJ28+1 -> 5
A34: 5 | B34: =VLOOKUP(E34,$AK$9:$AL$15,2,FALSE)&"."&VLOOKUP(D34,$AH$9:$AI$24,2,FALSE) -> e 1.5 deg no OS.g64 | C34: =C33+1 -> 26 | D34: =VLOOKUP(AJ34,$AG$9:$AH$22,2,FALSE) -> ts_064 | E34: =E29 -> C1 | AJ34: =AJ29+1 -> 6
A35: 5 | B35: =VLOOKUP(E35,$AK$9:$AL$15,2,FALSE)&"."&VLOOKUP(D35,$AH$9:$AI$24,2,FALSE) -> d 1.5 deg OS.g64 | C35: =C34+1 -> 27 | D35: =VLOOKUP(AJ35,$AG$9:$AH$22,2,FALSE) -> ts_064 | E35: =E30 -> C2 | AJ35: =AJ30+1 -> 6
A36: 5 | B36: =VLOOKUP(E36,$AK$9:$AL$15,2,FALSE)&"."&VLOOKUP(D36,$AH$9:$AI$24,2,FALSE) -> c 2 deg (67%).g64 | C36: =C35+1 -> 28 | D36: =VLOOKUP(AJ36,$AG$9:$AH$22,2,FALSE) -> ts_064 | E36: =E31 -> C3 | G36: C7 | AJ36: =AJ31+1 -> 6
A37: 5 | B37: =VLOOKUP(E37,$AK$9:$AL$15,2,FALSE)&"."&VLOOKUP(D37,$AH$9:$AI$24,2,FALSE) -> b 2 deg (50%).g64 | C37: =C36+1 -> 29 | D37: =VLOOKUP(AJ37,$AG$9:$AH$22,2,FALSE) -> ts_064 | E37: =E32 -> C4 | G37: Gas Price | I37: =SUMIFS(ar6_r10!$F$2:$F$999,ar6_r10!$A$2:$A$999,Veda!$G$36,ar6_r10!$C$2:$C$999,Veda!I$17,ar6_r10!$M$2:$M$999,Veda!$G37) -> 1 | J37: =SUMIFS(ar6_r10!$F$2:$F$999,ar6_r10!$A$2:$A$999,Veda!$G$36,ar6_r10!$C$2:$C$999,Veda!J$17,ar6_r10!$M$2:$M$999,Veda!$G37) -> 1.07 | K37: =SUMIFS(ar6_r10!$F$2:$F$999,ar6_r10!$A$2:$A$999,Veda!$G$36,ar6_r10!$C$2:$C$999,Veda!K$17,ar6_r10!$M$2:$M$999,Veda!$G37) -> 1.24 | L37: =SUMIFS(ar6_r10!$F$2:$F$999,ar6_r10!$A$2:$A$999,Veda!$G$36,ar6_r10!$C$2:$C$999,Veda!L$17,ar6_r10!$M$2:$M$999,Veda!$G37) -> 1.15 | M37: =SUMIFS(ar6_r10!$F$2:$F$999,ar6_r10!$A$2:$A$999,Veda!$G$36,ar6_r10!$C$2:$C$999,Veda!M$17,ar6_r10!$M$2:$M$999,Veda!$G37) -> 1.25 | N37: =SUMIFS(ar6_r10!$F$2:$F$999,ar6_r10!$A$2:$A$999,Veda!$G$36,ar6_r10!$C$2:$C$999,Veda!N$17,ar6_r10!$M$2:$M$999,Veda!$G37) -> 1.17 | O37: =SUMIFS(ar6_r10!$F$2:$F$999,ar6_r10!$A$2:$A$999,Veda!$G$36,ar6_r10!$C$2:$C$999,Veda!O$17,ar6_r10!$M$2:$M$999,Veda!$G37) -> 1.34 | AJ37: =AJ32+1 -> 6
A38: 5 | B38: =VLOOKUP(E38,$AK$9:$AL$15,2,FALSE)&"."&VLOOKUP(D38,$AH$9:$AI$24,2,FALSE) -> a 3 deg.g64 | C38: =C37+1 -> 30 | D38: =VLOOKUP(AJ38,$AG$9:$AH$22,2,FALSE) -> ts_064 | E38: =E33 -> C7 | G38: Coal Price | I38: =SUMIFS(ar6_r10!$F$2:$F$999,ar6_r10!$A$2:$A$999,Veda!$G$36,ar6_r10!$C$2:$C$999,Veda!I$17,ar6_r10!$M$2:$M$999,Veda!$G38) -> 1 | J38: =SUMIFS(ar6_r10!$F$2:$F$999,ar6_r10!$A$2:$A$999,Veda!$G$36,ar6_r10!$C$2:$C$999,Veda!J$17,ar6_r10!$M$2:$M$999,Veda!$G38) -> 1.02 | K38: =SUMIFS(ar6_r10!$F$2:$F$999,ar6_r10!$A$2:$A$999,Veda!$G$36,ar6_r10!$C$2:$C$999,Veda!K$17,ar6_r10!$M$2:$M$999,Veda!$G38) -> 1.06 | L38: =SUMIFS(ar6_r10!$F$2:$F$999,ar6_r10!$A$2:$A$999,Veda!$G$36,ar6_r10!$C$2:$C$999,Veda!L$17,ar6_r10!$M$2:$M$999,Veda!$G38) -> 1.07 | M38: =SUMIFS(ar6_r10!$F$2:$F$999,ar6_r10!$A$2:$A$999,Veda!$G$36,ar6_r10!$C$2:$C$999,Veda!M$17,ar6_r10!$M$2:$M$999,Veda!$G38) -> 1.08 | N38: =SUMIFS(ar6_r10!$F$2:$F$999,ar6_r10!$A$2:$A$999,Veda!$G$36,ar6_r10!$C$2:$C$999,Veda!N$17,ar6_r10!$M$2:$M$999,Veda!$G38) -> 1.1 | O38: =SUMIFS(ar6_r10!$F$2:$F$999,ar6_r10!$A$2:$A$999,Veda!$G$36,ar6_r10!$C$2:$C$999,Veda!O$17,ar6_r10!$M$2:$M$999,Veda!$G38) -> 1.12 | AJ38: =AJ33+1 -> 6
A39: 5 | B39: =VLOOKUP(E39,$AK$9:$AL$15,2,FALSE)&"."&VLOOKUP(D39,$AH$9:$AI$24,2,FALSE) -> e 1.5 deg no OS.f96p50 | C39: =C38+1 -> 31 | D39: =VLOOKUP(AJ39,$AG$9:$AH$22,2,FALSE) -> ts_096P50 | E39: =E34 -> C1 | G39: Oil Price | I39: =SUMIFS(ar6_r10!$F$2:$F$999,ar6_r10!$A$2:$A$999,Veda!$G$36,ar6_r10!$C$2:$C$999,Veda!I$17,ar6_r10!$M$2:$M$999,Veda!$G39) -> 1 | J39: =SUMIFS(ar6_r10!$F$2:$F$999,ar6_r10!$A$2:$A$999,Veda!$G$36,ar6_r10!$C$2:$C$999,Veda!J$17,ar6_r10!$M$2:$M$999,Veda!$G39) -> 1.01 | K39: =SUMIFS(ar6_r10!$F$2:$F$999,ar6_r10!$A$2:$A$999,Veda!$G$36,ar6_r10!$C$2:$C$999,Veda!K$17,ar6_r10!$M$2:$M$999,Veda!$G39) -> 1.11 | L39: =SUMIFS(ar6_r10!$F$2:$F$999,ar6_r10!$A$2:$A$999,Veda!$G$36,ar6_r10!$C$2:$C$999,Veda!L$17,ar6_r10!$M$2:$M$999,Veda!$G39) -> 1.01 | M39: =SUMIFS(ar6_r10!$F$2:$F$999,ar6_r10!$A$2:$A$999,Veda!$G$36,ar6_r10!$C$2:$C$999,Veda!M$17,ar6_r10!$M$2:$M$999,Veda!$G39) -> 1.01 | N39: =SUMIFS(ar6_r10!$F$2:$F$999,ar6_r10!$A$2:$A$999,Veda!$G$36,ar6_r10!$C$2:$C$999,Veda!N$17,ar6_r10!$M$2:$M$999,Veda!$G39) -> 1.04 | O39: =SUMIFS(ar6_r10!$F$2:$F$999,ar6_r10!$A$2:$A$999,Veda!$G$36,ar6_r10!$C$2:$C$999,Veda!O$17,ar6_r10!$M$2:$M$999,Veda!$G39) -> 1.14 | AJ39: =AJ34+1 -> 7
A40: 5 | B40: =VLOOKUP(E40,$AK$9:$AL$15,2,FALSE)&"."&VLOOKUP(D40,$AH$9:$AI$24,2,FALSE) -> d 1.5 deg OS.f96p50 | C40: =C39+1 -> 32 | D40: =VLOOKUP(AJ40,$AG$9:$AH$22,2,FALSE) -> ts_096P50 | E40: =E35 -> C2 | G40: Biomass Price | I40: =SUMIFS(ar6_r10!$F$2:$F$999,ar6_r10!$A$2:$A$999,Veda!$G$36,ar6_r10!$C$2:$C$999,Veda!I$17,ar6_r10!$M$2:$M$999,Veda!$G40) -> 1 | J40: =SUMIFS(ar6_r10!$F$2:$F$999,ar6_r10!$A$2:$A$999,Veda!$G$36,ar6_r10!$C$2:$C$999,Veda!J$17,ar6_r10!$M$2:$M$999,Veda!$G40) -> 0.96 | K40: =SUMIFS(ar6_r10!$F$2:$F$999,ar6_r10!$A$2:$A$999,Veda!$G$36,ar6_r10!$C$2:$C$999,Veda!K$17,ar6_r10!$M$2:$M$999,Veda!$G40) -> 1.04 | L40: =SUMIFS(ar6_r10!$F$2:$F$999,ar6_r10!$A$2:$A$999,Veda!$G$36,ar6_r10!$C$2:$C$999,Veda!L$17,ar6_r10!$M$2:$M$999,Veda!$G40) -> 1.04 | M40: =SUMIFS(ar6_r10!$F$2:$F$999,ar6_r10!$A$2:$A$999,Veda!$G$36,ar6_r10!$C$2:$C$999,Veda!M$17,ar6_r10!$M$2:$M$999,Veda!$G40) -> 0.98 | N40: =SUMIFS(ar6_r10!$F$2:$F$999,ar6_r10!$A$2:$A$999,Veda!$G$36,ar6_r10!$C$2:$C$999,Veda!N$17,ar6_r10!$M$2:$M$999,Veda!$G40) -> 0.99 | O40: =SUMIFS(ar6_r10!$F$2:$F$999,ar6_r10!$A$2:$A$999,Veda!$G$36,ar6_r10!$C$2:$C$999,Veda!O$17,ar6_r10!$M$2:$M$999,Veda!$G40) -> 1 | AJ40: =AJ35+1 -> 7
A41: 5 | B41: =VLOOKUP(E41,$AK$9:$AL$15,2,FALSE)&"."&VLOOKUP(D41,$AH$9:$AI$24,2,FALSE) -> c 2 deg (67%).f96p50 | C41: =C40+1 -> 33 | D41: =VLOOKUP(AJ41,$AG$9:$AH$22,2,FALSE) -> ts_096P50 | E41: =E36 -> C3 | AJ41: =AJ36+1 -> 7
A42: 5 | B42: =VLOOKUP(E42,$AK$9:$AL$15,2,FALSE)&"."&VLOOKUP(D42,$AH$9:$AI$24,2,FALSE) -> b 2 deg (50%).f96p50 | C42: =C41+1 -> 34 | D42: =VLOOKUP(AJ42,$AG$9:$AH$22,2,FALSE) -> ts_096P50 | E42: =E37 -> C4 | AJ42: =AJ37+1 -> 7
A43: 5 | B43: =VLOOKUP(E43,$AK$9:$AL$15,2,FALSE)&"."&VLOOKUP(D43,$AH$9:$AI$24,2,FALSE) -> a 3 deg.f96p50 | C43: =C42+1 -> 35 | D43: =VLOOKUP(AJ43,$AG$9:$AH$22,2,FALSE) -> ts_096P50 | E43: =E38 -> C7 | G43: ~TFM_INS-TS: attribute=flo_cost;pset_pn=-IMP*Z | AJ43: =AJ38+1 -> 7
A44: 5 | B44: =VLOOKUP(E44,$AK$9:$AL$15,2,FALSE)&"."&VLOOKUP(D44,$AH$9:$AI$24,2,FALSE) -> e 1.5 deg no OS.f96p10 | C44: =C43+1 -> 36 | D44: =VLOOKUP(AJ44,$AG$9:$AH$22,2,FALSE) -> ts_096P10 | E44: =E39 -> C1 | G44: commodity | H44: pset_co | I44: 2022 | J44: =J17 -> 2025 | K44: =K17 -> 2030 | L44: =L17 -> 2035 | M44: =M17 -> 2040 | N44: =N17 -> 2045 | O44: =O17 -> 2050 | R44: low | S44: high | AJ44: =AJ39+1 -> 8
A45: 5 | B45: =VLOOKUP(E45,$AK$9:$AL$15,2,FALSE)&"."&VLOOKUP(D45,$AH$9:$AI$24,2,FALSE) -> d 1.5 deg OS.f96p10 | C45: =C44+1 -> 37 | D45: =VLOOKUP(AJ45,$AG$9:$AH$22,2,FALSE) -> ts_096P10 | E45: =E40 -> C2 | G45: Gas | H45: =G45 -> Gas | I45: =AVERAGE($R45:$S45)*I37 -> 35.1 | J45: =AVERAGE($R45:$S45)*J37 -> 37.557 | K45: =AVERAGE($R45:$S45)*K37 -> 43.524 | L45: =AVERAGE($R45:$S45)*L37 -> 40.365 | M45: =AVERAGE($R45:$S45)*M37 -> 43.875 | N45: =AVERAGE($R45:$S45)*N37 -> 41.067 | O45: =AVERAGE($R45:$S45)*O37 -> 47.034 | R45: =HLOOKUP($G45&"_"&R$44,fuel_prices!$B$10:$I$11,2,FALSE) -> 29.1 | S45: =HLOOKUP($G45&"_"&S$44,fuel_prices!$B$10:$I$11,2,FALSE) -> 41.1 | AJ45: =AJ40+1 -> 8
A46: 5 | B46: =VLOOKUP(E46,$AK$9:$AL$15,2,FALSE)&"."&VLOOKUP(D46,$AH$9:$AI$24,2,FALSE) -> c 2 deg (67%).f96p10 | C46: =C45+1 -> 38 | D46: =VLOOKUP(AJ46,$AG$9:$AH$22,2,FALSE) -> ts_096P10 | E46: =E41 -> C3 | G46: Coal | H46: =G46 -> Coal | I46: =AVERAGE($R46:$S46)*I38 -> 16.75 | J46: =AVERAGE($R46:$S46)*J38 -> 17.085 | K46: =AVERAGE($R46:$S46)*K38 -> 17.755 | L46: =AVERAGE($R46:$S46)*L38 -> 17.9225 | M46: =AVERAGE($R46:$S46)*M38 -> 18.09 | N46: =AVERAGE($R46:$S46)*N38 -> 18.425 | O46: =AVERAGE($R46:$S46)*O38 -> 18.76 | R46: =HLOOKUP($G46&"_"&R$44,fuel_prices!$B$10:$I$11,2,FALSE) -> 15.2 | S46: =HLOOKUP($G46&"_"&S$44,fuel_prices!$B$10:$I$11,2,FALSE) -> 18.3 | AJ46: =AJ41+1 -> 8
A47: 5 | B47: =VLOOKUP(E47,$AK$9:$AL$15,2,FALSE)&"."&VLOOKUP(D47,$AH$9:$AI$24,2,FALSE) -> b 2 deg (50%).f96p10 | C47: =C46+1 -> 39 | D47: =VLOOKUP(AJ47,$AG$9:$AH$22,2,FALSE) -> ts_096P10 | E47: =E42 -> C4 | G47: Oil | H47: =G47 -> Oil | I47: =AVERAGE($R47:$S47)*I39 -> 55 | J47: =AVERAGE($R47:$S47)*J39 -> 55.55 | K47: =AVERAGE($R47:$S47)*K39 -> 61.05 | L47: =AVERAGE($R47:$S47)*L39 -> 55.55 | M47: =AVERAGE($R47:$S47)*M39 -> 55.55 | N47: =AVERAGE($R47:$S47)*N39 -> 57.2 | O47: =AVERAGE($R47:$S47)*O39 -> 62.7 | R47: =HLOOKUP($G47&"_"&R$44,fuel_prices!$B$10:$I$11,2,FALSE) -> 50 | S47: =HLOOKUP($G47&"_"&S$44,fuel_prices!$B$10:$I$11,2,FALSE) -> 60 | AJ47: =AJ42+1 -> 8
A48: 5 | B48: =VLOOKUP(E48,$AK$9:$AL$15,2,FALSE)&"."&VLOOKUP(D48,$AH$9:$AI$24,2,FALSE) -> a 3 deg.f96p10 | C48: =C47+1 -> 40 | D48: =VLOOKUP(AJ48,$AG$9:$AH$22,2,FALSE) -> ts_096P10 | E48: =E43 -> C7 | G48: Bioenergy | H48: =G48 -> Bioenergy | I48: =AVERAGE($R48:$S48)*I40 -> 29 | O48: =VLOOKUP($E$5,$AK$9:$AM$15,3,FALSE)*I48 -> 87 | R48: =HLOOKUP($G48&"_"&R$44,fuel_prices!$B$10:$I$11,2,FALSE) -> 25 | S48: =HLOOKUP($G48&"_"&S$44,fuel_prices!$B$10:$I$11,2,FALSE) -> 33 | AJ48: =AJ43+1 -> 8
A49: 5 | B49: =VLOOKUP(E49,$AK$9:$AL$15,2,FALSE)&"."&VLOOKUP(D49,$AH$9:$AI$24,2,FALSE) -> e 1.5 deg no OS.f96p90 | C49: =C48+1 -> 41 | D49: =VLOOKUP(AJ49,$AG$9:$AH$22,2,FALSE) -> ts_096P90 | E49: =E44 -> C1 | AJ49: =AJ44+1 -> 9
A50: 5 | B50: =VLOOKUP(E50,$AK$9:$AL$15,2,FALSE)&"."&VLOOKUP(D50,$AH$9:$AI$24,2,FALSE) -> d 1.5 deg OS.f96p90 | C50: =C49+1 -> 42 | D50: =VLOOKUP(AJ50,$AG$9:$AH$22,2,FALSE) -> ts_096P90 | E50: =E45 -> C2 | AJ50: =AJ45+1 -> 9
A51: 5 | B51: =VLOOKUP(E51,$AK$9:$AL$15,2,FALSE)&"."&VLOOKUP(D51,$AH$9:$AI$24,2,FALSE) -> c 2 deg (67%).f96p90 | C51: =C50+1 -> 43 | D51: =VLOOKUP(AJ51,$AG$9:$AH$22,2,FALSE) -> ts_096P90 | E51: =E46 -> C3 | AJ51: =AJ46+1 -> 9
A52: 5 | B52: =VLOOKUP(E52,$AK$9:$AL$15,2,FALSE)&"."&VLOOKUP(D52,$AH$9:$AI$24,2,FALSE) -> b 2 deg (50%).f96p90 | C52: =C51+1 -> 44 | D52: =VLOOKUP(AJ52,$AG$9:$AH$22,2,FALSE) -> ts_096P90 | E52: =E47 -> C4 | AJ52: =AJ47+1 -> 9
A53: 5 | B53: =VLOOKUP(E53,$AK$9:$AL$15,2,FALSE)&"."&VLOOKUP(D53,$AH$9:$AI$24,2,FALSE) -> a 3 deg.f96p90 | C53: =C52+1 -> 45 | D53: =VLOOKUP(AJ53,$AG$9:$AH$22,2,FALSE) -> ts_096P90 | E53: =E48 -> C7 | AJ53: =AJ48+1 -> 9
A54: 5 | B54: =VLOOKUP(E54,$AK$9:$AL$15,2,FALSE)&"."&VLOOKUP(D54,$AH$9:$AI$24,2,FALSE) -> e 1.5 deg no OS.e3d | C54: =C53+1 -> 46 | D54: =VLOOKUP(AJ54,$AG$9:$AH$22,2,FALSE) -> s1p1v1_d | E54: =E49 -> C1 | AJ54: =AJ49+1 -> 10
A55: 5 | B55: =VLOOKUP(E55,$AK$9:$AL$15,2,FALSE)&"."&VLOOKUP(D55,$AH$9:$AI$24,2,FALSE) -> d 1.5 deg OS.e3d | C55: =C54+1 -> 47 | D55: =VLOOKUP(AJ55,$AG$9:$AH$22,2,FALSE) -> s1p1v1_d | E55: =E50 -> C2 | AJ55: =AJ50+1 -> 10
A56: 5 | B56: =VLOOKUP(E56,$AK$9:$AL$15,2,FALSE)&"."&VLOOKUP(D56,$AH$9:$AI$24,2,FALSE) -> c 2 deg (67%).e3d | C56: =C55+1 -> 48 | D56: =VLOOKUP(AJ56,$AG$9:$AH$22,2,FALSE) -> s1p1v1_d | E56: =E51 -> C3 | AJ56: =AJ51+1 -> 10
A57: 5 | B57: =VLOOKUP(E57,$AK$9:$AL$15,2,FALSE)&"."&VLOOKUP(D57,$AH$9:$AI$24,2,FALSE) -> b 2 deg (50%).e3d | C57: =C56+1 -> 49 | D57: =VLOOKUP(AJ57,$AG$9:$AH$22,2,FALSE) -> s1p1v1_d | E57: =E52 -> C4 | AJ57: =AJ52+1 -> 10
A58: 5 | B58: =VLOOKUP(E58,$AK$9:$AL$15,2,FALSE)&"."&VLOOKUP(D58,$AH$9:$AI$24,2,FALSE) -> a 3 deg.e3d | C58: =C57+1 -> 50 | D58: =VLOOKUP(AJ58,$AG$9:$AH$22,2,FALSE) -> s1p1v1_d | E58: =E53 -> C7 | AJ58: =AJ53+1 -> 10
A59: 5 | B59: =VLOOKUP(E59,$AK$9:$AL$15,2,FALSE)&"."&VLOOKUP(D59,$AH$9:$AI$24,2,FALSE) -> e 1.5 deg no OS.d9d | C59: =C58+1 -> 51 | D59: =VLOOKUP(AJ59,$AG$9:$AH$22,2,FALSE) -> s3p3v3_d | E59: =E54 -> C1 | AJ59: =AJ54+1 -> 11
A60: 5 | B60: =VLOOKUP(E60,$AK$9:$AL$15,2,FALSE)&"."&VLOOKUP(D60,$AH$9:$AI$24,2,FALSE) -> d 1.5 deg OS.d9d | C60: =C59+1 -> 52 | D60: =VLOOKUP(AJ60,$AG$9:$AH$22,2,FALSE) -> s3p3v3_d | E60: =E55 -> C2 | AJ60: =AJ55+1 -> 11
... A78: 5 | B78: =VLOOKUP(E78,$AK$9:$AL$15,2,FALSE)&"."&VLOOKUP(D78,$AH$9:$AI$24,2,FALSE) -> a 3 deg.a2w2d | C78: =C77+1 -> 70 | D78: =VLOOKUP(AJ78,$AG$9:$AH$22,2,FALSE) -> s2_w_p2_d | E78: =E73 -> C7 | AJ78: =AJ73+1 -> 14
A79: 5 | B79: =VLOOKUP(E79,$AK$9:$AL$15,2,FALSE)&"."&VLOOKUP(D79,$AH$9:$AI$24,2,FALSE) -> e 1.5 deg no OS.e2d | C79: =C78+1 -> 71 | D79: s1v1_d | E79: =E74 -> C1
A80: 5 | B80: =VLOOKUP(E80,$AK$9:$AL$15,2,FALSE)&"."&VLOOKUP(D80,$AH$9:$AI$24,2,FALSE) -> d 1.5 deg OS.e2d | C80: =C79+1 -> 72 | D80: s1v1_d | E80: =E75 -> C2
A81: 5 | B81: =VLOOKUP(E81,$AK$9:$AL$15,2,FALSE)&"."&VLOOKUP(D81,$AH$9:$AI$24,2,FALSE) -> c 2 deg (67%).e2d | C81: =C80+1 -> 73 | D81: s1v1_d | E81: =E76 -> C3
A82: 5 | B82: =VLOOKUP(E82,$AK$9:$AL$15,2,FALSE)&"."&VLOOKUP(D82,$AH$9:$AI$24,2,FALSE) -> b 2 deg (50%).e2d | C82: =C81+1 -> 74 | D82: s1v1_d | E82: =E77 -> C4
A83: 5 | B83: =VLOOKUP(E83,$AK$9:$AL$15,2,FALSE)&"."&VLOOKUP(D83,$AH$9:$AI$24,2,FALSE) -> a 3 deg.e2d | C83: =C82+1 -> 75 | D83: s1v1_d | E83: =E78 -> C7
A87: ~tfm_ins-ts
A88: process | B88: limtype | C88: 2024 | D88: 2030 | E88: 2040 | F88: attribute
A89: Trd_electricity export | B89: lo | C89: 1.505 | D89: 2.505 | E89: 3.93 | F89: cap_bnd
A90: Trd_electricity import | B90: lo | C90: 10.647 | D90: 11.752 | E90: 13.252 | F90: cap_bnd

Sheet fuel_prices
A9: Fuel Prices
A10: iso | B10: gas_low | C10: gas_high | D10: coal_low | E10: coal_high | F10: oil_low | G10: oil_high | H10: bioenergy_low | I10: bioenergy_high | J10: Notes
A11: ITA | B11: 29.1 | C11: 41.1 | D11: 15.2 | E11: 18.3 | F11: 50 | G11: 60 | H11: 25 | I11: 33 | J11: Pipeline gas, Mediterranean pellet imports

Sheet iea_data
A9: IEA Baseline Data
A10: iso | B10: year | C10: industry_twh | D10: buildings_agri_twh | E10: nonroad_transport_twh | F10: road_transport_twh | G10: imports_twh | H10: exports_twh | I10: total_production_twh
A11: ITA | B11: 2000 | C11: 179.49 | D11: 122.61 | E11: 4.5 | F11: 0 | G11: 44.83 | H11: -0.48 | I11: 269.94
A12: ITA | B12: 2001 | C12: 181.93 | D12: 125.95 | E12: 4.39 | F12: 0 | G12: 48.93 | H12: -0.55 | I12: 271.89
A13: ITA | B13: 2002 | C13: 183.71 | D13: 130.68 | E13: 4.44 | F13: 0 | G13: 51.52 | H13: -0.92 | I13: 277.53
A14: ITA | B14: 2003 | C14: 185.3 | D14: 137.6 | E14: 4.53 | F14: 0 | G14: 51.49 | H14: -0.52 | I14: 286.28
A15: ITA | B15: 2004 | C15: 185.28 | D15: 141.66 | E15: 4.47 | F15: 0 | G15: 46.43 | H15: -0.79 | I15: 295.78
A16: ITA | B16: 2005 | C16: 185.44 | D16: 146.13 | E16: 4.58 | F16: 0 | G16: 50.26 | H16: -1.11 | I16: 296.84
A17: ITA | B17: 2006 | C17: 186.96 | D17: 151.12 | E17: 4.38 | F17: 0 | G17: 46.6 | H17: -1.61 | I17: 307.69
A18: ITA | B18: 2007 | C18: 186.6 | D18: 152.67 | E18: 4.41 | F18: 0 | G18: 48.93 | H18: -2.65 | I18: 308.22
A19: ITA | B19: 2008 | C19: 181.03 | D19: 156.76 | E19: 4.55 | F19: 0 | G19: 43.43 | H19: -3.4 | I19: 313.53
A20: ITA | B20: 2009 | C20: 159.32 | D20: 158.8 | E20: 4.46 | F20: 0 | G20: 47.07 | H20: -2.11 | I20: 288.33
A21: ITA | B21: 2010 | C21: 166.69 | D21: 160.71 | E21: 4.58 | F21: 0.06 | G21: 45.99 | H21: -1.83 | I21: 298.77
A22: ITA | B22: 2011 | C22: 167 | D22: 162.89 | E22: 4.7 | F22: 0.06 | G22: 47.52 | H22: -1.79 | I22: 300.65
... A33: ITA | B33: 2022 | C33: 146.43 | D33: 165.99 | E33: 5.58 | F33: 0.6 | G33: 47.39 | H33: -4.4 | I33: 282.05

Sheet ar6_r10
A9: AR6 Scenario Drivers
A10: Category | B10: Region | C10: Year | D10: count | E10: mean | F10: median | G10: std | H10: min | I10: max | J10: q25 | K10: q75 | L10: category_description | M10: attribute
A11: C1 | B11: R10EUROPE | C11: 2020 | D11: 60 | E11: 8.68 | F11: 6.87 | G11: 10.43 | H11: 0 | I11: 55.17 | J11: 0 | K11: 13.64 | L11: Limit warming to 1.5°C (>50%) with no or limited overshoot | M11: CO2 price
A12: C1 | B12: R10EUROPE | C12: 2025 | D12: 60 | E12: 190.52 | F12: 181.51 | G12: 136.23 | H12: 1.81 | I12: 626.48 | J12: 115.48 | K12: 238.58 | L12: Limit warming to 1.5°C (>50%) with no or limited overshoot | M12: CO2 price
A13: C1 | B13: R10EUROPE | C13: 2030 | D13: 60 | E13: 268.18 | F13: 241.69 | G13: 134.29 | H13: 1.27 | I13: 673.46 | J13: 182.47 | K13: 329.7 | L13: Limit warming to 1.5°C (>50%) with no or limited overshoot | M13: CO2 price
A14: C1 | B14: R10EUROPE | C14: 2035 | D14: 60 | E14: 363.27 | F14: 339.03 | G14: 173.79 | H14: 14.37 | I14: 859.53 | J14: 227.05 | K14: 483.38 | L14: Limit warming to 1.5°C (>50%) with no or limited overshoot | M14: CO2 price
A15: C1 | B15: R10EUROPE | C15: 2040 | D15: 60 | E15: 471.65 | F15: 410.28 | G15: 224.31 | H15: 162.1 | I15: 1097.01 | J15: 298.63 | K15: 622.14 | L15: Limit warming to 1.5°C (>50%) with no or limited overshoot | M15: CO2 price
A16: C1 | B16: R10EUROPE | C16: 2045 | D16: 60 | E16: 565.69 | F16: 494.2 | G16: 256.15 | H16: 193.42 | I16: 1269.88 | J16: 352.78 | K16: 748.01 | L16: Limit warming to 1.5°C (>50%) with no or limited overshoot | M16: CO2 price
A17: C1 | B17: R10EUROPE | C17: 2050 | D17: 60 | E17: 647.44 | F17: 635.43 | G17: 273.56 | H17: 209.76 | I17: 1170.26 | J17: 409.79 | K17: 887.68 | L17: Limit warming to 1.5°C (>50%) with no or limited overshoot | M17: CO2 price
A18: C2 | B18: R10EUROPE | C18: 2020 | D18: 86 | E18: 6.44 | F18: 0 | G18: 8.34 | H18: 0 | I18: 24.5 | J18: 0 | K18: 12.68 | L18: Limit warming to 1.5°C (>67%) with high overshoot | M18: CO2 price
A19: C2 | B19: R10EUROPE | C19: 2025 | D19: 75 | E19: 63.21 | F19: 44.89 | G19: 56.62 | H19: 3.21 | I19: 273 | J19: 27.09 | K19: 77.31 | L19: Limit warming to 1.5°C (>67%) with high overshoot | M19: CO2 price
A20: C2 | B20: R10EUROPE | C20: 2030 | D20: 86 | E20: 85.48 | F20: 63.36 | G20: 73.46 | H20: 0 | I20: 409.5 | J20: 50 | K20: 111.1 | L20: Limit warming to 1.5°C (>67%) with high overshoot | M20: CO2 price
A21: C2 | B21: R10EUROPE | C21: 2035 | D21: 75 | E21: 208.71 | F21: 154.82 | G21: 291.78 | H21: 60.83 | I21: 2037.12 | J21: 93.79 | K21: 206.26 | L21: Limit warming to 1.5°C (>67%) with high overshoot | M21: CO2 price
A22: C2 | B22: R10EUROPE | C22: 2040 | D22: 86 | E22: 253.33 | F22: 172.09 | G22: 359.35 | H22: 0 | I22: 2600 | J22: 119.07 | K22: 259.4 | L22: Limit warming to 1.5°C (>67%) with high overshoot | M22: CO2 price
... A221: C1 | B221: R10EUROPE | C221: 2020 | D221: 33 | E221: 1 | F221: 1 | G221: 0 | H221: 1 | I221: 1 | J221: 1 | K221: 1 | L221: Limit warming to 1.5°C (>50%) with no or limited overshoot | M221: Gas price
A222: C1 | B222: R10EUROPE | C222: 2025 | D222: 34 | E222: 65535 | F222: 2.42 | H222: 1.18 | I222: 65535 | J222: 2.01 | K222: 2.75 | L222: Limit warming to 1.5°C (>50%) with no or limited overshoot | M222: Gas price
A223: C1 | B223: R10EUROPE | C223: 2030 | D223: 34 | E223: 65535 | F223: 3.1 | H223: 1.71 | I223: 65535 | J223: 2.38 | K223: 3.46 | L223: Limit warming to 1.5°C (>50%) with no or limited overshoot | M223: Gas price
A224: C1 | B224: R10EUROPE | C224: 2035 | D224: 34 | E224: 65535 | F224: 3.54 | H224: 1.91 | I224: 65535 | J224: 2.66 | K224: 4.16 | L224: Limit warming to 1.5°C (>50%) with no or limited overshoot | M224: Gas price
A225: C1 | B225: R10EUROPE | C225: 2040 | D225: 34 | E225: 65535 | F225: 4.1 | H225: 2.27 | I225: 65535 | J225: 2.96 | K225: 4.52 | L225: Limit warming to 1.5°C (>50%) with no or limited overshoot | M225: Gas price
A226: C1 | B226: R10EUROPE | C226: 2045 | D226: 34 | E226: 65535 | F226: 3.86 | H226: 2.54 | I226: 65535 | J226: 3.3 | K226: 4.89 | L226: Limit warming to 1.5°C (>50%) with no or limited overshoot | M226: Gas price
A227: C1 | B227: R10EUROPE | C227: 2050 | D227: 34 | E227: 65535 | F227: 3.59 | H227: 2.73 | I227: 65535 | J227: 3.07 | K227: 4.06 | L227: Limit warming to 1.5°C (>50%) with no or limited overshoot | M227: Gas price
A228: C2 | B228: R10EUROPE | C228: 2020 | D228: 43 | E228: 1 | F228: 1 | G228: 0 | H228: 1 | I228: 1 | J228: 1 | K228: 1 | L228: Limit warming to 1.5°C (>67%) with high overshoot | M228: Gas price
A229: C2 | B229: R10EUROPE | C229: 2025 | D229: 44 | E229: 65535 | F229: 1.22 | H229: 0 | I229: 65535 | J229: 1.13 | K229: 1.35 | L229: Limit warming to 1.5°C (>67%) with high overshoot | M229: Gas price
A230: C2 | B230: R10EUROPE | C230: 2030 | D230: 44 | E230: 65535 | F230: 1.5 | H230: 0 | I230: 65535 | J230: 1.31 | K230: 1.83 | L230: Limit warming to 1.5°C (>67%) with high overshoot | M230: Gas price
A231: C2 | B231: R10EUROPE | C231: 2035 | D231: 44 | E231: 65535 | F231: 2.12 | H231: 0 | I231: 65535 | J231: 1.68 | K231: 2.46 | L231: Limit warming to 1.5°C (>67%) with high overshoot | M231: Gas price
A232: C2 | B232: R10EUROPE | C232: 2040 | D232: 44 | E232: 65535 | F232: 2.5 | H232: 0 | I232: 65535 | J232: 2 | K232: 2.94 | L232: Limit warming to 1.5°C (>67%) with high overshoot | M232: Gas price
A233: C2 | B233: R10EUROPE | C233: 2045 | D233: 44 | E233: 65535 | F233: 2.79 | H233: 0 | I233: 65535 | J233: 2.08 | K233: 3.44 | L233: Limit warming to 1.5°C (>67%) with high overshoot | M233: Gas price
A234: C2 | B234: R10EUROPE | C234: 2050 | D234: 44 | E234: 65535 | F234: 2.95 | H234: 0 | I234: 65535 | J234: 2.49 | K234: 3.78 | L234: Limit warming to 1.5°C (>67%) with high overshoot | M234: Gas price
A235: C3 | B235: R10EUROPE | C235: 2020 | D235: 103 | E235: 1 | F235: 1 | G235: 0 | H235: 1 | I235: 1 | J235: 1 | K235: 1 | L235: Limit warming to 2°C (>67%) with higher action post-2030 | M235: Gas price
A236: C3 | B236: R10EUROPE | C236: 2025 | D236: 112 | E236: 65535 | F236: 1.41 | H236: 0.98 | I236: 65535 | J236: 1.23 | K236: 1.96 | L236: Limit warming to 2°C (>67%) with higher action post-2030 | M236: Gas price
A237: C3 | B237: R10EUROPE | C237: 2030 | D237: 112 | E237: 65535 | F237: 2.04 | H237: 1.05 | I237: 65535 | J237: 1.52 | K237: 2.55 | L237: Limit warming to 2°C (>67%) with higher action post-2030 | M237: Gas price
A238: C3 | B238: R10EUROPE | C238: 2035 | D238: 112 | E238: 65535 | F238: 2.4 | H238: 1.05 | I238: 65535 | J238: 1.71 | K238: 3.14 | L238: Limit warming to 2°C (>67%) with higher action post-2030 | M238: Gas price
A239: C3 | B239: R10EUROPE | C239: 2040 | D239: 112 | E239: 65535 | F239: 2.6 | H239: 1.06 | I239: 65535 | J239: 1.85 | K239: 3.74 | L239: Limit warming to 2°C (>67%) with higher action post-2030 | M239: Gas price
A240: C3 | B240: R10EUROPE | C240: 2045 | D240: 112 | E240: 65535 | F240: 2.85 | H240: 1.08 | I240: 65535 | J240: 2 | K240: 4.28 | L240: Limit warming to 2°C (>67%) with higher action post-2030 | M240: Gas price
A241: C3 | B241: R10EUROPE | C241: 2050 | D241: 112 | E241: 65535 | F241: 2.97 | H241: 0 | I241: 65535 | J241: 2.15 | K241: 4.51 | L241: Limit warming to 2°C (>67%) with higher action post-2030 | M241: Gas price
A242: C4 | B242: R10EUROPE | C242: 2020 | D242: 27 | E242: 1 | F242: 1 | G242: 0 | H242: 1 | I242: 1 | J242: 1 | K242: 1 | L242: Limit warming to 2°C (>50%) with immediate action | M242: Gas price
A243: C4 | B243: R10EUROPE | C243: 2025 | D243: 27 | E243: 1.33 | F243: 1.31 | G243: 0.18 | H243: 1.06 | I243: 1.66 | J243: 1.22 | K243: 1.45 | L243: Limit warming to 2°C (>50%) with immediate action | M243: Gas price
A244: C4 | B244: R10EUROPE | C244: 2030 | D244: 27 | E244: 1.84 | F244: 2.02 | G244: 0.28 | H244: 1.24 | I244: 2.17 | J244: 1.52 | K244: 2.07 | L244: Limit warming to 2°C (>50%) with immediate action | M244: Gas price
A245: C4 | B245: R10EUROPE | C245: 2035 | D245: 27 | E245: 1.84 | F245: 1.96 | G245: 0.41 | H245: 1.19 | I245: 2.46 | J245: 1.42 | K245: 2.11 | L245: Limit warming to 2°C (>50%) with immediate action | M245: Gas price
A246: C4 | B246: R10EUROPE | C246: 2040 | D246: 27 | E246: 2.12 | F246: 2.22 | G246: 0.47 | H246: 1.41 | I246: 2.78 | J246: 1.54 | K246: 2.43 | L246: Limit warming to 2°C (>50%) with immediate action | M246: Gas price
A247: C4 | B247: R10EUROPE | C247: 2045 | D247: 27 | E247: 2.31 | F247: 2.39 | G247: 0.62 | H247: 1.34 | I247: 3.22 | J247: 1.67 | K247: 2.74 | L247: Limit warming to 2°C (>50%) with immediate action | M247: Gas price
A248: C4 | B248: R10EUROPE | C248: 2050 | D248: 27 | E248: 2.48 | F248: 2.52 | G248: 0.71 | H248: 1.52 | I248: 3.64 | J248: 1.84 | K248: 3.04 | L248: Limit warming to 2°C (>50%) with immediate action | M248: Gas price
A249: C7 | B249: R10EUROPE | C249: 2020 | D249: 42 | E249: 1 | F249: 1 | G249: 0 | H249: 1 | I249: 1 | J249: 1 | K249: 1 | L249: Likely above 3°C warming with limited mitigation | M249: Gas price
A250: C7 | B250: R10EUROPE | C250: 2025 | D250: 42 | E250: 1.09 | F250: 1.07 | G250: 0.13 | H250: 0.91 | I250: 1.5 | J250: 1.02 | K250: 1.15 | L250: Likely above 3°C warming with limited mitigation | M250: Gas price
A251: C7 | B251: R10EUROPE | C251: 2030 | D251: 42 | E251: 1.37 | F251: 1.24 | G251: 0.32 | H251: 1.01 | I251: 2.14 | J251: 1.15 | K251: 1.53 | L251: Likely above 3°C warming with limited mitigation | M251: Gas price
A252: C7 | B252: R10EUROPE | C252: 2035 | D252: 42 | E252: 1.19 | F252: 1.15 | G252: 0.17 | H252: 1.01 | I252: 1.69 | J252: 1.07 | K252: 1.22 | L252: Likely above 3°C warming with limited mitigation | M252: Gas price
A253: C7 | B253: R10EUROPE | C253: 2040 | D253: 42 | E253: 1.27 | F253: 1.25 | G253: 0.16 | H253: 1.04 | I253: 1.78 | J253: 1.16 | K253: 1.31 | L253: Likely above 3°C warming with limited mitigation | M253: Gas price
... A256: C1 | B256: R10EUROPE | C256: 2020 | D256: 49 | E256: 1 | F256: 1 | G256: 0 | H256: 1 | I256: 1 | J256: 1 | K256: 1 | L256: Limit warming to 1.5°C (>50%) with no or limited overshoot | M256: Oil price
A257: C1 | B257: R10EUROPE | C257: 2025 | D257: 50 | E257: 65535 | F257: 1.1 | H257: -4.33 | I257: 65535 | J257: 0.81 | K257: 1.5 | L257: Limit warming to 1.5°C (>50%) with no or limited overshoot | M257: Oil price
A258: C1 | B258: R10EUROPE | C258: 2030 | D258: 50 | E258: 65535 | F258: 1.77 | H258: -6.1 | I258: 65535 | J258: 1.27 | K258: 2.54 | L258: Limit warming to 1.5°C (>50%) with no or limited overshoot | M258: Oil price
A259: C1 | B259: R10EUROPE | C259: 2035 | D259: 50 | E259: 65535 | F259: 1.87 | H259: -6.86 | I259: 65535 | J259: 1.15 | K259: 2.77 | L259: Limit warming to 1.5°C (>50%) with no or limited overshoot | M259: Oil price
A260: C1 | B260: R10EUROPE | C260: 2040 | D260: 50 | E260: 65535 | F260: 1.96 | H260: -9.21 | I260: 65535 | J260: 1.31 | K260: 3.39 | L260: Limit warming to 1.5°C (>50%) with no or limited overshoot | M260: Oil price
A261: C1 | B261: R10EUROPE | C261: 2045 | D261: 50 | E261: 65535 | F261: 2.13 | H261: -6.95 | I261: 65535 | J261: 1.6 | K261: 3.41 | L261: Limit warming to 1.5°C (>50%) with no or limited overshoot | M261: Oil price
A262: C1 | B262: R10EUROPE | C262: 2050 | D262: 50 | E262: 65535 | F262: 2 | H262: -10.07 | I262: 65535 | J262: 1.55 | K262: 4.63 | L262: Limit warming to 1.5°C (>50%) with no or limited overshoot | M262: Oil price
A263: C2 | B263: R10EUROPE | C263: 2020 | D263: 62 | E263: 1 | F263: 1 | G263: 0 | H263: 1 | I263: 1 | J263: 1 | K263: 1 | L263: Limit warming to 1.5°C (>67%) with high overshoot | M263: Oil price
A264: C2 | B264: R10EUROPE | C264: 2025 | D264: 52 | E264: 65535 | F264: 0.61 | H264: 0 | I264: 65535 | J264: 0.53 | K264: 0.89 | L264: Limit warming to 1.5°C (>67%) with high overshoot | M264: Oil price
A265: C2 | B265: R10EUROPE | C265: 2030 | D265: 63 | E265: 65535 | F265: 1.07 | H265: 0 | I265: 65535 | J265: 0.6 | K265: 1.55 | L265: Limit warming to 1.5°C (>67%) with high overshoot | M265: Oil price
A266: C2 | B266: R10EUROPE | C266: 2035 | D266: 52 | E266: 65535 | F266: 1.09 | H266: 0 | I266: 65535 | J266: 0.6 | K266: 1.76 | L266: Limit warming to 1.5°C (>67%) with high overshoot | M266: Oil price
A267: C2 | B267: R10EUROPE | C267: 2040 | D267: 63 | E267: 65535 | F267: 1.25 | H267: 0 | I267: 65535 | J267: 0.87 | K267: 1.91 | L267: Limit warming to 1.5°C (>67%) with high overshoot | M267: Oil price
A268: C2 | B268: R10EUROPE | C268: 2045 | D268: 52 | E268: 65535 | F268: 1.35 | H268: 0 | I268: 65535 | J268: 0.78 | K268: 1.89 | L268: Limit warming to 1.5°C (>67%) with high overshoot | M268: Oil price
A269: C2 | B269: R10EUROPE | C269: 2050 | D269: 63 | E269: 65535 | F269: 1.62 | H269: -2.31 | I269: 65535 | J269: 0.61 | K269: 2.16 | L269: Limit warming to 1.5°C (>67%) with high overshoot | M269: Oil price
A270: C3 | B270: R10EUROPE | C270: 2020 | D270: 157 | E270: 1 | F270: 1 | G270: 0 | H270: 1 | I270: 1 | J270: 1 | K270: 1 | L270: Limit warming to 2°C (>67%) with higher action post-2030 | M270: Oil price
A271: C3 | B271: R10EUROPE | C271: 2025 | D271: 163 | E271: 65535 | F271: 0.75 | H271: 0.46 | I271: 65535 | J271: 0.54 | K271: 1.24 | L271: Limit warming to 2°C (>67%) with higher action post-2030 | M271: Oil price
A272: C3 | B272: R10EUROPE | C272: 2030 | D272: 166 | E272: 65535 | F272: 1.15 | H272: 0.51 | I272: 65535 | J272: 0.74 | K272: 1.65 | L272: Limit warming to 2°C (>67%) with higher action post-2030 | M272: Oil price
A273: C3 | B273: R10EUROPE | C273: 2035 | D273: 163 | E273: 65535 | F273: 1.21 | H273: -0.95 | I273: 65535 | J273: 0.88 | K273: 2.11 | L273: Limit warming to 2°C (>67%) with higher action post-2030 | M273: Oil price
A274: C3 | B274: R10EUROPE | C274: 2040 | D274: 166 | E274: 65535 | F274: 1.28 | H274: -1.8 | I274: 65535 | J274: 0.89 | K274: 2.43 | L274: Limit warming to 2°C (>67%) with higher action post-2030 | M274: Oil price
A275: C3 | B275: R10EUROPE | C275: 2045 | D275: 163 | E275: 65535 | F275: 1.48 | H275: -5.93 | I275: 65535 | J275: 1.08 | K275: 2.75 | L275: Limit warming to 2°C (>67%) with higher action post-2030 | M275: Oil price
A276: C3 | B276: R10EUROPE | C276: 2050 | D276: 166 | E276: 65535 | F276: 1.59 | H276: -5.35 | I276: 65535 | J276: 0.97 | K276: 2.91 | L276: Limit warming to 2°C (>67%) with higher action post-2030 | M276: Oil price
A277: C4 | B277: R10EUROPE | C277: 2020 | D277: 52 | E277: 1 | F277: 1 | G277: 0 | H277: 1 | I277: 1 | J277: 1 | K277: 1 | L277: Limit warming to 2°C (>50%) with immediate action | M277: Oil price
A278: C4 | B278: R10EUROPE | C278: 2025 | D278: 52 | E278: 0.89 | F278: 0.6 | G278: 0.38 | H278: 0.45 | I278: 1.39 | J278: 0.53 | K278: 1.25 | L278: Limit warming to 2°C (>50%) with immediate action | M278: Oil price
A279: C4 | B279: R10EUROPE | C279: 2030 | D279: 52 | E279: 1.06 | F279: 0.63 | G279: 0.52 | H279: 0.5 | I279: 1.81 | J279: 0.59 | K279: 1.65 | L279: Limit warming to 2°C (>50%) with immediate action | M279: Oil price
A280: C4 | B280: R10EUROPE | C280: 2035 | D280: 52 | E280: 1.09 | F280: 0.69 | G280: 0.56 | H280: 0.53 | I280: 2.74 | J280: 0.62 | K280: 1.55 | L280: Limit warming to 2°C (>50%) with immediate action | M280: Oil price
A281: C4 | B281: R10EUROPE | C281: 2040 | D281: 52 | E281: 1.2 | F281: 0.79 | G281: 0.67 | H281: 0.59 | I281: 3.56 | J281: 0.63 | K281: 1.75 | L281: Limit warming to 2°C (>50%) with immediate action | M281: Oil price
A282: C4 | B282: R10EUROPE | C282: 2045 | D282: 52 | E282: 1.32 | F282: 0.84 | G282: 0.77 | H282: 0.6 | I282: 4.16 | J282: 0.7 | K282: 1.9 | L282: Limit warming to 2°C (>50%) with immediate action | M282: Oil price
A283: C4 | B283: R10EUROPE | C283: 2050 | D283: 52 | E283: 1.4 | F283: 0.94 | G283: 0.85 | H283: 0.61 | I283: 4.67 | J283: 0.71 | K283: 2.06 | L283: Limit warming to 2°C (>50%) with immediate action | M283: Oil price
A284: C7 | B284: R10EUROPE | C284: 2020 | D284: 43 | E284: 1 | F284: 1 | G284: 0 | H284: 1 | I284: 1 | J284: 1 | K284: 1 | L284: Likely above 3°C warming with limited mitigation | M284: Oil price
A285: C7 | B285: R10EUROPE | C285: 2025 | D285: 43 | E285: 0.93 | F285: 1.01 | G285: 0.45 | H285: 0.38 | I285: 2.73 | J285: 0.62 | K285: 1.09 | L285: Likely above 3°C warming with limited mitigation | M285: Oil price
A286: C7 | B286: R10EUROPE | C286: 2030 | D286: 43 | E286: 1.15 | F286: 1.11 | G286: 0.46 | H286: 0.58 | I286: 3.14 | J286: 0.99 | K286: 1.17 | L286: Likely above 3°C warming with limited mitigation | M286: Oil price
A287: C7 | B287: R10EUROPE | C287: 2035 | D287: 43 | E287: 1.07 | F287: 1.01 | G287: 0.42 | H287: 0.63 | I287: 2.83 | J287: 0.78 | K287: 1.2 | L287: Likely above 3°C warming with limited mitigation | M287: Oil price
A288: C7 | B288: R10EUROPE | C288: 2040 | D288: 43 | E288: 1.09 | F288: 1.01 | G288: 0.46 | H288: 0.67 | I288: 3.23 | J288: 0.82 | K288: 1.23 | L288: Likely above 3°C warming with limited mitigation | M288: Oil price
... A360: C7 | B360: R10EUROPE | C360: 2050 | D360: 10 | E360: 1 | F360: 1 | G360: 0.07 | H360: 0.85 | I360: 1.09 | J360: 0.97 | K360: 1.06 | L360: Likely above 3°C warming with limited mitigation | M360: Biomass price

Sheet ev_charging_uc
A10: =IFERROR(Veda!D5,"ts_12t") -> ts_annual | C10: day_night | D10: ts_012 | F10: day_night | G10: ts_048 | I10: day_night | J10: s1v1_d | L10: day_night | M10: ts_annual | O10: day_night | P10: ts_12t
C11: D | D11: S02aH02,S03aH02,S01aH02 | F11: D | G11: S03aH02,S07aH05,S04aH03,S07aH04,S05aH04,S06aH02,S06aH03,S01aH04,S07aH02,S01aH05,S06aH05,S03aH04,S03aH03,S02aH02,S03aH05,S05aH05,S06aH04,S02aH04,S02aH05,S04aH02,S01aH02,S04aH04,S02aH03,S07aH03,S04aH05,S01aH03,S05aH02,S05aH03 | I11: D | J11: S01aH03,S05aH02,S05aH03,S05aH04,S05b0925h16,S06aH02,S06aH03,S07c1209h10,S07c1209h11,S01aH02,S04aH04,S07c1209h12,S02aH03,S07aH03,S07c1209h08,S07c1209h17,S03aH03,S05b0925h17,S07c1209h15,S04aH03,S07aH04,S03aH05,S05aH05,S06aH04,S07c1209h13,S03aH02,S05b0925h10,S05b0925h18,S07aH05,S01aH05,S05b0925h11,S06aH05,S04aH05,S05b0925h13,S03aH04,S05b0925h12,S02aH04,S02aH05,S07c1209h16,S04aH02,S05b0925h15,S07c1209h09,S01aH04,S05b0925h09,S05b0925h14,S07aH02,S07c1209h14,S05b0925h08,S07c1209h07,S07c1209h18,S02aH02,S05b0925h07 | L11: D | M11: AllSaAllH | O11: D | P11: FaD,WaD,SaD,WaP,RaD,FaP,SaP,RaP
C12: N | D12: S03aH01,S03aH03,S01aH01,S02aH03,S01aH03,S02aH01 | F12: N | G12: S02aH01,S05aH06,S01aH06,S07aH01,S05aH01,S07aH06,S06aH01,S06aH06,S03aH01,S02aH06,S03aH06,S01aH01,S04aH01,S04aH06 | I12: N | J12: S05b0925h03,S05b0925h24,S07c1209h20,S01aH06,S05b0925h02,S07aH01,S03aH06,S07c1209h02,S07c1209h19,S01aH01,S04aH01,S04aH06,S07c1209h23,S06aH06,S02aH01,S05aH06,S05b0925h04,S05b0925h19,S05b0925h06,S05b0925h20,S05b0925h05,S07c1209h01,S05b0925h21,S05aH01,S07aH06,S07c1209h05,S07c1209h06,S02aH06,S07c1209h24,S05b0925h01,S05b0925h22,S07c1209h03,S07c1209h21,S07c1209h22,S05b0925h23,S06aH01,S03aH01,S07c1209h04 | L12: N | M12: AllSaAllH | O12: N | P12: SaN,WaN,RaP,FaP,SaP,FaN,WaP,RaN
I17: 0.75 | K17: share of charging at night
C18: ~UC_Sets: R_E: AllRegions
H21: =IF(H23=H24,"Not Required!","~UC_T: LO") -> Not Required!
C22: UC_N | D22: Pset_CI | E22: Pset_CO | F22: pset_pn | G22: Cset_CN | H22: TimeSlice | I22: UC_FLO | J22: UC_RHSRT | K22: UC_RHSRT~0
C23: UC_bev night chg limit | D23: ELC | E23: =G23 -> AuxStoIN | F23: *EV* | G23: AuxStoIN | H23: =HLOOKUP($A$10,$D$10:$CU$12,3,FALSE) -> AllSaAllH | I23: =1+I24 -> 0.25 | J23: 0 | K23: 3 | M23: night
D24: ELC | E24: =G24 -> AuxStoIN | F24: *EV* | G24: AuxStoIN | H24: =HLOOKUP($A$10,$D$10:$CU$12,2,FALSE) -> AllSaAllH | I24: =-$I$17 -> -0.75 | M24: day

Sheet ts_012
C9: =IF(A11="x","DeActivated","~TimeSlices") -> DeActivated | I9: =IF(A11="x","DeActivated","~TFM_DINS-AT") -> DeActivated | N9: =IF(A11="x","DeActivated","~TFM_DINS-AT") -> DeActivated | S9: =IF(A11="x","DeActivated","~TFM_DINS-AT") -> DeActivated | X9: =IF(A11="x","DeActivated","~TFM_DINS-AT") -> DeActivated | AC9: =IF(A11="x","DeActivated","~TFM_DINS-AT") -> DeActivated | AG9: =IF(A11="x","DeActivated","~TFM_DINS-AT") -> DeActivated | AK9: =IF(A11="x","DeActivated","~TFM_INS-AT") -> DeActivated
A10: ts_012 | C10: season | D10: weekly | E10: daynite | F10: wparent | G10: dparent | I10: commodity | J10: timeslice | K10: com_fr | L10: process | N10: commodity | O10: timeslice | P10: com_fr | Q10: process | S10: commodity | T10: timeslice | U10: com_fr | V10: process | X10: g_yrfr | Y10: com_fr | Z10: timeslice | AA10: commodity | AC10: commodity | AD10: timeslice | AE10: com_fr | AG10: commodity | AH10: timeslice | AI10: com_pkflx | AK10: Year | AL10: timeslice | AM10: ncap_afs | AN10: pset_ci
A11: =IFERROR(IF(Veda!D5=A10,"ok","x"),"") -> x | C11: S01 | D11: a | E11: H01 | F11: S01,S02,S03 | G11: a | I11: elc_spv_001 | J11: S01aH01 | K11: 0.007872801 | L11: IMPNRGZ | N11: elc_won_001 | O11: S01aH01 | P11: 0.072241717 | Q11: IMPNRGZ | S11: elc_wof_001 | T11: S01aH01 | U11: 0.076795046 | V11: IMPNRGZ | X11: 0.060616438 | Y11: 0.038469864 | Z11: S01aH01 | AA11: elc_roadtransport | AC11: elc_buildings | AD11: S01aH01 | AE11: 0.057807536 | AG11: ELC | AH11: S01aH01 | AI11: 0.30252383 | AK11: 2020 | AL11: S01 | AM11: 0.20444939 | AN11: hydro
C12: S02 | E12: H02 | G12: a | I12: elc_spv_001 | J12: S01aH02 | K12: 0.11132761 | L12: IMPNRGZ | N12: elc_won_001 | O12: S01aH02 | P12: 0.050135149 | Q12: IMPNRGZ | S12: elc_wof_001 | T12: S01aH02 | U12: 0.066759258 | V12: IMPNRGZ | X12: 0.053881279 | Y12: 0.074475466 | Z12: S01aH02 | AA12: elc_roadtransport | AC12: elc_buildings | AD12: S01aH02 | AE12: 0.067402909 | AG12: ELC | AH12: S01aH02 | AI12: 0.083799018 | AK12: 2020 | AL12: S02 | AM12: 0.28240276 | AN12: hydro
C13: S03 | E13: H03 | G13: a | I13: elc_spv_001 | J13: S01aH03 | K13: 0.0028461972 | L13: IMPNRGZ | N13: elc_won_001 | O13: S01aH03 | P13: 0.058821264 | Q13: IMPNRGZ | S13: elc_wof_001 | T13: S01aH03 | U13: 0.062602418 | V13: IMPNRGZ | X13: 0.047146119 | Y13: 0.048698506 | Z13: S01aH03 | AA13: elc_roadtransport | AC13: elc_buildings | AD13: S01aH03 | AE13: 0.054728049 | AG13: ELC | AH13: S01aH03 | AI13: 0.15334979 | AK13: 2020 | AL13: S03 | AM13: 0.23154122 | AN13: hydro
I14: elc_spv_001 | J14: S02aH01 | K14: 0.13295821 | L14: IMPNRGZ | N14: elc_won_001 | O14: S02aH01 | P14: 0.31075019 | Q14: IMPNRGZ | S14: elc_wof_001 | T14: S02aH01 | U14: 0.25682471 | V14: IMPNRGZ | X14: 0.28253425 | Y14: 0.17930869 | Z14: S02aH01 | AA14: elc_roadtransport | AC14: elc_buildings | AD14: S02aH01 | AE14: 0.23826401 | AG14: ELC | AH14: S02aH01 | AI14: 0.40785115 | AK14: 2021 | AL14: S01 | AM14: 0.24603807 | AN14: hydro
I15: elc_spv_001 | J15: S02aH02 | K15: 0.62233483 | L15: IMPNRGZ | N15: elc_won_001 | O15: S02aH02 | P15: 0.20388217 | Q15: IMPNRGZ | S15: elc_wof_001 | T15: S02aH02 | U15: 0.21641115 | V15: IMPNRGZ | X15: 0.25114155 | Y15: 0.34713141 | Z15: S02aH02 | AA15: elc_roadtransport | AC15: elc_buildings | AD15: S02aH02 | AE15: 0.26989362 | AG15: ELC | AH15: S02aH02 | AI15: 0.1789314 | AK15: 2021 | AL15: S02 | AM15: 0.25602924 | AN15: hydro
I16: elc_spv_001 | J16: S02aH03 | K16: 0.069784572 | L16: IMPNRGZ | N16: elc_won_001 | O16: S02aH03 | P16: 0.21188123 | Q16: IMPNRGZ | S16: elc_wof_001 | T16: S02aH03 | U16: 0.24466171 | V16: IMPNRGZ | X16: 0.21974886 | Y16: 0.22698456 | Z16: S02aH03 | AA16: elc_roadtransport | AC16: elc_buildings | AD16: S02aH03 | AE16: 0.22051454 | AG16: ELC | AH16: S02aH03 | AI16: 0.2516284 | AK16: 2021 | AL16: S03 | AM16: 0.18792909 | AN16: hydro
I17: elc_spv_001 | J17: S03aH01 | K17: 0.003350594 | L17: IMPNRGZ | N17: elc_won_001 | O17: S03aH01 | P17: 0.040719517 | Q17: IMPNRGZ | S17: elc_wof_001 | T17: S03aH01 | U17: 0.029119549 | V17: IMPNRGZ | X17: 0.031849315 | Y17: 0.020212979 | Z17: S03aH01 | AA17: elc_roadtransport | AC17: elc_buildings | AD17: S03aH01 | AE17: 0.029565445 | AG17: ELC | AH17: S03aH01 | AI17: 0.31276891 | AK17: 2022 | AL17: S01 | AM17: 0.13808808 | AN17: hydro
I18: elc_spv_001 | J18: S03aH02 | K18: 0.049525188 | L18: IMPNRGZ | N18: elc_won_001 | O18: S03aH02 | P18: 0.029731617 | Q18: IMPNRGZ | S18: elc_wof_001 | T18: S03aH02 | U18: 0.026908589 | V18: IMPNRGZ | X18: 0.028310502 | Y18: 0.039131177 | Z18: S03aH02 | AA18: elc_roadtransport | AC18: elc_buildings | AD18: S03aH02 | AE18: 0.033907224 | AG18: ELC | AH18: S03aH02 | AI18: 0.080434653 | AK18: 2022 | AL18: S02 | AM18: 0.16381698 | AN18: hydro
I19: elc_spv_001 | J19: S03aH03 | K19: 0 | L19: IMPNRGZ | N19: elc_won_001 | O19: S03aH03 | P19: 0.021837141 | Q19: IMPNRGZ | S19: elc_wof_001 | T19: S03aH03 | U19: 0.019917567 | V19: IMPNRGZ | X19: 0.024771689 | Y19: 0.025587351 | Z19: S03aH03 | AA19: elc_roadtransport | AC19: elc_buildings | AD19: S03aH03 | AE19: 0.027916676 | AG19: ELC | AH19: S03aH03 | AI19: 0.15671262 | AK19: 2022 | AL19: S03 | AM19: 0.15407642 | AN19: hydro
I20: elc_spv_002 | J20: S01aH01 | K20: 0.0072816599 | L20: IMPNRGZ | N20: elc_won_002 | O20: S01aH01 | P20: 0.075816687 | Q20: IMPNRGZ | S20: elc_wof_002 | T20: S01aH01 | U20: 0.075355411 | V20: IMPNRGZ | AC20: elc_industry | AD20: S01aH01 | AE20: 0.059897088 | AK20: 2025 | AL20: S01 | AM20: 0.1916 | AN20: hydro
I21: elc_spv_002 | J21: S01aH02 | K21: 0.10071256 | L21: IMPNRGZ | N21: elc_won_002 | O21: S01aH02 | P21: 0.066024767 | Q21: IMPNRGZ | S21: elc_wof_002 | T21: S01aH02 | U21: 0.058881582 | V21: IMPNRGZ | AC21: elc_industry | AD21: S01aH02 | AE21: 0.054522625 | AK21: 2025 | AL21: S02 | AM21: 0.28716667 | AN21: hydro
I22: elc_spv_002 | J22: S01aH03 | K22: 0.0025626876 | L22: IMPNRGZ | N22: elc_won_002 | O22: S01aH03 | P22: 0.058104259 | Q22: IMPNRGZ | S22: elc_wof_002 | T22: S01aH03 | U22: 0.062155866 | V22: IMPNRGZ | AC22: elc_industry | AD22: S01aH03 | AE22: 0.047367524 | AK22: 2025 | AL22: S03 | AM22: 0.2449 | AN22: hydro
I23: elc_spv_002 | J23: S02aH01 | K23: 0.14696927 | L23: IMPNRGZ | N23: elc_won_002 | O23: S02aH01 | P23: 0.25874436 | Q23: IMPNRGZ | S23: elc_wof_002 | T23: S02aH01 | U23: 0.28071728 | V23: IMPNRGZ | AC23: elc_industry | AD23: S02aH01 | AE23: 0.27966399 | AK23: 2026 | AL23: S01 | AM23: 0.13995 | AN23: hydro
I24: elc_spv_002 | J24: S02aH02 | K24: 0.6240052 | L24: IMPNRGZ | N24: elc_won_002 | O24: S02aH02 | P24: 0.24043395 | Q24: IMPNRGZ | S24: elc_wof_002 | T24: S02aH02 | U24: 0.21414456 | V24: IMPNRGZ | AC24: elc_industry | AD24: S02aH02 | AE24: 0.25323592 | AK24: 2026 | AL24: S02 | AM24: 0.21811111 | AN24: hydro
I25: elc_spv_002 | J25: S02aH03 | K25: 0.073428503 | L25: IMPNRGZ | N25: elc_won_002 | O25: S02aH03 | P25: 0.21829123 | Q25: IMPNRGZ | S25: elc_wof_002 | T25: S02aH03 | U25: 0.22338933 | V25: IMPNRGZ | AC25: elc_industry | AD25: S02aH03 | AE25: 0.22033073 | AK25: 2026 | AL25: S03 | AM25: 0.1556 | AN25: hydro
I26: elc_spv_002 | J26: S03aH01 | K26: 0.0027406934 | L26: IMPNRGZ | N26: elc_won_002 | O26: S03aH01 | P26: 0.032548142 | Q26: IMPNRGZ | S26: elc_wof_002 | T26: S03aH01 | U26: 0.033084229 | V26: IMPNRGZ | AC26: elc_industry | AD26: S03aH01 | AE26: 0.03149206 | AK26: 2027 | AL26: S01 | AM26: 0.1575 | AN26: hydro
I27: elc_spv_002 | J27: S03aH02 | K27: 0.042299429 | L27: IMPNRGZ | N27: elc_won_002 | O27: S03aH02 | P27: 0.026305322 | Q27: IMPNRGZ | S27: elc_wof_002 | T27: S03aH02 | U27: 0.03071761 | V27: IMPNRGZ | AC27: elc_industry | AD27: S03aH02 | AE27: 0.028602752 | AK27: 2027 | AL27: S02 | AM27: 0.21561111 | AN27: hydro
I28: elc_spv_002 | J28: S03aH03 | K28: 0 | L28: IMPNRGZ | N28: elc_won_002 | O28: S03aH03 | P28: 0.023731281 | Q28: IMPNRGZ | S28: elc_wof_002 | T28: S03aH03 | U28: 0.021554129 | V28: IMPNRGZ | AC28: elc_industry | AD28: S03aH03 | AE28: 0.024887314 | AK28: 2027 | AL28: S03 | AM28: 0.1713 | AN28: hydro
I29: elc_spv_003 | J29: S01aH01 | K29: 0.0082697007 | L29: IMPNRGZ | N29: elc_won_003 | O29: S01aH01 | P29: 0.082016971 | Q29: IMPNRGZ | S29: elc_wof_003 | T29: S01aH01 | U29: 0.076609735 | V29: IMPNRGZ | AK29: 2028 | AL29: S01 | AM29: 0.16795 | AN29: hydro
I30: elc_spv_003 | J30: S01aH02 | K30: 0.10433937 | L30: IMPNRGZ | N30: elc_won_003 | O30: S01aH02 | P30: 0.074909594 | Q30: IMPNRGZ | S30: elc_wof_003 | T30: S01aH02 | U30: 0.063459413 | V30: IMPNRGZ | AK30: 2028 | AL30: S02 | AM30: 0.25663333 | AN30: hydro
I31: elc_spv_003 | J31: S01aH03 | K31: 0.0031007801 | L31: IMPNRGZ | N31: elc_won_003 | O31: S01aH03 | P31: 0.065044374 | Q31: IMPNRGZ | S31: elc_wof_003 | T31: S01aH03 | U31: 0.063314425 | V31: IMPNRGZ | AK31: 2028 | AL31: S03 | AM31: 0.1885 | AN31: hydro
I32: elc_spv_003 | J32: S02aH01 | K32: 0.15014598 | L32: IMPNRGZ | N32: elc_won_003 | O32: S02aH01 | P32: 0.23552682 | Q32: IMPNRGZ | S32: elc_wof_003 | T32: S02aH01 | U32: 0.28215069 | V32: IMPNRGZ | AK32: 2029 | AL32: S01 | AM32: 0.1786 | AN32: hydro
I33: elc_spv_003 | J33: S02aH02 | K33: 0.61328893 | L33: IMPNRGZ | N33: elc_won_003 | O33: S02aH02 | P33: 0.24146973 | Q33: IMPNRGZ | S33: elc_wof_003 | T33: S02aH02 | U33: 0.21495384 | V33: IMPNRGZ | AK33: 2029 | AL33: S02 | AM33: 0.24352222 | AN33: hydro
I34: elc_spv_003 | J34: S02aH03 | K34: 0.071596045 | L34: IMPNRGZ | N34: elc_won_003 | O34: S02aH03 | P34: 0.21282366 | Q34: IMPNRGZ | S34: elc_wof_003 | T34: S02aH03 | U34: 0.23103267 | V34: IMPNRGZ | AK34: 2029 | AL34: S03 | AM34: 0.1898 | AN34: hydro
I35: elc_spv_003 | J35: S03aH01 | K35: 0.0034576674 | L35: IMPNRGZ | N35: elc_won_003 | O35: S03aH01 | P35: 0.03750662 | Q35: IMPNRGZ | S35: elc_wof_003 | T35: S03aH01 | U35: 0.026915331 | V35: IMPNRGZ | AK35: 2030 | AL35: S01 | AM35: 0.17745 | AN35: hydro
I36: elc_spv_003 | J36: S03aH02 | K36: 0.045801528 | L36: IMPNRGZ | N36: elc_won_003 | O36: S03aH02 | P36: 0.026712644 | Q36: IMPNRGZ | S36: elc_wof_003 | T36: S03aH02 | U36: 0.023082444 | V36: IMPNRGZ | AK36: 2030 | AL36: S02 | AM36: 0.25435556 | AN36: hydro
I37: elc_spv_003 | J37: S03aH03 | K37: 0 | L37: IMPNRGZ | N37: elc_won_003 | O37: S03aH03 | P37: 0.023989588 | Q37: IMPNRGZ | S37: elc_wof_003 | T37: S03aH03 | U37: 0.018481453 | V37: IMPNRGZ | AK37: 2030 | AL37: S03 | AM37: 0.1824 | AN37: hydro
I38: elc_spv_004 | J38: S01aH01 | K38: 0.0082928763 | L38: IMPNRGZ | N38: elc_won_004 | O38: S01aH01 | P38: 0.072875411 | Q38: IMPNRGZ | S38: elc_wof_004 | T38: S01aH01 | U38: 0.089387021 | V38: IMPNRGZ | AK38: 2031 | AL38: S01 | AM38: 0.17805 | AN38: hydro
I39: elc_spv_004 | J39: S01aH02 | K39: 0.1129525 | L39: IMPNRGZ | N39: elc_won_004 | O39: S01aH02 | P39: 0.064185283 | Q39: IMPNRGZ | S39: elc_wof_004 | T39: S01aH02 | U39: 0.082235751 | V39: IMPNRGZ | AK39: 2031 | AL39: S02 | AM39: 0.24632222 | AN39: hydro
I40: elc_spv_004 | J40: S01aH03 | K40: 0.0032474065 | L40: IMPNRGZ | N40: elc_won_004 | O40: S01aH03 | P40: 0.061379895 | Q40: IMPNRGZ | S40: elc_wof_004 | T40: S01aH03 | U40: 0.078481723 | V40: IMPNRGZ | AK40: 2031 | AL40: S03 | AM40: 0.2086 | AN40: hydro
... I97: elc_spv_010 | J97: S02aH03 | K97: 0.069082105 | L97: IMPNRGZ | N97: elc_won_010 | O97: S02aH03 | P97: 0.21428533 | Q97: IMPNRGZ | S97: elc_wof_010 | T97: S02aH03 | U97: 0.23081241 | V97: IMPNRGZ | AK97: 2050 | AL97: S03 | AM97: 0.1942 | AN97: hydro
I98: elc_spv_010 | J98: S03aH01 | K98: 0.0027040058 | L98: IMPNRGZ | N98: elc_won_010 | O98: S03aH01 | P98: 0.029158206 | Q98: IMPNRGZ | S98: elc_wof_010 | T98: S03aH01 | U98: 0.027153745 | V98: IMPNRGZ
I99: elc_spv_010 | J99: S03aH02 | K99: 0.042323053 | L99: IMPNRGZ | N99: elc_won_010 | O99: S03aH02 | P99: 0.028990741 | Q99: IMPNRGZ | S99: elc_wof_010 | T99: S03aH02 | U99: 0.021913199 | V99: IMPNRGZ
I100: elc_spv_010 | J100: S03aH03 | K100: 0 | L100: IMPNRGZ | N100: elc_won_010 | O100: S03aH03 | P100: 0.021371497 | Q100: IMPNRGZ | S100: elc_wof_010 | T100: S03aH03 | U100: 0.018560494 | V100: IMPNRGZ
I101: elc_spv_011 | J101: S01aH01 | K101: 0.0094340013 | L101: IMPNRGZ | N101: elc_won_011 | O101: S01aH01 | P101: 0.081636 | Q101: IMPNRGZ | S101: elc_wof_011 | T101: S01aH01 | U101: 0.0721047 | V101: IMPNRGZ
I102: elc_spv_011 | J102: S01aH02 | K102: 0.09674754 | L102: IMPNRGZ | N102: elc_won_011 | O102: S01aH02 | P102: 0.069277282 | Q102: IMPNRGZ | S102: elc_wof_011 | T102: S01aH02 | U102: 0.068033248 | V102: IMPNRGZ
I103: elc_spv_011 | J103: S01aH03 | K103: 0.0030298538 | L103: IMPNRGZ | N103: elc_won_011 | O103: S01aH03 | P103: 0.068662627 | Q103: IMPNRGZ | S103: elc_wof_011 | T103: S01aH03 | U103: 0.058420744 | V103: IMPNRGZ
I104: elc_spv_011 | J104: S02aH01 | K104: 0.14317457 | L104: IMPNRGZ | N104: elc_won_011 | O104: S02aH01 | P104: 0.26914742 | Q104: IMPNRGZ | S104: elc_wof_011 | T104: S02aH01 | U104: 0.26674771 | V104: IMPNRGZ
I105: elc_spv_011 | J105: S02aH02 | K105: 0.63535196 | L105: IMPNRGZ | N105: elc_won_011 | O105: S02aH02 | P105: 0.23116051 | Q105: IMPNRGZ | S105: elc_wof_011 | T105: S02aH02 | U105: 0.24129969 | V105: IMPNRGZ
I106: elc_spv_011 | J106: S02aH03 | K106: 0.067370938 | L106: IMPNRGZ | N106: elc_won_011 | O106: S02aH03 | P106: 0.20952391 | Q106: IMPNRGZ | S106: elc_wof_011 | T106: S02aH03 | U106: 0.21258095 | V106: IMPNRGZ
I107: elc_spv_011 | J107: S03aH01 | K107: 0.0031497104 | L107: IMPNRGZ | N107: elc_won_011 | O107: S03aH01 | P107: 0.027992295 | Q107: IMPNRGZ | S107: elc_wof_011 | T107: S03aH01 | U107: 0.031685041 | V107: IMPNRGZ
I108: elc_spv_011 | J108: S03aH02 | K108: 0.041741432 | L108: IMPNRGZ | N108: elc_won_011 | O108: S03aH02 | P108: 0.024421358 | Q108: IMPNRGZ | S108: elc_wof_011 | T108: S03aH02 | U108: 0.025072161 | V108: IMPNRGZ
I109: elc_spv_011 | J109: S03aH03 | K109: 0 | L109: IMPNRGZ | N109: elc_won_011 | O109: S03aH03 | P109: 0.018178603 | Q109: IMPNRGZ | S109: elc_wof_011 | T109: S03aH03 | U109: 0.024055752 | V109: IMPNRGZ
... I181: elc_spv_019 | J181: S03aH03 | K181: 1.6851747e-05 | L181: IMPNRGZ | N181: elc_won_019 | O181: S03aH03 | P181: 0.012598507 | Q181: IMPNRGZ | S181: elc_wof_019 | T181: S03aH03 | U181: 0.023810353 | V181: IMPNRGZ
I182: elc_spv_020 | J182: S01aH01 | K182: 0.0023845296 | L182: IMPNRGZ
I183: elc_spv_020 | J183: S01aH02 | K183: 0.09567218 | L183: IMPNRGZ
I184: elc_spv_020 | J184: S01aH03 | K184: 0.0090936965 | L184: IMPNRGZ
I185: elc_spv_020 | J185: S02aH01 | K185: 0.093617555 | L185: IMPNRGZ
I186: elc_spv_020 | J186: S02aH02 | K186: 0.64077688 | L186: IMPNRGZ
I187: elc_spv_020 | J187: S02aH03 | K187: 0.11472096 | L187: IMPNRGZ
I188: elc_spv_020 | J188: S03aH01 | K188: 1.3265959e-05 | L188: IMPNRGZ
I189: elc_spv_020 | J189: S03aH02 | K189: 0.042670472 | L189: IMPNRGZ
I190: elc_spv_020 | J190: S03aH03 | K190: 0.0010504523 | L190: IMPNRGZ
I191: elc_spv_021 | J191: S01aH01 | K191: 0.0026776926 | L191: IMPNRGZ
I192: elc_spv_021 | J192: S01aH02 | K192: 0.09613562 | L192: IMPNRGZ
I193: elc_spv_021 | J193: S01aH03 | K193: 0.0081441187 | L193: IMPNRGZ
... I226: elc_spv_024 | J226: S03aH03 | K226: 0.00028923137 | L226: IMPNRGZ

Sheet ts_048
C9: =IF(A11="x","DeActivated","~TimeSlices") -> DeActivated | I9: =IF(A11="x","DeActivated","~TFM_DINS-AT") -> DeActivated | N9: =IF(A11="x","DeActivated","~TFM_DINS-AT") -> DeActivated | S9: =IF(A11="x","DeActivated","~TFM_DINS-AT") -> DeActivated | X9: =IF(A11="x","DeActivated","~TFM_DINS-AT") -> DeActivated | AC9: =IF(A11="x","DeActivated","~TFM_DINS-AT") -> DeActivated | AG9: =IF(A11="x","DeActivated","~TFM_DINS-AT") -> DeActivated | AK9: =IF(A11="x","DeActivated","~TFM_INS-AT") -> DeActivated
A10: ts_048 | C10: season | D10: weekly | E10: daynite | F10: wparent | G10: dparent | I10: commodity | J10: timeslice | K10: com_fr | L10: process | N10: commodity | O10: timeslice | P10: com_fr | Q10: process | S10: commodity | T10: timeslice | U10: com_fr | V10: process | X10: g_yrfr | Y10: com_fr | Z10: timeslice | AA10: commodity | AC10: commodity | AD10: timeslice | AE10: com_fr | AG10: commodity | AH10: timeslice | AI10: com_pkflx | AK10: Year | AL10: timeslice | AM10: ncap_afs | AN10: pset_ci
A11: =IFERROR(IF(Veda!D5=A10,"ok","x"),"") -> x | C11: S01 | D11: a | E11: H01 | F11: S01,S02,S03,S04,S05,S06,S07 | G11: a | I11: elc_spv_001 | J11: S01aH01 | K11: 0.00063754206 | L11: IMPNRGZ | N11: elc_won_001 | O11: S01aH01 | P11: 0.064828535 | Q11: IMPNRGZ | S11: elc_wof_001 | T11: S01aH01 | U11: 0.06866819 | V11: IMPNRGZ | X11: 0.053881279 | Y11: 0.029864505 | Z11: S01aH01 | AA11: elc_roadtransport | AC11: elc_buildings | AD11: S01aH01 | AE11: 0.04941315 | AG11: ELC | AH11: S01aH01 | AI11: 0.30170208 | AK11: 2020 | AL11: S01 | AM11: 0.20444939 | AN11: hydro
C12: S02 | E12: H02 | G12: a | I12: elc_spv_001 | J12: S01aH02 | K12: 0.007235259 | L12: IMPNRGZ | N12: elc_won_001 | O12: S01aH02 | P12: 0.0074131828 | Q12: IMPNRGZ | S12: elc_wof_001 | T12: S01aH02 | U12: 0.0081268559 | V12: IMPNRGZ | X12: 0.0067351598 | Y12: 0.0086053585 | Z12: S01aH02 | AA12: elc_roadtransport | AC12: elc_buildings | AD12: S01aH02 | AE12: 0.0083943859 | AG12: ELC | AH12: S01aH02 | AI12: 0.047484009 | AK12: 2020 | AL12: S02 | AM12: 0.29145161 | AN12: hydro
C13: S03 | E13: H03 | G13: a | I13: elc_spv_001 | J13: S01aH03 | K13: 0.012089442 | L13: IMPNRGZ | N13: elc_won_001 | O13: S01aH03 | P13: 0.0068657912 | Q13: IMPNRGZ | S13: elc_wof_001 | T13: S01aH03 | U13: 0.0081269404 | V13: IMPNRGZ | X13: 0.0067351598 | Y13: 0.0085271279 | Z13: S01aH03 | AA13: elc_roadtransport | AC13: elc_buildings | AD13: S01aH03 | AE13: 0.0085234446 | AG13: ELC | AH13: S01aH03 | AI13: 0.04519733 | AK13: 2020 | AL13: S03 | AM13: 0.31541219 | AN13: hydro
C14: S04 | E14: H04 | G14: a | I14: elc_spv_001 | J14: S01aH04 | K14: 0.090128861 | L14: IMPNRGZ | N14: elc_won_001 | O14: S01aH04 | P14: 0.036095868 | Q14: IMPNRGZ | S14: elc_wof_001 | T14: S01aH04 | U14: 0.049841672 | V14: IMPNRGZ | X14: 0.040410959 | Y14: 0.052844724 | Z14: S01aH04 | AA14: elc_roadtransport | AC14: elc_buildings | AD14: S01aH04 | AE14: 0.050248408 | AG14: ELC | AH14: S01aH04 | AI14: 0.064766515 | AK14: 2020 | AL14: S04 | AM14: 0.28172043 | AN14: hydro
C15: S05 | E15: H05 | G15: a | I15: elc_spv_001 | J15: S01aH05 | K15: 0.0091093059 | L15: IMPNRGZ | N15: elc_won_001 | O15: S01aH05 | P15: 0.00717349 | Q15: IMPNRGZ | S15: elc_wof_001 | T15: S01aH05 | U15: 0.0087906453 | V15: IMPNRGZ | X15: 0.0067351598 | Y15: 0.013103614 | Z15: S01aH05 | AA15: elc_roadtransport | AC15: elc_buildings | AD15: S01aH05 | AE15: 0.0086310567 | AG15: ELC | AH15: S01aH05 | AI15: 0.062164802 | AK15: 2020 | AL15: S05 | AM15: 0.26814815 | AN15: hydro
C16: S06 | E16: H06 | G16: a | I16: elc_spv_001 | J16: S01aH06 | K16: 0.0028461972 | L16: IMPNRGZ | N16: elc_won_001 | O16: S01aH06 | P16: 0.058821264 | Q16: IMPNRGZ | S16: elc_wof_001 | T16: S01aH06 | U16: 0.062602418 | V16: IMPNRGZ | X16: 0.047146119 | Y16: 0.048698506 | Z16: S01aH06 | AA16: elc_roadtransport | AC16: elc_buildings | AD16: S01aH06 | AE16: 0.054728049 | AG16: ELC | AH16: S01aH06 | AI16: 0.15334979 | AK16: 2020 | AL16: S06 | AM16: 0.25526882 | AN16: hydro
C17: S07 | I17: elc_spv_001 | J17: S02aH01 | K17: 0.036890601 | L17: IMPNRGZ | N17: elc_won_001 | O17: S02aH01 | P17: 0.1166189 | Q17: IMPNRGZ | S17: elc_wof_001 | T17: S02aH01 | U17: 0.11714684 | V17: IMPNRGZ | X17: 0.11141553 | Y17: 0.061753723 | Z17: S02aH01 | AA17: elc_roadtransport | AC17: elc_buildings | AD17: S02aH01 | AE17: 0.090904601 | AG17: ELC | AH17: S02aH01 | AI17: 0.39609049 | AK17: 2020 | AL17: S07 | AM17: 0.23154122 | AN17: hydro
I18: elc_spv_001 | J18: S02aH02 | K18: 0.03098125 | L18: IMPNRGZ | N18: elc_won_001 | O18: S02aH02 | P18: 0.012037205 | Q18: IMPNRGZ | S18: elc_wof_001 | T18: S02aH02 | U18: 0.012893721 | V18: IMPNRGZ | X18: 0.013926941 | Y18: 0.017794131 | Z18: S02aH02 | AA18: elc_roadtransport | AC18: elc_buildings | AD18: S02aH02 | AE18: 0.014801271 | AG18: ELC | AH18: S02aH02 | AI18: 0.17260864 | AK18: 2021 | AL18: S01 | AM18: 0.24603807 | AN18: hydro
I19: elc_spv_001 | J19: S02aH03 | K19: 0.03787145 | L19: IMPNRGZ | N19: elc_won_001 | O19: S02aH03 | P19: 0.011232926 | Q19: IMPNRGZ | S19: elc_wof_001 | T19: S02aH03 | U19: 0.012158599 | V19: IMPNRGZ | X19: 0.013926941 | Y19: 0.017632366 | Z19: S02aH03 | AA19: elc_roadtransport | AC19: elc_buildings | AD19: S02aH03 | AE19: 0.014950244 | AG19: ELC | AH19: S02aH03 | AI19: 0.16646817 | AK19: 2021 | AL19: S02 | AM19: 0.26922212 | AN19: hydro
I20: elc_spv_001 | J20: S02aH04 | K20: 0.23912916 | L20: IMPNRGZ | N20: elc_won_001 | O20: S02aH04 | P20: 0.063417342 | Q20: IMPNRGZ | S20: elc_wof_001 | T20: S02aH04 | U20: 0.074842824 | V20: IMPNRGZ | X20: 0.083561644 | Y20: 0.10927214 | Z20: S02aH04 | AA20: elc_roadtransport | AC20: elc_buildings | AD20: S02aH04 | AE20: 0.08871793 | AG20: ELC | AH20: S02aH04 | AI20: 0.17061162 | AK20: 2021 | AL20: S03 | AM20: 0.33584287 | AN20: hydro
I21: elc_spv_001 | J21: S02aH05 | K21: 0.030327046 | L21: IMPNRGZ | N21: elc_won_001 | O21: S02aH05 | P21: 0.012796742 | Q21: IMPNRGZ | S21: elc_wof_001 | T21: S02aH05 | U21: 0.016533281 | V21: IMPNRGZ | X21: 0.013926941 | Y21: 0.027095609 | Z21: S02aH05 | AA21: elc_roadtransport | AC21: elc_buildings | AD21: S02aH05 | AE21: 0.014843447 | AG21: ELC | AH21: S02aH05 | AI21: 0.18674182 | AK21: 2021 | AL21: S04 | AM21: 0.30726049 | AN21: hydro
I22: elc_spv_001 | J22: S02aH06 | K22: 0.039177781 | L22: IMPNRGZ | N22: elc_won_001 | O22: S02aH06 | P22: 0.093504477 | Q22: IMPNRGZ | S22: elc_wof_001 | T22: S02aH06 | U22: 0.11989268 | V22: IMPNRGZ | X22: 0.097488584 | Y22: 0.10069861 | Z22: S02aH06 | AA22: elc_roadtransport | AC22: elc_buildings | AD22: S02aH06 | AE22: 0.096799028 | AG22: ELC | AH22: S02aH06 | AI22: 0.26211435 | AK22: 2021 | AL22: S05 | AM22: 0.20010042 | AN22: hydro
I23: elc_spv_001 | J23: S03aH01 | K23: 0.012969968 | L23: IMPNRGZ | N23: elc_won_001 | O23: S03aH01 | P23: 0.016572055 | Q23: IMPNRGZ | S23: elc_wof_001 | T23: S03aH01 | U23: 0.017417922 | V23: IMPNRGZ | X23: 0.028310502 | Y23: 0.01569152 | Z23: S03aH01 | AA23: elc_roadtransport | AC23: elc_buildings | AD23: S03aH01 | AE23: 0.023847088 | AG23: ELC | AH23: S03aH01 | AI23: 0.29079454 | AK23: 2021 | AL23: S06 | AM23: 0.19208545 | AN23: hydro
I24: elc_spv_001 | J24: S03aH02 | K24: 0.00905701 | L24: IMPNRGZ | N24: elc_won_001 | O24: S03aH02 | P24: 0.0012235336 | Q24: IMPNRGZ | S24: elc_wof_001 | T24: S03aH02 | U24: 0.0019935651 | V24: IMPNRGZ | X24: 0.0035388128 | Y24: 0.0045214595 | Z24: S03aH02 | AA24: elc_roadtransport | AC24: elc_buildings | AD24: S03aH02 | AE24: 0.0039226118 | AG24: ELC | AH24: S03aH02 | AI24: 0.074383366 | AK24: 2021 | AL24: S07 | AM24: 0.18792909 | AN24: hydro
I25: elc_spv_001 | J25: S03aH03 | K25: 0.010424155 | L25: IMPNRGZ | N25: elc_won_001 | O25: S03aH03 | P25: 0.0012093637 | Q25: IMPNRGZ | S25: elc_wof_001 | T25: S03aH03 | U25: 0.0019207938 | V25: IMPNRGZ | X25: 0.0035388128 | Y25: 0.0044803554 | Z25: S03aH03 | AA25: elc_roadtransport | AC25: elc_buildings | AD25: S03aH03 | AE25: 0.0039935522 | AG25: ELC | AH25: S03aH03 | AI25: 0.069020627 | AK25: 2022 | AL25: S01 | AM25: 0.13808808 | AN25: hydro
I26: elc_spv_001 | J26: S03aH04 | K26: 0.060481442 | L26: IMPNRGZ | N26: elc_won_001 | O26: S03aH04 | P26: 0.0067963857 | Q26: IMPNRGZ | S26: elc_wof_001 | T26: S03aH04 | U26: 0.013590984 | V26: IMPNRGZ | X26: 0.021232877 | Y26: 0.027765872 | Z26: S03aH04 | AA26: elc_roadtransport | AC26: elc_buildings | AD26: S03aH04 | AE26: 0.024369651 | AG26: ELC | AH26: S03aH04 | AI26: 0.077676552 | AK26: 2022 | AL26: S02 | AM26: 0.16723564 | AN26: hydro
I27: elc_spv_001 | J27: S03aH05 | K27: 0.0074231169 | L27: IMPNRGZ | N27: elc_won_001 | O27: S03aH05 | P27: 0.0010893799 | Q27: IMPNRGZ | S27: elc_wof_001 | T27: S03aH05 | U27: 0.0033008992 | V27: IMPNRGZ | X27: 0.0035388128 | Y27: 0.0068849497 | Z27: S03aH05 | AA27: elc_roadtransport | AC27: elc_buildings | AD27: S03aH05 | AE27: 0.0040189562 | AG27: ELC | AH27: S03aH05 | AI27: 0.070840188 | AK27: 2022 | AL27: S03 | AM27: 0.22223926 | AN27: hydro
I28: elc_spv_001 | J28: S03aH06 | K28: 0.012521754 | L28: IMPNRGZ | N28: elc_won_001 | O28: S03aH06 | P28: 0.0083676261 | Q28: IMPNRGZ | S28: elc_wof_001 | T28: S03aH06 | U28: 0.023130289 | V28: IMPNRGZ | X28: 0.024771689 | Y28: 0.025587351 | Z28: S03aH06 | AA28: elc_roadtransport | AC28: elc_buildings | AD28: S03aH06 | AE28: 0.026192679 | AG28: ELC | AH28: S03aH06 | AI28: 0.126544 | AK28: 2022 | AL28: S04 | AM28: 0.1704071 | AN28: hydro
I29: elc_spv_001 | J29: S04aH01 | K29: 0.010813125 | L29: IMPNRGZ | N29: elc_won_001 | O29: S04aH01 | P29: 0.034882492 | Q29: IMPNRGZ | S29: elc_wof_001 | T29: S04aH01 | U29: 0.020534219 | V29: IMPNRGZ | X29: 0.028310502 | Y29: 0.01569152 | Z29: S04aH01 | AA29: elc_roadtransport | AC29: elc_buildings | AD29: S04aH01 | AE29: 0.023274743 | AG29: ELC | AH29: S04aH01 | AI29: 0.29227722 | AK29: 2022 | AL29: S05 | AM29: 0.13940248 | AN29: hydro
... I52: elc_spv_001 | J52: S07aH06 | K52: 0 | L52: IMPNRGZ | N52: elc_won_001 | O52: S07aH06 | P52: 0.021837141 | Q52: IMPNRGZ | S52: elc_wof_001 | T52: S07aH06 | U52: 0.019917567 | V52: IMPNRGZ | X52: 0.024771689 | Y52: 0.025587351 | Z52: S07aH06 | AA52: elc_roadtransport | AC52: elc_buildings | AD52: S07aH06 | AE52: 0.027916676 | AG52: ELC | AH52: S07aH06 | AI52: 0.15671262 | AK52: 2027 | AL52: S07 | AM52: 0.1713 | AN52: hydro
I53: elc_spv_002 | J53: S01aH01 | K53: 0.00051548577 | L53: IMPNRGZ | N53: elc_won_002 | O53: S01aH01 | P53: 0.067031166 | Q53: IMPNRGZ | S53: elc_wof_002 | T53: S01aH01 | U53: 0.067317426 | V53: IMPNRGZ | AC53: elc_industry | AD53: S01aH01 | AE53: 0.053084237 | AK53: 2028 | AL53: S01 | AM53: 0.16795 | AN53: hydro
I54: elc_spv_002 | J54: S01aH02 | K54: 0.0067661742 | L54: IMPNRGZ | N54: elc_won_002 | O54: S01aH02 | P54: 0.0087855213 | Q54: IMPNRGZ | S54: elc_wof_002 | T54: S01aH02 | U54: 0.0080379846 | V54: IMPNRGZ | AC54: elc_industry | AD54: S01aH02 | AE54: 0.0068128513 | AK54: 2028 | AL54: S02 | AM54: 0.264975 | AN54: hydro
I55: elc_spv_002 | J55: S01aH03 | K55: 0.01087102 | L55: IMPNRGZ | N55: elc_won_002 | O55: S01aH03 | P55: 0.0086955578 | Q55: IMPNRGZ | S55: elc_wof_002 | T55: S01aH03 | U55: 0.0081333198 | V55: IMPNRGZ | AC55: elc_industry | AD55: S01aH03 | AE55: 0.0068231703 | AK55: 2028 | AL55: S03 | AM55: 0.3273 | AN55: hydro
I56: elc_spv_002 | J56: S01aH04 | K56: 0.081463728 | L56: IMPNRGZ | N56: elc_won_002 | O56: S01aH04 | P56: 0.048859315 | Q56: IMPNRGZ | S56: elc_wof_002 | T56: S01aH04 | U56: 0.04307072 | V56: IMPNRGZ | AC56: elc_industry | AD56: S01aH04 | AE56: 0.04086768 | AK56: 2028 | AL56: S04 | AM56: 0.2751 | AN56: hydro
I57: elc_spv_002 | J57: S01aH05 | K57: 0.0083778082 | L57: IMPNRGZ | N57: elc_won_002 | O57: S01aH05 | P57: 0.0084698938 | Q57: IMPNRGZ | S57: elc_wof_002 | T57: S01aH05 | U57: 0.0076775426 | V57: IMPNRGZ | AC57: elc_industry | AD57: S01aH05 | AE57: 0.0068317745 | AK57: 2028 | AL57: S05 | AM57: 0.2221 | AN57: hydro
I58: elc_spv_002 | J58: S01aH06 | K58: 0.0025626876 | L58: IMPNRGZ | N58: elc_won_002 | O58: S01aH06 | P58: 0.058104259 | Q58: IMPNRGZ | S58: elc_wof_002 | T58: S01aH06 | U58: 0.062155866 | V58: IMPNRGZ | AC58: elc_industry | AD58: S01aH06 | AE58: 0.047367524 | AK58: 2028 | AL58: S06 | AM58: 0.21265 | AN58: hydro
I59: elc_spv_002 | J59: S02aH01 | K59: 0.041364492 | L59: IMPNRGZ | N59: elc_won_002 | O59: S02aH01 | P59: 0.10557271 | Q59: IMPNRGZ | S59: elc_wof_002 | T59: S02aH01 | U59: 0.11462969 | V59: IMPNRGZ | AC59: elc_industry | AD59: S02aH01 | AE59: 0.11009359 | AK59: 2028 | AL59: S07 | AM59: 0.1885 | AN59: hydro
I60: elc_spv_002 | J60: S02aH02 | K60: 0.031124278 | L60: IMPNRGZ | N60: elc_won_002 | O60: S02aH02 | P60: 0.014293732 | Q60: IMPNRGZ | S60: elc_wof_002 | T60: S02aH02 | U60: 0.013698514 | V60: IMPNRGZ | AC60: elc_industry | AD60: S02aH02 | AE60: 0.014036603 | AK60: 2029 | AL60: S01 | AM60: 0.1786 | AN60: hydro
I61: elc_spv_002 | J61: S02aH03 | K61: 0.036672887 | L61: IMPNRGZ | N61: elc_won_002 | O61: S02aH03 | P61: 0.014383114 | Q61: IMPNRGZ | S61: elc_wof_002 | T61: S02aH03 | U61: 0.013032659 | V61: IMPNRGZ | AC61: elc_industry | AD61: S02aH03 | AE61: 0.014048515 | AK61: 2029 | AL61: S02 | AM61: 0.255075 | AN61: hydro
I62: elc_spv_002 | J62: S02aH04 | K62: 0.22727489 | L62: IMPNRGZ | N62: elc_won_002 | O62: S02aH04 | P62: 0.090204113 | Q62: IMPNRGZ | S62: elc_wof_002 | T62: S02aH04 | U62: 0.068621159 | V62: IMPNRGZ | AC62: elc_industry | AD62: S02aH04 | AE62: 0.084212449 | AK62: 2029 | AL62: S03 | AM62: 0.302 | AN62: hydro
I63: elc_spv_002 | J63: S02aH05 | K63: 0.029206885 | L63: IMPNRGZ | N63: elc_won_002 | O63: S02aH05 | P63: 0.01605491 | Q63: IMPNRGZ | S63: elc_wof_002 | T63: S02aH05 | U63: 0.012995308 | V63: IMPNRGZ | AC63: elc_industry | AD63: S02aH05 | AE63: 0.014039976 | AK63: 2029 | AL63: S04 | AM63: 0.2747 | AN63: hydro
I64: elc_spv_002 | J64: S02aH06 | K64: 0.038775966 | L64: IMPNRGZ | N64: elc_won_002 | O64: S02aH06 | P64: 0.098568579 | Q64: IMPNRGZ | S64: elc_wof_002 | T64: S02aH06 | U64: 0.10147511 | V64: IMPNRGZ | AC64: elc_industry | AD64: S02aH06 | AE64: 0.097711735 | AK64: 2029 | AL64: S05 | AM64: 0.2021 | AN64: hydro
... I94: elc_spv_002 | J94: S07aH06 | K94: 0 | L94: IMPNRGZ | N94: elc_won_002 | O94: S07aH06 | P94: 0.023731281 | Q94: IMPNRGZ | S94: elc_wof_002 | T94: S07aH06 | U94: 0.021554129 | V94: IMPNRGZ | AC94: elc_industry | AD94: S07aH06 | AE94: 0.024887314 | AK94: 2033 | AL94: S07 | AM94: 0.2135 | AN94: hydro
I95: elc_spv_003 | J95: S01aH01 | K95: 0.00046193129 | L95: IMPNRGZ | N95: elc_won_003 | O95: S01aH01 | P95: 0.072301918 | Q95: IMPNRGZ | S95: elc_wof_003 | T95: S01aH01 | U95: 0.068807358 | V95: IMPNRGZ | AK95: 2034 | AL95: S01 | AM95: 0.1691 | AN95: hydro
I96: elc_spv_003 | J96: S01aH02 | K96: 0.0078077694 | L96: IMPNRGZ | N96: elc_won_003 | O96: S01aH02 | P96: 0.0097150533 | Q96: IMPNRGZ | S96: elc_wof_003 | T96: S01aH02 | U96: 0.0078023769 | V96: IMPNRGZ | AK96: 2034 | AL96: S02 | AM96: 0.2609 | AN96: hydro
I97: elc_spv_003 | J97: S01aH03 | K97: 0.012293148 | L97: IMPNRGZ | N97: elc_won_003 | O97: S01aH03 | P97: 0.0095942164 | Q97: IMPNRGZ | S97: elc_wof_003 | T97: S01aH03 | U97: 0.0076875368 | V97: IMPNRGZ | AK97: 2034 | AL97: S03 | AM97: 0.3282 | AN97: hydro
I98: elc_spv_003 | J98: S01aH04 | K98: 0.083076473 | L98: IMPNRGZ | N98: elc_won_003 | O98: S01aH04 | P98: 0.056128805 | Q98: IMPNRGZ | S98: elc_wof_003 | T98: S01aH04 | U98: 0.047481032 | V98: IMPNRGZ | AK98: 2034 | AL98: S04 | AM98: 0.2851 | AN98: hydro
I99: elc_spv_003 | J99: S01aH05 | K99: 0.0089697494 | L99: IMPNRGZ | N99: elc_won_003 | O99: S01aH05 | P99: 0.0091865735 | Q99: IMPNRGZ | S99: elc_wof_003 | T99: S01aH05 | U99: 0.008290845 | V99: IMPNRGZ | AK99: 2034 | AL99: S05 | AM99: 0.2129 | AN99: hydro
I100: elc_spv_003 | J100: S01aH06 | K100: 0.0031007801 | L100: IMPNRGZ | N100: elc_won_003 | O100: S01aH06 | P100: 0.065044374 | Q100: IMPNRGZ | S100: elc_wof_003 | T100: S01aH06 | U100: 0.063314425 | V100: IMPNRGZ | AK100: 2034 | AL100: S06 | AM100: 0.2159 | AN100: hydro
I101: elc_spv_003 | J101: S02aH01 | K101: 0.043528391 | L101: IMPNRGZ | N101: elc_won_003 | O101: S02aH01 | P101: 0.094842705 | Q101: IMPNRGZ | S101: elc_wof_003 | T101: S02aH01 | U101: 0.13105215 | V101: IMPNRGZ | AK101: 2034 | AL101: S07 | AM101: 0.2054 | AN101: hydro
I102: elc_spv_003 | J102: S02aH02 | K102: 0.032176504 | L102: IMPNRGZ | N102: elc_won_003 | O102: S02aH02 | P102: 0.013189382 | Q102: IMPNRGZ | S102: elc_wof_003 | T102: S02aH02 | U102: 0.014124466 | V102: IMPNRGZ | AK102: 2035 | AL102: S01 | AM102: 0.1703 | AN102: hydro
I103: elc_spv_003 | J103: S02aH03 | K103: 0.036560815 | L103: IMPNRGZ | N103: elc_won_003 | O103: S02aH03 | P103: 0.013672767 | Q103: IMPNRGZ | S103: elc_wof_003 | T103: S02aH03 | U103: 0.013657454 | V103: IMPNRGZ | AK103: 2035 | AL103: S02 | AM103: 0.251 | AN103: hydro
I104: elc_spv_003 | J104: S02aH04 | K104: 0.22034134 | L104: IMPNRGZ | N104: elc_won_003 | O104: S02aH04 | P104: 0.092235094 | Q104: IMPNRGZ | S104: elc_wof_003 | T104: S02aH04 | U104: 0.078159285 | V104: IMPNRGZ | AK104: 2035 | AL104: S03 | AM104: 0.3323 | AN104: hydro
I105: elc_spv_003 | J105: S02aH05 | K105: 0.028129964 | L105: IMPNRGZ | N105: elc_won_003 | O105: S02aH05 | P105: 0.01745904 | Q105: IMPNRGZ | S105: elc_wof_003 | T105: S02aH05 | U105: 0.015076773 | V105: IMPNRGZ | AK105: 2035 | AL105: S04 | AM105: 0.2528 | AN105: hydro
I106: elc_spv_003 | J106: S02aH06 | K106: 0.038323102 | L106: IMPNRGZ | N106: elc_won_003 | O106: S02aH06 | P106: 0.10088247 | Q106: IMPNRGZ | S106: elc_wof_003 | T106: S02aH06 | U106: 0.11581094 | V106: IMPNRGZ | AK106: 2035 | AL106: S05 | AM106: 0.2318 | AN106: hydro
... I213: elc_spv_005 | J213: S06aH05 | K213: 0.0054983168 | L213: IMPNRGZ | N213: elc_won_005 | O213: S06aH05 | P213: 0.011757146 | Q213: IMPNRGZ | S213: elc_wof_005 | T213: S06aH05 | U213: 0.0067881673 | V213: IMPNRGZ | AK213: 2050 | AL213: S07 | AM213: 0.1942 | AN213: hydro
I214: elc_spv_005 | J214: S06aH06 | K214: 0.00055328263 | L214: IMPNRGZ | N214: elc_won_005 | O214: S06aH06 | P214: 0.081860553 | Q214: IMPNRGZ | S214: elc_wof_005 | T214: S06aH06 | U214: 0.052081907 | V214: IMPNRGZ
I215: elc_spv_005 | J215: S07aH01 | K215: 0 | L215: IMPNRGZ | N215: elc_won_005 | O215: S07aH01 | P215: 0.035597461 | Q215: IMPNRGZ | S215: elc_wof_005 | T215: S07aH01 | U215: 0.025376274 | V215: IMPNRGZ
I216: elc_spv_005 | J216: S07aH02 | K216: 0.0037416376 | L216: IMPNRGZ | N216: elc_won_005 | O216: S07aH02 | P216: 0.0041659106 | Q216: IMPNRGZ | S216: elc_wof_005 | T216: S07aH02 | U216: 0.0030936697 | V216: IMPNRGZ
I217: elc_spv_005 | J217: S07aH03 | K217: 0.0062008969 | L217: IMPNRGZ | N217: elc_won_005 | O217: S07aH03 | P217: 0.0040101787 | Q217: IMPNRGZ | S217: elc_wof_005 | T217: S07aH03 | U217: 0.0030216695 | V217: IMPNRGZ
I218: elc_spv_005 | J218: S07aH04 | K218: 0.041864701 | L218: IMPNRGZ | N218: elc_won_005 | O218: S07aH04 | P218: 0.021742133 | Q218: IMPNRGZ | S218: elc_wof_005 | T218: S07aH04 | U218: 0.01829414 | V218: IMPNRGZ
I219: elc_spv_005 | J219: S07aH05 | K219: 0.0001387562 | L219: IMPNRGZ | N219: elc_won_005 | O219: S07aH05 | P219: 0.0035313766 | Q219: IMPNRGZ | S219: elc_wof_005 | T219: S07aH05 | U219: 0.0030680747 | V219: IMPNRGZ
I220: elc_spv_005 | J220: S07aH06 | K220: 0 | L220: IMPNRGZ | N220: elc_won_005 | O220: S07aH06 | P220: 0.024379585 | Q220: IMPNRGZ | S220: elc_wof_005 | T220: S07aH06 | U220: 0.019638244 | V220: IMPNRGZ
I221: elc_spv_006 | J221: S01aH01 | K221: 0.0013057476 | L221: IMPNRGZ | N221: elc_won_006 | O221: S01aH01 | P221: 0.057021525 | Q221: IMPNRGZ | S221: elc_wof_006 | T221: S01aH01 | U221: 0.074174175 | V221: IMPNRGZ
I222: elc_spv_006 | J222: S01aH02 | K222: 0.0083001648 | L222: IMPNRGZ | N222: elc_won_006 | O222: S01aH02 | P222: 0.005748506 | Q222: IMPNRGZ | S222: elc_wof_006 | T222: S01aH02 | U222: 0.0096931264 | V222: IMPNRGZ
I223: elc_spv_006 | J223: S01aH03 | K223: 0.013255284 | L223: IMPNRGZ | N223: elc_won_006 | O223: S01aH03 | P223: 0.0050444061 | Q223: IMPNRGZ | S223: elc_wof_006 | T223: S01aH03 | U223: 0.0098316798 | V223: IMPNRGZ
I224: elc_spv_006 | J224: S01aH04 | K224: 0.088619799 | L224: IMPNRGZ | N224: elc_won_006 | O224: S01aH04 | P224: 0.040795232 | Q224: IMPNRGZ | S224: elc_wof_006 | T224: S01aH04 | U224: 0.061711154 | V224: IMPNRGZ
I225: elc_spv_006 | J225: S01aH05 | K225: 0.0078780138 | L225: IMPNRGZ | N225: elc_won_006 | O225: S01aH05 | P225: 0.0068011613 | Q225: IMPNRGZ | S225: elc_wof_006 | T225: S01aH05 | U225: 0.010564011 | V225: IMPNRGZ
... I808: elc_spv_019 | J808: S07aH06 | K808: 1.6851747e-05 | L808: IMPNRGZ | N808: elc_won_019 | O808: S07aH06 | P808: 0.012598507 | Q808: IMPNRGZ | S808: elc_wof_019 | T808: S07aH06 | U808: 0.023810353 | V808: IMPNRGZ
I809: elc_spv_020 | J809: S01aH01 | K809: 0 | L809: IMPNRGZ
I810: elc_spv_020 | J810: S01aH02 | K810: 0.0023845296 | L810: IMPNRGZ
I811: elc_spv_020 | J811: S01aH03 | K811: 0.0081085416 | L811: IMPNRGZ
I812: elc_spv_020 | J812: S01aH04 | K812: 0.07653129 | L812: IMPNRGZ
I813: elc_spv_020 | J813: S01aH05 | K813: 0.011032349 | L813: IMPNRGZ
I814: elc_spv_020 | J814: S01aH06 | K814: 0.0090936965 | L814: IMPNRGZ
I815: elc_spv_020 | J815: S02aH01 | K815: 0.020524485 | L815: IMPNRGZ
I816: elc_spv_020 | J816: S02aH02 | K816: 0.025208719 | L816: IMPNRGZ
I817: elc_spv_020 | J817: S02aH03 | K817: 0.032728678 | L817: IMPNRGZ
I818: elc_spv_020 | J818: S02aH04 | K818: 0.23242378 | L818: IMPNRGZ
I819: elc_spv_020 | J819: S02aH05 | K819: 0.03343868 | L819: IMPNRGZ
I820: elc_spv_020 | J820: S02aH06 | K820: 0.059073942 | L820: IMPNRGZ
... I1018: elc_spv_024 | J1018: S07aH06 | K1018: 0.00028923137 | L1018: IMPNRGZ

Sheet s1v1_d
C9: =IF(A11="x","DeActivated","~TimeSlices") -> DeActivated | I9: =IF(A11="x","DeActivated","~TFM_DINS-AT") -> DeActivated | N9: =IF(A11="x","DeActivated","~TFM_DINS-AT") -> DeActivated | S9: =IF(A11="x","DeActivated","~TFM_DINS-AT") -> DeActivated | X9: =IF(A11="x","DeActivated","~TFM_DINS-AT") -> DeActivated | AC9: =IF(A11="x","DeActivated","~TFM_DINS-AT") -> DeActivated | AG9: =IF(A11="x","DeActivated","~TFM_DINS-AT") -> DeActivated | AK9: =IF(A11="x","DeActivated","~TFM_INS-AT") -> DeActivated
A10: s1v1_d | C10: season | D10: weekly | E10: daynite | F10: wparent | G10: dparent | I10: commodity | J10: timeslice | K10: com_fr | L10: process | N10: commodity | O10: timeslice | P10: com_fr | Q10: process | S10: commodity | T10: timeslice | U10: com_fr | V10: process | X10: g_yrfr | Y10: com_fr | Z10: timeslice | AA10: commodity | AC10: commodity | AD10: timeslice | AE10: com_fr | AG10: commodity | AH10: timeslice | AI10: com_pkflx | AK10: Year | AL10: timeslice | AM10: ncap_afs | AN10: pset_ci
A11: =IFERROR(IF(Veda!D5=A10,"ok","x"),"") -> x | C11: S01 | D11: a | E11: 0925h01 | F11: S01,S02,S03,S04,S05,S06,S07 | G11: b | I11: elc_spv_001 | J11: S01aH01 | K11: 0.00063754206 | L11: IMPNRGZ | N11: elc_won_001 | O11: S01aH01 | P11: 0.064828535 | Q11: IMPNRGZ | S11: elc_wof_001 | T11: S01aH01 | U11: 0.06866819 | V11: IMPNRGZ | X11: 0.053881279 | Y11: 0.029864505 | Z11: S01aH01 | AA11: elc_roadtransport | AC11: elc_buildings | AD11: S01aH01 | AE11: 0.04941315 | AG11: ELC | AH11: S01aH01 | AI11: 0.30170208 | AK11: 2020 | AL11: S01 | AM11: 0.20444939 | AN11: hydro
C12: S02 | D12: b | E12: 0925h02 | F12: S05 | G12: b | I12: elc_spv_001 | J12: S01aH02 | K12: 0.007235259 | L12: IMPNRGZ | N12: elc_won_001 | O12: S01aH02 | P12: 0.0074131828 | Q12: IMPNRGZ | S12: elc_wof_001 | T12: S01aH02 | U12: 0.0081268559 | V12: IMPNRGZ | X12: 0.0067351598 | Y12: 0.0086053585 | Z12: S01aH02 | AA12: elc_roadtransport | AC12: elc_buildings | AD12: S01aH02 | AE12: 0.0083943859 | AG12: ELC | AH12: S01aH02 | AI12: 0.047484009 | AK12: 2020 | AL12: S02 | AM12: 0.29145161 | AN12: hydro
C13: S03 | D13: c | E13: 0925h03 | F13: S07 | G13: b | I13: elc_spv_001 | J13: S01aH03 | K13: 0.012089442 | L13: IMPNRGZ | N13: elc_won_001 | O13: S01aH03 | P13: 0.0068657912 | Q13: IMPNRGZ | S13: elc_wof_001 | T13: S01aH03 | U13: 0.0081269404 | V13: IMPNRGZ | X13: 0.0067351598 | Y13: 0.0085271279 | Z13: S01aH03 | AA13: elc_roadtransport | AC13: elc_buildings | AD13: S01aH03 | AE13: 0.0085234446 | AG13: ELC | AH13: S01aH03 | AI13: 0.04519733 | AK13: 2020 | AL13: S03 | AM13: 0.31541219 | AN13: hydro
C14: S04 | E14: 0925h04 | G14: b | I14: elc_spv_001 | J14: S01aH04 | K14: 0.090128861 | L14: IMPNRGZ | N14: elc_won_001 | O14: S01aH04 | P14: 0.036095868 | Q14: IMPNRGZ | S14: elc_wof_001 | T14: S01aH04 | U14: 0.049841672 | V14: IMPNRGZ | X14: 0.040410959 | Y14: 0.052844724 | Z14: S01aH04 | AA14: elc_roadtransport | AC14: elc_buildings | AD14: S01aH04 | AE14: 0.050248408 | AG14: ELC | AH14: S01aH04 | AI14: 0.064766515 | AK14: 2020 | AL14: S04 | AM14: 0.28172043 | AN14: hydro
C15: S05 | E15: 0925h05 | G15: b | I15: elc_spv_001 | J15: S01aH05 | K15: 0.0091093059 | L15: IMPNRGZ | N15: elc_won_001 | O15: S01aH05 | P15: 0.00717349 | Q15: IMPNRGZ | S15: elc_wof_001 | T15: S01aH05 | U15: 0.0087906453 | V15: IMPNRGZ | X15: 0.0067351598 | Y15: 0.013103614 | Z15: S01aH05 | AA15: elc_roadtransport | AC15: elc_buildings | AD15: S01aH05 | AE15: 0.0086310567 | AG15: ELC | AH15: S01aH05 | AI15: 0.062164802 | AK15: 2020 | AL15: S05 | AM15: 0.26814815 | AN15: hydro
C16: S06 | E16: 0925h06 | G16: b | I16: elc_spv_001 | J16: S01aH06 | K16: 0.0028461972 | L16: IMPNRGZ | N16: elc_won_001 | O16: S01aH06 | P16: 0.058821264 | Q16: IMPNRGZ | S16: elc_wof_001 | T16: S01aH06 | U16: 0.062602418 | V16: IMPNRGZ | X16: 0.047146119 | Y16: 0.048698506 | Z16: S01aH06 | AA16: elc_roadtransport | AC16: elc_buildings | AD16: S01aH06 | AE16: 0.054728049 | AG16: ELC | AH16: S01aH06 | AI16: 0.15334979 | AK16: 2020 | AL16: S06 | AM16: 0.25526882 | AN16: hydro
C17: S07 | E17: 0925h07 | G17: b | I17: elc_spv_001 | J17: S02aH01 | K17: 0.036890601 | L17: IMPNRGZ | N17: elc_won_001 | O17: S02aH01 | P17: 0.1166189 | Q17: IMPNRGZ | S17: elc_wof_001 | T17: S02aH01 | U17: 0.11714684 | V17: IMPNRGZ | X17: 0.11141553 | Y17: 0.061753723 | Z17: S02aH01 | AA17: elc_roadtransport | AC17: elc_buildings | AD17: S02aH01 | AE17: 0.090904601 | AG17: ELC | AH17: S02aH01 | AI17: 0.39609049 | AK17: 2020 | AL17: S07 | AM17: 0.23154122 | AN17: hydro
E18: 0925h08 | G18: b | I18: elc_spv_001 | J18: S02aH02 | K18: 0.03098125 | L18: IMPNRGZ | N18: elc_won_001 | O18: S02aH02 | P18: 0.012037205 | Q18: IMPNRGZ | S18: elc_wof_001 | T18: S02aH02 | U18: 0.012893721 | V18: IMPNRGZ | X18: 0.013926941 | Y18: 0.017794131 | Z18: S02aH02 | AA18: elc_roadtransport | AC18: elc_buildings | AD18: S02aH02 | AE18: 0.014801271 | AG18: ELC | AH18: S02aH02 | AI18: 0.17260864 | AK18: 2021 | AL18: S01 | AM18: 0.24603807 | AN18: hydro
E19: 0925h09 | G19: b | I19: elc_spv_001 | J19: S02aH03 | K19: 0.03787145 | L19: IMPNRGZ | N19: elc_won_001 | O19: S02aH03 | P19: 0.011232926 | Q19: IMPNRGZ | S19: elc_wof_001 | T19: S02aH03 | U19: 0.012158599 | V19: IMPNRGZ | X19: 0.013926941 | Y19: 0.017632366 | Z19: S02aH03 | AA19: elc_roadtransport | AC19: elc_buildings | AD19: S02aH03 | AE19: 0.014950244 | AG19: ELC | AH19: S02aH03 | AI19: 0.16646817 | AK19: 2021 | AL19: S02 | AM19: 0.26922212 | AN19: hydro
E20: 0925h10 | G20: b | I20: elc_spv_001 | J20: S02aH04 | K20: 0.23912916 | L20: IMPNRGZ | N20: elc_won_001 | O20: S02aH04 | P20: 0.063417342 | Q20: IMPNRGZ | S20: elc_wof_001 | T20: S02aH04 | U20: 0.074842824 | V20: IMPNRGZ | X20: 0.083561644 | Y20: 0.10927214 | Z20: S02aH04 | AA20: elc_roadtransport | AC20: elc_buildings | AD20: S02aH04 | AE20: 0.08871793 | AG20: ELC | AH20: S02aH04 | AI20: 0.17061162 | AK20: 2021 | AL20: S03 | AM20: 0.33584287 | AN20: hydro
E21: 0925h11 | G21: b | I21: elc_spv_001 | J21: S02aH05 | K21: 0.030327046 | L21: IMPNRGZ | N21: elc_won_001 | O21: S02aH05 | P21: 0.012796742 | Q21: IMPNRGZ | S21: elc_wof_001 | T21: S02aH05 | U21: 0.016533281 | V21: IMPNRGZ | X21: 0.013926941 | Y21: 0.027095609 | Z21: S02aH05 | AA21: elc_roadtransport | AC21: elc_buildings | AD21: S02aH05 | AE21: 0.014843447 | AG21: ELC | AH21: S02aH05 | AI21: 0.18674182 | AK21: 2021 | AL21: S04 | AM21: 0.30726049 | AN21: hydro
E22: 0925h12 | G22: b | I22: elc_spv_001 | J22: S02aH06 | K22: 0.039177781 | L22: IMPNRGZ | N22: elc_won_001 | O22: S02aH06 | P22: 0.093504477 | Q22: IMPNRGZ | S22: elc_wof_001 | T22: S02aH06 | U22: 0.11989268 | V22: IMPNRGZ | X22: 0.097488584 | Y22: 0.10069861 | Z22: S02aH06 | AA22: elc_roadtransport | AC22: elc_buildings | AD22: S02aH06 | AE22: 0.096799028 | AG22: ELC | AH22: S02aH06 | AI22: 0.26211435 | AK22: 2021 | AL22: S05 | AM22: 0.20010042 | AN22: hydro
E23: 0925h13 | G23: b | I23: elc_spv_001 | J23: S03aH01 | K23: 0.012969968 | L23: IMPNRGZ | N23: elc_won_001 | O23: S03aH01 | P23: 0.016572055 | Q23: IMPNRGZ | S23: elc_wof_001 | T23: S03aH01 | U23: 0.017417922 | V23: IMPNRGZ | X23: 0.028310502 | Y23: 0.01569152 | Z23: S03aH01 | AA23: elc_roadtransport | AC23: elc_buildings | AD23: S03aH01 | AE23: 0.023847088 | AG23: ELC | AH23: S03aH01 | AI23: 0.29079454 | AK23: 2021 | AL23: S06 | AM23: 0.19208545 | AN23: hydro
E24: 0925h14 | G24: b | I24: elc_spv_001 | J24: S03aH02 | K24: 0.00905701 | L24: IMPNRGZ | N24: elc_won_001 | O24: S03aH02 | P24: 0.0012235336 | Q24: IMPNRGZ | S24: elc_wof_001 | T24: S03aH02 | U24: 0.0019935651 | V24: IMPNRGZ | X24: 0.0035388128 | Y24: 0.0045214595 | Z24: S03aH02 | AA24: elc_roadtransport | AC24: elc_buildings | AD24: S03aH02 | AE24: 0.0039226118 | AG24: ELC | AH24: S03aH02 | AI24: 0.074383366 | AK24: 2021 | AL24: S07 | AM24: 0.18792909 | AN24: hydro
E25: 0925h15 | G25: b | I25: elc_spv_001 | J25: S03aH03 | K25: 0.010424155 | L25: IMPNRGZ | N25: elc_won_001 | O25: S03aH03 | P25: 0.0012093637 | Q25: IMPNRGZ | S25: elc_wof_001 | T25: S03aH03 | U25: 0.0019207938 | V25: IMPNRGZ | X25: 0.0035388128 | Y25: 0.0044803554 | Z25: S03aH03 | AA25: elc_roadtransport | AC25: elc_buildings | AD25: S03aH03 | AE25: 0.0039935522 | AG25: ELC | AH25: S03aH03 | AI25: 0.069020627 | AK25: 2022 | AL25: S01 | AM25: 0.13808808 | AN25: hydro
E26: 0925h16 | G26: b | I26: elc_spv_001 | J26: S03aH04 | K26: 0.060481442 | L26: IMPNRGZ | N26: elc_won_001 | O26: S03aH04 | P26: 0.0067963857 | Q26: IMPNRGZ | S26: elc_wof_001 | T26: S03aH04 | U26: 0.013590984 | V26: IMPNRGZ | X26: 0.021232877 | Y26: 0.027765872 | Z26: S03aH04 | AA26: elc_roadtransport | AC26: elc_buildings | AD26: S03aH04 | AE26: 0.024369651 | AG26: ELC | AH26: S03aH04 | AI26: 0.077676552 | AK26: 2022 | AL26: S02 | AM26: 0.16723564 | AN26: hydro
E27: 0925h17 | G27: b | I27: elc_spv_001 | J27: S03aH05 | K27: 0.0074231169 | L27: IMPNRGZ | N27: elc_won_001 | O27: S03aH05 | P27: 0.0010893799 | Q27: IMPNRGZ | S27: elc_wof_001 | T27: S03aH05 | U27: 0.0033008992 | V27: IMPNRGZ | X27: 0.0035388128 | Y27: 0.0068849497 | Z27: S03aH05 | AA27: elc_roadtransport | AC27: elc_buildings | AD27: S03aH05 | AE27: 0.0040189562 | AG27: ELC | AH27: S03aH05 | AI27: 0.070840188 | AK27: 2022 | AL27: S03 | AM27: 0.22223926 | AN27: hydro
E28: 0925h18 | G28: b | I28: elc_spv_001 | J28: S03aH06 | K28: 0.012521754 | L28: IMPNRGZ | N28: elc_won_001 | O28: S03aH06 | P28: 0.0083676261 | Q28: IMPNRGZ | S28: elc_wof_001 | T28: S03aH06 | U28: 0.023130289 | V28: IMPNRGZ | X28: 0.024771689 | Y28: 0.025587351 | Z28: S03aH06 | AA28: elc_roadtransport | AC28: elc_buildings | AD28: S03aH06 | AE28: 0.026192679 | AG28: ELC | AH28: S03aH06 | AI28: 0.126544 | AK28: 2022 | AL28: S04 | AM28: 0.1704071 | AN28: hydro
E29: 0925h19 | G29: b | I29: elc_spv_001 | J29: S04aH01 | K29: 0.010813125 | L29: IMPNRGZ | N29: elc_won_001 | O29: S04aH01 | P29: 0.034882492 | Q29: IMPNRGZ | S29: elc_wof_001 | T29: S04aH01 | U29: 0.020534219 | V29: IMPNRGZ | X29: 0.028310502 | Y29: 0.01569152 | Z29: S04aH01 | AA29: elc_roadtransport | AC29: elc_buildings | AD29: S04aH01 | AE29: 0.023274743 | AG29: ELC | AH29: S04aH01 | AI29: 0.29227722 | AK29: 2022 | AL29: S05 | AM29: 0.13940248 | AN29: hydro
... E64: H06 | G64: a | I64: elc_spv_001 | J64: S05b0925h24 | K64: 0 | L64: IMPNRGZ | N64: elc_won_001 | O64: S05b0925h24 | P64: 7.9125642e-05 | Q64: IMPNRGZ | S64: elc_wof_001 | T64: S05b0925h24 | U64: 1.1583403e-05 | V64: IMPNRGZ | X64: 0.00011415525 | Y64: 2.9833677e-05 | Z64: S05b0925h24 | AA64: elc_roadtransport | AC64: elc_buildings | AD64: S05b0925h24 | AE64: 9.1416837e-05 | AG64: ELC | AH64: S05b0925h24 | AI64: 0 | AK64: 2029 | AL64: S05 | AM64: 0.2021 | AN64: hydro
I65: elc_spv_001 | J65: S06aH01 | K65: 0.0021464249 | L65: IMPNRGZ | N65: elc_won_001 | O65: S06aH01 | P65: 0.090139093 | Q65: IMPNRGZ | S65: elc_wof_001 | T65: S06aH01 | U65: 0.060580293 | V65: IMPNRGZ | X65: 0.055707763 | Y65: 0.030876861 | Z65: S06aH01 | AA65: elc_roadtransport | AC65: elc_buildings | AD65: S06aH01 | AE65: 0.045233736 | AG65: ELC | AH65: S06aH01 | AI65: 0.32286054 | AK65: 2029 | AL65: S06 | AM65: 0.1963 | AN65: hydro
I66: elc_spv_001 | J66: S06aH02 | K66: 0.006734721 | L66: IMPNRGZ | N66: elc_won_001 | O66: S06aH02 | P66: 0.010382646 | Q66: IMPNRGZ | S66: elc_wof_001 | T66: S06aH02 | U66: 0.0078333841 | V66: IMPNRGZ | X66: 0.0069634703 | Y66: 0.0088970655 | Z66: S06aH02 | AA66: elc_roadtransport | AC66: elc_buildings | AD66: S06aH02 | AE66: 0.0073211284 | AG66: ELC | AH66: S06aH02 | AI66: 0.12772812 | AK66: 2029 | AL66: S07 | AM66: 0.1898 | AN66: hydro
I67: elc_spv_001 | J67: S06aH03 | K67: 0.010394651 | L67: IMPNRGZ | N67: elc_won_001 | O67: S06aH03 | P67: 0.0097066854 | Q67: IMPNRGZ | S67: elc_wof_001 | T67: S06aH03 | U67: 0.0076402341 | V67: IMPNRGZ | X67: 0.0069634703 | Y67: 0.0088161831 | Z67: S06aH03 | AA67: elc_roadtransport | AC67: elc_buildings | AD67: S06aH03 | AE67: 0.0074775285 | AG67: ELC | AH67: S06aH03 | AI67: 0.12961216 | AK67: 2030 | AL67: S01 | AM67: 0.17745 | AN67: hydro
I68: elc_spv_001 | J68: S06aH04 | K68: 0.072443776 | L68: IMPNRGZ | N68: elc_won_001 | O68: S06aH04 | P68: 0.054141747 | Q68: IMPNRGZ | S68: elc_wof_001 | T68: S06aH04 | U68: 0.045243324 | V68: IMPNRGZ | X68: 0.041780822 | Y68: 0.054636071 | Z68: S06aH04 | AA68: elc_roadtransport | AC68: elc_buildings | AD68: S06aH04 | AE68: 0.044446403 | AG68: ELC | AH68: S06aH04 | AI68: 0.13236893 | AK68: 2030 | AL68: S02 | AM68: 0.263975 | AN68: hydro
I69: elc_spv_001 | J69: S06aH05 | K69: 0.006300317 | L69: IMPNRGZ | N69: elc_won_001 | O69: S06aH05 | P69: 0.0096197511 | Q69: IMPNRGZ | S69: elc_wof_001 | T69: S06aH05 | U69: 0.0090917593 | V69: IMPNRGZ | X69: 0.0069634703 | Y69: 0.013547804 | Z69: S06aH05 | AA69: elc_roadtransport | AC69: elc_buildings | AD69: S06aH05 | AE69: 0.0074721518 | AG69: ELC | AH69: S06aH05 | AI69: 0.14998893 | AK69: 2030 | AL69: S03 | AM69: 0.3032 | AN69: hydro
I70: elc_spv_001 | J70: S06aH06 | K70: 0.00088602873 | L70: IMPNRGZ | N70: elc_won_001 | O70: S06aH06 | P70: 0.074007525 | Q70: IMPNRGZ | S70: elc_wof_001 | T70: S06aH06 | U70: 0.064318403 | V70: IMPNRGZ | X70: 0.048744292 | Y70: 0.050349303 | Z70: S06aH06 | AA70: elc_roadtransport | AC70: elc_buildings | AD70: S06aH06 | AE70: 0.04934792 | AG70: ELC | AH70: S06aH06 | AI70: 0.221174 | AK70: 2030 | AL70: S04 | AM70: 0.2692 | AN70: hydro
I71: elc_spv_001 | J71: S07aH01 | K71: 0 | L71: IMPNRGZ | N71: elc_won_001 | O71: S07aH01 | P71: 0.036217819 | Q71: IMPNRGZ | S71: elc_wof_001 | T71: S07aH01 | U71: 0.025475586 | V71: IMPNRGZ | X71: 0.02739726 | Y71: 0.015185342 | Z71: S07aH01 | AA71: elc_roadtransport | AC71: elc_buildings | AD71: S07aH01 | AE71: 0.024433566 | AG71: ELC | AH71: S07aH01 | AI71: 0.3030972 | AK71: 2030 | AL71: S05 | AM71: 0.2372 | AN71: hydro
I72: elc_spv_001 | J72: S07aH02 | K72: 0.0033010431 | L72: IMPNRGZ | N72: elc_won_001 | O72: S07aH02 | P72: 0.0043747659 | Q72: IMPNRGZ | S72: elc_wof_001 | T72: S07aH02 | U72: 0.0036240314 | V72: IMPNRGZ | X72: 0.0034246575 | Y72: 0.004375606 | Z72: S07aH02 | AA72: elc_roadtransport | AC72: elc_buildings | AD72: S07aH02 | AE72: 0.0041397267 | AG72: ELC | AH72: S07aH02 | AI72: 0.060200684 | AK72: 2030 | AL72: S06 | AM72: 0.21185 | AN72: hydro
I73: elc_spv_001 | J73: S07aH03 | K73: 0.00547957 | L73: IMPNRGZ | N73: elc_won_001 | O73: S07aH03 | P73: 0.0041125278 | Q73: IMPNRGZ | S73: elc_wof_001 | T73: S07aH03 | U73: 0.0036336015 | V73: IMPNRGZ | X73: 0.0034246575 | Y73: 0.0043358278 | Z73: S07aH03 | AA73: elc_roadtransport | AC73: elc_buildings | AD73: S07aH03 | AE73: 0.0042003193 | AG73: ELC | AH73: S07aH03 | AI73: 0.058722576 | AK73: 2030 | AL73: S07 | AM73: 0.1824 | AN73: hydro
I74: elc_spv_001 | J74: S07aH04 | K74: 0.039972864 | L74: IMPNRGZ | N74: elc_won_001 | O74: S07aH04 | P74: 0.022367601 | Q74: IMPNRGZ | S74: elc_wof_001 | T74: S07aH04 | U74: 0.020157019 | V74: IMPNRGZ | X74: 0.020547945 | Y74: 0.026870199 | Z74: S07aH04 | AA74: elc_roadtransport | AC74: elc_buildings | AD74: S07aH04 | AE74: 0.024355114 | AG74: ELC | AH74: S07aH04 | AI74: 0.075106179 | AK74: 2031 | AL74: S01 | AM74: 0.17805 | AN74: hydro
I75: elc_spv_001 | J75: S07aH05 | K75: 0.0028573326 | L75: IMPNRGZ | N75: elc_won_001 | O75: S07aH05 | P75: 0.003206612 | Q75: IMPNRGZ | S75: elc_wof_001 | T75: S07aH05 | U75: 0.0031078692 | V75: IMPNRGZ | X75: 0.0034246575 | Y75: 0.0066628546 | Z75: S07aH05 | AA75: elc_roadtransport | AC75: elc_buildings | AD75: S07aH05 | AE75: 0.0041987311 | AG75: ELC | AH75: S07aH05 | AI75: 0.059679674 | AK75: 2031 | AL75: S02 | AM75: 0.256625 | AN75: hydro
I76: elc_spv_001 | J76: S07aH06 | K76: 0 | L76: IMPNRGZ | N76: elc_won_001 | O76: S07aH06 | P76: 0.021756115 | Q76: IMPNRGZ | S76: elc_wof_001 | T76: S07aH06 | U76: 0.019601461 | V76: IMPNRGZ | X76: 0.023972603 | Y76: 0.024761952 | Z76: S07aH06 | AA76: elc_roadtransport | AC76: elc_buildings | AD76: S07aH06 | AE76: 0.026994762 | AG76: ELC | AH76: S07aH06 | AI76: 0.15746259 | AK76: 2031 | AL76: S03 | AM76: 0.3189 | AN76: hydro
... I100: elc_spv_001 | J100: S07c1209h24 | K100: 0 | L100: IMPNRGZ | N100: elc_won_001 | O100: S07c1209h24 | P100: 2.0762053e-07 | Q100: IMPNRGZ | S100: elc_wof_001 | T100: S07c1209h24 | U100: 6.5780094e-05 | V100: IMPNRGZ | X100: 0.00011415525 | Y100: 2.9833677e-05 | Z100: S07c1209h24 | AA100: elc_roadtransport | AC100: elc_buildings | AD100: S07c1209h24 | AE100: 0.0001004053 | AG100: ELC | AH100: S07c1209h24 | AI100: 0 | AK100: 2034 | AL100: S06 | AM100: 0.2159 | AN100: hydro
I101: elc_spv_002 | J101: S01aH01 | K101: 0.00051548577 | L101: IMPNRGZ | N101: elc_won_002 | O101: S01aH01 | P101: 0.067031166 | Q101: IMPNRGZ | S101: elc_wof_002 | T101: S01aH01 | U101: 0.067317426 | V101: IMPNRGZ | AC101: elc_industry | AD101: S01aH01 | AE101: 0.053084237 | AK101: 2034 | AL101: S07 | AM101: 0.2054 | AN101: hydro
I102: elc_spv_002 | J102: S01aH02 | K102: 0.0067661742 | L102: IMPNRGZ | N102: elc_won_002 | O102: S01aH02 | P102: 0.0087855213 | Q102: IMPNRGZ | S102: elc_wof_002 | T102: S01aH02 | U102: 0.0080379846 | V102: IMPNRGZ | AC102: elc_industry | AD102: S01aH02 | AE102: 0.0068128513 | AK102: 2035 | AL102: S01 | AM102: 0.1703 | AN102: hydro
I103: elc_spv_002 | J103: S01aH03 | K103: 0.01087102 | L103: IMPNRGZ | N103: elc_won_002 | O103: S01aH03 | P103: 0.0086955578 | Q103: IMPNRGZ | S103: elc_wof_002 | T103: S01aH03 | U103: 0.0081333198 | V103: IMPNRGZ | AC103: elc_industry | AD103: S01aH03 | AE103: 0.0068231703 | AK103: 2035 | AL103: S02 | AM103: 0.251 | AN103: hydro
I104: elc_spv_002 | J104: S01aH04 | K104: 0.081463728 | L104: IMPNRGZ | N104: elc_won_002 | O104: S01aH04 | P104: 0.048859315 | Q104: IMPNRGZ | S104: elc_wof_002 | T104: S01aH04 | U104: 0.04307072 | V104: IMPNRGZ | AC104: elc_industry | AD104: S01aH04 | AE104: 0.04086768 | AK104: 2035 | AL104: S03 | AM104: 0.3323 | AN104: hydro
I105: elc_spv_002 | J105: S01aH05 | K105: 0.0083778082 | L105: IMPNRGZ | N105: elc_won_002 | O105: S01aH05 | P105: 0.0084698938 | Q105: IMPNRGZ | S105: elc_wof_002 | T105: S01aH05 | U105: 0.0076775426 | V105: IMPNRGZ | AC105: elc_industry | AD105: S01aH05 | AE105: 0.0068317745 | AK105: 2035 | AL105: S04 | AM105: 0.2528 | AN105: hydro
I106: elc_spv_002 | J106: S01aH06 | K106: 0.0025626876 | L106: IMPNRGZ | N106: elc_won_002 | O106: S01aH06 | P106: 0.058104259 | Q106: IMPNRGZ | S106: elc_wof_002 | T106: S01aH06 | U106: 0.062155866 | V106: IMPNRGZ | AC106: elc_industry | AD106: S01aH06 | AE106: 0.047367524 | AK106: 2035 | AL106: S05 | AM106: 0.2318 | AN106: hydro
I107: elc_spv_002 | J107: S02aH01 | K107: 0.041364492 | L107: IMPNRGZ | N107: elc_won_002 | O107: S02aH01 | P107: 0.10557271 | Q107: IMPNRGZ | S107: elc_wof_002 | T107: S02aH01 | U107: 0.11462969 | V107: IMPNRGZ | AC107: elc_industry | AD107: S02aH01 | AE107: 0.11009359 | AK107: 2035 | AL107: S06 | AM107: 0.1988 | AN107: hydro
I108: elc_spv_002 | J108: S02aH02 | K108: 0.031124278 | L108: IMPNRGZ | N108: elc_won_002 | O108: S02aH02 | P108: 0.014293732 | Q108: IMPNRGZ | S108: elc_wof_002 | T108: S02aH02 | U108: 0.013698514 | V108: IMPNRGZ | AC108: elc_industry | AD108: S02aH02 | AE108: 0.014036603 | AK108: 2035 | AL108: S07 | AM108: 0.215 | AN108: hydro
I109: elc_spv_002 | J109: S02aH03 | K109: 0.036672887 | L109: IMPNRGZ | N109: elc_won_002 | O109: S02aH03 | P109: 0.014383114 | Q109: IMPNRGZ | S109: elc_wof_002 | T109: S02aH03 | U109: 0.013032659 | V109: IMPNRGZ | AC109: elc_industry | AD109: S02aH03 | AE109: 0.014048515 | AK109: 2036 | AL109: S01 | AM109: 0.16935 | AN109: hydro
I110: elc_spv_002 | J110: S02aH04 | K110: 0.22727489 | L110: IMPNRGZ | N110: elc_won_002 | O110: S02aH04 | P110: 0.090204113 | Q110: IMPNRGZ | S110: elc_wof_002 | T110: S02aH04 | U110: 0.068621159 | V110: IMPNRGZ | AC110: elc_industry | AD110: S02aH04 | AE110: 0.084212449 | AK110: 2036 | AL110: S02 | AM110: 0.2514 | AN110: hydro
I111: elc_spv_002 | J111: S02aH05 | K111: 0.029206885 | L111: IMPNRGZ | N111: elc_won_002 | O111: S02aH05 | P111: 0.01605491 | Q111: IMPNRGZ | S111: elc_wof_002 | T111: S02aH05 | U111: 0.012995308 | V111: IMPNRGZ | AC111: elc_industry | AD111: S02aH05 | AE111: 0.014039976 | AK111: 2036 | AL111: S03 | AM111: 0.3241 | AN111: hydro
I112: elc_spv_002 | J112: S02aH06 | K112: 0.038775966 | L112: IMPNRGZ | N112: elc_won_002 | O112: S02aH06 | P112: 0.098568579 | Q112: IMPNRGZ | S112: elc_wof_002 | T112: S02aH06 | U112: 0.10147511 | V112: IMPNRGZ | AC112: elc_industry | AD112: S02aH06 | AE112: 0.097711735 | AK112: 2036 | AL112: S04 | AM112: 0.2479 | AN112: hydro
... I190: elc_spv_002 | J190: S07c1209h24 | K190: 0 | L190: IMPNRGZ | N190: elc_won_002 | O190: S07c1209h24 | P190: 2.1981256e-06 | Q190: IMPNRGZ | S190: elc_wof_002 | T190: S07c1209h24 | U190: 2.3724455e-05 | V190: IMPNRGZ | AC190: elc_industry | AD190: S07c1209h24 | AE190: 0.00011242989 | AK190: 2047 | AL190: S05 | AM190: 0.2341 | AN190: hydro
I191: elc_spv_003 | J191: S01aH01 | K191: 0.00046193129 | L191: IMPNRGZ | N191: elc_won_003 | O191: S01aH01 | P191: 0.072301918 | Q191: IMPNRGZ | S191: elc_wof_003 | T191: S01aH01 | U191: 0.068807358 | V191: IMPNRGZ | AK191: 2047 | AL191: S06 | AM191: 0.2079 | AN191: hydro
I192: elc_spv_003 | J192: S01aH02 | K192: 0.0078077694 | L192: IMPNRGZ | N192: elc_won_003 | O192: S01aH02 | P192: 0.0097150533 | Q192: IMPNRGZ | S192: elc_wof_003 | T192: S01aH02 | U192: 0.0078023769 | V192: IMPNRGZ | AK192: 2047 | AL192: S07 | AM192: 0.2025 | AN192: hydro
I193: elc_spv_003 | J193: S01aH03 | K193: 0.012293148 | L193: IMPNRGZ | N193: elc_won_003 | O193: S01aH03 | P193: 0.0095942164 | Q193: IMPNRGZ | S193: elc_wof_003 | T193: S01aH03 | U193: 0.0076875368 | V193: IMPNRGZ | AK193: 2048 | AL193: S01 | AM193: 0.18505 | AN193: hydro
I194: elc_spv_003 | J194: S01aH04 | K194: 0.083076473 | L194: IMPNRGZ | N194: elc_won_003 | O194: S01aH04 | P194: 0.056128805 | Q194: IMPNRGZ | S194: elc_wof_003 | T194: S01aH04 | U194: 0.047481032 | V194: IMPNRGZ | AK194: 2048 | AL194: S02 | AM194: 0.248325 | AN194: hydro
I195: elc_spv_003 | J195: S01aH05 | K195: 0.0089697494 | L195: IMPNRGZ | N195: elc_won_003 | O195: S01aH05 | P195: 0.0091865735 | Q195: IMPNRGZ | S195: elc_wof_003 | T195: S01aH05 | U195: 0.008290845 | V195: IMPNRGZ | AK195: 2048 | AL195: S03 | AM195: 0.3274 | AN195: hydro
I196: elc_spv_003 | J196: S01aH06 | K196: 0.0031007801 | L196: IMPNRGZ | N196: elc_won_003 | O196: S01aH06 | P196: 0.065044374 | Q196: IMPNRGZ | S196: elc_wof_003 | T196: S01aH06 | U196: 0.063314425 | V196: IMPNRGZ | AK196: 2048 | AL196: S04 | AM196: 0.2573 | AN196: hydro
I197: elc_spv_003 | J197: S02aH01 | K197: 0.043528391 | L197: IMPNRGZ | N197: elc_won_003 | O197: S02aH01 | P197: 0.094842705 | Q197: IMPNRGZ | S197: elc_wof_003 | T197: S02aH01 | U197: 0.13105215 | V197: IMPNRGZ | AK197: 2048 | AL197: S05 | AM197: 0.2101 | AN197: hydro
I198: elc_spv_003 | J198: S02aH02 | K198: 0.032176504 | L198: IMPNRGZ | N198: elc_won_003 | O198: S02aH02 | P198: 0.013189382 | Q198: IMPNRGZ | S198: elc_wof_003 | T198: S02aH02 | U198: 0.014124466 | V198: IMPNRGZ | AK198: 2048 | AL198: S06 | AM198: 0.1995 | AN198: hydro
I199: elc_spv_003 | J199: S02aH03 | K199: 0.036560815 | L199: IMPNRGZ | N199: elc_won_003 | O199: S02aH03 | P199: 0.013672767 | Q199: IMPNRGZ | S199: elc_wof_003 | T199: S02aH03 | U199: 0.013657454 | V199: IMPNRGZ | AK199: 2048 | AL199: S07 | AM199: 0.1996 | AN199: hydro
I200: elc_spv_003 | J200: S02aH04 | K200: 0.22034134 | L200: IMPNRGZ | N200: elc_won_003 | O200: S02aH04 | P200: 0.092235094 | Q200: IMPNRGZ | S200: elc_wof_003 | T200: S02aH04 | U200: 0.078159285 | V200: IMPNRGZ | AK200: 2049 | AL200: S01 | AM200: 0.17115 | AN200: hydro
I201: elc_spv_003 | J201: S02aH05 | K201: 0.028129964 | L201: IMPNRGZ | N201: elc_won_003 | O201: S02aH05 | P201: 0.01745904 | Q201: IMPNRGZ | S201: elc_wof_003 | T201: S02aH05 | U201: 0.015076773 | V201: IMPNRGZ | AK201: 2049 | AL201: S02 | AM201: 0.255875 | AN201: hydro
I202: elc_spv_003 | J202: S02aH06 | K202: 0.038323102 | L202: IMPNRGZ | N202: elc_won_003 | O202: S02aH06 | P202: 0.10088247 | Q202: IMPNRGZ | S202: elc_wof_003 | T202: S02aH06 | U202: 0.11581094 | V202: IMPNRGZ | AK202: 2049 | AL202: S03 | AM202: 0.3159 | AN202: hydro
... I213: elc_spv_003 | J213: S04aH05 | K213: 0.008595762 | L213: IMPNRGZ | N213: elc_won_003 | O213: S04aH05 | P213: 0.0027780602 | Q213: IMPNRGZ | S213: elc_wof_003 | T213: S04aH05 | U213: 0.0028483392 | V213: IMPNRGZ | AK213: 2050 | AL213: S07 | AM213: 0.1942 | AN213: hydro
I214: elc_spv_003 | J214: S04aH06 | K214: 0.012191881 | L214: IMPNRGZ | N214: elc_won_003 | O214: S04aH06 | P214: 0.014918259 | Q214: IMPNRGZ | S214: elc_wof_003 | T214: S04aH06 | U214: 0.01929536 | V214: IMPNRGZ
I215: elc_spv_003 | J215: S05aH01 | K215: 0.0079785141 | L215: IMPNRGZ | N215: elc_won_003 | O215: S05aH01 | P215: 0.013271489 | Q215: IMPNRGZ | S215: elc_wof_003 | T215: S05aH01 | U215: 0.018076963 | V215: IMPNRGZ
I216: elc_spv_003 | J216: S05aH02 | K216: 0.0074635914 | L216: IMPNRGZ | N216: elc_won_003 | O216: S05aH02 | P216: 0.0017301371 | Q216: IMPNRGZ | S216: elc_wof_003 | T216: S05aH02 | U216: 0.0019260584 | V216: IMPNRGZ
I217: elc_spv_003 | J217: S05aH03 | K217: 0.0087145808 | L217: IMPNRGZ | N217: elc_won_003 | O217: S05aH03 | P217: 0.0018408602 | Q217: IMPNRGZ | S217: elc_wof_003 | T217: S05aH03 | U217: 0.0017570354 | V217: IMPNRGZ
I218: elc_spv_003 | J218: S05aH04 | K218: 0.052228612 | L218: IMPNRGZ | N218: elc_won_003 | O218: S05aH04 | P218: 0.013752196 | Q218: IMPNRGZ | S218: elc_wof_003 | T218: S05aH04 | U218: 0.0093650336 | V218: IMPNRGZ
I219: elc_spv_003 | J219: S05aH05 | K219: 0.00686731 | L219: IMPNRGZ | N219: elc_won_003 | O219: S05aH05 | P219: 0.0028113333 | Q219: IMPNRGZ | S219: elc_wof_003 | T219: S05aH05 | U219: 0.0017787391 | V219: IMPNRGZ
I220: elc_spv_003 | J220: S05aH06 | K220: 0.0062719095 | L220: IMPNRGZ | N220: elc_won_003 | O220: S05aH06 | P220: 0.013563003 | Q220: IMPNRGZ | S220: elc_wof_003 | T220: S05aH06 | U220: 0.014696042 | V220: IMPNRGZ
I221: elc_spv_003 | J221: S05b0925h01 | K221: 0 | L221: IMPNRGZ | N221: elc_won_003 | O221: S05b0925h01 | P221: 1.0306708e-06 | Q221: IMPNRGZ | S221: elc_wof_003 | T221: S05b0925h01 | U221: 1.8329362e-06 | V221: IMPNRGZ
I222: elc_spv_003 | J222: S05b0925h02 | K222: 0 | L222: IMPNRGZ | N222: elc_won_003 | O222: S05b0925h02 | P222: 1.8283058e-06 | Q222: IMPNRGZ | S222: elc_wof_003 | T222: S05b0925h02 | U222: 2.0654143e-06 | V222: IMPNRGZ
I223: elc_spv_003 | J223: S05b0925h03 | K223: 0 | L223: IMPNRGZ | N223: elc_won_003 | O223: S05b0925h03 | P223: 3.0421505e-06 | Q223: IMPNRGZ | S223: elc_wof_003 | T223: S05b0925h03 | U223: 2.4889665e-06 | V223: IMPNRGZ
I224: elc_spv_003 | J224: S05b0925h04 | K224: 0 | L224: IMPNRGZ | N224: elc_won_003 | O224: S05b0925h04 | P224: 4.0990462e-06 | Q224: IMPNRGZ | S224: elc_wof_003 | T224: S05b0925h04 | U224: 2.5352577e-06 | V224: IMPNRGZ
I225: elc_spv_003 | J225: S05b0925h05 | K225: 0 | L225: IMPNRGZ | N225: elc_won_003 | O225: S05b0925h05 | P225: 4.8935129e-06 | Q225: IMPNRGZ | S225: elc_wof_003 | T225: S05b0925h05 | U225: 4.1210464e-06 | V225: IMPNRGZ
... I1720: elc_spv_019 | J1720: S07c1209h24 | K1720: 0 | L1720: IMPNRGZ | N1720: elc_won_019 | O1720: S07c1209h24 | P1720: 1.0318046e-05 | Q1720: IMPNRGZ | S1720: elc_wof_019 | T1720: S07c1209h24 | U1720: 1.1658636e-08 | V1720: IMPNRGZ
I1721: elc_spv_020 | J1721: S01aH01 | K1721: 0 | L1721: IMPNRGZ
I1722: elc_spv_020 | J1722: S01aH02 | K1722: 0.0023845296 | L1722: IMPNRGZ
I1723: elc_spv_020 | J1723: S01aH03 | K1723: 0.0081085416 | L1723: IMPNRGZ
I1724: elc_spv_020 | J1724: S01aH04 | K1724: 0.07653129 | L1724: IMPNRGZ
I1725: elc_spv_020 | J1725: S01aH05 | K1725: 0.011032349 | L1725: IMPNRGZ
I1726: elc_spv_020 | J1726: S01aH06 | K1726: 0.0090936965 | L1726: IMPNRGZ
I1727: elc_spv_020 | J1727: S02aH01 | K1727: 0.020524485 | L1727: IMPNRGZ
I1728: elc_spv_020 | J1728: S02aH02 | K1728: 0.025208719 | L1728: IMPNRGZ
I1729: elc_spv_020 | J1729: S02aH03 | K1729: 0.032728678 | L1729: IMPNRGZ
I1730: elc_spv_020 | J1730: S02aH04 | K1730: 0.23242378 | L1730: IMPNRGZ
I1731: elc_spv_020 | J1731: S02aH05 | K1731: 0.03343868 | L1731: IMPNRGZ
I1732: elc_spv_020 | J1732: S02aH06 | K1732: 0.059073942 | L1732: IMPNRGZ
... I2170: elc_spv_024 | J2170: S07c1209h24 | K2170: 0 | L2170: IMPNRGZ

Sheet ts_annual
C9: =IF(A11="x","DeActivated","~TimeSlices") -> ~TimeSlices | I9: =IF(A11="x","DeActivated","~TFM_DINS-AT") -> ~TFM_DINS-AT | N9: =IF(A11="x","DeActivated","~TFM_DINS-AT") -> ~TFM_DINS-AT | S9: =IF(A11="x","DeActivated","~TFM_DINS-AT") -> ~TFM_DINS-AT | X9: =IF(A11="x","DeActivated","~TFM_DINS-AT") -> ~TFM_DINS-AT | AC9: =IF(A11="x","DeActivated","~TFM_DINS-AT") -> ~TFM_DINS-AT | AG9: =IF(A11="x","DeActivated","~TFM_DINS-AT") -> ~TFM_DINS-AT | AK9: =IF(A11="x","DeActivated","~TFM_INS-AT") -> ~TFM_INS-AT
A10: ts_annual | C10: season | D10: weekly | E10: daynite | F10: wparent | G10: dparent | I10: commodity | J10: timeslice | K10: com_fr | L10: process | N10: commodity | O10: timeslice | P10: com_fr | Q10: process | S10: commodity | T10: timeslice | U10: com_fr | V10: process | X10: g_yrfr | Y10: com_fr | Z10: timeslice | AA10: commodity | AC10: commodity | AD10: timeslice | AE10: com_fr | AG10: commodity | AH10: timeslice | AI10: com_pkflx | AK10: Year | AL10: timeslice | AM10: ncap_afs | AN10: pset_ci
A11: =IFERROR(IF(Veda!D5=A10,"ok","x"),"") -> ok | C11: AllS | D11: a | E11: AllH | F11: AllS | G11: a | I11: elc_spv_001 | J11: AllSaAllH | K11: 1 | L11: IMPNRGZ | N11: elc_won_001 | O11: AllSaAllH | P11: 1 | Q11: IMPNRGZ | S11: elc_wof_001 | T11: AllSaAllH | U11: 1 | V11: IMPNRGZ | X11: 1 | Y11: 1 | Z11: AllSaAllH | AA11: elc_roadtransport | AC11: elc_buildings | AD11: AllSaAllH | AE11: 1 | AG11: ELC | AH11: AllSaAllH | AI11: 0.29960039 | AK11: 2020 | AL11: AllS | AM11: 0.26517207 | AN11: hydro
I12: elc_spv_002 | J12: AllSaAllH | K12: 1 | L12: IMPNRGZ | N12: elc_won_002 | O12: AllSaAllH | P12: 1 | Q12: IMPNRGZ | S12: elc_wof_002 | T12: AllSaAllH | U12: 1 | V12: IMPNRGZ | AC12: elc_industry | AD12: AllSaAllH | AE12: 1 | AK12: 2021 | AL12: AllS | AM12: 0.24868903 | AN12: hydro
I13: elc_spv_003 | J13: AllSaAllH | K13: 1 | L13: IMPNRGZ | N13: elc_won_003 | O13: AllSaAllH | P13: 1 | Q13: IMPNRGZ | S13: elc_wof_003 | T13: AllSaAllH | U13: 1 | V13: IMPNRGZ | AK13: 2022 | AL13: AllS | AM13: 0.15871711 | AN13: hydro
I14: elc_spv_004 | J14: AllSaAllH | K14: 1 | L14: IMPNRGZ | N14: elc_won_004 | O14: AllSaAllH | P14: 1 | Q14: IMPNRGZ | S14: elc_wof_004 | T14: AllSaAllH | U14: 1 | V14: IMPNRGZ | AK14: 2025 | AL14: AllS | AM14: 0.26771667 | AN14: hydro
I15: elc_spv_005 | J15: AllSaAllH | K15: 1 | L15: IMPNRGZ | N15: elc_won_005 | O15: AllSaAllH | P15: 1 | Q15: IMPNRGZ | S15: elc_wof_005 | T15: AllSaAllH | U15: 1 | V15: IMPNRGZ | AK15: 2026 | AL15: AllS | AM15: 0.199875 | AN15: hydro
I16: elc_spv_006 | J16: AllSaAllH | K16: 1 | L16: IMPNRGZ | N16: elc_won_006 | O16: AllSaAllH | P16: 1 | Q16: IMPNRGZ | S16: elc_wof_006 | T16: AllSaAllH | U16: 1 | V16: IMPNRGZ | AK16: 2027 | AL16: AllS | AM16: 0.20223333 | AN16: hydro
I17: elc_spv_007 | J17: AllSaAllH | K17: 1 | L17: IMPNRGZ | N17: elc_won_007 | O17: AllSaAllH | P17: 1 | Q17: IMPNRGZ | S17: elc_wof_007 | T17: AllSaAllH | U17: 1 | V17: IMPNRGZ | AK17: 2028 | AL17: AllS | AM17: 0.236175 | AN17: hydro
I18: elc_spv_008 | J18: AllSaAllH | K18: 1 | L18: IMPNRGZ | N18: elc_won_008 | O18: AllSaAllH | P18: 1 | Q18: IMPNRGZ | S18: elc_wof_008 | T18: AllSaAllH | U18: 1 | V18: IMPNRGZ | AK18: 2029 | AL18: AllS | AM18: 0.228225 | AN18: hydro
I19: elc_spv_009 | J19: AllSaAllH | K19: 1 | L19: IMPNRGZ | N19: elc_won_009 | O19: AllSaAllH | P19: 1 | Q19: IMPNRGZ | S19: elc_wof_009 | T19: AllSaAllH | U19: 1 | V19: IMPNRGZ | AK19: 2030 | AL19: AllS | AM19: 0.23554167 | AN19: hydro
I20: elc_spv_010 | J20: AllSaAllH | K20: 1 | L20: IMPNRGZ | N20: elc_won_010 | O20: AllSaAllH | P20: 1 | Q20: IMPNRGZ | S20: elc_wof_010 | T20: AllSaAllH | U20: 1 | V20: IMPNRGZ | AK20: 2031 | AL20: AllS | AM20: 0.2318 | AN20: hydro
I21: elc_spv_011 | J21: AllSaAllH | K21: 1 | L21: IMPNRGZ | N21: elc_won_011 | O21: AllSaAllH | P21: 1 | Q21: IMPNRGZ | S21: elc_wof_011 | T21: AllSaAllH | U21: 1 | V21: IMPNRGZ | AK21: 2032 | AL21: AllS | AM21: 0.23264167 | AN21: hydro
I22: elc_spv_012 | J22: AllSaAllH | K22: 1 | L22: IMPNRGZ | N22: elc_won_012 | O22: AllSaAllH | P22: 1 | Q22: IMPNRGZ | S22: elc_wof_012 | T22: AllSaAllH | U22: 1 | V22: IMPNRGZ | AK22: 2033 | AL22: AllS | AM22: 0.22911667 | AN22: hydro
I23: elc_spv_013 | J23: AllSaAllH | K23: 1 | L23: IMPNRGZ | N23: elc_won_013 | O23: AllSaAllH | P23: 1 | Q23: IMPNRGZ | S23: elc_wof_013 | T23: AllSaAllH | U23: 1 | V23: IMPNRGZ | AK23: 2034 | AL23: AllS | AM23: 0.2371 | AN23: hydro
I24: elc_spv_014 | J24: AllSaAllH | K24: 1 | L24: IMPNRGZ | N24: elc_won_014 | O24: AllSaAllH | P24: 1 | Q24: IMPNRGZ | S24: elc_wof_014 | T24: AllSaAllH | U24: 1 | V24: IMPNRGZ | AK24: 2035 | AL24: AllS | AM24: 0.231175 | AN24: hydro
... I29: elc_spv_019 | J29: AllSaAllH | K29: 1 | L29: IMPNRGZ | N29: elc_won_019 | O29: AllSaAllH | P29: 1 | Q29: IMPNRGZ | S29: elc_wof_019 | T29: AllSaAllH | U29: 1 | V29: IMPNRGZ | AK29: 2040 | AL29: AllS | AM29: 0.22933333 | AN29: hydro
I30: elc_spv_020 | J30: AllSaAllH | K30: 1 | L30: IMPNRGZ | AK30: 2041 | AL30: AllS | AM30: 0.22550833 | AN30: hydro
I31: elc_spv_021 | J31: AllSaAllH | K31: 1 | L31: IMPNRGZ | AK31: 2042 | AL31: AllS | AM31: 0.236325 | AN31: hydro
I32: elc_spv_022 | J32: AllSaAllH | K32: 1 | L32: IMPNRGZ | AK32: 2043 | AL32: AllS | AM32: 0.22925 | AN32: hydro
I33: elc_spv_023 | J33: AllSaAllH | K33: 1 | L33: IMPNRGZ | AK33: 2044 | AL33: AllS | AM33: 0.23615 | AN33: hydro
I34: elc_spv_024 | J34: AllSaAllH | K34: 1 | L34: IMPNRGZ | AK34: 2045 | AL34: AllS | AM34: 0.23394167 | AN34: hydro
AK35: 2046 | AL35: AllS | AM35: 0.22216667 | AN35: hydro
AK36: 2047 | AL36: AllS | AM36: 0.23470833 | AN36: hydro
AK37: 2048 | AL37: AllS | AM37: 0.22973333 | AN37: hydro
AK38: 2049 | AL38: AllS | AM38: 0.235825 | AN38: hydro
AK39: 2050 | AL39: AllS | AM39: 0.2264 | AN39: hydro

Sheet ts_12t
C9: =IF(A11="x","DeActivated","~TimeSlices") -> DeActivated | I9: =IF(A11="x","DeActivated","~TFM_DINS-AT") -> DeActivated | N9: =IF(A11="x","DeActivated","~TFM_DINS-AT") -> DeActivated | S9: =IF(A11="x","DeActivated","~TFM_DINS-AT") -> DeActivated | X9: =IF(A11="x","DeActivated","~TFM_DINS-AT") -> DeActivated | AC9: =IF(A11="x","DeActivated","~TFM_DINS-AT") -> DeActivated | AG9: =IF(A11="x","DeActivated","~TFM_DINS-AT") -> DeActivated | AK9: =IF(A11="x","DeActivated","~TFM_INS-AT") -> DeActivated
A10: ts_12t | C10: season | D10: weekly | E10: daynite | F10: wparent | G10: dparent | I10: commodity | J10: timeslice | K10: com_fr | L10: process | N10: commodity | O10: timeslice | P10: com_fr | Q10: process | S10: commodity | T10: timeslice | U10: com_fr | V10: process | X10: g_yrfr | Y10: com_fr | Z10: timeslice | AA10: commodity | AC10: commodity | AD10: timeslice | AE10: com_fr | AG10: commodity | AH10: timeslice | AI10: com_pkflx | AK10: Year | AL10: timeslice | AM10: ncap_afs | AN10: pset_ci
A11: =IFERROR(IF(Veda!D5=A10,"ok","x"),"") -> x | C11: F | D11: a | E11: D | F11: W,R,S,F | G11: a | I11: elc_spv_001 | J11: FaD | K11: 0.18030245 | L11: IMPNRGZ | N11: elc_won_001 | O11: FaD | P11: 0.12679564 | Q11: IMPNRGZ | S11: elc_wof_001 | T11: FaD | U11: 0.10377296 | V11: IMPNRGZ | X11: 0.11426941 | Y11: 0.16087081 | Z11: FaD | AA11: elc_roadtransport | AC11: elc_buildings | AD11: FaD | AE11: 0.11819116 | AG11: ELC | AH11: FaD | AI11: 0.18444394 | AK11: 2020 | AL11: F | AM11: 0.25956193 | AN11: hydro
C12: R | E12: N | G12: a | I12: elc_spv_001 | J12: FaN | K12: 0 | L12: IMPNRGZ | N12: elc_won_001 | O12: FaN | P12: 0.15478134 | Q12: IMPNRGZ | S12: elc_wof_001 | T12: FaN | U12: 0.1141367 | V12: IMPNRGZ | X12: 0.11426941 | Y12: 0.052547713 | Z12: FaN | AA12: elc_roadtransport | AC12: elc_buildings | AD12: FaN | AE12: 0.097643644 | AG12: ELC | AH12: FaN | AI12: 0.33632064 | AK12: 2020 | AL12: R | AM12: 0.26168857 | AN12: hydro
C13: S | E13: P | G13: a | I13: elc_spv_001 | J13: FaP | K13: 0.0068996667 | L13: IMPNRGZ | N13: elc_won_001 | O13: FaP | P13: 0.024231786 | Q13: IMPNRGZ | S13: elc_wof_001 | T13: FaP | U13: 0.023585989 | V13: IMPNRGZ | X13: 0.020776256 | Y13: 0.035896543 | Z13: FaP | AA13: elc_roadtransport | AC13: elc_buildings | AD13: FaP | AE13: 0.022218061 | AG13: ELC | AH13: FaP | AI13: 0.16828063 | AK13: 2020 | AL13: S | AM13: 0.32595779 | AN13: hydro
C14: W | I14: elc_spv_001 | J14: RaD | K14: 0.26911982 | L14: IMPNRGZ | N14: elc_won_001 | O14: RaD | P14: 0.11443032 | Q14: IMPNRGZ | S14: elc_wof_001 | T14: RaD | U14: 0.11892082 | V14: IMPNRGZ | X14: 0.11552511 | Y14: 0.16263862 | Z14: RaD | AA14: elc_roadtransport | AC14: elc_buildings | AD14: RaD | AE14: 0.12251447 | AG14: ELC | AH14: RaD | AI14: 0.1917432 | AK14: 2020 | AL14: W | AM14: 0.21348 | AN14: hydro
I15: elc_spv_001 | J15: RaN | K15: 0.0028457955 | L15: IMPNRGZ | N15: elc_won_001 | O15: RaN | P15: 0.13857091 | Q15: IMPNRGZ | S15: elc_wof_001 | T15: RaN | U15: 0.14523464 | V15: IMPNRGZ | X15: 0.11552511 | Y15: 0.053125161 | Z15: RaN | AA15: elc_roadtransport | AC15: elc_buildings | AD15: RaN | AE15: 0.099430562 | AG15: ELC | AH15: RaN | AI15: 0.37712196 | AK15: 2021 | AL15: F | AM15: 0.1947571 | AN15: hydro
I16: elc_spv_001 | J16: RaP | K16: 0.024278534 | L16: IMPNRGZ | N16: elc_won_001 | O16: RaP | P16: 0.021750952 | Q16: IMPNRGZ | S16: elc_wof_001 | T16: RaP | U16: 0.029127079 | V16: IMPNRGZ | X16: 0.021004566 | Y16: 0.036291011 | Z16: RaP | AA16: elc_roadtransport | AC16: elc_buildings | AD16: RaP | AE16: 0.022965271 | AG16: ELC | AH16: RaP | AI16: 0.16806162 | AK16: 2021 | AL16: R | AM16: 0.23614597 | AN16: hydro
I17: elc_spv_001 | J17: SaD | K17: 0.29992854 | L17: IMPNRGZ | N17: elc_won_001 | O17: SaD | P17: 0.059076456 | Q17: IMPNRGZ | S17: elc_wof_001 | T17: SaD | U17: 0.074956089 | V17: IMPNRGZ | X17: 0.11552511 | Y17: 0.16263862 | Z17: SaD | AA17: elc_roadtransport | AC17: elc_buildings | AD17: SaD | AE17: 0.12264326 | AG17: ELC | AH17: SaD | AI17: 0.14769495 | AK17: 2021 | AL17: S | AM17: 0.33718465 | AN17: hydro
I18: elc_spv_001 | J18: SaN | K18: 0.010251001 | L18: IMPNRGZ | N18: elc_won_001 | O18: SaN | P18: 0.078285859 | Q18: IMPNRGZ | S18: elc_wof_001 | T18: SaN | U18: 0.089547619 | V18: IMPNRGZ | X18: 0.11552511 | Y18: 0.053125161 | Z18: SaN | AA18: elc_roadtransport | AC18: elc_buildings | AD18: SaN | AE18: 0.10045386 | AG18: ELC | AH18: SaN | AI18: 0.31451539 | AK18: 2021 | AL18: W | AM18: 0.22666841 | AN18: hydro
I19: elc_spv_001 | J19: SaP | K19: 0.031451806 | L19: IMPNRGZ | N19: elc_won_001 | O19: SaP | P19: 0.008590325 | Q19: IMPNRGZ | S19: elc_wof_001 | T19: SaP | U19: 0.01861568 | V19: IMPNRGZ | X19: 0.021004566 | Y19: 0.036291011 | Z19: SaP | AA19: elc_roadtransport | AC19: elc_buildings | AD19: SaP | AE19: 0.022611873 | AG19: ELC | AH19: SaP | AI19: 0.10701483 | AK19: 2022 | AL19: F | AM19: 0.13758796 | AN19: hydro
I20: elc_spv_001 | J20: WaD | K20: 0.17207619 | L20: IMPNRGZ | N20: elc_won_001 | O20: WaD | P20: 0.11593882 | Q20: IMPNRGZ | S20: elc_wof_001 | T20: WaD | U20: 0.12871656 | V20: IMPNRGZ | X20: 0.1130137 | Y20: 0.159103 | Z20: WaD | AA20: elc_roadtransport | AC20: elc_buildings | AD20: WaD | AE20: 0.13762288 | AG20: ELC | AH20: WaD | AI20: 0.10814856 | AK20: 2022 | AL20: R | AM20: 0.14520894 | AN20: hydro
I21: elc_spv_001 | J21: WaN | K21: 0 | L21: IMPNRGZ | N21: elc_won_001 | O21: WaN | P21: 0.13607944 | Q21: IMPNRGZ | S21: elc_wof_001 | T21: WaN | U21: 0.12941953 | V21: IMPNRGZ | X21: 0.1130137 | Y21: 0.051970266 | Z21: WaN | AA21: elc_roadtransport | AC21: elc_buildings | AD21: WaN | AE21: 0.10709107 | AG21: ELC | AH21: WaN | AI21: 0.30643668 | AK21: 2022 | AL21: S | AM21: 0.20865403 | AN21: hydro
I22: elc_spv_001 | J22: WaP | K22: 0.0028461972 | L22: IMPNRGZ | N22: elc_won_001 | O22: WaP | P22: 0.021468139 | Q22: IMPNRGZ | S22: elc_wof_001 | T22: WaP | U22: 0.023966332 | V22: IMPNRGZ | X22: 0.020547945 | Y22: 0.035502076 | Z22: WaP | AA22: elc_roadtransport | AC22: elc_buildings | AD22: WaP | AE22: 0.026613889 | AG22: ELC | AH22: WaP | AI22: 0.052768244 | AK22: 2022 | AL22: W | AM22: 0.14341753 | AN22: hydro
I23: elc_spv_002 | J23: FaD | K23: 0.17644921 | L23: IMPNRGZ | N23: elc_won_002 | O23: FaD | P23: 0.13056666 | Q23: IMPNRGZ | S23: elc_wof_002 | T23: FaD | U23: 0.12249314 | V23: IMPNRGZ | AC23: elc_industry | AD23: FaD | AE23: 0.11495523 | AK23: 2025 | AL23: F | AM23: 0.2397 | AN23: hydro
I24: elc_spv_002 | J24: FaN | K24: 0 | L24: IMPNRGZ | N24: elc_won_002 | O24: FaN | P24: 0.13653239 | Q24: IMPNRGZ | S24: elc_wof_002 | T24: FaN | U24: 0.13243094 | V24: IMPNRGZ | AC24: elc_industry | AD24: FaN | AE24: 0.11331234 | AK24: 2025 | AL24: R | AM24: 0.25883333 | AN24: hydro
I25: elc_spv_002 | J25: FaP | K25: 0.0078273576 | L25: IMPNRGZ | N25: elc_won_002 | O25: FaP | P25: 0.026029995 | Q25: IMPNRGZ | S25: elc_wof_002 | T25: FaP | U25: 0.022169952 | V25: IMPNRGZ | AC25: elc_industry | AD25: FaP | AE25: 0.02095922 | AK25: 2025 | AL25: S | AM25: 0.36296667 | AN25: hydro
I26: elc_spv_002 | J26: RaD | K26: 0.24748959 | L26: IMPNRGZ | N26: elc_won_002 | O26: RaD | P26: 0.14748703 | Q26: IMPNRGZ | S26: elc_wof_002 | T26: RaD | U26: 0.12215897 | V26: IMPNRGZ | AC26: elc_industry | AD26: RaD | AE26: 0.11632011 | AK26: 2025 | AL26: W | AM26: 0.20936667 | AN26: hydro
I27: elc_spv_002 | J27: RaN | K27: 0.0032799552 | L27: IMPNRGZ | N27: elc_won_002 | O27: RaN | P27: 0.13119302 | Q27: IMPNRGZ | S27: elc_wof_002 | T27: RaN | U27: 0.14109521 | V27: IMPNRGZ | AC27: elc_industry | AD27: RaN | AE27: 0.11447441 | AK27: 2026 | AL27: F | AM27: 0.18663333 | AN27: hydro
I28: elc_spv_002 | J28: RaP | K28: 0.022511453 | L28: IMPNRGZ | N28: elc_won_002 | O28: RaP | P28: 0.027025301 | Q28: IMPNRGZ | S28: elc_wof_002 | T28: RaP | U28: 0.025371984 | V28: IMPNRGZ | AC28: elc_industry | AD28: RaP | AE28: 0.021204273 | AK28: 2026 | AL28: R | AM28: 0.19436667 | AN28: hydro
I29: elc_spv_002 | J29: SaD | K29: 0.33880135 | L29: IMPNRGZ | N29: elc_won_002 | O29: SaD | P29: 0.049657917 | Q29: IMPNRGZ | S29: elc_wof_002 | T29: SaD | U29: 0.061624042 | V29: IMPNRGZ | AC29: elc_industry | AD29: SaD | AE29: 0.11630401 | AK29: 2026 | AL29: S | AM29: 0.27333333 | AN29: hydro
I30: elc_spv_002 | J30: SaN | K30: 0.012058375 | L30: IMPNRGZ | N30: elc_won_002 | O30: SaN | P30: 0.055346436 | Q30: IMPNRGZ | S30: elc_wof_002 | T30: SaN | U30: 0.077130667 | V30: IMPNRGZ | AC30: elc_industry | AD30: SaN | AE30: 0.11452983 | AK30: 2026 | AL30: W | AM30: 0.14516667 | AN30: hydro
I31: elc_spv_002 | J31: SaP | K31: 0.035985686 | L31: IMPNRGZ | N31: elc_won_002 | O31: SaP | P31: 0.013630798 | Q31: IMPNRGZ | S31: elc_wof_002 | T31: SaP | U31: 0.013776265 | V31: IMPNRGZ | AC31: elc_industry | AD31: SaP | AE31: 0.021171217 | AK31: 2027 | AL31: F | AM31: 0.18623333 | AN31: hydro
I32: elc_spv_002 | J32: WaD | K32: 0.15303434 | L32: IMPNRGZ | N32: elc_won_002 | O32: WaD | P32: 0.12875233 | Q32: IMPNRGZ | S32: elc_wof_002 | T32: WaD | U32: 0.12578846 | V32: IMPNRGZ | AC32: elc_industry | AD32: WaD | AE32: 0.11416318 | AK32: 2027 | AL32: R | AM32: 0.1996 | AN32: hydro
I33: elc_spv_002 | J33: WaN | K33: 0 | L33: IMPNRGZ | N33: elc_won_002 | O33: WaN | P33: 0.12984192 | Q33: IMPNRGZ | S33: elc_wof_002 | T33: WaN | U33: 0.13267519 | V33: IMPNRGZ | AC33: elc_industry | AD33: WaN | AE33: 0.11172198 | AK33: 2027 | AL33: S | AM33: 0.261 | AN33: hydro
I34: elc_spv_002 | J34: WaP | K34: 0.0025626876 | L34: IMPNRGZ | N34: elc_won_002 | O34: WaP | P34: 0.023936215 | Q34: IMPNRGZ | S34: elc_wof_002 | T34: WaP | U34: 0.023285177 | V34: IMPNRGZ | AC34: elc_industry | AD34: WaP | AE34: 0.020884196 | AK34: 2027 | AL34: W | AM34: 0.1621 | AN34: hydro
I35: elc_spv_003 | J35: FaD | K35: 0.19459496 | L35: IMPNRGZ | N35: elc_won_003 | O35: FaD | P35: 0.12711657 | Q35: IMPNRGZ | S35: elc_wof_003 | T35: FaD | U35: 0.09817668 | V35: IMPNRGZ | AK35: 2028 | AL35: F | AM35: 0.2158 | AN35: hydro
I36: elc_spv_003 | J36: FaN | K36: 0 | L36: IMPNRGZ | N36: elc_won_003 | O36: FaN | P36: 0.12522576 | Q36: IMPNRGZ | S36: elc_wof_003 | T36: FaN | U36: 0.10789252 | V36: IMPNRGZ | AK36: 2028 | AL36: R | AM36: 0.23303333 | AN36: hydro
I37: elc_spv_003 | J37: FaP | K37: 0.0080081155 | L37: IMPNRGZ | N37: elc_won_003 | O37: FaP | P37: 0.025521827 | Q37: IMPNRGZ | S37: elc_wof_003 | T37: FaP | U37: 0.020657635 | V37: IMPNRGZ | AK37: 2028 | AL37: S | AM37: 0.32106667 | AN37: hydro
I38: elc_spv_003 | J38: RaD | K38: 0.25562007 | L38: IMPNRGZ | N38: elc_won_003 | O38: RaD | P38: 0.14743921 | Q38: IMPNRGZ | S38: elc_wof_003 | T38: RaD | U38: 0.12045824 | V38: IMPNRGZ | AK38: 2028 | AL38: W | AM38: 0.1748 | AN38: hydro
I39: elc_spv_003 | J39: RaN | K39: 0.0035611384 | L39: IMPNRGZ | N39: elc_won_003 | O39: RaN | P39: 0.12435863 | Q39: IMPNRGZ | S39: elc_wof_003 | T39: RaN | U39: 0.15047784 | V39: IMPNRGZ | AK39: 2029 | AL39: F | AM39: 0.19823333 | AN39: hydro
I40: elc_spv_003 | J40: RaP | K40: 0.024247304 | L40: IMPNRGZ | N40: elc_won_003 | O40: RaP | P40: 0.02846422 | Q40: IMPNRGZ | S40: elc_wof_003 | T40: RaP | U40: 0.02551423 | V40: IMPNRGZ | AK40: 2029 | AL40: R | AM40: 0.22133333 | AN40: hydro
I41: elc_spv_003 | J41: SaD | K41: 0.30581155 | L41: IMPNRGZ | N41: elc_won_003 | O41: SaD | P41: 0.048227033 | Q41: IMPNRGZ | S41: elc_wof_003 | T41: SaD | U41: 0.084021632 | V41: IMPNRGZ | AK41: 2029 | AL41: S | AM41: 0.311 | AN41: hydro
I42: elc_spv_003 | J42: SaN | K42: 0.010722873 | L42: IMPNRGZ | N42: elc_won_003 | O42: SaN | P42: 0.049717944 | Q42: IMPNRGZ | S42: elc_wof_003 | T42: SaN | U42: 0.10152806 | V42: IMPNRGZ | AK42: 2029 | AL42: W | AM42: 0.18233333 | AN42: hydro
I43: elc_spv_003 | J43: SaP | K43: 0.03246494 | L43: IMPNRGZ | N43: elc_won_003 | O43: SaP | P43: 0.013749012 | Q43: IMPNRGZ | S43: elc_wof_003 | T43: SaP | U43: 0.019410366 | V43: IMPNRGZ | AK43: 2030 | AL43: F | AM43: 0.2203 | AN43: hydro
I44: elc_spv_003 | J44: WaD | K44: 0.16186827 | L44: IMPNRGZ | N44: elc_won_003 | O44: WaD | P44: 0.14258757 | Q44: IMPNRGZ | S44: elc_wof_003 | T44: WaD | U44: 0.11932 | V44: IMPNRGZ | AK44: 2030 | AL44: R | AM44: 0.23766667 | AN44: hydro
I45: elc_spv_003 | J45: WaN | K45: 0 | L45: IMPNRGZ | N45: elc_won_003 | O45: WaN | P45: 0.14235972 | Q45: IMPNRGZ | S45: elc_wof_003 | T45: WaN | U45: 0.12974735 | V45: IMPNRGZ | AK45: 2030 | AL45: S | AM45: 0.3051 | AN45: hydro
I46: elc_spv_003 | J46: WaP | K46: 0.0031007801 | L46: IMPNRGZ | N46: elc_won_003 | O46: WaP | P46: 0.025232501 | Q46: IMPNRGZ | S46: elc_wof_003 | T46: WaP | U46: 0.022795454 | V46: IMPNRGZ | AK46: 2030 | AL46: W | AM46: 0.1791 | AN46: hydro
... I126: elc_spv_010 | J126: SaN | K126: 0.0086124126 | L126: IMPNRGZ | N126: elc_won_010 | O126: SaN | P126: 0.077887248 | Q126: IMPNRGZ | S126: elc_wof_010 | T126: SaN | U126: 0.045658927 | V126: IMPNRGZ | AK126: 2050 | AL126: W | AM126: 0.17726667 | AN126: hydro
I127: elc_spv_010 | J127: SaP | K127: 0.034092707 | L127: IMPNRGZ | N127: elc_won_010 | O127: SaP | P127: 0.015645307 | Q127: IMPNRGZ | S127: elc_wof_010 | T127: SaP | U127: 0.0097099315 | V127: IMPNRGZ
I128: elc_spv_010 | J128: WaD | K128: 0.15183799 | L128: IMPNRGZ | N128: elc_won_010 | O128: WaD | P128: 0.14076427 | Q128: IMPNRGZ | S128: elc_wof_010 | T128: WaD | U128: 0.10892461 | V128: IMPNRGZ
I129: elc_spv_010 | J129: WaN | K129: 0 | L129: IMPNRGZ | N129: elc_won_010 | O129: WaN | P129: 0.13775186 | Q129: IMPNRGZ | S129: elc_wof_010 | T129: WaN | U129: 0.10986994 | V129: IMPNRGZ
I130: elc_spv_010 | J130: WaP | K130: 0.0027989347 | L130: IMPNRGZ | N130: elc_won_010 | O130: WaP | P130: 0.025355451 | Q130: IMPNRGZ | S130: elc_wof_010 | T130: WaP | U130: 0.020276228 | V130: IMPNRGZ
I131: elc_spv_011 | J131: FaD | K131: 0.20715824 | L131: IMPNRGZ | N131: elc_won_011 | O131: FaD | P131: 0.094356135 | Q131: IMPNRGZ | S131: elc_wof_011 | T131: FaD | U131: 0.14446643 | V131: IMPNRGZ
I132: elc_spv_011 | J132: FaN | K132: 0 | L132: IMPNRGZ | N132: elc_won_011 | O132: FaN | P132: 0.097641819 | Q132: IMPNRGZ | S132: elc_wof_011 | T132: FaN | U132: 0.14933611 | V132: IMPNRGZ
I133: elc_spv_011 | J133: FaP | K133: 0.0067368983 | L133: IMPNRGZ | N133: elc_won_011 | O133: FaP | P133: 0.019135812 | Q133: IMPNRGZ | S133: elc_wof_011 | T133: FaP | U133: 0.028745663 | V133: IMPNRGZ
I134: elc_spv_011 | J134: RaD | K134: 0.26463768 | L134: IMPNRGZ | N134: elc_won_011 | O134: RaD | P134: 0.1343359 | Q134: IMPNRGZ | S134: elc_wof_011 | T134: RaD | U134: 0.1416642 | V134: IMPNRGZ
I135: elc_spv_011 | J135: RaN | K135: 0.001737179 | L135: IMPNRGZ | N135: elc_won_011 | O135: RaN | P135: 0.14244557 | Q135: IMPNRGZ | S135: elc_wof_011 | T135: RaN | U135: 0.137082 | V135: IMPNRGZ
I136: elc_spv_011 | J136: RaP | K136: 0.023949953 | L136: IMPNRGZ | N136: elc_won_011 | O136: RaP | P136: 0.027096412 | Q136: IMPNRGZ | S136: elc_wof_011 | T136: RaP | U136: 0.026133111 | V136: IMPNRGZ
I137: elc_spv_011 | J137: SaD | K137: 0.30125776 | L137: IMPNRGZ | N137: elc_won_011 | O137: SaD | P137: 0.08756963 | Q137: IMPNRGZ | S137: elc_wof_011 | T137: SaD | U137: 0.045048814 | V137: IMPNRGZ
I138: elc_spv_011 | J138: SaN | K138: 0.0074859843 | L138: IMPNRGZ | N138: elc_won_011 | O138: SaN | P138: 0.091524765 | Q138: IMPNRGZ | S138: elc_wof_011 | T138: SaN | U138: 0.041891723 | V138: IMPNRGZ
... I238: elc_spv_019 | J238: WaP | K238: 0.0065669027 | L238: IMPNRGZ | N238: elc_won_019 | O238: WaP | P238: 0.028136864 | Q238: IMPNRGZ | S238: elc_wof_019 | T238: WaP | U238: 0.028943427 | V238: IMPNRGZ
I239: elc_spv_020 | J239: FaD | K239: 0.18654981 | L239: IMPNRGZ
I240: elc_spv_020 | J240: FaN | K240: 0.00046453071 | L240: IMPNRGZ
I241: elc_spv_020 | J241: FaP | K241: 0.017355434 | L241: IMPNRGZ
I242: elc_spv_020 | J242: RaD | K242: 0.24377557 | L242: IMPNRGZ
I243: elc_spv_020 | J243: RaN | K243: 0.0057199769 | L243: IMPNRGZ
I244: elc_spv_020 | J244: RaP | K244: 0.03398414 | L244: IMPNRGZ
I245: elc_spv_020 | J245: SaD | K245: 0.30406906 | L245: IMPNRGZ
I246: elc_spv_020 | J246: SaN | K246: 0.014049287 | L246: IMPNRGZ
I247: elc_spv_020 | J247: SaP | K247: 0.043147597 | L247: IMPNRGZ
I248: elc_spv_020 | J248: WaD | K248: 0.14074045 | L248: IMPNRGZ
I249: elc_spv_020 | J249: WaN | K249: 0 | L249: IMPNRGZ
I250: elc_spv_020 | J250: WaP | K250: 0.010144149 | L250: IMPNRGZ
... I298: elc_spv_024 | J298: WaP | K298: 0.0081862738 | L298: IMPNRGZ
