Workbook

Sheet Veda
G1: 1-70
D2: ="~Inputcell: "&_xlfn.TEXTJOIN(",",TRUE,G1:EE1) -> ~Inputcell: 1-70 | G2: 5 | H2: 6 | I2: 7 | J2: 9 | K2: 10 | L2: 11 | M2: 16 | N2: 17 | O2: 18 | P2: 20 | Q2: 21 | R2: 22 | S2: 27 | T2: 28 | U2: 29 | V2: 31 | W2: 32 | X2: 33 | Y2: 38 | Z2: 39 | AA2: 40 | AB2: 42 | AC2: 43 | AD2: 44 | AE2: 49 | AF2: 50 | AG2: 51 | AH2: 53 | AI2: 54 | AJ2: 55
D3: 3
D5: =VLOOKUP(D3,$C$9:$E$999,2,FALSE) -> ts_annual | E5: =VLOOKUP(D3,$C$9:$E$999,3,FALSE) -> C3
B7: ~Scenmap
A8: priority | B8: scen | C8: case_no | D8: timeslice | E8: climate
A9: 5 | B9: =VLOOKUP(E9,$AK$9:$AL$15,2,FALSE)&"."&VLOOKUP(D9,$AH$9:$AI$24,2,FALSE) -> e 1.5 deg no OS.kAnn | C9: 1 | D9: =VLOOKUP(AJ9,$AG$9:$AH$22,2,FALSE) -> ts_annual | E9: C1 | G9: Limit warming to 1.5°C (>50%) with no or limited overshoot | AG9: 1 | AH9: ts_annual | AI9: kAnn | AJ9: 1 | AK9: C1 | AL9: e 1.5 deg no OS
A10: 5 | B10: =VLOOKUP(E10,$AK$9:$AL$15,2,FALSE)&"."&VLOOKUP(D10,$AH$9:$AI$24,2,FALSE) -> d 1.5 deg OS.kAnn | C10: =C9+1 -> 2 | D10: =VLOOKUP(AJ10,$AG$9:$AH$22,2,FALSE) -> ts_annual | E10: C2 | G10: Limit warming to 1.5°C (>67%) with high overshoot | S10: IEA | AG10: 2 | AH10: ts_12t | AI10: k12 | AJ10: 1 | AK10: C2 | AL10: d 1.5 deg OS
A11: 5 | B11: =VLOOKUP(E11,$AK$9:$AL$15,2,FALSE)&"."&VLOOKUP(D11,$AH$9:$AI$24,2,FALSE) -> c 2 deg (67%).kAnn | C11: =C10+1 -> 3 | D11: =VLOOKUP(AJ11,$AG$9:$AH$22,2,FALSE) -> ts_annual | E11: C3 | G11: Limit warming to 2°C (>67%) with higher action post-2030 | S11: 2022 | AG11: 3 | AH11: ts_012 | AI11: j12 | AJ11: 1 | AK11: C3 | AL11: c 2 deg (67%)
A12: 5 | B12: =VLOOKUP(E12,$AK$9:$AL$15,2,FALSE)&"."&VLOOKUP(D12,$AH$9:$AI$24,2,FALSE) -> b 2 deg (50%).kAnn | C12: =C11+1 -> 4 | D12: =VLOOKUP(AJ12,$AG$9:$AH$22,2,FALSE) -> ts_annual | E12: C4 | G12: Limit warming to 2°C (>50%) with immediate action | S12: =SUMIFS(iea_data!I3:I9999,iea_data!$B$3:$B$9999,Veda!$S$11)+T28-T29 -> 1811.65 | T12: base-year generation (TWh) | AG12: 4 | AH12: ts_024 | AI12: i24 | AJ12: 1 | AK12: C4 | AL12: b 2 deg (50%)
A13: 5 | B13: =VLOOKUP(E13,$AK$9:$AL$15,2,FALSE)&"."&VLOOKUP(D13,$AH$9:$AI$24,2,FALSE) -> a 3 deg.kAnn | C13: =C12+1 -> 5 | D13: =VLOOKUP(AJ13,$AG$9:$AH$22,2,FALSE) -> ts_annual | E13: C7 | G13: Likely above 3°C warming with limited mitigation | AG13: 5 | AH13: ts_048 | AI13: h48 | AJ13: 1 | AK13: C7 | AL13: a 3 deg
A14: 5 | B14: =VLOOKUP(E14,$AK$9:$AL$15,2,FALSE)&"."&VLOOKUP(D14,$AH$9:$AI$24,2,FALSE) -> e 1.5 deg no OS.k12 | C14: =C13+1 -> 6 | D14: =VLOOKUP(AJ14,$AG$9:$AH$22,2,FALSE) -> ts_12t | E14: =E9 -> C1 | T14: =S12 -> 1811.65 | U14: =$S$12*J15 -> 2355.145 | V14: =$S$12*K15 -> 2934.873 | W14: =$S$12*L15 -> 3840.698 | X14: =$S$12*M15 -> 4782.756 | Y14: =$S$12*N15 -> 6213.9595 | Z14: =$S$12*O15 -> 7445.8815 | AG14: 6 | AH14: ts_064 | AI14: g64 | AJ14: =AJ9+1 -> 2
A15: 5 | B15: =VLOOKUP(E15,$AK$9:$AL$15,2,FALSE)&"."&VLOOKUP(D15,$AH$9:$AI$24,2,FALSE) -> d 1.5 deg OS.k12 | C15: =C14+1 -> 7 | D15: =VLOOKUP(AJ15,$AG$9:$AH$22,2,FALSE) -> ts_12t | E15: =E10 -> C2 | G15: Electricity growth relative to 2020 | I15: =SUMIFS(ar6_r10!$F$2:$F$999,ar6_r10!$A$2:$A$999,Veda!$E$5,ar6_r10!$C$2:$C$999,Veda!I$17,ar6_r10!$M$2:$M$999,Veda!$G15) -> 1 | J15: =SUMIFS(ar6_r10!$F$2:$F$999,ar6_r10!$A$2:$A$999,Veda!$E$5,ar6_r10!$C$2:$C$999,Veda!J$17,ar6_r10!$M$2:$M$999,Veda!$G15) -> 1.3 | K15: =SUMIFS(ar6_r10!$F$2:$F$999,ar6_r10!$A$2:$A$999,Veda!$E$5,ar6_r10!$C$2:$C$999,Veda!K$17,ar6_r10!$M$2:$M$999,Veda!$G15) -> 1.62 | L15: =SUMIFS(ar6_r10!$F$2:$F$999,ar6_r10!$A$2:$A$999,Veda!$E$5,ar6_r10!$C$2:$C$999,Veda!L$17,ar6_r10!$M$2:$M$999,Veda!$G15) -> 2.12 | M15: =SUMIFS(ar6_r10!$F$2:$F$999,ar6_r10!$A$2:$A$999,Veda!$E$5,ar6_r10!$C$2:$C$999,Veda!M$17,ar6_r10!$M$2:$M$999,Veda!$G15) -> 2.64 | N15: =SUMIFS(ar6_r10!$F$2:$F$999,ar6_r10!$A$2:$A$999,Veda!$E$5,ar6_r10!$C$2:$C$999,Veda!N$17,ar6_r10!$M$2:$M$999,Veda!$G15) -> 3.43 | O15: =SUMIFS(ar6_r10!$F$2:$F$999,ar6_r10!$A$2:$A$999,Veda!$E$5,ar6_r10!$C$2:$C$999,Veda!O$17,ar6_r10!$M$2:$M$999,Veda!$G15) -> 4.11 | AG15: 7 | AH15: ts_096P50 | AI15: f97p50 | AJ15: =AJ10+1 -> 2
A16: 5 | B16: =VLOOKUP(E16,$AK$9:$AL$15,2,FALSE)&"."&VLOOKUP(D16,$AH$9:$AI$24,2,FALSE) -> c 2 deg (67%).k12 | C16: =C15+1 -> 8 | D16: =VLOOKUP(AJ16,$AG$9:$AH$22,2,FALSE) -> ts_12t | E16: =E11 -> C3 | S16: ~TFM_INS-TS | AG16: 8 | AH16: ts_096P10 | AI16: f96p10 | AJ16: =AJ11+1 -> 2
A17: 5 | B17: =VLOOKUP(E17,$AK$9:$AL$15,2,FALSE)&"."&VLOOKUP(D17,$AH$9:$AI$24,2,FALSE) -> b 2 deg (50%).k12 | C17: =C16+1 -> 9 | D17: =VLOOKUP(AJ17,$AG$9:$AH$22,2,FALSE) -> ts_12t | E17: =E12 -> C4 | I17: 2020 | J17: =U17 -> 2025 | K17: =V17 -> 2030 | L17: =W17 -> 2035 | M17: =X17 -> 2040 | N17: =Y17 -> 2045 | O17: =Z17 -> 2050 | S17: commodity | T17: 2022 | U17: 2025 | V17: 2030 | W17: 2035 | X17: 2040 | Y17: 2045 | Z17: 2050 | AA17: attribute | AG17: 9 | AH17: ts_096P90 | AI17: f96p90 | AJ17: =AJ12+1 -> 2
A18: 5 | B18: =VLOOKUP(E18,$AK$9:$AL$15,2,FALSE)&"."&VLOOKUP(D18,$AH$9:$AI$24,2,FALSE) -> a 3 deg.k12 | C18: =C17+1 -> 10 | D18: =VLOOKUP(AJ18,$AG$9:$AH$22,2,FALSE) -> ts_12t | E18: =E13 -> C7 | G18: Hydrogen as a share of electricity | I18: =SUMIFS(ar6_r10!$F$2:$F$999,ar6_r10!$A$2:$A$999,Veda!$E$5,ar6_r10!$C$2:$C$999,Veda!I$17,ar6_r10!$M$2:$M$999,Veda!$G18) -> 0 | J18: =SUMIFS(ar6_r10!$F$2:$F$999,ar6_r10!$A$2:$A$999,Veda!$E$5,ar6_r10!$C$2:$C$999,Veda!J$17,ar6_r10!$M$2:$M$999,Veda!$G18) -> 0 | K18: =SUMIFS(ar6_r10!$F$2:$F$999,ar6_r10!$A$2:$A$999,Veda!$E$5,ar6_r10!$C$2:$C$999,Veda!K$17,ar6_r10!$M$2:$M$999,Veda!$G18) -> 0 | L18: =SUMIFS(ar6_r10!$F$2:$F$999,ar6_r10!$A$2:$A$999,Veda!$E$5,ar6_r10!$C$2:$C$999,Veda!L$17,ar6_r10!$M$2:$M$999,Veda!$G18) -> 0.01 | M18: =SUMIFS(ar6_r10!$F$2:$F$999,ar6_r10!$A$2:$A$999,Veda!$E$5,ar6_r10!$C$2:$C$999,Veda!M$17,ar6_r10!$M$2:$M$999,Veda!$G18) -> 0.02 | N18: =SUMIFS(ar6_r10!$F$2:$F$999,ar6_r10!$A$2:$A$999,Veda!$E$5,ar6_r10!$C$2:$C$999,Veda!N$17,ar6_r10!$M$2:$M$999,Veda!$G18) -> 0.02 | O18: =SUMIFS(ar6_r10!$F$2:$F$999,ar6_r10!$A$2:$A$999,Veda!$E$5,ar6_r10!$C$2:$C$999,Veda!O$17,ar6_r10!$M$2:$M$999,Veda!$G18) -> 0.03 | S18: hydrogen_allsect | T18: =I18*T$14 -> 0 | U18: =J18*U$14 -> 0 | V18: =K18*V$14 -> 0 | W18: =L18*W$14 -> 38.40698 | X18: =M18*X$14 -> 95.65512 | Y18: =N18*Y$14 -> 124.27919 | Z18: =O18*Z$14 -> 223.37645 | AA18: demand | AG18: 10 | AH18: s1p1v1_d | AI18: e3d | AJ18: =AJ13+1 -> 2
A19: 5 | B19: =VLOOKUP(E19,$AK$9:$AL$15,2,FALSE)&"."&VLOOKUP(D19,$AH$9:$AI$24,2,FALSE) -> e 1.5 deg no OS.j12 | C19: =C18+1 -> 11 | D19: =VLOOKUP(AJ19,$AG$9:$AH$22,2,FALSE) -> ts_012 | E19: =E14 -> C1 | G19: Industry electricity share | I19: =SUMIFS(ar6_r10!$F$2:$F$999,ar6_r10!$A$2:$A$999,Veda!$E$5,ar6_r10!$C$2:$C$999,Veda!I$17,ar6_r10!$M$2:$M$999,Veda!$G19) -> 0.49 | J19: =SUMIFS(ar6_r10!$F$2:$F$999,ar6_r10!$A$2:$A$999,Veda!$E$5,ar6_r10!$C$2:$C$999,Veda!J$17,ar6_r10!$M$2:$M$999,Veda!$G19) -> 0.49 | K19: =SUMIFS(ar6_r10!$F$2:$F$999,ar6_r10!$A$2:$A$999,Veda!$E$5,ar6_r10!$C$2:$C$999,Veda!K$17,ar6_r10!$M$2:$M$999,Veda!$G19) -> 0.46 | L19: =SUMIFS(ar6_r10!$F$2:$F$999,ar6_r10!$A$2:$A$999,Veda!$E$5,ar6_r10!$C$2:$C$999,Veda!L$17,ar6_r10!$M$2:$M$999,Veda!$G19) -> 0.48 | M19: =SUMIFS(ar6_r10!$F$2:$F$999,ar6_r10!$A$2:$A$999,Veda!$E$5,ar6_r10!$C$2:$C$999,Veda!M$17,ar6_r10!$M$2:$M$999,Veda!$G19) -> 0.46 | N19: =SUMIFS(ar6_r10!$F$2:$F$999,ar6_r10!$A$2:$A$999,Veda!$E$5,ar6_r10!$C$2:$C$999,Veda!N$17,ar6_r10!$M$2:$M$999,Veda!$G19) -> 0.48 | O19: =SUMIFS(ar6_r10!$F$2:$F$999,ar6_r10!$A$2:$A$999,Veda!$E$5,ar6_r10!$C$2:$C$999,Veda!O$17,ar6_r10!$M$2:$M$999,Veda!$G19) -> 0.47 | S19: elc_industry | T19: =I19*T$14 -> 887.7085 | U19: =J19*U$14 -> 1154.0211 | V19: =K19*V$14 -> 1350.0416 | W19: =L19*W$14 -> 1843.535 | X19: =M19*X$14 -> 2200.0678 | Y19: =N19*Y$14 -> 2982.7006 | Z19: =O19*Z$14 -> 3499.5643 | AA19: demand | AG19: 11 | AH19: s3p3v3_d | AI19: d9d | AJ19: =AJ14+1 -> 3
A20: 5 | B20: =VLOOKUP(E20,$AK$9:$AL$15,2,FALSE)&"."&VLOOKUP(D20,$AH$9:$AI$24,2,FALSE) -> d 1.5 deg OS.j12 | C20: =C19+1 -> 12 | D20: =VLOOKUP(AJ20,$AG$9:$AH$22,2,FALSE) -> ts_012 | E20: =E15 -> C2 | G20: Residential and commercial electricity share | I20: =SUMIFS(ar6_r10!$F$2:$F$999,ar6_r10!$A$2:$A$999,Veda!$E$5,ar6_r10!$C$2:$C$999,Veda!I$17,ar6_r10!$M$2:$M$999,Veda!$G20) -> 0.46 | J20: =SUMIFS(ar6_r10!$F$2:$F$999,ar6_r10!$A$2:$A$999,Veda!$E$5,ar6_r10!$C$2:$C$999,Veda!J$17,ar6_r10!$M$2:$M$999,Veda!$G20) -> 0.47 | K20: =SUMIFS(ar6_r10!$F$2:$F$999,ar6_r10!$A$2:$A$999,Veda!$E$5,ar6_r10!$C$2:$C$999,Veda!K$17,ar6_r10!$M$2:$M$999,Veda!$G20) -> 0.45 | L20: =SUMIFS(ar6_r10!$F$2:$F$999,ar6_r10!$A$2:$A$999,Veda!$E$5,ar6_r10!$C$2:$C$999,Veda!L$17,ar6_r10!$M$2:$M$999,Veda!$G20) -> 0.45 | M20: =SUMIFS(ar6_r10!$F$2:$F$999,ar6_r10!$A$2:$A$999,Veda!$E$5,ar6_r10!$C$2:$C$999,Veda!M$17,ar6_r10!$M$2:$M$999,Veda!$G20) -> 0.47 | N20: =SUMIFS(ar6_r10!$F$2:$F$999,ar6_r10!$A$2:$A$999,Veda!$E$5,ar6_r10!$C$2:$C$999,Veda!N$17,ar6_r10!$M$2:$M$999,Veda!$G20) -> 0.44 | O20: =SUMIFS(ar6_r10!$F$2:$F$999,ar6_r10!$A$2:$A$999,Veda!$E$5,ar6_r10!$C$2:$C$999,Veda!O$17,ar6_r10!$M$2:$M$999,Veda!$G20) -> 0.44 | S20: elc_buildings | T20: =I20*T$14 -> 833.359 | U20: =J20*U$14 -> 1106.9181 | V20: =K20*V$14 -> 1320.6929 | W20: =L20*W$14 -> 1728.3141 | X20: =M20*X$14 -> 2247.8953 | Y20: =N20*Y$14 -> 2734.1422 | Z20: =O20*Z$14 -> 3276.1879 | AA20: demand | AG20: 12 | AH20: s5p5v5_d | AI20: c15d | AJ20: =AJ15+1 -> 3
A21: 5 | B21: =VLOOKUP(E21,$AK$9:$AL$15,2,FALSE)&"."&VLOOKUP(D21,$AH$9:$AI$24,2,FALSE) -> c 2 deg (67%).j12 | C21: =C20+1 -> 13 | D21: =VLOOKUP(AJ21,$AG$9:$AH$22,2,FALSE) -> ts_012 | E21: =E16 -> C3 | G21: Transportation electricity share | I21: =SUMIFS(ar6_r10!$F$2:$F$999,ar6_r10!$A$2:$A$999,Veda!$E$5,ar6_r10!$C$2:$C$999,Veda!I$17,ar6_r10!$M$2:$M$999,Veda!$G21) -> 0.02 | J21: =SUMIFS(ar6_r10!$F$2:$F$999,ar6_r10!$A$2:$A$999,Veda!$E$5,ar6_r10!$C$2:$C$999,Veda!J$17,ar6_r10!$M$2:$M$999,Veda!$G21) -> 0.02 | K21: =SUMIFS(ar6_r10!$F$2:$F$999,ar6_r10!$A$2:$A$999,Veda!$E$5,ar6_r10!$C$2:$C$999,Veda!K$17,ar6_r10!$M$2:$M$999,Veda!$G21) -> 0.03 | L21: =SUMIFS(ar6_r10!$F$2:$F$999,ar6_r10!$A$2:$A$999,Veda!$E$5,ar6_r10!$C$2:$C$999,Veda!L$17,ar6_r10!$M$2:$M$999,Veda!$G21) -> 0.04 | M21: =SUMIFS(ar6_r10!$F$2:$F$999,ar6_r10!$A$2:$A$999,Veda!$E$5,ar6_r10!$C$2:$C$999,Veda!M$17,ar6_r10!$M$2:$M$999,Veda!$G21) -> 0.05 | N21: =SUMIFS(ar6_r10!$F$2:$F$999,ar6_r10!$A$2:$A$999,Veda!$E$5,ar6_r10!$C$2:$C$999,Veda!N$17,ar6_r10!$M$2:$M$999,Veda!$G21) -> 0.06 | O21: =SUMIFS(ar6_r10!$F$2:$F$999,ar6_r10!$A$2:$A$999,Veda!$E$5,ar6_r10!$C$2:$C$999,Veda!O$17,ar6_r10!$M$2:$M$999,Veda!$G21) -> 0.06 | S21: elc_transport | T21: =I21*T$14 -> 36.233 | U21: =T21 -> 36.233 | V21: =U21 -> 36.233 | W21: =V21 -> 36.233 | X21: =W21 -> 36.233 | Y21: =X21 -> 36.233 | Z21: =Y21 -> 36.233 | AA21: demand | AC21: non-road transport demand assumed to be constant | AG21: 13 | AH21: s2_w | AI21: b2w | AJ21: =AJ16+1 -> 3
A22: 5 | B22: =VLOOKUP(E22,$AK$9:$AL$15,2,FALSE)&"."&VLOOKUP(D22,$AH$9:$AI$24,2,FALSE) -> b 2 deg (50%).j12 | C22: =C21+1 -> 14 | D22: =VLOOKUP(AJ22,$AG$9:$AH$22,2,FALSE) -> ts_012 | E22: =E17 -> C4 | S22: elc_roadtransport | T22: =T14-SUM(T19:T21) -> 54.3495 | U22: =U14-SUM(U19:U21) -> 57.9728 | V22: =V14-SUM(V19:V21) -> 227.90557 | W22: =W14-SUM(W19:W21) -> 232.61586 | X22: =X14-SUM(X19:X21) -> 298.55992 | Y22: =Y14-SUM(Y19:Y21) -> 460.88376 | Z22: =Z14-SUM(Z19:Z21) -> 633.89634 | AA22: demand | AG22: 14 | AH22: s2_w_p2_d | AI22: a2w2d | AJ22: =AJ17+1 -> 3
A23: 5 | B23: =VLOOKUP(E23,$AK$9:$AL$15,2,FALSE)&"."&VLOOKUP(D23,$AH$9:$AI$24,2,FALSE) -> a 3 deg.j12 | C23: =C22+1 -> 15 | D23: =VLOOKUP(AJ23,$AG$9:$AH$22,2,FALSE) -> ts_012 | E23: =E18 -> C7 | S23: * | AJ23: =AJ18+1 -> 3
A24: 5 | B24: =VLOOKUP(E24,$AK$9:$AL$15,2,FALSE)&"."&VLOOKUP(D24,$AH$9:$AI$24,2,FALSE) -> e 1.5 deg no OS.i24 | C24: =C23+1 -> 16 | D24: =VLOOKUP(AJ24,$AG$9:$AH$22,2,FALSE) -> ts_024 | E24: =E19 -> C1 | G24: CO2 price | I24: 0 | J24: 0 | K24: =SUMIFS(ar6_r10!$F$2:$F$999,ar6_r10!$A$2:$A$999,Veda!$E$5,ar6_r10!$C$2:$C$999,Veda!K$17,ar6_r10!$M$2:$M$999,Veda!$G24) -> 47.87 | L24: =SUMIFS(ar6_r10!$F$2:$F$999,ar6_r10!$A$2:$A$999,Veda!$E$5,ar6_r10!$C$2:$C$999,Veda!L$17,ar6_r10!$M$2:$M$999,Veda!$G24) -> 86.21 | M24: =SUMIFS(ar6_r10!$F$2:$F$999,ar6_r10!$A$2:$A$999,Veda!$E$5,ar6_r10!$C$2:$C$999,Veda!M$17,ar6_r10!$M$2:$M$999,Veda!$G24) -> 123.26 | N24: =SUMIFS(ar6_r10!$F$2:$F$999,ar6_r10!$A$2:$A$999,Veda!$E$5,ar6_r10!$C$2:$C$999,Veda!N$17,ar6_r10!$M$2:$M$999,Veda!$G24) -> 172.36 | O24: =SUMIFS(ar6_r10!$F$2:$F$999,ar6_r10!$A$2:$A$999,Veda!$E$5,ar6_r10!$C$2:$C$999,Veda!O$17,ar6_r10!$M$2:$M$999,Veda!$G24) -> 209.45 | S24: co2net | U24: 0 | V24: =K24/1000 -> 0.04787 | W24: =L24/1000 -> 0.08621 | X24: =M24/1000 -> 0.12326 | Y24: =N24/1000 -> 0.17236 | Z24: =O24/1000 -> 0.20945 | AA24: com_taxnet | AJ24: =AJ19+1 -> 4
A25: 5 | B25: =VLOOKUP(E25,$AK$9:$AL$15,2,FALSE)&"."&VLOOKUP(D25,$AH$9:$AI$24,2,FALSE) -> d 1.5 deg OS.i24 | C25: =C24+1 -> 17 | D25: =VLOOKUP(AJ25,$AG$9:$AH$22,2,FALSE) -> ts_024 | E25: =E20 -> C2 | AJ25: =AJ20+1 -> 4
A26: 5 | B26: =VLOOKUP(E26,$AK$9:$AL$15,2,FALSE)&"."&VLOOKUP(D26,$AH$9:$AI$24,2,FALSE) -> c 2 deg (67%).i24 | C26: =C25+1 -> 18 | D26: =VLOOKUP(AJ26,$AG$9:$AH$22,2,FALSE) -> ts_024 | E26: =E21 -> C3 | S26: ~TFM_INS-TS | AJ26: =AJ21+1 -> 4
A27: 5 | B27: =VLOOKUP(E27,$AK$9:$AL$15,2,FALSE)&"."&VLOOKUP(D27,$AH$9:$AI$24,2,FALSE) -> b 2 deg (50%).i24 | C27: =C26+1 -> 19 | D27: =VLOOKUP(AJ27,$AG$9:$AH$22,2,FALSE) -> ts_024 | E27: =E22 -> C4 | S27: process | T27: =T17 -> 2022 | U27: =U17 -> 2025 | V27: =V17 -> 2030 | W27: =W17 -> 2035 | X27: =X17 -> 2040 | Y27: =Y17 -> 2045 | Z27: =Z17 -> 2050 | AA27: attribute | AB27: limtype | AJ27: =AJ22+1 -> 4
A28: 5 | B28: =VLOOKUP(E28,$AK$9:$AL$15,2,FALSE)&"."&VLOOKUP(D28,$AH$9:$AI$24,2,FALSE) -> a 3 deg.i24 | C28: =C27+1 -> 20 | D28: =VLOOKUP(AJ28,$AG$9:$AH$22,2,FALSE) -> ts_024 | E28: =E23 -> C7 | Q28: =SUMIFS(iea_data!G3:G9999,iea_data!$B$3:$B$9999,Veda!$S$11) -> 7.84 | S28: Trd_electricity import | T28: =Q28 -> 7.84 | AA28: ACT_BND | AB28: FX | AJ28: =AJ23+1 -> 4
A29: 5 | B29: =VLOOKUP(E29,$AK$9:$AL$15,2,FALSE)&"."&VLOOKUP(D29,$AH$9:$AI$24,2,FALSE) -> e 1.5 deg no OS.h48 | C29: =C28+1 -> 21 | D29: =VLOOKUP(AJ29,$AG$9:$AH$22,2,FALSE) -> ts_048 | E29: =E24 -> C1 | Q29: =SUMIFS(iea_data!H3:H9999,iea_data!$B$3:$B$9999,Veda!$S$11) -> -10.25 | S29: Trd_electricity export | T29: =-1*Q29 -> 10.25 | AA29: ACT_BND | AB29: FX | AJ29: =AJ24+1 -> 5
A30: 5 | B30: =VLOOKUP(E30,$AK$9:$AL$15,2,FALSE)&"."&VLOOKUP(D30,$AH$9:$AI$24,2,FALSE) -> d 1.5 deg OS.h48 | C30: =C29+1 -> 22 | D30: =VLOOKUP(AJ30,$AG$9:$AH$22,2,FALSE) -> ts_048 | E30: =E25 -> C2 | AJ30: =AJ25+1 -> 5
A31: 5 | B31: =VLOOKUP(E31,$AK$9:$AL$15,2,FALSE)&"."&VLOOKUP(D31,$AH$9:$AI$24,2,FALSE) -> c 2 deg (67%).h48 | C31: =C30+1 -> 23 | D31: =VLOOKUP(AJ31,$AG$9:$AH$22,2,FALSE) -> ts_048 | E31: =E26 -> C3 | AJ31: =AJ26+1 -> 5
A32: 5 | B32: =VLOOKUP(E32,$AK$9:$AL$15,2,FALSE)&"."&VLOOKUP(D32,$AH$9:$AI$24,2,FALSE) -> b 2 deg (50%).h48 | C32: =C31+1 -> 24 | D32: =VLOOKUP(AJ32,$AG$9:$AH$22,2,FALSE) -> ts_048 | E32: =E27 -> C4 | AJ32: =AJ27+1 -> 5
A33: 5 | B33: =VLOOKUP(E33,$AK$9:$AL$15,2,FALSE)&"."&VLOOKUP(D33,$AH$9:$AI$24,2,FALSE) -> a 3 deg.h48 | C33: =C32+1 -> 25 | D33: =VLOOKUP(AJ33,$AG$9:$AH$22,2,FALSE) -> ts_048 | E33: =E28 -> C7 | AJ33: =AJ28+1 -> 5
A34: 5 | B34: =VLOOKUP(E34,$AK$9:$AL$15,2,FALSE)&"."&VLOOKUP(D34,$AH$9:$AI$24,2,FALSE) -> e 1.5 deg no OS.g64 | C34: =C33+1 -> 26 | D34: =VLOOKUP(AJ34,$AG$9:$AH$22,2,FALSE) -> ts_064 | E34: =E29 -> C1 | AJ34: =AJ29+1 -> 6
A35: 5 | B35: =VLOOKUP(E35,$AK$9:$AL$15,2,FALSE)&"."&VLOOKUP(D35,$AH$9:$AI$24,2,FALSE) -> d 1.5 deg OS.g64 | C35: =C34+1 -> 27 | D35: =VLOOKUP(AJ35,$AG$9:$AH$22,2,FALSE) -> ts_064 | E35: =E30 -> C2 | AJ35: =AJ30+1 -> 6
A36: 5 | B36: =VLOOKUP(E36,$AK$9:$AL$15,2,FALSE)&"."&VLOOKUP(D36,$AH$9:$AI$24,2,FALSE) -> c 2 deg (67%).g64 | C36: =C35+1 -> 28 | D36: =VLOOKUP(AJ36,$AG$9:$AH$22,2,FALSE) -> ts_064 | E36: =E31 -> C3 | G36: C7 | AJ36: =AJ31+1 -> 6
A37: 5 | B37: =VLOOKUP(E37,$AK$9:$AL$15,2,FALSE)&"."&VLOOKUP(D37,$AH$9:$AI$24,2,FALSE) -> b 2 deg (50%).g64 | C37: =C36+1 -> 29 | D37: =VLOOKUP(AJ37,$AG$9:$AH$22,2,FALSE) -> ts_064 | E37: =E32 -> C4 | G37: Gas Price | I37: =SUMIFS(ar6_r10!$F$2:$F$999,ar6_r10!$A$2:$A$999,Veda!$G$36,ar6_r10!$C$2:$C$999,Veda!I$17,ar6_r10!$M$2:$M$999,Veda!$G37) -> 1 | J37: =SUMIFS(ar6_r10!$F$2:$F$999,ar6_r10!$A$2:$A$999,Veda!$G$36,ar6_r10!$C$2:$C$999,Veda!J$17,ar6_r10!$M$2:$M$999,Veda!$G37) -> 1.11 | K37: =SUMIFS(ar6_r10!$F$2:$F$999,ar6_r10!$A$2:$A$999,Veda!$G$36,ar6_r10!$C$2:$C$999,Veda!K$17,ar6_r10!$M$2:$M$999,Veda!$G37) -> 1.21 | L37: =SUMIFS(ar6_r10!$F$2:$F$999,ar6_r10!$A$2:$A$999,Veda!$G$36,ar6_r10!$C$2:$C$999,Veda!L$17,ar6_r10!$M$2:$M$999,Veda!$G37) -> 1.16 | M37: =SUMIFS(ar6_r10!$F$2:$F$999,ar6_r10!$A$2:$A$999,Veda!$G$36,ar6_r10!$C$2:$C$999,Veda!M$17,ar6_r10!$M$2:$M$999,Veda!$G37) -> 1.36 | N37: =SUMIFS(ar6_r10!$F$2:$F$999,ar6_r10!$A$2:$A$999,Veda!$G$36,ar6_r10!$C$2:$C$999,Veda!N$17,ar6_r10!$M$2:$M$999,Veda!$G37) -> 1.4 | O37: =SUMIFS(ar6_r10!$F$2:$F$999,ar6_r10!$A$2:$A$999,Veda!$G$36,ar6_r10!$C$2:$C$999,Veda!O$17,ar6_r10!$M$2:$M$999,Veda!$G37) -> 1.44 | AJ37: =AJ32+1 -> 6
A38: 5 | B38: =VLOOKUP(E38,$AK$9:$AL$15,2,FALSE)&"."&VLOOKUP(D38,$AH$9:$AI$24,2,FALSE) -> a 3 deg.g64 | C38: =C37+1 -> 30 | D38: =VLOOKUP(AJ38,$AG$9:$AH$22,2,FALSE) -> ts_064 | E38: =E33 -> C7 | G38: Coal Price | I38: =SUMIFS(ar6_r10!$F$2:$F$999,ar6_r10!$A$2:$A$999,Veda!$G$36,ar6_r10!$C$2:$C$999,Veda!I$17,ar6_r10!$M$2:$M$999,Veda!$G38) -> 1 | J38: =SUMIFS(ar6_r10!$F$2:$F$999,ar6_r10!$A$2:$A$999,Veda!$G$36,ar6_r10!$C$2:$C$999,Veda!J$17,ar6_r10!$M$2:$M$999,Veda!$G38) -> 1.07 | K38: =SUMIFS(ar6_r10!$F$2:$F$999,ar6_r10!$A$2:$A$999,Veda!$G$36,ar6_r10!$C$2:$C$999,Veda!K$17,ar6_r10!$M$2:$M$999,Veda!$G38) -> 1.17 | L38: =SUMIFS(ar6_r10!$F$2:$F$999,ar6_r10!$A$2:$A$999,Veda!$G$36,ar6_r10!$C$2:$C$999,Veda!L$17,ar6_r10!$M$2:$M$999,Veda!$G38) -> 1.21 | M38: =SUMIFS(ar6_r10!$F$2:$F$999,ar6_r10!$A$2:$A$999,Veda!$G$36,ar6_r10!$C$2:$C$999,Veda!M$17,ar6_r10!$M$2:$M$999,Veda!$G38) -> 1.37 | N38: =SUMIFS(ar6_r10!$F$2:$F$999,ar6_r10!$A$2:$A$999,Veda!$G$36,ar6_r10!$C$2:$C$999,Veda!N$17,ar6_r10!$M$2:$M$999,Veda!$G38) -> 1.33 | O38: =SUMIFS(ar6_r10!$F$2:$F$999,ar6_r10!$A$2:$A$999,Veda!$G$36,ar6_r10!$C$2:$C$999,Veda!O$17,ar6_r10!$M$2:$M$999,Veda!$G38) -> 1.52 | AJ38: =AJ33+1 -> 6
A39: 5 | B39: =VLOOKUP(E39,$AK$9:$AL$15,2,FALSE)&"."&VLOOKUP(D39,$AH$9:$AI$24,2,FALSE) -> e 1.5 deg no OS.f97p50 | C39: =C38+1 -> 31 | D39: =VLOOKUP(AJ39,$AG$9:$AH$22,2,FALSE) -> ts_096P50 | E39: =E34 -> C1 | G39: Oil Price | I39: =SUMIFS(ar6_r10!$F$2:$F$999,ar6_r10!$A$2:$A$999,Veda!$G$36,ar6_r10!$C$2:$C$999,Veda!I$17,ar6_r10!$M$2:$M$999,Veda!$G39) -> 1 | J39: =SUMIFS(ar6_r10!$F$2:$F$999,ar6_r10!$A$2:$A$999,Veda!$G$36,ar6_r10!$C$2:$C$999,Veda!J$17,ar6_r10!$M$2:$M$999,Veda!$G39) -> 1.43 | K39: =SUMIFS(ar6_r10!$F$2:$F$999,ar6_r10!$A$2:$A$999,Veda!$G$36,ar6_r10!$C$2:$C$999,Veda!K$17,ar6_r10!$M$2:$M$999,Veda!$G39) -> 1.58 | L39: =SUMIFS(ar6_r10!$F$2:$F$999,ar6_r10!$A$2:$A$999,Veda!$G$36,ar6_r10!$C$2:$C$999,Veda!L$17,ar6_r10!$M$2:$M$999,Veda!$G39) -> 1.53 | M39: =SUMIFS(ar6_r10!$F$2:$F$999,ar6_r10!$A$2:$A$999,Veda!$G$36,ar6_r10!$C$2:$C$999,Veda!M$17,ar6_r10!$M$2:$M$999,Veda!$G39) -> 1.74 | N39: =SUMIFS(ar6_r10!$F$2:$F$999,ar6_r10!$A$2:$A$999,Veda!$G$36,ar6_r10!$C$2:$C$999,Veda!N$17,ar6_r10!$M$2:$M$999,Veda!$G39) -> 1.94 | O39: =SUMIFS(ar6_r10!$F$2:$F$999,ar6_r10!$A$2:$A$999,Veda!$G$36,ar6_r10!$C$2:$C$999,Veda!O$17,ar6_r10!$M$2:$M$999,Veda!$G39) -> 2.2 | AJ39: =AJ34+1 -> 7
A40: 5 | B40: =VLOOKUP(E40,$AK$9:$AL$15,2,FALSE)&"."&VLOOKUP(D40,$AH$9:$AI$24,2,FALSE) -> d 1.5 deg OS.f97p50 | C40: =C39+1 -> 32 | D40: =VLOOKUP(AJ40,$AG$9:$AH$22,2,FALSE) -> ts_096P50 | E40: =E35 -> C2 | G40: Biomass Price | I40: =SUMIFS(ar6_r10!$F$2:$F$999,ar6_r10!$A$2:$A$999,Veda!$G$36,ar6_r10!$C$2:$C$999,Veda!I$17,ar6_r10!$M$2:$M$999,Veda!$G40) -> 1 | J40: =SUMIFS(ar6_r10!$F$2:$F$999,ar6_r10!$A$2:$A$999,Veda!$G$36,ar6_r10!$C$2:$C$999,Veda!J$17,ar6_r10!$M$2:$M$999,Veda!$G40) -> 1.05 | K40: =SUMIFS(ar6_r10!$F$2:$F$999,ar6_r10!$A$2:$A$999,Veda!$G$36,ar6_r10!$C$2:$C$999,Veda!K$17,ar6_r10!$M$2:$M$999,Veda!$G40) -> 1.06 | L40: =SUMIFS(ar6_r10!$F$2:$F$999,ar6_r10!$A$2:$A$999,Veda!$G$36,ar6_r10!$C$2:$C$999,Veda!L$17,ar6_r10!$M$2:$M$999,Veda!$G40) -> 1.04 | M40: =SUMIFS(ar6_r10!$F$2:$F$999,ar6_r10!$A$2:$A$999,Veda!$G$36,ar6_r10!$C$2:$C$999,Veda!M$17,ar6_r10!$M$2:$M$999,Veda!$G40) -> 1 | N40: =SUMIFS(ar6_r10!$F$2:$F$999,ar6_r10!$A$2:$A$999,Veda!$G$36,ar6_r10!$C$2:$C$999,Veda!N$17,ar6_r10!$M$2:$M$999,Veda!$G40) -> 0.95 | O40: =SUMIFS(ar6_r10!$F$2:$F$999,ar6_r10!$A$2:$A$999,Veda!$G$36,ar6_r10!$C$2:$C$999,Veda!O$17,ar6_r10!$M$2:$M$999,Veda!$G40) -> 0.93 | AJ40: =AJ35+1 -> 7
A41: 5 | B41: =VLOOKUP(E41,$AK$9:$AL$15,2,FALSE)&"."&VLOOKUP(D41,$AH$9:$AI$24,2,FALSE) -> c 2 deg (67%).f97p50 | C41: =C40+1 -> 33 | D41: =VLOOKUP(AJ41,$AG$9:$AH$22,2,FALSE) -> ts_096P50 | E41: =E36 -> C3 | AJ41: =AJ36+1 -> 7
A42: 5 | B42: =VLOOKUP(E42,$AK$9:$AL$15,2,FALSE)&"."&VLOOKUP(D42,$AH$9:$AI$24,2,FALSE) -> b 2 deg (50%).f97p50 | C42: =C41+1 -> 34 | D42: =VLOOKUP(AJ42,$AG$9:$AH$22,2,FALSE) -> ts_096P50 | E42: =E37 -> C4 | AJ42: =AJ37+1 -> 7
A43: 5 | B43: =VLOOKUP(E43,$AK$9:$AL$15,2,FALSE)&"."&VLOOKUP(D43,$AH$9:$AI$24,2,FALSE) -> a 3 deg.f97p50 | C43: =C42+1 -> 35 | D43: =VLOOKUP(AJ43,$AG$9:$AH$22,2,FALSE) -> ts_096P50 | E43: =E38 -> C7 | G43: ~TFM_INS-TS: attribute=flo_cost | AJ43: =AJ38+1 -> 7
A44: 5 | B44: =VLOOKUP(E44,$AK$9:$AL$15,2,FALSE)&"."&VLOOKUP(D44,$AH$9:$AI$24,2,FALSE) -> e 1.5 deg no OS.f96p10 | C44: =C43+1 -> 36 | D44: =VLOOKUP(AJ44,$AG$9:$AH$22,2,FALSE) -> ts_096P10 | E44: =E39 -> C1 | G44: commodity | H44: pset_co | I44: 2022 | J44: =J17 -> 2025 | K44: =K17 -> 2030 | L44: =L17 -> 2035 | M44: =M17 -> 2040 | N44: =N17 -> 2045 | O44: =O17 -> 2050 | R44: low | S44: high | AJ44: =AJ39+1 -> 8
A45: 5 | B45: =VLOOKUP(E45,$AK$9:$AL$15,2,FALSE)&"."&VLOOKUP(D45,$AH$9:$AI$24,2,FALSE) -> d 1.5 deg OS.f96p10 | C45: =C44+1 -> 37 | D45: =VLOOKUP(AJ45,$AG$9:$AH$22,2,FALSE) -> ts_096P10 | E45: =E40 -> C2 | G45: Gas | H45: =G45 -> Gas | I45: =AVERAGE($R45:$S45)*I37 -> 36 | J45: =AVERAGE($R45:$S45)*J37 -> 39.96 | K45: =AVERAGE($R45:$S45)*K37 -> 43.56 | L45: =AVERAGE($R45:$S45)*L37 -> 41.76 | M45: =AVERAGE($R45:$S45)*M37 -> 48.96 | N45: =AVERAGE($R45:$S45)*N37 -> 50.4 | O45: =AVERAGE($R45:$S45)*O37 -> 51.84 | R45: =HLOOKUP($G45&"_"&R$44,fuel_prices!$B$10:$I$11,2,FALSE) -> 30.9 | S45: =HLOOKUP($G45&"_"&S$44,fuel_prices!$B$10:$I$11,2,FALSE) -> 41.1 | AJ45: =AJ40+1 -> 8
A46: 5 | B46: =VLOOKUP(E46,$AK$9:$AL$15,2,FALSE)&"."&VLOOKUP(D46,$AH$9:$AI$24,2,FALSE) -> c 2 deg (67%).f96p10 | C46: =C45+1 -> 38 | D46: =VLOOKUP(AJ46,$AG$9:$AH$22,2,FALSE) -> ts_096P10 | E46: =E41 -> C3 | G46: Coal | H46: =G46 -> Coal | I46: =AVERAGE($R46:$S46)*I38 -> 9.8 | J46: =AVERAGE($R46:$S46)*J38 -> 10.486 | K46: =AVERAGE($R46:$S46)*K38 -> 11.466 | L46: =AVERAGE($R46:$S46)*L38 -> 11.858 | M46: =AVERAGE($R46:$S46)*M38 -> 13.426 | N46: =AVERAGE($R46:$S46)*N38 -> 13.034 | O46: =AVERAGE($R46:$S46)*O38 -> 14.896 | R46: =HLOOKUP($G46&"_"&R$44,fuel_prices!$B$10:$I$11,2,FALSE) -> 8.6 | S46: =HLOOKUP($G46&"_"&S$44,fuel_prices!$B$10:$I$11,2,FALSE) -> 11 | AJ46: =AJ41+1 -> 8
A47: 5 | B47: =VLOOKUP(E47,$AK$9:$AL$15,2,FALSE)&"."&VLOOKUP(D47,$AH$9:$AI$24,2,FALSE) -> b 2 deg (50%).f96p10 | C47: =C46+1 -> 39 | D47: =VLOOKUP(AJ47,$AG$9:$AH$22,2,FALSE) -> ts_096P10 | E47: =E42 -> C4 | G47: Oil | H47: =G47 -> Oil | I47: =AVERAGE($R47:$S47)*I39 -> 50 | J47: =AVERAGE($R47:$S47)*J39 -> 71.5 | K47: =AVERAGE($R47:$S47)*K39 -> 79 | L47: =AVERAGE($R47:$S47)*L39 -> 76.5 | M47: =AVERAGE($R47:$S47)*M39 -> 87 | N47: =AVERAGE($R47:$S47)*N39 -> 97 | O47: =AVERAGE($R47:$S47)*O39 -> 110 | R47: =HLOOKUP($G47&"_"&R$44,fuel_prices!$B$10:$I$11,2,FALSE) -> 45 | S47: =HLOOKUP($G47&"_"&S$44,fuel_prices!$B$10:$I$11,2,FALSE) -> 55 | AJ47: =AJ42+1 -> 8
A48: 5 | B48: =VLOOKUP(E48,$AK$9:$AL$15,2,FALSE)&"."&VLOOKUP(D48,$AH$9:$AI$24,2,FALSE) -> a 3 deg.f96p10 | C48: =C47+1 -> 40 | D48: =VLOOKUP(AJ48,$AG$9:$AH$22,2,FALSE) -> ts_096P10 | E48: =E43 -> C7 | G48: Bioenergy | H48: =G48 -> Bioenergy | I48: =AVERAGE($R48:$S48)*I40 -> 18.5 | J48: =AVERAGE($R48:$S48)*J40 -> 19.425 | K48: =AVERAGE($R48:$S48)*K40 -> 19.61 | L48: =AVERAGE($R48:$S48)*L40 -> 19.24 | M48: =AVERAGE($R48:$S48)*M40 -> 18.5 | N48: =AVERAGE($R48:$S48)*N40 -> 17.575 | O48: =AVERAGE($R48:$S48)*O40 -> 17.205 | R48: =HLOOKUP($G48&"_"&R$44,fuel_prices!$B$10:$I$11,2,FALSE) -> 15 | S48: =HLOOKUP($G48&"_"&S$44,fuel_prices!$B$10:$I$11,2,FALSE) -> 22 | AJ48: =AJ43+1 -> 8
A49: 5 | B49: =VLOOKUP(E49,$AK$9:$AL$15,2,FALSE)&"."&VLOOKUP(D49,$AH$9:$AI$24,2,FALSE) -> e 1.5 deg no OS.f96p90 | C49: =C48+1 -> 41 | D49: =VLOOKUP(AJ49,$AG$9:$AH$22,2,FALSE) -> ts_096P90 | E49: =E44 -> C1 | AJ49: =AJ44+1 -> 9
A50: 5 | B50: =VLOOKUP(E50,$AK$9:$AL$15,2,FALSE)&"."&VLOOKUP(D50,$AH$9:$AI$24,2,FALSE) -> d 1.5 deg OS.f96p90 | C50: =C49+1 -> 42 | D50: =VLOOKUP(AJ50,$AG$9:$AH$22,2,FALSE) -> ts_096P90 | E50: =E45 -> C2 | AJ50: =AJ45+1 -> 9
A51: 5 | B51: =VLOOKUP(E51,$AK$9:$AL$15,2,FALSE)&"."&VLOOKUP(D51,$AH$9:$AI$24,2,FALSE) -> c 2 deg (67%).f96p90 | C51: =C50+1 -> 43 | D51: =VLOOKUP(AJ51,$AG$9:$AH$22,2,FALSE) -> ts_096P90 | E51: =E46 -> C3 | AJ51: =AJ46+1 -> 9
A52: 5 | B52: =VLOOKUP(E52,$AK$9:$AL$15,2,FALSE)&"."&VLOOKUP(D52,$AH$9:$AI$24,2,FALSE) -> b 2 deg (50%).f96p90 | C52: =C51+1 -> 44 | D52: =VLOOKUP(AJ52,$AG$9:$AH$22,2,FALSE) -> ts_096P90 | E52: =E47 -> C4 | AJ52: =AJ47+1 -> 9
A53: 5 | B53: =VLOOKUP(E53,$AK$9:$AL$15,2,FALSE)&"."&VLOOKUP(D53,$AH$9:$AI$24,2,FALSE) -> a 3 deg.f96p90 | C53: =C52+1 -> 45 | D53: =VLOOKUP(AJ53,$AG$9:$AH$22,2,FALSE) -> ts_096P90 | E53: =E48 -> C7 | AJ53: =AJ48+1 -> 9
A54: 5 | B54: =VLOOKUP(E54,$AK$9:$AL$15,2,FALSE)&"."&VLOOKUP(D54,$AH$9:$AI$24,2,FALSE) -> e 1.5 deg no OS.e3d | C54: =C53+1 -> 46 | D54: =VLOOKUP(AJ54,$AG$9:$AH$22,2,FALSE) -> s1p1v1_d | E54: =E49 -> C1 | AJ54: =AJ49+1 -> 10
A55: 5 | B55: =VLOOKUP(E55,$AK$9:$AL$15,2,FALSE)&"."&VLOOKUP(D55,$AH$9:$AI$24,2,FALSE) -> d 1.5 deg OS.e3d | C55: =C54+1 -> 47 | D55: =VLOOKUP(AJ55,$AG$9:$AH$22,2,FALSE) -> s1p1v1_d | E55: =E50 -> C2 | AJ55: =AJ50+1 -> 10
A56: 5 | B56: =VLOOKUP(E56,$AK$9:$AL$15,2,FALSE)&"."&VLOOKUP(D56,$AH$9:$AI$24,2,FALSE) -> c 2 deg (67%).e3d | C56: =C55+1 -> 48 | D56: =VLOOKUP(AJ56,$AG$9:$AH$22,2,FALSE) -> s1p1v1_d | E56: =E51 -> C3 | AJ56: =AJ51+1 -> 10
A57: 5 | B57: =VLOOKUP(E57,$AK$9:$AL$15,2,FALSE)&"."&VLOOKUP(D57,$AH$9:$AI$24,2,FALSE) -> b 2 deg (50%).e3d | C57: =C56+1 -> 49 | D57: =VLOOKUP(AJ57,$AG$9:$AH$22,2,FALSE) -> s1p1v1_d | E57: =E52 -> C4 | AJ57: =AJ52+1 -> 10
A58: 5 | B58: =VLOOKUP(E58,$AK$9:$AL$15,2,FALSE)&"."&VLOOKUP(D58,$AH$9:$AI$24,2,FALSE) -> a 3 deg.e3d | C58: =C57+1 -> 50 | D58: =VLOOKUP(AJ58,$AG$9:$AH$22,2,FALSE) -> s1p1v1_d | E58: =E53 -> C7 | AJ58: =AJ53+1 -> 10
A59: 5 | B59: =VLOOKUP(E59,$AK$9:$AL$15,2,FALSE)&"."&VLOOKUP(D59,$AH$9:$AI$24,2,FALSE) -> e 1.5 deg no OS.d9d | C59: =C58+1 -> 51 | D59: =VLOOKUP(AJ59,$AG$9:$AH$22,2,FALSE) -> s3p3v3_d | E59: =E54 -> C1 | AJ59: =AJ54+1 -> 11
A60: 5 | B60: =VLOOKUP(E60,$AK$9:$AL$15,2,FALSE)&"."&VLOOKUP(D60,$AH$9:$AI$24,2,FALSE) -> d 1.5 deg OS.d9d | C60: =C59+1 -> 52 | D60: =VLOOKUP(AJ60,$AG$9:$AH$22,2,FALSE) -> s3p3v3_d | E60: =E55 -> C2 | AJ60: =AJ55+1 -> 11
... A78: 5 | B78: =VLOOKUP(E78,$AK$9:$AL$15,2,FALSE)&"."&VLOOKUP(D78,$AH$9:$AI$24,2,FALSE) -> a 3 deg.a2w2d | C78: =C77+1 -> 70 | D78: =VLOOKUP(AJ78,$AG$9:$AH$22,2,FALSE) -> s2_w_p2_d | E78: =E73 -> C7 | AJ78: =AJ73+1 -> 14

Sheet fuel_prices
A9: Fuel Prices
A10: iso | B10: gas_low | C10: gas_high | D10: coal_low | E10: coal_high | F10: oil_low | G10: oil_high | H10: bioenergy_low | I10: bioenergy_high | J10: Notes
A11: IND | B11: 30.9 | C11: 41.1 | D11: 8.6 | E11: 11 | F11: 45 | G11: 55 | H11: 15 | I11: 22 | J11: Expensive LNG imports, cheap domestic coal

Sheet iea_data
A9: IEA Baseline Data
A10: iso | B10: year | C10: industry_twh | D10: buildings_agri_twh | E10: nonroad_transport_twh | F10: road_transport_twh | G10: imports_twh | H10: exports_twh | I10: total_production_twh
A11: IND | B11: 2000 | C11: 353.17 | D11: 183.05 | E11: 8.21 | F11: 0 | G11: 1.5 | H11: -0.2 | I11: 561.06
A12: IND | B12: 2001 | C12: 365.24 | D12: 185.84 | E12: 8.11 | F12: 0 | G12: 1.52 | H12: -0.23 | I12: 579.62
A13: IND | B13: 2002 | C13: 373.25 | D13: 197.43 | E13: 8.8 | F13: 0 | G13: 1.52 | H13: -0.17 | I13: 602.77
A14: IND | B14: 2003 | C14: 398.6 | D14: 209.74 | E14: 9.21 | F14: 0 | G14: 1.75 | H14: -0.06 | I14: 640.35
A15: IND | B15: 2004 | C15: 420.06 | D15: 219.17 | E15: 9.49 | F15: 0 | G15: 1.74 | H15: -0.04 | I15: 675.52
A16: IND | B16: 2005 | C16: 440.21 | D16: 233.64 | E16: 9.94 | F16: 0 | G16: 1.76 | H16: -0.21 | I16: 708.4
A17: IND | B17: 2006 | C17: 473.33 | D17: 260.14 | E17: 10.8 | F17: 0 | G17: 2.96 | H17: -0.22 | I17: 767.3
A18: IND | B18: 2007 | C18: 508.87 | D18: 274.29 | E18: 11.11 | F18: 0 | G18: 5.23 | H18: -0.29 | I18: 817.35
A19: IND | B19: 2008 | C19: 517.86 | D19: 293.74 | E19: 11.81 | F19: 0 | G19: 5.9 | H19: -0.06 | I19: 845.01
A20: IND | B20: 2009 | C20: 555.27 | D20: 322.23 | E20: 12.39 | F20: 0 | G20: 5.36 | H20: -0.06 | I20: 909.5
A21: IND | B21: 2010 | C21: 585.41 | D21: 349.52 | E21: 13.32 | F21: 0 | G21: 5.61 | H21: -0.06 | I21: 972.25
A22: IND | B22: 2011 | C22: 636.4 | D22: 378.48 | E22: 14.21 | F22: 0 | G22: 5.25 | H22: -0.13 | I22: 1059.16
... A33: IND | B33: 2022 | C33: 1016.7 | D33: 707.9 | E33: 25 | F33: 0 | G33: 7.84 | H33: -10.25 | I33: 1814.06

Sheet ar6_r10
A9: AR6 Scenario Drivers
A10: Category | B10: Region | C10: Year | D10: count | E10: mean | F10: median | G10: std | H10: min | I10: max | J10: q25 | K10: q75 | L10: category_description | M10: attribute
A11: C1 | B11: R10INDIA+ | C11: 2020 | D11: 60 | E11: 0.18 | F11: 0.28 | G11: 0.17 | H11: 0 | I11: 0.55 | J11: 0 | K11: 0.28 | L11: Limit warming to 1.5°C (>50%) with no or limited overshoot | M11: CO2 price
A12: C1 | B12: R10INDIA+ | C12: 2025 | D12: 60 | E12: 150.71 | F12: 133.67 | G12: 123.07 | H12: 25.7 | I12: 626.48 | J12: 63.83 | K12: 177.75 | L12: Limit warming to 1.5°C (>50%) with no or limited overshoot | M12: CO2 price
A13: C1 | B13: R10INDIA+ | C13: 2030 | D13: 60 | E13: 197.87 | F13: 176.95 | G13: 120.69 | H13: 43.04 | I13: 673.46 | J13: 103.13 | K13: 241.69 | L13: Limit warming to 1.5°C (>50%) with no or limited overshoot | M13: CO2 price
A14: C1 | B14: R10INDIA+ | C14: 2035 | D14: 60 | E14: 284.66 | F14: 242.69 | G14: 157.98 | H14: 72.05 | I14: 859.53 | J14: 152.72 | K14: 350.22 | L14: Limit warming to 1.5°C (>50%) with no or limited overshoot | M14: CO2 price
A15: C1 | B15: R10INDIA+ | C15: 2040 | D15: 60 | E15: 400.28 | F15: 325.37 | G15: 210.28 | H15: 130.36 | I15: 1097.01 | J15: 260.5 | K15: 499.12 | L15: Limit warming to 1.5°C (>50%) with no or limited overshoot | M15: CO2 price
A16: C1 | B16: R10INDIA+ | C16: 2045 | D16: 60 | E16: 522.47 | F16: 430.26 | G16: 244.97 | H16: 193.42 | I16: 1269.88 | J16: 352.78 | K16: 693.38 | L16: Limit warming to 1.5°C (>50%) with no or limited overshoot | M16: CO2 price
A17: C1 | B17: R10INDIA+ | C17: 2050 | D17: 60 | E17: 631.49 | F17: 592.32 | G17: 257.5 | H17: 209.76 | I17: 1170.26 | J17: 412.98 | K17: 815.96 | L17: Limit warming to 1.5°C (>50%) with no or limited overshoot | M17: CO2 price
A18: C2 | B18: R10INDIA+ | C18: 2020 | D18: 86 | E18: 0.16 | F18: 0 | G18: 0.22 | H18: 0 | I18: 0.55 | J18: 0 | K18: 0.28 | L18: Limit warming to 1.5°C (>67%) with high overshoot | M18: CO2 price
A19: C2 | B19: R10INDIA+ | C19: 2025 | D19: 75 | E19: 40.23 | F19: 23.04 | G19: 49.98 | H19: 0 | I19: 174.97 | J19: 1.11 | K19: 61.44 | L19: Limit warming to 1.5°C (>67%) with high overshoot | M19: CO2 price
A20: C2 | B20: R10INDIA+ | C20: 2030 | D20: 86 | E20: 50.96 | F20: 41.97 | G20: 56.05 | H20: 0 | I20: 221.93 | J20: 1.11 | K20: 78.09 | L20: Limit warming to 1.5°C (>67%) with high overshoot | M20: CO2 price
A21: C2 | B21: R10INDIA+ | C21: 2035 | D21: 75 | E21: 192.17 | F21: 129.57 | G21: 290.7 | H21: 38.3 | I21: 2037.12 | J21: 85.89 | K21: 200.38 | L21: Limit warming to 1.5°C (>67%) with high overshoot | M21: CO2 price
A22: C2 | B22: R10INDIA+ | C22: 2040 | D22: 86 | E22: 244.81 | F22: 165.64 | G22: 360.13 | H22: 0 | I22: 2600 | J22: 107.85 | K22: 256.54 | L22: Limit warming to 1.5°C (>67%) with high overshoot | M22: CO2 price
... A360: C7 | B360: R10INDIA+ | C360: 2050 | D360: 6 | E360: 0.94 | F360: 0.93 | G360: 0.04 | H360: 0.9 | I360: 1.01 | J360: 0.91 | K360: 0.96 | L360: Likely above 3°C warming with limited mitigation | M360: Biomass price

Sheet ev_charging_uc
A10: =IFERROR(Veda!D5,"ts_12t") -> ts_annual | C10: day_night | D10: s1p1v1_d | F10: day_night | G10: s3p3v3_d | I10: day_night | J10: s5p5v5_d | L10: day_night | M10: s2_w | O10: day_night | P10: s2_w_p2_d | R10: day_night | S10: ts_012 | U10: day_night | V10: ts_024 | X10: day_night | Y10: ts_048 | AA10: day_night | AB10: ts_064 | AD10: day_night | AE10: ts_096P50 | AG10: day_night | AH10: ts_096P10 | AJ10: day_night | AK10: ts_096P90 | AM10: day_night | AN10: ts_annual | AP10: day_night | AQ10: ts_12t
C11: D | D11: S01aH05,S03aH06,S06aH05,S09c0920h15,S09c0920h18,S10aH02,S10aH06,S11aH06,S12aH04,S12aH05,S02aH04,S02aH05,S08b0815h17,S10aH03,S10aH05,S03aH02,S07aH05,S04aH02,S09aH02,S09aH03,S11aH03,S11aH04,S04aH03,S07aH04,S08aH03,S08b0815h10,S09aH04,S09c0920h17,S11d1124h11,S12aH02,S08aH02,S08b0815h09,S08b0815h13,S08b0815h15,S09aH06,S09c0920h13,S03aH03,S08b0815h18,S09aH05,S09c0920h07,S09c0920h11,S11d1124h09,S11d1124h14,S04aH06,S05aH04,S06aH02,S06aH03,S08b0815h07,S08b0815h08,S08b0815h11,S09c0920h09,S10aH04,S12aH06,S01aH06,S02aH03,S07aH03,S08aH06,S11d1124h08,S01aH02,S04aH04,S11d1124h07,S02aH06,S03aH05,S05aH05,S06aH04,S08aH04,S09c0920h08,S09c0920h12,S11aH02,S04aH05,S11d1124h13,S11d1124h16,S11d1124h18,S01aH04,S07aH02,S07aH06,S08b0815h16,S09c0920h14,S11d1124h15,S02aH02,S06aH06,S08b0815h12,S11d1124h10,S11d1124h12,S03aH04,S08aH05,S08b0815h14,S09c0920h10,S11aH05,S11d1124h17,S12aH03,S01aH03,S05aH02,S05aH03,S05aH06,S09c0920h16 | F11: D | G11: S01aH04,S07aH02,S07aH06,S08b0812h17,S08c0814h09,S08c0814h14,S09f0920h09,S09f0920h12,S09g0921h07,S09g0921h09,S11h1124h07,S11h1124h09,S11h1124h17,S01aH03,S05aH02,S05aH03,S05aH06,S09e0919h17,S11h1124h12,S11h1124h18,S11i1125h10,S11i1125h14,S11j1126h08,S11j1126h17,S03aH02,S07aH05,S08b0812h09,S08b0812h11,S08b0812h13,S08c0814h15,S08d0815h08,S08d0815h10,S09e0919h11,S09e0919h15,S09g0921h12,S11i1125h09,S11j1126h18,S01aH05,S03aH06,S06aH05,S08c0814h07,S08c0814h10,S09e0919h08,S09g0921h18,S10aH02,S10aH06,S11aH06,S11h1124h15,S11i1125h07,S12aH04,S12aH05,S02aH06,S03aH05,S05aH05,S06aH04,S08aH04,S08c0814h17,S08d0815h07,S08d0815h13,S08d0815h15,S09e0919h07,S11aH02,S11h1124h11,S11h1124h16,S04aH03,S07aH04,S08aH03,S08b0812h07,S08c0814h18,S09aH04,S09f0920h13,S11j1126h14,S12aH02,S01aH06,S02aH03,S07aH03,S08aH06,S08c0814h11,S09e0919h10,S09e0919h16,S09f0920h15,S09g0921h08,S08aH02,S09aH06,S09f0920h08,S09g0921h16,S11h1124h08,S11h1124h14,S11i1125h18,S02aH04,S02aH05,S08c0814h08,S08c0814h13,S08d0815h14,S09g0921h10,S09g0921h14,S09g0921h17,S10aH03,S10aH05,S04aH06,S05aH04,S06aH02,S06aH03,S10aH04,S11i1125h08,S11j1126h13,S12aH06,S04aH05,S08d0815h11,S09e0919h09,S09e0919h13,S09f0920h07,S09f0920h14,S09f0920h18,S11i1125h13,S11j1126h12,S02aH02,S06aH06,S08b0812h12,S08b0812h15,S08d0815h17,S09e0919h12,S09e0919h18,S09f0920h10,S11i1125h17,S11j1126h15,S03aH04,S08aH05,S09g0921h11,S11aH05,S11i1125h11,S11j1126h07,S12aH03,S03aH03,S08b0812h14,S08c0814h16,S08d0815h12,S09aH05,S09e0919h14,S09f0920h17,S09g0921h13,S09g0921h15,S11i1125h12,S04aH02,S08b0812h10,S08b0812h16,S08c0814h12,S08d0815h09,S09aH02,S09aH03,S09f0920h11,S11aH03,S11aH04,S11i1125h16,S11j1126h10,S11j1126h16,S01aH02,S04aH04,S08b0812h08,S08b0812h18,S08d0815h16,S08d0815h18,S09f0920h16,S11h1124h10,S11h1124h13,S11i1125h15,S11j1126h09,S11j1126h11 | I11: D | J11: S01b0102h08,S01b0102h13,S01b0102h14,S01c0103h07,S01c0103h09,S01c0103h11,S02aH04,S02aH05,S08g0814h10,S08h0815h17,S08i0816h18,S09j0919h07,S09k0920h09,S09k0920h13,S09m0922h17,S10aH03,S10aH05,S11p1126h09,S01c0103h08,S08aH02,S08f0813h08,S08f0813h11,S08f0813h12,S08h0815h13,S08i0816h09,S09aH06,S09j0919h09,S09j0919h16,S09l0921h11,S09l0921h12,S09l0921h18,S09m0922h10,S09m0922h11,S11o1125h14,S01aH03,S01b0102h16,S05aH02,S05aH03,S05aH06,S05d0525h18,S08e0812h11,S08e0812h18,S08h0815h12,S08h0815h14,S08h0815h16,S09j0919h14,S11p1126h07,S11p1126h12,S01aH04,S01b0102h10,S01c0103h15,S05d0525h13,S07aH02,S07aH06,S08f0813h07,S08h0815h15,S08i0816h07,S09j0919h15,S09k0920h15,S09k0920h16,S09l0921h07,S09m0922h13,S11n1124h07,S11n1124h16,S11o1125h11,S11p1126h13,S01b0102h18,S01c0103h13,S01c0103h17,S04aH03,S05d0525h15,S07aH04,S08aH03,S08g0814h13,S08h0815h18,S09aH04,S09l0921h13,S09m0922h08,S09m0922h18,S11n1124h17,S11o1125h09,S11p1126h16,S12aH02,S01c0103h14,S04aH05,S05d0525h12,S05d0525h14,S08e0812h13,S08h0815h08,S08i0816h16,S09j0919h08,S09k0920h11,S09l0921h09,S11n1124h13,S01c0103h18,S02aH02,S05d0525h11,S06aH06,S08f0813h13,S09k0920h10,S09l0921h10,S11o1125h07,S11o1125h15,S11p1126h14,S01aH02,S04aH04,S05d0525h17,S08g0814h11,S08h0815h11,S08i0816h13,S09j0919h17,S09m0922h15,S11o1125h08,S01b0102h17,S01c0103h10,S04aH06,S05aH04,S06aH02,S06aH03,S08e0812h08,S08e0812h14,S08i0816h08,S08i0816h17,S10aH04,S11n1124h11,S11o1125h10,S11p1126h10,S12aH06,S01c0103h12,S03aH03,S08e0812h07,S08e0812h12,S08f0813h15,S08g0814h08,S09aH05,S09k0920h07,S09l0921h16,S09m0922h07,S09m0922h14,S11o1125h17,S11o1125h18,S11p1126h11,S11p1126h15,S11p1126h18,S01b0102h12,S03aH04,S08aH05,S08e0812h09,S08e0812h10,S08f0813h10,S08g0814h07,S08g0814h15,S08i0816h15,S09j0919h10,S09j0919h18,S09l0921h17,S11aH05,S11n1124h08,S11n1124h09,S11p1126h08,S12aH03,S03aH02,S07aH05,S08g0814h18,S08h0815h09,S09k0920h14,S09m0922h09,S11n1124h12,S02aH06,S03aH05,S05aH05,S05d0525h07,S05d0525h10,S05d0525h16,S06aH04,S08aH04,S08e0812h16,S08e0812h17,S08f0813h14,S08i0816h11,S09j0919h11,S09l0921h14,S11aH02,S11o1125h12,S11o1125h16,S04aH02,S08f0813h18,S08g0814h16,S08g0814h17,S08h0815h07,S08h0815h10,S08i0816h14,S09aH02,S09aH03,S09j0919h12,S09k0920h17,S09l0921h15,S11aH03,S11aH04,S11n1124h10,S11n1124h14,S11n1124h18,S01aH05,S01b0102h07,S01b0102h09,S01b0102h15,S03aH06,S05d0525h08,S05d0525h09,S06aH05,S08e0812h15,S08f0813h09,S08f0813h17,S09l0921h08,S09m0922h16,S10aH02,S10aH06,S11aH06,S11n1124h15,S11p1126h17,S12aH04,S12aH05,S01aH06,S01b0102h11,S01c0103h16,S02aH03,S07aH03,S08aH06,S08f0813h16,S08g0814h09,S08g0814h12,S08g0814h14,S08i0816h10,S08i0816h12,S09j0919h13,S09k0920h08,S09k0920h12,S09k0920h18,S09m0922h12,S11o1125h13 | L11: D | M11: S01b0129h12,S01b0131h17,S02b0201h18,S02b0202h13,S02b0202h18,S02b0203h10,S02b0203h11,S02b0203h18,S02b0204h10,S03aH04,S08aH05,S08c0809h08,S08c0809h10,S08c0811h07,S08c0811h15,S08c0811h16,S11aH05,S12aH03,S02b0201h13,S02b0202h10,S04aH02,S08c0811h08,S08c0812h18,S09aH02,S09aH03,S11aH03,S11aH04,S01aH02,S01b0129h08,S01b0129h10,S01b0131h11,S02b0203h07,S04aH04,S08c0806h11,S08c0808h07,S08c0808h08,S08c0808h11,S08c0811h11,S01b0129h15,S01b0130h07,S01b0130h08,S01b0130h11,S02b0202h11,S02b0204h15,S04aH05,S08c0806h07,S08c0806h18,S08c0812h08,S01b0129h13,S01b0131h13,S02aH06,S02b0202h15,S02b0204h16,S03aH05,S05aH05,S06aH04,S08aH04,S08c0806h08,S08c0806h14,S08c0806h16,S08c0806h17,S08c0808h14,S08c0810h08,S08c0810h15,S08c0811h10,S11aH02,S01b0129h07,S01b0129h17,S01b0130h15,S01b0130h18,S01b0131h16,S02aH02,S02b0202h09,S02b0203h14,S06aH06,S08c0807h08,S08c0807h10,S08c0807h14,S08c0808h18,S08c0809h14,S08c0810h14,S01aH03,S01b0129h14,S01b0130h13,S01b0131h18,S02b0201h15,S02b0202h14,S02b0203h15,S05aH02,S05aH03,S05aH06,S08c0809h11,S08c0809h13,S08c0809h16,S08c0810h09,S08c0810h18,S08c0812h14,S01aH06,S01b0129h11,S01b0131h09,S02aH03,S02b0201h16,S02b0203h08,S02b0203h16,S07aH03,S08aH06,S08c0808h17,S08c0809h09,S08c0810h16,S08c0812h10,S01b0131h07,S01b0131h15,S02b0203h13,S02b0204h14,S08aH02,S08c0807h09,S08c0807h16,S08c0809h18,S08c0810h10,S08c0810h11,S08c0811h12,S09aH06,S01b0131h12,S02aH04,S02aH05,S02b0201h09,S02b0201h12,S02b0203h17,S02b0204h11,S02b0204h12,S08c0806h13,S08c0806h15,S08c0807h18,S08c0808h13,S08c0809h15,S08c0810h07,S08c0811h18,S08c0812h09,S08c0812h13,S10aH03,S10aH05,S01b0130h10,S02b0204h08,S04aH03,S07aH04,S08aH03,S08c0807h07,S08c0807h13,S08c0808h09,S08c0808h10,S08c0808h16,S08c0810h13,S08c0810h17,S08c0811h09,S08c0811h14,S08c0812h07,S09aH04,S12aH02,S01b0130h09,S01b0130h12,S01b0131h08,S02b0201h14,S02b0202h08,S02b0203h09,S02b0204h09,S02b0204h13,S02b0204h17,S03aH03,S08c0811h13,S08c0812h11,S09aH05,S01b0129h16,S02b0201h08,S02b0201h11,S02b0201h17,S04aH06,S05aH04,S06aH02,S06aH03,S08c0809h17,S08c0810h12,S10aH04,S12aH06,S01aH04,S01b0129h09,S01b0129h18,S01b0130h16,S01b0130h17,S02b0201h07,S02b0202h07,S02b0202h12,S02b0203h12,S07aH02,S07aH06,S08c0806h09,S08c0807h12,S08c0809h12,S08c0812h16,S01b0131h10,S01b0131h14,S02b0201h10,S02b0202h16,S02b0204h07,S03aH02,S07aH05,S08c0806h12,S08c0807h11,S08c0807h17,S08c0808h12,S08c0811h17,S08c0812h17,S01aH05,S01b0130h14,S02b0202h17,S02b0204h18,S03aH06,S06aH05,S08c0806h10,S08c0807h15,S08c0808h15,S08c0809h07,S08c0812h12,S08c0812h15,S10aH02,S10aH06,S11aH06,S12aH04,S12aH05 | O11: D | P11: S01b0129h12,S01b0131h17,S02b0201h18,S02b0202h13,S02b0202h18,S02b0203h10,S02b0203h11,S02b0203h18,S02b0204h10,S03aH04,S08aH05,S08c0809h08,S08c0809h10,S08c0811h07,S08c0811h15,S08c0811h16,S09d0920h16,S09e0921h13,S11aH05,S12aH03,S02b0201h13,S02b0202h10,S04aH02,S08c0811h08,S08c0812h18,S09aH02,S09aH03,S09e0921h08,S11aH03,S11aH04,S01aH05,S01b0130h14,S02b0202h17,S02b0204h18,S03aH06,S06aH05,S08c0806h10,S08c0807h15,S08c0808h15,S08c0809h07,S08c0812h12,S08c0812h15,S09e0921h10,S09e0921h16,S10aH02,S10aH06,S11aH06,S12aH04,S12aH05,S01b0129h15,S01b0130h07,S01b0130h08,S01b0130h11,S02b0202h11,S02b0204h15,S04aH05,S08c0806h07,S08c0806h18,S08c0812h08,S01b0129h13,S01b0131h13,S02aH06,S02b0202h15,S02b0204h16,S03aH05,S05aH05,S06aH04,S08aH04,S08c0806h08,S08c0806h14,S08c0806h16,S08c0806h17,S08c0808h14,S08c0810h08,S08c0810h15,S08c0811h10,S09d0920h11,S11aH02,S01b0130h10,S02b0204h08,S04aH03,S07aH04,S08aH03,S08c0807h07,S08c0807h13,S08c0808h09,S08c0808h10,S08c0808h16,S08c0810h13,S08c0810h17,S08c0811h09,S08c0811h14,S08c0812h07,S09aH04,S09d0920h17,S12aH02,S01b0129h16,S02b0201h08,S02b0201h11,S02b0201h17,S04aH06,S05aH04,S06aH02,S06aH03,S08c0809h17,S08c0810h12,S09d0920h12,S09e0921h07,S09e0921h15,S10aH04,S12aH06,S01b0131h12,S02aH04,S02aH05,S02b0201h09,S02b0201h12,S02b0203h17,S02b0204h11,S02b0204h12,S08c0806h13,S08c0806h15,S08c0807h18,S08c0808h13,S08c0809h15,S08c0810h07,S08c0811h18,S08c0812h09,S08c0812h13,S09d0920h07,S09d0920h13,S10aH03,S10aH05,S01b0131h07,S01b0131h15,S02b0203h13,S02b0204h14,S08aH02,S08c0807h09,S08c0807h16,S08c0809h18,S08c0810h10,S08c0810h11,S08c0811h12,S09aH06,S09e0921h12,S09e0921h17,S01aH03,S01b0129h14,S01b0130h13,S01b0131h18,S02b0201h15,S02b0202h14,S02b0203h15,S05aH02,S05aH03,S05aH06,S08c0809h11,S08c0809h13,S08c0809h16,S08c0810h09,S08c0810h18,S08c0812h14,S09e0921h11,S01aH04,S01b0129h09,S01b0129h18,S01b0130h16,S01b0130h17,S02b0201h07,S02b0202h07,S02b0202h12,S02b0203h12,S07aH02,S07aH06,S08c0806h09,S08c0807h12,S08c0809h12,S08c0812h16,S09d0920h14,S09e0921h18,S01aH06,S01b0129h11,S01b0131h09,S02aH03,S02b0201h16,S02b0203h08,S02b0203h16,S07aH03,S08aH06,S08c0808h17,S08c0809h09,S08c0810h16,S08c0812h10,S09d0920h08,S09d0920h10,S09e0921h14,S01b0130h09,S01b0130h12,S01b0131h08,S02b0201h14,S02b0202h08,S02b0203h09,S02b0204h09,S02b0204h13,S02b0204h17,S03aH03,S08c0811h13,S08c0812h11,S09aH05,S01aH02,S01b0129h08,S01b0129h10,S01b0131h11,S02b0203h07,S04aH04,S08c0806h11,S08c0808h07,S08c0808h08,S08c0808h11,S08c0811h11,S09d0920h18,S01b0129h07,S01b0129h17,S01b0130h15,S01b0130h18,S01b0131h16,S02aH02,S02b0202h09,S02b0203h14,S06aH06,S08c0807h08,S08c0807h10,S08c0807h14,S08c0808h18,S08c0809h14,S08c0810h14,S09d0920h09,S09d0920h15,S09e0921h09,S01b0131h10,S01b0131h14,S02b0201h10,S02b0202h16,S02b0204h07,S03aH02,S07aH05,S08c0806h12,S08c0807h11,S08c0807h17,S08c0808h12,S08c0811h17,S08c0812h17 | R11: D | S11: S01aH02,S02aH02,S03aH02,S04aH02 | U11: D | V11: S02aH04,S02aH05,S04aH05,S02aH02,S03aH05,S01aH03,S03aH03,S03aH02,S01aH05,S01aH04,S04aH03,S02aH03,S01aH02,S04aH04,S03aH04,S04aH02 | X11: D | Y11: S01aH04,S07aH02,S03aH05,S05aH05,S06aH04,S01aH03,S05aH02,S05aH03,S01aH02,S04aH04,S02aH02,S02aH04,S02aH05,S04aH05,S03aH03,S05aH04,S06aH02,S06aH03,S03aH04,S03aH02,S07aH05,S04aH02,S01aH05,S06aH05,S02aH03,S07aH03,S04aH03,S07aH04 | AA11: D | AB11: S03aH04,S04aH02,S04aH03,S07aH04,S04aH06,S05aH04,S06aH02,S06aH03,S02aH06,S03aH05,S05aH05,S06aH04,S01aH04,S07aH02,S07aH06,S01aH03,S05aH02,S05aH03,S05aH06,S03aH02,S07aH05,S04aH05,S03aH03,S02aH04,S02aH05,S01aH02,S04aH04,S01aH05,S03aH06,S06aH05,S02aH02,S06aH06,S01aH06,S02aH03,S07aH03 | AD11: D | AE11: S01aH04,S07aH02,S07aH06,S02aH04,S02aH05,S10aH03,S10aH05,S03aH02,S07aH05,S01aH02,S04aH04,S02aH02,S06aH06,S04aH06,S05aH04,S06aH02,S06aH03,S10aH04,S12aH06,S03aH03,S09aH05,S04aH05,S03aH04,S08aH05,S11aH05,S12aH03,S04aH02,S09aH02,S09aH03,S11aH03,S11aH04,S08aH02,S09aH06,S01aH05,S03aH06,S06aH05,S10aH02,S10aH06,S11aH06,S12aH04,S12aH05,S04aH03,S07aH04,S08aH03,S09aH04,S12aH02,S01aH03,S05aH02,S05aH03,S05aH06,S02aH06,S03aH05,S05aH05,S06aH04,S08aH04,S11aH02,S01aH06,S02aH03,S07aH03,S08aH06 | AG11: D | AH11: S02aH06,S03aH05,S05aH05,S06aH04,S08aH04,S11aH02,S04aH02,S09aH02,S09aH03,S11aH03,S11aH04,S02aH02,S06aH06,S08aH02,S09aH06,S01aH03,S05aH02,S05aH03,S05aH06,S03aH04,S08aH05,S11aH05,S12aH03,S03aH03,S09aH05,S04aH05,S04aH03,S07aH04,S08aH03,S09aH04,S12aH02,S03aH02,S07aH05,S01aH04,S07aH02,S07aH06,S01aH06,S02aH03,S07aH03,S08aH06,S01aH05,S03aH06,S06aH05,S10aH02,S10aH06,S11aH06,S12aH04,S12aH05,S04aH06,S05aH04,S06aH02,S06aH03,S10aH04,S12aH06,S02aH04,S02aH05,S10aH03,S10aH05,S01aH02,S04aH04 | AJ11: D | AK11: S01aH04,S07aH02,S07aH06,S08aH02,S09aH06,S04aH03,S07aH04,S08aH03,S09aH04,S12aH02,S02aH02,S06aH06,S01aH02,S04aH04,S04aH02,S09aH02,S09aH03,S11aH03,S11aH04,S04aH06,S05aH04,S06aH02,S06aH03,S10aH04,S12aH06,S03aH03,S09aH05,S01aH06,S02aH03,S07aH03,S08aH06,S02aH06,S03aH05,S05aH05,S06aH04,S08aH04,S11aH02,S03aH02,S07aH05,S02aH04,S02aH05,S10aH03,S10aH05,S04aH05,S01aH03,S05aH02,S05aH03,S05aH06,S03aH04,S08aH05,S11aH05,S12aH03,S01aH05,S03aH06,S06aH05,S10aH02,S10aH06,S11aH06,S12aH04,S12aH05 | AM11: D | AN11: AllSaAllH | AP11: D | AQ11: SaD,WaD,FaP,SaP,WaP,FaD,RaD,RaP
C12: N | D12: S08b0815h02,S03aH08,S04aH07,S06aH08,S09c0920h02,S12aH01,S08aH07,S08b0815h20,S09c0920h04,S09c0920h19,S09c0920h22,S11d1124h06,S09c0920h20,S11d1124h24,S02aH01,S09c0920h03,S09c0920h05,S04aH08,S06aH01,S08b0815h03,S08b0815h04,S11d1124h05,S12aH08,S08b0815h21,S08b0815h23,S11aH08,S11d1124h02,S05aH07,S07aH01,S08b0815h19,S08b0815h22,S09c0920h01,S09c0920h24,S10aH07,S01aH01,S04aH01,S08b0815h01,S09aH08,S09c0920h06,S11aH01,S11d1124h01,S11d1124h20,S01aH08,S02aH08,S03aH07,S11d1124h21,S11d1124h22,S06aH07,S07aH07,S07aH08,S08aH08,S08b0815h06,S09c0920h21,S09c0920h23,S11d1124h23,S05aH08,S08b0815h05,S10aH08,S11d1124h03,S08aH01,S09aH07,S10aH01,S03aH01,S08b0815h24,S12aH07,S01aH07,S02aH07,S05aH01,S11d1124h19,S09aH01,S11aH07,S11d1124h04 | F12: N | G12: S08aH01,S08b0812h21,S08c0814h03,S09aH07,S09e0919h22,S09f0920h05,S10aH01,S11i1125h05,S11i1125h24,S08d0815h02,S08d0815h22,S08d0815h23,S09aH01,S09e0919h19,S09f0920h02,S09g0921h02,S11aH07,S11i1125h02,S08aH07,S08c0814h20,S08d0815h04,S09f0920h21,S09f0920h24,S11h1124h22,S11j1126h23,S08b0812h24,S08c0814h04,S08c0814h05,S08c0814h23,S08d0815h24,S09e0919h05,S09g0921h06,S11h1124h19,S11i1125h01,S11j1126h22,S06aH07,S07aH07,S07aH08,S08aH08,S08b0812h23,S08d0815h21,S09e0919h06,S09e0919h20,S09f0920h01,S09g0921h22,S11h1124h05,S11i1125h19,S11i1125h21,S02aH01,S08b0812h22,S08c0814h06,S08d0815h06,S08d0815h19,S09f0920h19,S11i1125h03,S11i1125h22,S01aH01,S04aH01,S08b0812h04,S08c0814h21,S08d0815h03,S09aH08,S09e0919h04,S09f0920h03,S09f0920h04,S09g0921h20,S11aH01,S11h1124h20,S11j1126h19,S04aH08,S06aH01,S08d0815h05,S09e0919h02,S09g0921h24,S11h1124h23,S11h1124h24,S11j1126h06,S12aH08,S03aH08,S04aH07,S06aH08,S08b0812h02,S09f0920h23,S09g0921h01,S09g0921h03,S09g0921h19,S11h1124h03,S11i1125h06,S11j1126h02,S12aH01,S05aH07,S07aH01,S08b0812h05,S08c0814h24,S09e0919h01,S09f0920h22,S09g0921h04,S10aH07,S05aH08,S08b0812h19,S08b0812h20,S08c0814h22,S08d0815h20,S09e0919h23,S09f0920h06,S09g0921h05,S10aH08,S11h1124h06,S11j1126h21,S03aH01,S08b0812h01,S09e0919h03,S11h1124h04,S12aH07,S01aH07,S02aH07,S05aH01,S08b0812h06,S08d0815h01,S09e0919h24,S09g0921h21,S11h1124h01,S11h1124h02,S11i1125h23,S11j1126h05,S08c0814h02,S11aH08,S11j1126h20,S11j1126h24,S08b0812h03,S09e0919h21,S11j1126h01,S11j1126h03,S01aH08,S02aH08,S03aH07,S08c0814h01,S08c0814h19,S09f0920h20,S09g0921h23,S11h1124h21,S11i1125h04,S11i1125h20,S11j1126h04 | I12: N | J12: S01b0102h24,S03aH08,S04aH07,S05d0525h06,S06aH08,S08i0816h19,S09j0919h04,S09k0920h03,S09l0921h02,S09l0921h05,S09l0921h20,S09m0922h06,S11o1125h02,S12aH01,S01b0102h04,S01b0102h19,S01c0103h03,S01c0103h23,S04aH08,S05d0525h23,S06aH01,S08e0812h02,S08f0813h04,S08g0814h01,S09l0921h06,S09l0921h19,S09m0922h01,S09m0922h05,S09m0922h20,S11n1124h02,S11o1125h05,S11o1125h20,S11o1125h24,S11p1126h23,S12aH08,S01b0102h03,S05d0525h05,S08e0812h01,S08e0812h23,S08f0813h05,S08f0813h19,S08h0815h21,S08i0816h22,S09aH01,S09j0919h21,S09m0922h04,S11aH07,S11o1125h06,S11p1126h03,S11p1126h05,S01b0102h05,S05d0525h03,S08aH01,S08h0815h05,S08h0815h23,S09aH07,S09j0919h23,S09m0922h23,S10aH01,S11n1124h24,S01b0102h23,S01c0103h05,S01c0103h06,S02aH01,S08e0812h24,S08f0813h20,S08i0816h02,S09k0920h19,S09l0921h22,S11p1126h04,S01b0102h20,S05aH08,S05d0525h04,S05d0525h21,S05d0525h22,S08f0813h01,S08f0813h23,S08g0814h21,S08h0815h02,S09j0919h05,S09k0920h05,S09l0921h03,S10aH08,S03aH01,S08f0813h03,S08g0814h05,S08h0815h01,S08h0815h22,S11n1124h05,S12aH07,S01aH08,S02aH08,S03aH07,S08e0812h20,S08f0813h06,S08g0814h06,S08h0815h20,S09j0919h19,S09j0919h20,S09l0921h04,S09m0922h02,S09m0922h22,S11n1124h06,S11o1125h22,S11p1126h21,S01b0102h02,S01b0102h06,S01c0103h02,S01c0103h19,S05aH07,S07aH01,S08e0812h06,S08e0812h22,S08g0814h24,S09j0919h02,S09j0919h06,S09j0919h22,S09k0920h22,S09l0921h23,S09m0922h21,S10aH07,S11o1125h19,S11p1126h02,S11p1126h22,S11p1126h24,S01c0103h04,S01c0103h20,S05d0525h24,S08e0812h19,S08g0814h20,S08g0814h23,S08h0815h04,S08i0816h06,S08i0816h24,S09j0919h01,S09j0919h24,S09k0920h06,S09k0920h21,S11aH08,S11n1124h03,S11n1124h20,S11o1125h04,S11o1125h21,S01aH07,S01c0103h01,S02aH07,S05aH01,S05d0525h19,S08g0814h02,S08h0815h24,S08i0816h04,S08i0816h21,S09k0920h02,S11p1126h06,S01c0103h22,S05d0525h01,S08aH07,S08e0812h03,S08e0812h04,S08g0814h19,S08h0815h03,S08i0816h05,S09k0920h04,S09k0920h20,S09k0920h23,S09m0922h03,S11o1125h23,S11p1126h19,S11p1126h20,S05d0525h02,S05d0525h20,S06aH07,S07aH07,S07aH08,S08aH08,S09l0921h01,S09m0922h19,S11n1124h19,S01b0102h21,S01c0103h21,S08g0814h03,S08i0816h01,S09k0920h01,S09k0920h24,S09l0921h21,S09l0921h24,S11n1124h01,S11n1124h21,S11o1125h01,S08e0812h21,S08f0813h02,S08h0815h19,S08i0816h03,S08i0816h23,S09j0919h03,S11n1124h04,S11n1124h22,S11o1125h03,S01aH01,S01b0102h01,S01b0102h22,S01c0103h24,S04aH01,S08e0812h05,S08f0813h21,S08f0813h22,S08f0813h24,S08g0814h04,S08g0814h22,S08h0815h06,S08i0816h20,S09aH08,S09m0922h24,S11aH01,S11n1124h23,S11p1126h01 | L12: N | M12: S01aH07,S01b0129h23,S02aH07,S02b0201h21,S02b0204h03,S05aH01,S08c0807h21,S08c0808h22,S08c0809h01,S08c0812h06,S01b0130h21,S01b0130h22,S01b0130h23,S02b0201h01,S02b0201h19,S02b0202h23,S02b0202h24,S08c0806h02,S08c0806h04,S08c0806h21,S08c0807h01,S08c0810h23,S08c0812h21,S01aH08,S01b0130h19,S01b0131h05,S02aH08,S02b0202h01,S02b0202h03,S02b0203h06,S02b0204h05,S03aH07,S08c0807h24,S08c0808h04,S08c0810h22,S01b0129h04,S01b0130h06,S02b0201h02,S02b0202h19,S02b0204h20,S05aH08,S08c0806h05,S08c0809h21,S08c0811h22,S08c0811h24,S10aH08,S01b0129h22,S01b0131h19,S02b0201h03,S02b0201h04,S02b0201h20,S02b0203h21,S06aH07,S07aH07,S07aH08,S08aH08,S08c0806h20,S08c0808h24,S08c0809h22,S08c0810h01,S08c0810h03,S08c0810h24,S08c0811h03,S08c0811h04,S08c0812h02,S01b0129h24,S01b0131h20,S02b0201h05,S02b0203h02,S02b0203h03,S02b0203h05,S02b0203h22,S02b0203h24,S02b0204h19,S03aH01,S08c0806h03,S08c0807h19,S08c0808h05,S08c0810h20,S12aH07,S01b0129h03,S02b0201h22,S02b0203h20,S08c0808h21,S08c0809h19,S08c0810h04,S08c0811h20,S08c0812h20,S09aH01,S11aH07,S01aH01,S01b0129h05,S01b0130h04,S01b0131h04,S01b0131h21,S01b0131h22,S02b0201h06,S02b0202h21,S02b0204h01,S04aH01,S08c0807h03,S08c0807h05,S08c0808h03,S08c0808h20,S08c0809h24,S08c0810h06,S08c0810h19,S08c0811h23,S08c0812h01,S08c0812h22,S09aH08,S11aH01,S01b0129h19,S01b0129h20,S02b0201h23,S02b0201h24,S02b0202h22,S04aH08,S06aH01,S08c0809h20,S08c0811h19,S12aH08,S01b0130h05,S03aH08,S04aH07,S06aH08,S08c0806h01,S08c0807h20,S08c0807h23,S08c0809h03,S08c0809h06,S12aH01,S01b0130h02,S01b0130h03,S01b0130h24,S01b0131h03,S02aH01,S02b0202h02,S02b0202h06,S02b0203h04,S08c0806h23,S08c0807h06,S08c0808h06,S08c0812h03,S01b0129h02,S01b0130h01,S01b0131h01,S02b0203h23,S08c0807h02,S08c0807h04,S08c0809h23,S08c0811h06,S08c0811h21,S11aH08,S01b0129h21,S01b0130h20,S01b0131h06,S02b0202h20,S02b0204h04,S02b0204h22,S05aH07,S07aH01,S08c0810h02,S08c0812h04,S08c0812h19,S08c0812h23,S08c0812h24,S10aH07,S01b0129h06,S02b0202h04,S02b0202h05,S02b0204h02,S02b0204h06,S02b0204h21,S08aH01,S08c0806h24,S08c0809h04,S08c0810h05,S08c0810h21,S08c0811h02,S08c0811h05,S09aH07,S10aH01,S01b0131h24,S02b0203h01,S02b0203h19,S08aH07,S08c0806h06,S08c0807h22,S08c0808h01,S01b0129h01,S01b0131h02,S01b0131h23,S02b0204h23,S02b0204h24,S08c0806h19,S08c0806h22,S08c0808h02,S08c0808h19,S08c0808h23,S08c0809h02,S08c0809h05,S08c0811h01,S08c0812h05 | O12: N | P12: S01aH07,S01b0129h23,S02aH07,S02b0201h21,S02b0204h03,S05aH01,S08c0807h21,S08c0808h22,S08c0809h01,S08c0812h06,S09e0921h03,S01b0130h21,S01b0130h22,S01b0130h23,S02b0201h01,S02b0201h19,S02b0202h23,S02b0202h24,S08c0806h02,S08c0806h04,S08c0806h21,S08c0807h01,S08c0810h23,S08c0812h21,S09d0920h02,S09d0920h19,S09e0921h01,S01b0129h01,S01b0131h02,S01b0131h23,S02b0204h23,S02b0204h24,S08c0806h19,S08c0806h22,S08c0808h02,S08c0808h19,S08c0808h23,S08c0809h02,S08c0809h05,S08c0811h01,S08c0812h05,S01b0129h04,S01b0130h06,S02b0201h02,S02b0202h19,S02b0204h20,S05aH08,S08c0806h05,S08c0809h21,S08c0811h22,S08c0811h24,S09d0920h01,S09e0921h20,S09e0921h22,S10aH08,S01b0129h22,S01b0131h19,S02b0201h03,S02b0201h04,S02b0201h20,S02b0203h21,S06aH07,S07aH07,S07aH08,S08aH08,S08c0806h20,S08c0808h24,S08c0809h22,S08c0810h01,S08c0810h03,S08c0810h24,S08c0811h03,S08c0811h04,S08c0812h02,S09d0920h06,S09e0921h02,S01b0130h02,S01b0130h03,S01b0130h24,S01b0131h03,S02aH01,S02b0202h02,S02b0202h06,S02b0203h04,S08c0806h23,S08c0807h06,S08c0808h06,S08c0812h03,S01b0129h21,S01b0130h20,S01b0131h06,S02b0202h20,S02b0204h04,S02b0204h22,S05aH07,S07aH01,S08c0810h02,S08c0812h04,S08c0812h19,S08c0812h23,S08c0812h24,S09d0920h03,S09e0921h06,S09e0921h19,S10aH07,S01b0130h05,S03aH08,S04aH07,S06aH08,S08c0806h01,S08c0807h20,S08c0807h23,S08c0809h03,S08c0809h06,S09e0921h04,S12aH01,S01b0129h19,S01b0129h20,S02b0201h23,S02b0201h24,S02b0202h22,S04aH08,S06aH01,S08c0809h20,S08c0811h19,S09d0920h23,S12aH08,S01b0129h03,S02b0201h22,S02b0203h20,S08c0808h21,S08c0809h19,S08c0810h04,S08c0811h20,S08c0812h20,S09aH01,S09e0921h05,S11aH07,S01b0129h06,S02b0202h04,S02b0202h05,S02b0204h02,S02b0204h06,S02b0204h21,S08aH01,S08c0806h24,S08c0809h04,S08c0810h05,S08c0810h21,S08c0811h02,S08c0811h05,S09aH07,S09d0920h21,S09e0921h24,S10aH01,S01aH01,S01b0129h05,S01b0130h04,S01b0131h04,S01b0131h21,S01b0131h22,S02b0201h06,S02b0202h21,S02b0204h01,S04aH01,S08c0807h03,S08c0807h05,S08c0808h03,S08c0808h20,S08c0809h24,S08c0810h06,S08c0810h19,S08c0811h23,S08c0812h01,S08c0812h22,S09aH08,S09e0921h21,S11aH01,S01b0129h02,S01b0130h01,S01b0131h01,S02b0203h23,S08c0807h02,S08c0807h04,S08c0809h23,S08c0811h06,S08c0811h21,S09d0920h20,S09d0920h24,S11aH08,S01aH08,S01b0130h19,S01b0131h05,S02aH08,S02b0202h01,S02b0202h03,S02b0203h06,S02b0204h05,S03aH07,S08c0807h24,S08c0808h04,S08c0810h22,S09d0920h05,S09e0921h23,S01b0129h24,S01b0131h20,S02b0201h05,S02b0203h02,S02b0203h03,S02b0203h05,S02b0203h22,S02b0203h24,S02b0204h19,S03aH01,S08c0806h03,S08c0807h19,S08c0808h05,S08c0810h20,S12aH07,S01b0131h24,S02b0203h01,S02b0203h19,S08aH07,S08c0806h06,S08c0807h22,S08c0808h01,S09d0920h04,S09d0920h22 | R12: N | S12: S04aH03,S03aH01,S03aH03,S02aH03,S01aH01,S04aH01,S01aH03,S02aH01 | U12: N | V12: S02aH06,S03aH01,S01aH06,S02aH01,S01aH01,S04aH01,S04aH06,S03aH06 | X12: N | Y12: S03aH06,S03aH01,S02aH06,S06aH06,S01aH06,S07aH01,S05aH01,S07aH06,S01aH01,S04aH01,S04aH06,S06aH01,S02aH01,S05aH06 | AA12: N | AB12: S01aH07,S02aH07,S05aH01,S02aH01,S04aH08,S06aH01,S05aH07,S07aH01,S06aH07,S07aH07,S07aH08,S05aH08,S03aH08,S04aH07,S06aH08,S01aH08,S02aH08,S03aH07,S03aH01,S01aH01,S04aH01 | AD12: N | AE12: S08aH01,S09aH07,S10aH01,S03aH08,S04aH07,S06aH08,S12aH01,S08aH07,S01aH08,S02aH08,S03aH07,S03aH01,S12aH07,S05aH07,S07aH01,S10aH07,S11aH08,S05aH08,S10aH08,S01aH07,S02aH07,S05aH01,S04aH08,S06aH01,S12aH08,S02aH01,S09aH01,S11aH07,S06aH07,S07aH07,S07aH08,S08aH08,S01aH01,S04aH01,S09aH08,S11aH01 | AG12: N | AH12: S06aH07,S07aH07,S07aH08,S08aH08,S03aH01,S12aH07,S04aH08,S06aH01,S12aH08,S09aH01,S11aH07,S01aH07,S02aH07,S05aH01,S11aH08,S05aH08,S10aH08,S02aH01,S08aH07,S08aH01,S09aH07,S10aH01,S01aH01,S04aH01,S09aH08,S11aH01,S05aH07,S07aH01,S10aH07,S03aH08,S04aH07,S06aH08,S12aH01,S01aH08,S02aH08,S03aH07 | AJ12: N | AK12: S08aH01,S09aH07,S10aH01,S04aH08,S06aH01,S12aH08,S02aH01,S03aH01,S12aH07,S01aH08,S02aH08,S03aH07,S05aH07,S07aH01,S10aH07,S11aH08,S01aH01,S04aH01,S09aH08,S11aH01,S06aH07,S07aH07,S07aH08,S08aH08,S08aH07,S03aH08,S04aH07,S06aH08,S12aH01,S05aH08,S10aH08,S09aH01,S11aH07,S01aH07,S02aH07,S05aH01 | AM12: N | AN12: AllSaAllH | AP12: N | AQ12: FaP,SaP,RaN,FaN,RaP,WaP,SaN,WaN
I17: 0.75 | K17: share of charging at night
C18: ~UC_Sets: R_E: AllRegions
H21: =IF(H23=H24,"Not Required!","~UC_T: LO") -> Not Required!
C22: UC_N | D22: Pset_CI | E22: Pset_CO | F22: pset_pn | G22: Cset_CN | H22: TimeSlice | I22: UC_FLO | J22: UC_RHSRT | K22: UC_RHSRT~0
C23: UC_bev night chg limit | D23: ELC | E23: =G23 -> AuxStoIN | F23: *EV* | G23: AuxStoIN | H23: =HLOOKUP($A$10,$D$10:$CU$12,3,FALSE) -> AllSaAllH | I23: =1+I24 -> 0.25 | J23: 0 | K23: 3 | M23: night
D24: ELC | E24: =G24 -> AuxStoIN | F24: *EV* | G24: AuxStoIN | H24: =HLOOKUP($A$10,$D$10:$CU$12,2,FALSE) -> AllSaAllH | I24: =-$I$17 -> -0.75 | M24: day

Sheet s1p1v1_d
C9: =IF(A11="x","DeActivated","~TimeSlices") -> DeActivated | I9: =IF(A11="x","DeActivated","~TFM_DINS-AT") -> DeActivated | N9: =IF(A11="x","DeActivated","~TFM_DINS-AT") -> DeActivated | S9: =IF(A11="x","DeActivated","~TFM_DINS-AT") -> DeActivated | X9: =IF(A11="x","DeActivated","~TFM_DINS-AT") -> DeActivated | AC9: =IF(A11="x","DeActivated","~TFM_DINS-AT") -> DeActivated | AG9: =IF(A11="x","DeActivated","~TFM_DINS-AT") -> DeActivated | AK9: =IF(A11="x","DeActivated","~TFM_INS-AT") -> DeActivated
A10: s1p1v1_d | C10: season | D10: weekly | E10: daynite | F10: wparent | G10: dparent | I10: commodity | J10: timeslice | K10: com_fr | L10: process | N10: commodity | O10: timeslice | P10: com_fr | Q10: process | S10: commodity | T10: timeslice | U10: com_fr | V10: process | X10: g_yrfr | Y10: com_fr | Z10: timeslice | AA10: commodity | AC10: commodity | AD10: timeslice | AE10: com_fr | AG10: commodity | AH10: timeslice | AI10: com_pkflx | AK10: Year | AL10: timeslice | AM10: ncap_afs | AN10: pset_ci
A11: =IFERROR(IF(Veda!D5=A10,"ok","x"),"") -> x | C11: S01 | D11: a | E11: 0815h01 | F11: S01,S02,S03,S04,S05,S06,S07,S08,S09,S10,S11,S12 | G11: b | I11: elc_spv-IND | J11: S01aH01 | K11: 0 | L11: IMPNRGZ | N11: elc_won-IND | O11: S01aH01 | P11: 0.017870836 | Q11: IMPNRGZ | S11: elc_wof-IND | T11: S01aH01 | U11: 0.018804923 | V11: IMPNRGZ | X11: 0.024771689 | Y11: 0.0097827943 | Z11: S01aH01 | AA11: elc_roadtransport | AC11: elc_buildings | AD11: S01aH01 | AE11: 0.019494529 | AG11: ELC | AH11: S01aH01 | AI11: 0.10127754 | AK11: 2020 | AL11: S01 | AM11: 0.26981109 | AN11: hydro
C12: S02 | D12: b | E12: 0815h02 | F12: S08 | G12: b | I12: elc_spv-IND | J12: S01aH02 | K12: 0.0015156644 | L12: IMPNRGZ | N12: elc_won-IND | O12: S01aH02 | P12: 0.0019241152 | Q12: IMPNRGZ | S12: elc_wof-IND | T12: S01aH02 | U12: 0.0024994659 | V12: IMPNRGZ | X12: 0.0035388128 | Y12: 0.0059087255 | Z12: S01aH02 | AA12: elc_roadtransport | AC12: elc_buildings | AD12: S01aH02 | AE12: 0.0031657926 | AG12: ELC | AH12: S01aH02 | AI12: 0.027713628 | AK12: 2020 | AL12: S02 | AM12: 0.28091924 | AN12: hydro
C13: S03 | D13: c | E13: 0815h03 | F13: S09 | G13: b | I13: elc_spv-IND | J13: S01aH03 | K13: 0.0060907787 | L13: IMPNRGZ | N13: elc_won-IND | O13: S01aH03 | P13: 0.0013264423 | Q13: IMPNRGZ | S13: elc_wof-IND | T13: S01aH03 | U13: 0.0024236393 | V13: IMPNRGZ | X13: 0.0035388128 | Y13: 0.0045214595 | Z13: S01aH03 | AA13: elc_roadtransport | AC13: elc_buildings | AD13: S01aH03 | AE13: 0.0032675077 | AG13: ELC | AH13: S01aH03 | AI13: 0.053468428 | AK13: 2020 | AL13: S03 | AM13: 0.2817962 | AN13: hydro
C14: S04 | D14: d | E14: 0815h04 | F14: S11 | G14: b | I14: elc_spv-IND | J14: S01aH04 | K14: 0.0088262465 | L14: IMPNRGZ | N14: elc_won-IND | O14: S01aH04 | P14: 0.0010431622 | Q14: IMPNRGZ | S14: elc_wof-IND | T14: S01aH04 | U14: 0.0023370907 | V14: IMPNRGZ | X14: 0.0035388128 | Y14: 0.0044803554 | Z14: S01aH04 | AA14: elc_roadtransport | AC14: elc_buildings | AD14: S01aH04 | AE14: 0.0033128609 | AG14: ELC | AH14: S01aH04 | AI14: 0.058480835 | AK14: 2020 | AL14: S04 | AM14: 0.32653086 | AN14: hydro
C15: S05 | E15: 0815h05 | G15: b | I15: elc_spv-IND | J15: S01aH05 | K15: 0.068054972 | L15: IMPNRGZ | N15: elc_won-IND | O15: S01aH05 | P15: 0.0064320848 | Q15: IMPNRGZ | S15: elc_wof-IND | T15: S01aH05 | U15: 0.014185336 | V15: IMPNRGZ | X15: 0.024771689 | Y15: 0.034650822 | Z15: S01aH05 | AA15: elc_roadtransport | AC15: elc_buildings | AD15: S01aH05 | AE15: 0.025061803 | AG15: ELC | AH15: S01aH05 | AI15: 0.085909955 | AK15: 2020 | AL15: S05 | AM15: 0.43263317 | AN15: hydro
C16: S06 | E16: 0815h06 | G16: b | I16: elc_spv-IND | J16: S01aH06 | K16: 0.0063045631 | L16: IMPNRGZ | N16: elc_won-IND | O16: S01aH06 | P16: 0.0011229787 | Q16: IMPNRGZ | S16: elc_wof-IND | T16: S01aH06 | U16: 0.0022277817 | V16: IMPNRGZ | X16: 0.0035388128 | Y16: 0.0068849497 | Z16: S01aH06 | AA16: elc_roadtransport | AC16: elc_buildings | AD16: S01aH06 | AE16: 0.0020364328 | AG16: ELC | AH16: S01aH06 | AI16: 0.13177807 | AK16: 2020 | AL16: S06 | AM16: 0.53857958 | AN16: hydro
C17: S07 | E17: 0815h07 | G17: b | I17: elc_spv-IND | J17: S01aH07 | K17: 0.0019471601 | L17: IMPNRGZ | N17: elc_won-IND | O17: S01aH07 | P17: 0.0017169266 | Q17: IMPNRGZ | S17: elc_wof-IND | T17: S01aH07 | U17: 0.0023637794 | V17: IMPNRGZ | X17: 0.0035388128 | Y17: 0.0053435431 | Z17: S01aH07 | AA17: elc_roadtransport | AC17: elc_buildings | AD17: S01aH07 | AE17: 0.00091182134 | AG17: ELC | AH17: S01aH07 | AI17: 0.025642556 | AK17: 2020 | AL17: S07 | AM17: 0.55540745 | AN17: hydro
C18: S08 | E18: 0815h08 | G18: b | I18: elc_spv-IND | J18: S01aH08 | K18: 0 | L18: IMPNRGZ | N18: elc_won-IND | O18: S01aH08 | P18: 0.014808899 | Q18: IMPNRGZ | S18: elc_wof-IND | T18: S01aH08 | U18: 0.01289408 | V18: IMPNRGZ | X18: 0.017694064 | Y18: 0.013358858 | Z18: S01aH08 | AA18: elc_roadtransport | AC18: elc_buildings | AD18: S01aH08 | AE18: 0.0048624804 | AG18: ELC | AH18: S01aH08 | AI18: 0.14420378 | AK18: 2020 | AL18: S08 | AM18: 0.59107045 | AN18: hydro
C19: S09 | E19: 0815h09 | G19: b | I19: elc_spv-IND | J19: S02aH01 | K19: 0 | L19: IMPNRGZ | N19: elc_won-IND | O19: S02aH01 | P19: 0.016839964 | Q19: IMPNRGZ | S19: elc_wof-IND | T19: S02aH01 | U19: 0.014357735 | V19: IMPNRGZ | X19: 0.022374429 | Y19: 0.0088360722 | Z19: S02aH01 | AA19: elc_roadtransport | AC19: elc_buildings | AD19: S02aH01 | AE19: 0.017740078 | AG19: ELC | AH19: S02aH01 | AI19: 0.14633377 | AK19: 2020 | AL19: S09 | AM19: 0.61228312 | AN19: hydro
C20: S10 | E20: 0815h10 | G20: b | I20: elc_spv-IND | J20: S02aH02 | K20: 0.001374473 | L20: IMPNRGZ | N20: elc_won-IND | O20: S02aH02 | P20: 0.0016754219 | Q20: IMPNRGZ | S20: elc_wof-IND | T20: S02aH02 | U20: 0.0020874895 | V20: IMPNRGZ | X20: 0.003196347 | Y20: 0.0053369134 | Z20: S02aH02 | AA20: elc_roadtransport | AC20: elc_buildings | AD20: S02aH02 | AE20: 0.0030869305 | AG20: ELC | AH20: S02aH02 | AI20: 0.050572918 | AK20: 2020 | AL20: S10 | AM20: 0.41918646 | AN20: hydro
C21: S11 | E21: 0815h11 | G21: b | I21: elc_spv-IND | J21: S02aH03 | K21: 0.0056351739 | L21: IMPNRGZ | N21: elc_won-IND | O21: S02aH03 | P21: 0.0011556557 | Q21: IMPNRGZ | S21: elc_wof-IND | T21: S02aH03 | U21: 0.0020457666 | V21: IMPNRGZ | X21: 0.003196347 | Y21: 0.0040838989 | Z21: S02aH03 | AA21: elc_roadtransport | AC21: elc_buildings | AD21: S02aH03 | AE21: 0.0031947187 | AG21: ELC | AH21: S02aH03 | AI21: 0.043209448 | AK21: 2020 | AL21: S11 | AM21: 0.28001305 | AN21: hydro
C22: S12 | E22: 0815h12 | G22: b | I22: elc_spv-IND | J22: S02aH04 | K22: 0.0080353933 | L22: IMPNRGZ | N22: elc_won-IND | O22: S02aH04 | P22: 0.0010616092 | Q22: IMPNRGZ | S22: elc_wof-IND | T22: S02aH04 | U22: 0.0019680907 | V22: IMPNRGZ | X22: 0.003196347 | Y22: 0.0040467726 | Z22: S02aH04 | AA22: elc_roadtransport | AC22: elc_buildings | AD22: S02aH04 | AE22: 0.0032472558 | AG22: ELC | AH22: S02aH04 | AI22: 0.053013612 | AK22: 2020 | AL22: S12 | AM22: 0.25899526 | AN22: hydro
E23: 0815h13 | G23: b | I23: elc_spv-IND | J23: S02aH05 | K23: 0.062216285 | L23: IMPNRGZ | N23: elc_won-IND | O23: S02aH05 | P23: 0.0081032721 | Q23: IMPNRGZ | S23: elc_wof-IND | T23: S02aH05 | U23: 0.011931276 | V23: IMPNRGZ | X23: 0.022374429 | Y23: 0.031297516 | Z23: S02aH05 | AA23: elc_roadtransport | AC23: elc_buildings | AD23: S02aH05 | AE23: 0.023621562 | AG23: ELC | AH23: S02aH05 | AI23: 0.18724621 | AK23: 2021 | AL23: S01 | AM23: 0.24537184 | AN23: hydro
E24: 0815h14 | G24: b | I24: elc_spv-IND | J24: S02aH06 | K24: 0.0058968814 | L24: IMPNRGZ | N24: elc_won-IND | O24: S02aH06 | P24: 0.0015021228 | Q24: IMPNRGZ | S24: elc_wof-IND | T24: S02aH06 | U24: 0.0018782053 | V24: IMPNRGZ | X24: 0.003196347 | Y24: 0.0062186643 | Z24: S02aH06 | AA24: elc_roadtransport | AC24: elc_buildings | AD24: S02aH06 | AE24: 0.0015505499 | AG24: ELC | AH24: S02aH06 | AI24: 0.038164786 | AK24: 2021 | AL24: S02 | AM24: 0.2474857 | AN24: hydro
E25: 0815h15 | G25: b | I25: elc_spv-IND | J25: S02aH07 | K25: 0.0025564716 | L25: IMPNRGZ | N25: elc_won-IND | O25: S02aH07 | P25: 0.0019679906 | Q25: IMPNRGZ | S25: elc_wof-IND | T25: S02aH07 | U25: 0.0019764556 | V25: IMPNRGZ | X25: 0.003196347 | Y25: 0.004826426 | Z25: S02aH07 | AA25: elc_roadtransport | AC25: elc_buildings | AD25: S02aH07 | AE25: 0.00086897921 | AG25: ELC | AH25: S02aH07 | AI25: 0.039400044 | AK25: 2021 | AL25: S03 | AM25: 0.25370414 | AN25: hydro
E26: 0815h16 | G26: b | I26: elc_spv-IND | J26: S02aH08 | K26: 0 | L26: IMPNRGZ | N26: elc_won-IND | O26: S02aH08 | P26: 0.016202772 | Q26: IMPNRGZ | S26: elc_wof-IND | T26: S02aH08 | U26: 0.010385168 | V26: IMPNRGZ | X26: 0.015981735 | Y26: 0.012066065 | Z26: S02aH08 | AA26: elc_roadtransport | AC26: elc_buildings | AD26: S02aH08 | AE26: 0.0041156959 | AG26: ELC | AH26: S02aH08 | AI26: 0.15706424 | AK26: 2021 | AL26: S04 | AM26: 0.25859817 | AN26: hydro
E27: 0815h17 | G27: b | I27: elc_spv-IND | J27: S03aH01 | K27: 0.00029312647 | L27: IMPNRGZ | N27: elc_won-IND | O27: S03aH01 | P27: 0.019345563 | Q27: IMPNRGZ | S27: elc_wof-IND | T27: S03aH01 | U27: 0.016143225 | V27: IMPNRGZ | X27: 0.024771689 | Y27: 0.0097827943 | Z27: S03aH01 | AA27: elc_roadtransport | AC27: elc_buildings | AD27: S03aH01 | AE27: 0.024302321 | AG27: ELC | AH27: S03aH01 | AI27: 0.14526266 | AK27: 2021 | AL27: S05 | AM27: 0.35369173 | AN27: hydro
E28: 0815h18 | G28: b | I28: elc_spv-IND | J28: S03aH02 | K28: 0.0034677655 | L28: IMPNRGZ | N28: elc_won-IND | O28: S03aH02 | P28: 0.0016352366 | Q28: IMPNRGZ | S28: elc_wof-IND | T28: S03aH02 | U28: 0.002004101 | V28: IMPNRGZ | X28: 0.0035388128 | Y28: 0.0059087255 | Z28: S03aH02 | AA28: elc_roadtransport | AC28: elc_buildings | AD28: S03aH02 | AE28: 0.0042282818 | AG28: ELC | AH28: S03aH02 | AI28: 0.042218001 | AK28: 2021 | AL28: S06 | AM28: 0.49671037 | AN28: hydro
E29: 0815h19 | G29: b | I29: elc_spv-IND | J29: S03aH03 | K29: 0.0072857682 | L29: IMPNRGZ | N29: elc_won-IND | O29: S03aH03 | P29: 0.0011202547 | Q29: IMPNRGZ | S29: elc_wof-IND | T29: S03aH03 | U29: 0.0018781288 | V29: IMPNRGZ | X29: 0.0035388128 | Y29: 0.0045214595 | Z29: S03aH03 | AA29: elc_roadtransport | AC29: elc_buildings | AD29: S03aH03 | AE29: 0.0044859659 | AG29: ELC | AH29: S03aH03 | AI29: 0.033345105 | AK29: 2021 | AL29: S07 | AM29: 0.57377935 | AN29: hydro
E30: 0815h20 | G30: b | I30: elc_spv-IND | J30: S03aH04 | K30: 0.0094148614 | L30: IMPNRGZ | N30: elc_won-IND | O30: S03aH04 | P30: 0.001005323 | Q30: IMPNRGZ | S30: elc_wof-IND | T30: S03aH04 | U30: 0.0017552644 | V30: IMPNRGZ | X30: 0.0035388128 | Y30: 0.0044803554 | Z30: S03aH04 | AA30: elc_roadtransport | AC30: elc_buildings | AD30: S03aH04 | AE30: 0.0046045679 | AG30: ELC | AH30: S03aH04 | AI30: 0.022564439 | AK30: 2021 | AL30: S08 | AM30: 0.62492242 | AN30: hydro
E31: 0815h21 | G31: b | I31: elc_spv-IND | J31: S03aH05 | K31: 0.07165077 | L31: IMPNRGZ | N31: elc_won-IND | O31: S03aH05 | P31: 0.0078464756 | Q31: IMPNRGZ | S31: elc_wof-IND | T31: S03aH05 | U31: 0.011697585 | V31: IMPNRGZ | X31: 0.024771689 | Y31: 0.034650822 | Z31: S03aH05 | AA31: elc_roadtransport | AC31: elc_buildings | AD31: S03aH05 | AE31: 0.031498985 | AG31: ELC | AH31: S03aH05 | AI31: 0.15398275 | AK31: 2021 | AL31: S09 | AM31: 0.57271626 | AN31: hydro
E32: 0815h22 | G32: b | I32: elc_spv-IND | J32: S03aH06 | K32: 0.0070094705 | L32: IMPNRGZ | N32: elc_won-IND | O32: S03aH06 | P32: 0.0017617574 | Q32: IMPNRGZ | S32: elc_wof-IND | T32: S03aH06 | U32: 0.002160043 | V32: IMPNRGZ | X32: 0.0035388128 | Y32: 0.0068849497 | Z32: S03aH06 | AA32: elc_roadtransport | AC32: elc_buildings | AD32: S03aH06 | AE32: 0.0018909129 | AG32: ELC | AH32: S03aH06 | AI32: 0.0093662396 | AK32: 2021 | AL32: S10 | AM32: 0.48298602 | AN32: hydro
E33: 0815h23 | G33: b | I33: elc_spv-IND | J33: S03aH07 | K33: 0.0032517569 | L33: IMPNRGZ | N33: elc_won-IND | O33: S03aH07 | P33: 0.0023440425 | Q33: IMPNRGZ | S33: elc_wof-IND | T33: S03aH07 | U33: 0.0022669641 | V33: IMPNRGZ | X33: 0.0035388128 | Y33: 0.0053435431 | Z33: S03aH07 | AA33: elc_roadtransport | AC33: elc_buildings | AD33: S03aH07 | AE33: 0.0013568416 | AG33: ELC | AH33: S03aH07 | AI33: 0.20468905 | AK33: 2021 | AL33: S11 | AM33: 0.31411809 | AN33: hydro
E34: 0815h24 | G34: b | I34: elc_spv-IND | J34: S03aH08 | K34: 0 | L34: IMPNRGZ | N34: elc_won-IND | O34: S03aH08 | P34: 0.019002467 | Q34: IMPNRGZ | S34: elc_wof-IND | T34: S03aH08 | U34: 0.01186364 | V34: IMPNRGZ | X34: 0.017694064 | Y34: 0.013358858 | Z34: S03aH08 | AA34: elc_roadtransport | AC34: elc_buildings | AD34: S03aH08 | AE34: 0.0070952004 | AG34: ELC | AH34: S03aH08 | AI34: 0.24030877 | AK34: 2021 | AL34: S12 | AM34: 0.25801395 | AN34: hydro
... E90: H08 | G90: a | I90: elc_spv-IND | J90: S08b0815h16 | K90: 0.00011622814 | L90: IMPNRGZ | N90: elc_won-IND | O90: S08b0815h16 | P90: 8.7721266e-05 | Q90: IMPNRGZ | S90: elc_wof-IND | T90: S08b0815h16 | U90: 0.00012782555 | V90: IMPNRGZ | X90: 0.00011415525 | Y90: 0.00017237236 | Z90: S08b0815h16 | AA90: elc_roadtransport | AC90: elc_buildings | AD90: S08b0815h16 | AE90: 0.00014592454 | AG90: ELC | AH90: S08b0815h16 | AI90: 0 | AK90: 2028 | AL90: S08 | AM90: 0.5814 | AN90: hydro
I91: elc_spv-IND | J91: S08b0815h17 | K91: 0.0001001166 | L91: IMPNRGZ | N91: elc_won-IND | O91: S08b0815h17 | P91: 9.6005791e-05 | Q91: IMPNRGZ | S91: elc_wof-IND | T91: S08b0815h17 | U91: 0.00013034057 | V91: IMPNRGZ | X91: 0.00011415525 | Y91: 0.00022209515 | Z91: S08b0815h17 | AA91: elc_roadtransport | AC91: elc_buildings | AD91: S08b0815h17 | AE91: 0.0001210715 | AG91: ELC | AH91: S08b0815h17 | AI91: 0 | AK91: 2028 | AL91: S09 | AM91: 0.672 | AN91: hydro
I92: elc_spv-IND | J92: S08b0815h18 | K92: 6.9923084e-05 | L92: IMPNRGZ | N92: elc_won-IND | O92: S08b0815h18 | P92: 0.00010616136 | Q92: IMPNRGZ | S92: elc_wof-IND | T92: S08b0815h18 | U92: 0.00013289879 | V92: IMPNRGZ | X92: 0.00011415525 | Y92: 0.00022209515 | Z92: S08b0815h18 | AA92: elc_roadtransport | AC92: elc_buildings | AD92: S08b0815h18 | AE92: 8.4663757e-05 | AG92: ELC | AH92: S08b0815h18 | AI92: 0 | AK92: 2028 | AL92: S10 | AM92: 0.4833 | AN92: hydro
I93: elc_spv-IND | J93: S08b0815h19 | K93: 2.6837152e-05 | L93: IMPNRGZ | N93: elc_won-IND | O93: S08b0815h19 | P93: 0.00012395977 | Q93: IMPNRGZ | S93: elc_wof-IND | T93: S08b0815h19 | U93: 0.00013788531 | V93: IMPNRGZ | X93: 0.00011415525 | Y93: 0.00017237236 | Z93: S08b0815h19 | AA93: elc_roadtransport | AC93: elc_buildings | AD93: S08b0815h19 | AE93: 5.2888589e-05 | AG93: ELC | AH93: S08b0815h19 | AI93: 0 | AK93: 2028 | AL93: S11 | AM93: 0.2634 | AN93: hydro
I94: elc_spv-IND | J94: S08b0815h20 | K94: 3.3244924e-06 | L94: IMPNRGZ | N94: elc_won-IND | O94: S08b0815h20 | P94: 0.00013209044 | Q94: IMPNRGZ | S94: elc_wof-IND | T94: S08b0815h20 | U94: 0.00013621214 | V94: IMPNRGZ | X94: 0.00011415525 | Y94: 0.00015579809 | Z94: S08b0815h20 | AA94: elc_roadtransport | AC94: elc_buildings | AD94: S08b0815h20 | AE94: 4.7263315e-05 | AG94: ELC | AH94: S08b0815h20 | AI94: 0 | AK94: 2028 | AL94: S12 | AM94: 0.2395 | AN94: hydro
I95: elc_spv-IND | J95: S08b0815h21 | K95: 0 | L95: IMPNRGZ | N95: elc_won-IND | O95: S08b0815h21 | P95: 0.0001352052 | Q95: IMPNRGZ | S95: elc_wof-IND | T95: S08b0815h21 | U95: 0.00012788402 | V95: IMPNRGZ | X95: 0.00011415525 | Y95: 0.00010939015 | Z95: S08b0815h21 | AA95: elc_roadtransport | AC95: elc_buildings | AD95: S08b0815h21 | AE95: 4.7298967e-05 | AG95: ELC | AH95: S08b0815h21 | AI95: 0 | AK95: 2029 | AL95: S01 | AM95: 0.2417 | AN95: hydro
I96: elc_spv-IND | J96: S08b0815h22 | K96: 0 | L96: IMPNRGZ | N96: elc_won-IND | O96: S08b0815h22 | P96: 0.00013896009 | Q96: IMPNRGZ | S96: elc_wof-IND | T96: S08b0815h22 | U96: 0.00012512968 | V96: IMPNRGZ | X96: 0.00011415525 | Y96: 7.9556473e-05 | Z96: S08b0815h22 | AA96: elc_roadtransport | AC96: elc_buildings | AD96: S08b0815h22 | AE96: 4.617926e-05 | AG96: ELC | AH96: S08b0815h22 | AI96: 0 | AK96: 2029 | AL96: S02 | AM96: 0.2608 | AN96: hydro
I97: elc_spv-IND | J97: S08b0815h23 | K97: 0 | L97: IMPNRGZ | N97: elc_won-IND | O97: S08b0815h23 | P97: 0.00014424934 | Q97: IMPNRGZ | S97: elc_wof-IND | T97: S08b0815h23 | U97: 0.00012428973 | V97: IMPNRGZ | X97: 0.00011415525 | Y97: 5.6352501e-05 | Z97: S08b0815h23 | AA97: elc_roadtransport | AC97: elc_buildings | AD97: S08b0815h23 | AE97: 5.4651153e-05 | AG97: ELC | AH97: S08b0815h23 | AI97: 0 | AK97: 2029 | AL97: S03 | AM97: 0.2724 | AN97: hydro
I98: elc_spv-IND | J98: S08b0815h24 | K98: 0 | L98: IMPNRGZ | N98: elc_won-IND | O98: S08b0815h24 | P98: 0.00014531272 | Q98: IMPNRGZ | S98: elc_wof-IND | T98: S08b0815h24 | U98: 0.00012528797 | V98: IMPNRGZ | X98: 0.00011415525 | Y98: 2.9833677e-05 | Z98: S08b0815h24 | AA98: elc_roadtransport | AC98: elc_buildings | AD98: S08b0815h24 | AE98: 8.1274554e-05 | AG98: ELC | AH98: S08b0815h24 | AI98: 0 | AK98: 2029 | AL98: S04 | AM98: 0.2833 | AN98: hydro
I99: elc_spv-IND | J99: S09aH01 | K99: 0.00046156986 | L99: IMPNRGZ | N99: elc_won-IND | O99: S09aH01 | P99: 0.020861934 | Q99: IMPNRGZ | S99: elc_wof-IND | T99: S09aH01 | U99: 0.020093434 | V99: IMPNRGZ | X99: 0.023173516 | Y99: 0.0091516462 | Z99: S09aH01 | AA99: elc_roadtransport | AC99: elc_buildings | AD99: S09aH01 | AE99: 0.023992586 | AG99: ELC | AH99: S09aH01 | AI99: 0.11825386 | AK99: 2029 | AL99: S05 | AM99: 0.3637 | AN99: hydro
I100: elc_spv-IND | J100: S09aH02 | K100: 0.0025553716 | L100: IMPNRGZ | N100: elc_won-IND | O100: S09aH02 | P100: 0.0025932389 | Q100: IMPNRGZ | S100: elc_wof-IND | T100: S09aH02 | U100: 0.0026269238 | V100: IMPNRGZ | X100: 0.0033105023 | Y100: 0.0055275174 | Z100: S09aH02 | AA100: elc_roadtransport | AC100: elc_buildings | AD100: S09aH02 | AE100: 0.003961008 | AG100: ELC | AH100: S09aH02 | AI100: 0.058562384 | AK100: 2029 | AL100: S06 | AM100: 0.4381 | AN100: hydro
I101: elc_spv-IND | J101: S09aH03 | K101: 0.0048652576 | L101: IMPNRGZ | N101: elc_won-IND | O101: S09aH03 | P101: 0.0027837802 | Q101: IMPNRGZ | S101: elc_wof-IND | T101: S09aH03 | U101: 0.00256929 | V101: IMPNRGZ | X101: 0.0033105023 | Y101: 0.0042297525 | Z101: S09aH03 | AA101: elc_roadtransport | AC101: elc_buildings | AD101: S09aH03 | AE101: 0.0040288857 | AG101: ELC | AH101: S09aH03 | AI101: 0.058940837 | AK101: 2029 | AL101: S07 | AM101: 0.6022 | AN101: hydro
I102: elc_spv-IND | J102: S09aH04 | K102: 0.0064788161 | L102: IMPNRGZ | N102: elc_won-IND | O102: S09aH04 | P102: 0.0027649877 | Q102: IMPNRGZ | S102: elc_wof-IND | T102: S09aH04 | U102: 0.0025329875 | V102: IMPNRGZ | X102: 0.0033105023 | Y102: 0.0041913002 | Z102: S09aH04 | AA102: elc_roadtransport | AC102: elc_buildings | AD102: S09aH04 | AE102: 0.0040346959 | AG102: ELC | AH102: S09aH04 | AI102: 0.056220559 | AK102: 2029 | AL102: S08 | AM102: 0.6232 | AN102: hydro
... I178: elc_spv-IND | J178: S12aH08 | K178: 0 | L178: IMPNRGZ | N178: elc_won-IND | O178: S12aH08 | P178: 0.015166151 | Q178: IMPNRGZ | S178: elc_wof-IND | T178: S12aH08 | U178: 0.013111703 | V178: IMPNRGZ | X178: 0.017694064 | Y178: 0.013358858 | Z178: S12aH08 | AA178: elc_roadtransport | AC178: elc_buildings | AD178: S12aH08 | AE178: 0.0045197694 | AG178: ELC | AH178: S12aH08 | AI178: 0.13031367 | AK178: 2035 | AL178: S12 | AM178: 0.233 | AN178: hydro
AC179: elc_industry | AD179: S01aH01 | AE179: 0.024807105 | AK179: 2036 | AL179: S01 | AM179: 0.2299 | AN179: hydro
AC180: elc_industry | AD180: S01aH02 | AE180: 0.0035619571 | AK180: 2036 | AL180: S02 | AM180: 0.2716 | AN180: hydro
AC181: elc_industry | AD181: S01aH03 | AE181: 0.003566787 | AK181: 2036 | AL181: S03 | AM181: 0.2476 | AN181: hydro
AC182: elc_industry | AD182: S01aH04 | AE182: 0.0035689405 | AK182: 2036 | AL182: S04 | AM182: 0.2882 | AN182: hydro
AC183: elc_industry | AD183: S01aH05 | AE183: 0.025071464 | AK183: 2036 | AL183: S05 | AM183: 0.3762 | AN183: hydro
AC184: elc_industry | AD184: S01aH06 | AE184: 0.0035083302 | AK184: 2036 | AL184: S06 | AM184: 0.4433 | AN184: hydro
AC185: elc_industry | AD185: S01aH07 | AE185: 0.0034549287 | AK185: 2036 | AL185: S07 | AM185: 0.5648 | AN185: hydro
AC186: elc_industry | AD186: S01aH08 | AE186: 0.017289049 | AK186: 2036 | AL186: S08 | AM186: 0.6623 | AN186: hydro
AC187: elc_industry | AD187: S02aH01 | AE187: 0.022396103 | AK187: 2036 | AL187: S09 | AM187: 0.5636 | AN187: hydro
AC188: elc_industry | AD188: S02aH02 | AE188: 0.0032256847 | AK188: 2036 | AL188: S10 | AM188: 0.4816 | AN188: hydro
AC189: elc_industry | AD189: S02aH03 | AE189: 0.003230803 | AK189: 2036 | AL189: S11 | AM189: 0.2684 | AN189: hydro
AC190: elc_industry | AD190: S02aH04 | AE190: 0.0032332977 | AK190: 2036 | AL190: S12 | AM190: 0.2363 | AN190: hydro
... AC346: elc_industry | AD346: S12aH08 | AE346: 0.017272028 | AK346: 2049 | AL346: S12 | AM346: 0.2262 | AN346: hydro
AK347: 2050 | AL347: S01 | AM347: 0.2633 | AN347: hydro
AK348: 2050 | AL348: S02 | AM348: 0.2621 | AN348: hydro
AK349: 2050 | AL349: S03 | AM349: 0.2527 | AN349: hydro
AK350: 2050 | AL350: S04 | AM350: 0.3182 | AN350: hydro
AK351: 2050 | AL351: S05 | AM351: 0.4174 | AN351: hydro
AK352: 2050 | AL352: S06 | AM352: 0.4736 | AN352: hydro
AK353: 2050 | AL353: S07 | AM353: 0.4929 | AN353: hydro
AK354: 2050 | AL354: S08 | AM354: 0.6746 | AN354: hydro
AK355: 2050 | AL355: S09 | AM355: 0.633 | AN355: hydro
AK356: 2050 | AL356: S10 | AM356: 0.4802 | AN356: hydro
AK357: 2050 | AL357: S11 | AM357: 0.2677 | AN357: hydro
AK358: 2050 | AL358: S12 | AM358: 0.2381 | AN358: hydro

Sheet s3p3v3_d
C9: =IF(A11="x","DeActivated","~TimeSlices") -> DeActivated | I9: =IF(A11="x","DeActivated","~TFM_DINS-AT") -> DeActivated | N9: =IF(A11="x","DeActivated","~TFM_DINS-AT") -> DeActivated | S9: =IF(A11="x","DeActivated","~TFM_DINS-AT") -> DeActivated | X9: =IF(A11="x","DeActivated","~TFM_DINS-AT") -> DeActivated | AC9: =IF(A11="x","DeActivated","~TFM_DINS-AT") -> DeActivated | AG9: =IF(A11="x","DeActivated","~TFM_DINS-AT") -> DeActivated | AK9: =IF(A11="x","DeActivated","~TFM_INS-AT") -> DeActivated
A10: s3p3v3_d | C10: season | D10: weekly | E10: daynite | F10: wparent | G10: dparent | I10: commodity | J10: timeslice | K10: com_fr | L10: process | N10: commodity | O10: timeslice | P10: com_fr | Q10: process | S10: commodity | T10: timeslice | U10: com_fr | V10: process | X10: g_yrfr | Y10: com_fr | Z10: timeslice | AA10: commodity | AC10: commodity | AD10: timeslice | AE10: com_fr | AG10: commodity | AH10: timeslice | AI10: com_pkflx | AK10: Year | AL10: timeslice | AM10: ncap_afs | AN10: pset_ci
A11: =IFERROR(IF(Veda!D5=A10,"ok","x"),"") -> x | C11: S01 | D11: a | E11: 0812h01 | F11: S01,S02,S03,S04,S05,S06,S07,S08,S09,S10,S11,S12 | G11: b | I11: elc_spv-IND | J11: S01aH01 | K11: 0 | L11: IMPNRGZ | N11: elc_won-IND | O11: S01aH01 | P11: 0.017870836 | Q11: IMPNRGZ | S11: elc_wof-IND | T11: S01aH01 | U11: 0.018804923 | V11: IMPNRGZ | X11: 0.024771689 | Y11: 0.0097827943 | Z11: S01aH01 | AA11: elc_roadtransport | AC11: elc_buildings | AD11: S01aH01 | AE11: 0.019494529 | AG11: ELC | AH11: S01aH01 | AI11: 0.10127754 | AK11: 2020 | AL11: S01 | AM11: 0.26981109 | AN11: hydro
C12: S02 | D12: b | E12: 0812h02 | F12: S08 | G12: b | I12: elc_spv-IND | J12: S01aH02 | K12: 0.0015156644 | L12: IMPNRGZ | N12: elc_won-IND | O12: S01aH02 | P12: 0.0019241152 | Q12: IMPNRGZ | S12: elc_wof-IND | T12: S01aH02 | U12: 0.0024994659 | V12: IMPNRGZ | X12: 0.0035388128 | Y12: 0.0059087255 | Z12: S01aH02 | AA12: elc_roadtransport | AC12: elc_buildings | AD12: S01aH02 | AE12: 0.0031657926 | AG12: ELC | AH12: S01aH02 | AI12: 0.027713628 | AK12: 2020 | AL12: S02 | AM12: 0.28091924 | AN12: hydro
C13: S03 | D13: c | E13: 0812h03 | F13: S08 | G13: b | I13: elc_spv-IND | J13: S01aH03 | K13: 0.0060907787 | L13: IMPNRGZ | N13: elc_won-IND | O13: S01aH03 | P13: 0.0013264423 | Q13: IMPNRGZ | S13: elc_wof-IND | T13: S01aH03 | U13: 0.0024236393 | V13: IMPNRGZ | X13: 0.0035388128 | Y13: 0.0045214595 | Z13: S01aH03 | AA13: elc_roadtransport | AC13: elc_buildings | AD13: S01aH03 | AE13: 0.0032675077 | AG13: ELC | AH13: S01aH03 | AI13: 0.053468428 | AK13: 2020 | AL13: S03 | AM13: 0.2817962 | AN13: hydro
C14: S04 | D14: d | E14: 0812h04 | F14: S08 | G14: b | I14: elc_spv-IND | J14: S01aH04 | K14: 0.0088262465 | L14: IMPNRGZ | N14: elc_won-IND | O14: S01aH04 | P14: 0.0010431622 | Q14: IMPNRGZ | S14: elc_wof-IND | T14: S01aH04 | U14: 0.0023370907 | V14: IMPNRGZ | X14: 0.0035388128 | Y14: 0.0044803554 | Z14: S01aH04 | AA14: elc_roadtransport | AC14: elc_buildings | AD14: S01aH04 | AE14: 0.0033128609 | AG14: ELC | AH14: S01aH04 | AI14: 0.058480835 | AK14: 2020 | AL14: S04 | AM14: 0.32653086 | AN14: hydro
C15: S05 | D15: e | E15: 0812h05 | F15: S09 | G15: b | I15: elc_spv-IND | J15: S01aH05 | K15: 0.068054972 | L15: IMPNRGZ | N15: elc_won-IND | O15: S01aH05 | P15: 0.0064320848 | Q15: IMPNRGZ | S15: elc_wof-IND | T15: S01aH05 | U15: 0.014185336 | V15: IMPNRGZ | X15: 0.024771689 | Y15: 0.034650822 | Z15: S01aH05 | AA15: elc_roadtransport | AC15: elc_buildings | AD15: S01aH05 | AE15: 0.025061803 | AG15: ELC | AH15: S01aH05 | AI15: 0.085909955 | AK15: 2020 | AL15: S05 | AM15: 0.43263317 | AN15: hydro
C16: S06 | D16: f | E16: 0812h06 | F16: S09 | G16: b | I16: elc_spv-IND | J16: S01aH06 | K16: 0.0063045631 | L16: IMPNRGZ | N16: elc_won-IND | O16: S01aH06 | P16: 0.0011229787 | Q16: IMPNRGZ | S16: elc_wof-IND | T16: S01aH06 | U16: 0.0022277817 | V16: IMPNRGZ | X16: 0.0035388128 | Y16: 0.0068849497 | Z16: S01aH06 | AA16: elc_roadtransport | AC16: elc_buildings | AD16: S01aH06 | AE16: 0.0020364328 | AG16: ELC | AH16: S01aH06 | AI16: 0.13177807 | AK16: 2020 | AL16: S06 | AM16: 0.53857958 | AN16: hydro
C17: S07 | D17: g | E17: 0812h07 | F17: S09 | G17: b | I17: elc_spv-IND | J17: S01aH07 | K17: 0.0019471601 | L17: IMPNRGZ | N17: elc_won-IND | O17: S01aH07 | P17: 0.0017169266 | Q17: IMPNRGZ | S17: elc_wof-IND | T17: S01aH07 | U17: 0.0023637794 | V17: IMPNRGZ | X17: 0.0035388128 | Y17: 0.0053435431 | Z17: S01aH07 | AA17: elc_roadtransport | AC17: elc_buildings | AD17: S01aH07 | AE17: 0.00091182134 | AG17: ELC | AH17: S01aH07 | AI17: 0.025642556 | AK17: 2020 | AL17: S07 | AM17: 0.55540745 | AN17: hydro
C18: S08 | D18: h | E18: 0812h08 | F18: S11 | G18: b | I18: elc_spv-IND | J18: S01aH08 | K18: 0 | L18: IMPNRGZ | N18: elc_won-IND | O18: S01aH08 | P18: 0.014808899 | Q18: IMPNRGZ | S18: elc_wof-IND | T18: S01aH08 | U18: 0.01289408 | V18: IMPNRGZ | X18: 0.017694064 | Y18: 0.013358858 | Z18: S01aH08 | AA18: elc_roadtransport | AC18: elc_buildings | AD18: S01aH08 | AE18: 0.0048624804 | AG18: ELC | AH18: S01aH08 | AI18: 0.14420378 | AK18: 2020 | AL18: S08 | AM18: 0.59107045 | AN18: hydro
C19: S09 | D19: i | E19: 0812h09 | F19: S11 | G19: b | I19: elc_spv-IND | J19: S02aH01 | K19: 0 | L19: IMPNRGZ | N19: elc_won-IND | O19: S02aH01 | P19: 0.016839964 | Q19: IMPNRGZ | S19: elc_wof-IND | T19: S02aH01 | U19: 0.014357735 | V19: IMPNRGZ | X19: 0.022374429 | Y19: 0.0088360722 | Z19: S02aH01 | AA19: elc_roadtransport | AC19: elc_buildings | AD19: S02aH01 | AE19: 0.017740078 | AG19: ELC | AH19: S02aH01 | AI19: 0.14633377 | AK19: 2020 | AL19: S09 | AM19: 0.61228312 | AN19: hydro
C20: S10 | D20: j | E20: 0812h10 | F20: S11 | G20: b | I20: elc_spv-IND | J20: S02aH02 | K20: 0.001374473 | L20: IMPNRGZ | N20: elc_won-IND | O20: S02aH02 | P20: 0.0016754219 | Q20: IMPNRGZ | S20: elc_wof-IND | T20: S02aH02 | U20: 0.0020874895 | V20: IMPNRGZ | X20: 0.003196347 | Y20: 0.0053369134 | Z20: S02aH02 | AA20: elc_roadtransport | AC20: elc_buildings | AD20: S02aH02 | AE20: 0.0030869305 | AG20: ELC | AH20: S02aH02 | AI20: 0.050572918 | AK20: 2020 | AL20: S10 | AM20: 0.41918646 | AN20: hydro
C21: S11 | E21: 0812h11 | G21: b | I21: elc_spv-IND | J21: S02aH03 | K21: 0.0056351739 | L21: IMPNRGZ | N21: elc_won-IND | O21: S02aH03 | P21: 0.0011556557 | Q21: IMPNRGZ | S21: elc_wof-IND | T21: S02aH03 | U21: 0.0020457666 | V21: IMPNRGZ | X21: 0.003196347 | Y21: 0.0040838989 | Z21: S02aH03 | AA21: elc_roadtransport | AC21: elc_buildings | AD21: S02aH03 | AE21: 0.0031947187 | AG21: ELC | AH21: S02aH03 | AI21: 0.043209448 | AK21: 2020 | AL21: S11 | AM21: 0.28001305 | AN21: hydro
C22: S12 | E22: 0812h12 | G22: b | I22: elc_spv-IND | J22: S02aH04 | K22: 0.0080353933 | L22: IMPNRGZ | N22: elc_won-IND | O22: S02aH04 | P22: 0.0010616092 | Q22: IMPNRGZ | S22: elc_wof-IND | T22: S02aH04 | U22: 0.0019680907 | V22: IMPNRGZ | X22: 0.003196347 | Y22: 0.0040467726 | Z22: S02aH04 | AA22: elc_roadtransport | AC22: elc_buildings | AD22: S02aH04 | AE22: 0.0032472558 | AG22: ELC | AH22: S02aH04 | AI22: 0.053013612 | AK22: 2020 | AL22: S12 | AM22: 0.25899526 | AN22: hydro
E23: 0812h13 | G23: b | I23: elc_spv-IND | J23: S02aH05 | K23: 0.062216285 | L23: IMPNRGZ | N23: elc_won-IND | O23: S02aH05 | P23: 0.0081032721 | Q23: IMPNRGZ | S23: elc_wof-IND | T23: S02aH05 | U23: 0.011931276 | V23: IMPNRGZ | X23: 0.022374429 | Y23: 0.031297516 | Z23: S02aH05 | AA23: elc_roadtransport | AC23: elc_buildings | AD23: S02aH05 | AE23: 0.023621562 | AG23: ELC | AH23: S02aH05 | AI23: 0.18724621 | AK23: 2021 | AL23: S01 | AM23: 0.24537184 | AN23: hydro
E24: 0812h14 | G24: b | I24: elc_spv-IND | J24: S02aH06 | K24: 0.0058968814 | L24: IMPNRGZ | N24: elc_won-IND | O24: S02aH06 | P24: 0.0015021228 | Q24: IMPNRGZ | S24: elc_wof-IND | T24: S02aH06 | U24: 0.0018782053 | V24: IMPNRGZ | X24: 0.003196347 | Y24: 0.0062186643 | Z24: S02aH06 | AA24: elc_roadtransport | AC24: elc_buildings | AD24: S02aH06 | AE24: 0.0015505499 | AG24: ELC | AH24: S02aH06 | AI24: 0.038164786 | AK24: 2021 | AL24: S02 | AM24: 0.2474857 | AN24: hydro
E25: 0812h15 | G25: b | I25: elc_spv-IND | J25: S02aH07 | K25: 0.0025564716 | L25: IMPNRGZ | N25: elc_won-IND | O25: S02aH07 | P25: 0.0019679906 | Q25: IMPNRGZ | S25: elc_wof-IND | T25: S02aH07 | U25: 0.0019764556 | V25: IMPNRGZ | X25: 0.003196347 | Y25: 0.004826426 | Z25: S02aH07 | AA25: elc_roadtransport | AC25: elc_buildings | AD25: S02aH07 | AE25: 0.00086897921 | AG25: ELC | AH25: S02aH07 | AI25: 0.039400044 | AK25: 2021 | AL25: S03 | AM25: 0.25370414 | AN25: hydro
E26: 0812h16 | G26: b | I26: elc_spv-IND | J26: S02aH08 | K26: 0 | L26: IMPNRGZ | N26: elc_won-IND | O26: S02aH08 | P26: 0.016202772 | Q26: IMPNRGZ | S26: elc_wof-IND | T26: S02aH08 | U26: 0.010385168 | V26: IMPNRGZ | X26: 0.015981735 | Y26: 0.012066065 | Z26: S02aH08 | AA26: elc_roadtransport | AC26: elc_buildings | AD26: S02aH08 | AE26: 0.0041156959 | AG26: ELC | AH26: S02aH08 | AI26: 0.15706424 | AK26: 2021 | AL26: S04 | AM26: 0.25859817 | AN26: hydro
E27: 0812h17 | G27: b | I27: elc_spv-IND | J27: S03aH01 | K27: 0.00029312647 | L27: IMPNRGZ | N27: elc_won-IND | O27: S03aH01 | P27: 0.019345563 | Q27: IMPNRGZ | S27: elc_wof-IND | T27: S03aH01 | U27: 0.016143225 | V27: IMPNRGZ | X27: 0.024771689 | Y27: 0.0097827943 | Z27: S03aH01 | AA27: elc_roadtransport | AC27: elc_buildings | AD27: S03aH01 | AE27: 0.024302321 | AG27: ELC | AH27: S03aH01 | AI27: 0.14526266 | AK27: 2021 | AL27: S05 | AM27: 0.35369173 | AN27: hydro
E28: 0812h18 | G28: b | I28: elc_spv-IND | J28: S03aH02 | K28: 0.0034677655 | L28: IMPNRGZ | N28: elc_won-IND | O28: S03aH02 | P28: 0.0016352366 | Q28: IMPNRGZ | S28: elc_wof-IND | T28: S03aH02 | U28: 0.002004101 | V28: IMPNRGZ | X28: 0.0035388128 | Y28: 0.0059087255 | Z28: S03aH02 | AA28: elc_roadtransport | AC28: elc_buildings | AD28: S03aH02 | AE28: 0.0042282818 | AG28: ELC | AH28: S03aH02 | AI28: 0.042218001 | AK28: 2021 | AL28: S06 | AM28: 0.49671037 | AN28: hydro
E29: 0812h19 | G29: b | I29: elc_spv-IND | J29: S03aH03 | K29: 0.0072857682 | L29: IMPNRGZ | N29: elc_won-IND | O29: S03aH03 | P29: 0.0011202547 | Q29: IMPNRGZ | S29: elc_wof-IND | T29: S03aH03 | U29: 0.0018781288 | V29: IMPNRGZ | X29: 0.0035388128 | Y29: 0.0045214595 | Z29: S03aH03 | AA29: elc_roadtransport | AC29: elc_buildings | AD29: S03aH03 | AE29: 0.0044859659 | AG29: ELC | AH29: S03aH03 | AI29: 0.033345105 | AK29: 2021 | AL29: S07 | AM29: 0.57377935 | AN29: hydro
E30: 0812h20 | G30: b | I30: elc_spv-IND | J30: S03aH04 | K30: 0.0094148614 | L30: IMPNRGZ | N30: elc_won-IND | O30: S03aH04 | P30: 0.001005323 | Q30: IMPNRGZ | S30: elc_wof-IND | T30: S03aH04 | U30: 0.0017552644 | V30: IMPNRGZ | X30: 0.0035388128 | Y30: 0.0044803554 | Z30: S03aH04 | AA30: elc_roadtransport | AC30: elc_buildings | AD30: S03aH04 | AE30: 0.0046045679 | AG30: ELC | AH30: S03aH04 | AI30: 0.022564439 | AK30: 2021 | AL30: S08 | AM30: 0.62492242 | AN30: hydro
E31: 0812h21 | G31: b | I31: elc_spv-IND | J31: S03aH05 | K31: 0.07165077 | L31: IMPNRGZ | N31: elc_won-IND | O31: S03aH05 | P31: 0.0078464756 | Q31: IMPNRGZ | S31: elc_wof-IND | T31: S03aH05 | U31: 0.011697585 | V31: IMPNRGZ | X31: 0.024771689 | Y31: 0.034650822 | Z31: S03aH05 | AA31: elc_roadtransport | AC31: elc_buildings | AD31: S03aH05 | AE31: 0.031498985 | AG31: ELC | AH31: S03aH05 | AI31: 0.15398275 | AK31: 2021 | AL31: S09 | AM31: 0.57271626 | AN31: hydro
E32: 0812h22 | G32: b | I32: elc_spv-IND | J32: S03aH06 | K32: 0.0070094705 | L32: IMPNRGZ | N32: elc_won-IND | O32: S03aH06 | P32: 0.0017617574 | Q32: IMPNRGZ | S32: elc_wof-IND | T32: S03aH06 | U32: 0.002160043 | V32: IMPNRGZ | X32: 0.0035388128 | Y32: 0.0068849497 | Z32: S03aH06 | AA32: elc_roadtransport | AC32: elc_buildings | AD32: S03aH06 | AE32: 0.0018909129 | AG32: ELC | AH32: S03aH06 | AI32: 0.0093662396 | AK32: 2021 | AL32: S10 | AM32: 0.48298602 | AN32: hydro
E33: 0812h23 | G33: b | I33: elc_spv-IND | J33: S03aH07 | K33: 0.0032517569 | L33: IMPNRGZ | N33: elc_won-IND | O33: S03aH07 | P33: 0.0023440425 | Q33: IMPNRGZ | S33: elc_wof-IND | T33: S03aH07 | U33: 0.0022669641 | V33: IMPNRGZ | X33: 0.0035388128 | Y33: 0.0053435431 | Z33: S03aH07 | AA33: elc_roadtransport | AC33: elc_buildings | AD33: S03aH07 | AE33: 0.0013568416 | AG33: ELC | AH33: S03aH07 | AI33: 0.20468905 | AK33: 2021 | AL33: S11 | AM33: 0.31411809 | AN33: hydro
E34: 0812h24 | G34: b | I34: elc_spv-IND | J34: S03aH08 | K34: 0 | L34: IMPNRGZ | N34: elc_won-IND | O34: S03aH08 | P34: 0.019002467 | Q34: IMPNRGZ | S34: elc_wof-IND | T34: S03aH08 | U34: 0.01186364 | V34: IMPNRGZ | X34: 0.017694064 | Y34: 0.013358858 | Z34: S03aH08 | AA34: elc_roadtransport | AC34: elc_buildings | AD34: S03aH08 | AE34: 0.0070952004 | AG34: ELC | AH34: S03aH08 | AI34: 0.24030877 | AK34: 2021 | AL34: S12 | AM34: 0.25801395 | AN34: hydro
... E234: H08 | G234: a | I234: elc_spv-IND | J234: S10aH08 | K234: 0 | L234: IMPNRGZ | N234: elc_won-IND | O234: S10aH08 | P234: 0.010784711 | Q234: IMPNRGZ | S234: elc_wof-IND | T234: S10aH08 | U234: 0.011047603 | V234: IMPNRGZ | X234: 0.017694064 | Y234: 0.013358858 | Z234: S10aH08 | AA234: elc_roadtransport | AC234: elc_buildings | AD234: S10aH08 | AE234: 0.0064498618 | AG234: ELC | AH234: S10aH08 | AI234: 0.17538812 | AK234: 2040 | AL234: S08 | AM234: 0.6527 | AN234: hydro
I235: elc_spv-IND | J235: S11aH01 | K235: 1.9482942e-05 | L235: IMPNRGZ | N235: elc_won-IND | O235: S11aH01 | P235: 0.012579923 | Q235: IMPNRGZ | S235: elc_wof-IND | T235: S11aH01 | U235: 0.012930286 | V235: IMPNRGZ | X235: 0.021575342 | Y235: 0.0085204982 | Z235: S11aH01 | AA235: elc_roadtransport | AC235: elc_buildings | AD235: S11aH01 | AE235: 0.017919988 | AG235: ELC | AH235: S11aH01 | AI235: 0.12028029 | AK235: 2040 | AL235: S09 | AM235: 0.6163 | AN235: hydro
I236: elc_spv-IND | J236: S11aH02 | K236: 0.0024388051 | L236: IMPNRGZ | N236: elc_won-IND | O236: S11aH02 | P236: 0.00151853 | Q236: IMPNRGZ | S236: elc_wof-IND | T236: S11aH02 | U236: 0.002084485 | V236: IMPNRGZ | X236: 0.0030821918 | Y236: 0.0051463093 | Z236: S11aH02 | AA236: elc_roadtransport | AC236: elc_buildings | AD236: S11aH02 | AE236: 0.003118748 | AG236: ELC | AH236: S11aH02 | AI236: 0.024153767 | AK236: 2040 | AL236: S10 | AM236: 0.4547 | AN236: hydro
I237: elc_spv-IND | J237: S11aH03 | K237: 0.0062302626 | L237: IMPNRGZ | N237: elc_won-IND | O237: S11aH03 | P237: 0.0011751603 | Q237: IMPNRGZ | S237: elc_wof-IND | T237: S11aH03 | U237: 0.0021082725 | V237: IMPNRGZ | X237: 0.0030821918 | Y237: 0.0039380454 | Z237: S11aH03 | AA237: elc_roadtransport | AC237: elc_buildings | AD237: S11aH03 | AE237: 0.0031517442 | AG237: ELC | AH237: S11aH03 | AI237: 0.03465439 | AK237: 2040 | AL237: S11 | AM237: 0.2972 | AN237: hydro
I238: elc_spv-IND | J238: S11aH04 | K238: 0.0080361261 | L238: IMPNRGZ | N238: elc_won-IND | O238: S11aH04 | P238: 0.0011920917 | Q238: IMPNRGZ | S238: elc_wof-IND | T238: S11aH04 | U238: 0.0020871041 | V238: IMPNRGZ | X238: 0.0030821918 | Y238: 0.003902245 | Z238: S11aH04 | AA238: elc_roadtransport | AC238: elc_buildings | AD238: S11aH04 | AE238: 0.0031576748 | AG238: ELC | AH238: S11aH04 | AI238: 0.039998907 | AK238: 2040 | AL238: S12 | AM238: 0.2629 | AN238: hydro
I239: elc_spv-IND | J239: S11aH05 | K239: 0.056334747 | L239: IMPNRGZ | N239: elc_won-IND | O239: S11aH05 | P239: 0.0068616144 | Q239: IMPNRGZ | S239: elc_wof-IND | T239: S11aH05 | U239: 0.010628665 | V239: IMPNRGZ | X239: 0.021575342 | Y239: 0.030179748 | Z239: S11aH05 | AA239: elc_roadtransport | AC239: elc_buildings | AD239: S11aH05 | AE239: 0.022598844 | AG239: ELC | AH239: S11aH05 | AI239: 0.17852981 | AK239: 2041 | AL239: S01 | AM239: 0.1925 | AN239: hydro
I240: elc_spv-IND | J240: S11aH06 | K240: 0.003433058 | L240: IMPNRGZ | N240: elc_won-IND | O240: S11aH06 | P240: 0.0010639436 | Q240: IMPNRGZ | S240: elc_wof-IND | T240: S11aH06 | U240: 0.0012555868 | V240: IMPNRGZ | X240: 0.0030821918 | Y240: 0.0059965691 | Z240: S11aH06 | AA240: elc_roadtransport | AC240: elc_buildings | AD240: S11aH06 | AE240: 0.0015380715 | AG240: ELC | AH240: S11aH06 | AI240: 0.032589704 | AK240: 2041 | AL240: S02 | AM240: 0.2113 | AN240: hydro
I241: elc_spv-IND | J241: S11aH07 | K241: 5.4434139e-06 | L241: IMPNRGZ | N241: elc_won-IND | O241: S11aH07 | P241: 0.0015088793 | Q241: IMPNRGZ | S241: elc_wof-IND | T241: S11aH07 | U241: 0.0013087209 | V241: IMPNRGZ | X241: 0.0030821918 | Y241: 0.0046540537 | Z241: S11aH07 | AA241: elc_roadtransport | AC241: elc_buildings | AD241: S11aH07 | AE241: 0.00088433088 | AG241: ELC | AH241: S11aH07 | AI241: 0.025129628 | AK241: 2041 | AL241: S03 | AM241: 0.2382 | AN241: hydro
I242: elc_spv-IND | J242: S11aH08 | K242: 0 | L242: IMPNRGZ | N242: elc_won-IND | O242: S11aH08 | P242: 0.010818442 | Q242: IMPNRGZ | S242: elc_wof-IND | T242: S11aH08 | U242: 0.0075707783 | V242: IMPNRGZ | X242: 0.015410959 | Y242: 0.011635134 | Z242: S11aH08 | AA242: elc_roadtransport | AC242: elc_buildings | AD242: S11aH08 | AE242: 0.0043190313 | AG242: ELC | AH242: S11aH08 | AI242: 0.158132 | AK242: 2041 | AL242: S04 | AM242: 0.2394 | AN242: hydro
I243: elc_spv-IND | J243: S11h1124h01 | K243: 0 | L243: IMPNRGZ | N243: elc_won-IND | O243: S11h1124h01 | P243: 3.9357629e-05 | Q243: IMPNRGZ | S243: elc_wof-IND | T243: S11h1124h01 | U243: 1.3659981e-05 | V243: IMPNRGZ | X243: 0.00011415525 | Y243: 2.1546545e-05 | Z243: S11h1124h01 | AA243: elc_roadtransport | AC243: elc_buildings | AD243: S11h1124h01 | AE243: 4.9039853e-05 | AG243: ELC | AH243: S11h1124h01 | AI243: 0 | AK243: 2041 | AL243: S05 | AM243: 0.348 | AN243: hydro
I244: elc_spv-IND | J244: S11h1124h02 | K244: 0 | L244: IMPNRGZ | N244: elc_won-IND | O244: S11h1124h02 | P244: 3.4795485e-05 | Q244: IMPNRGZ | S244: elc_wof-IND | T244: S11h1124h02 | U244: 1.4060862e-05 | V244: IMPNRGZ | X244: 0.00011415525 | Y244: 1.4916839e-05 | Z244: S11h1124h02 | AA244: elc_roadtransport | AC244: elc_buildings | AD244: S11h1124h02 | AE244: 7.0525971e-05 | AG244: ELC | AH244: S11h1124h02 | AI244: 0 | AK244: 2041 | AL244: S06 | AM244: 0.3902 | AN244: hydro
I245: elc_spv-IND | J245: S11h1124h03 | K245: 0 | L245: IMPNRGZ | N245: elc_won-IND | O245: S11h1124h03 | P245: 3.063822e-05 | Q245: IMPNRGZ | S245: elc_wof-IND | T245: S11h1124h03 | U245: 1.5134805e-05 | V245: IMPNRGZ | X245: 0.00011415525 | Y245: 1.6574265e-05 | Z245: S11h1124h03 | AA245: elc_roadtransport | AC245: elc_buildings | AD245: S11h1124h03 | AE245: 8.7319348e-05 | AG245: ELC | AH245: S11h1124h03 | AI245: 0 | AK245: 2041 | AL245: S07 | AM245: 0.4762 | AN245: hydro
I246: elc_spv-IND | J246: S11h1124h04 | K246: 0 | L246: IMPNRGZ | N246: elc_won-IND | O246: S11h1124h04 | P246: 2.8569576e-05 | Q246: IMPNRGZ | S246: elc_wof-IND | T246: S11h1124h04 | U246: 1.7152335e-05 | V246: IMPNRGZ | X246: 0.00011415525 | Y246: 1.4585353e-05 | Z246: S11h1124h04 | AA246: elc_roadtransport | AC246: elc_buildings | AD246: S11h1124h04 | AE246: 9.9688489e-05 | AG246: ELC | AH246: S11h1124h04 | AI246: 0 | AK246: 2041 | AL246: S08 | AM246: 0.5346 | AN246: hydro
... I322: elc_spv-IND | J322: S12aH08 | K322: 0 | L322: IMPNRGZ | N322: elc_won-IND | O322: S12aH08 | P322: 0.015166151 | Q322: IMPNRGZ | S322: elc_wof-IND | T322: S12aH08 | U322: 0.013111703 | V322: IMPNRGZ | X322: 0.017694064 | Y322: 0.013358858 | Z322: S12aH08 | AA322: elc_roadtransport | AC322: elc_buildings | AD322: S12aH08 | AE322: 0.0045197694 | AG322: ELC | AH322: S12aH08 | AI322: 0.13031367 | AK322: 2047 | AL322: S12 | AM322: 0.2408 | AN322: hydro
AC323: elc_industry | AD323: S01aH01 | AE323: 0.024807105 | AK323: 2048 | AL323: S01 | AM323: 0.2341 | AN323: hydro
AC324: elc_industry | AD324: S01aH02 | AE324: 0.0035619571 | AK324: 2048 | AL324: S02 | AM324: 0.2361 | AN324: hydro
AC325: elc_industry | AD325: S01aH03 | AE325: 0.003566787 | AK325: 2048 | AL325: S03 | AM325: 0.2873 | AN325: hydro
AC326: elc_industry | AD326: S01aH04 | AE326: 0.0035689405 | AK326: 2048 | AL326: S04 | AM326: 0.3155 | AN326: hydro
AC327: elc_industry | AD327: S01aH05 | AE327: 0.025071464 | AK327: 2048 | AL327: S05 | AM327: 0.4106 | AN327: hydro
AC328: elc_industry | AD328: S01aH06 | AE328: 0.0035083302 | AK328: 2048 | AL328: S06 | AM328: 0.4682 | AN328: hydro
AC329: elc_industry | AD329: S01aH07 | AE329: 0.0034549287 | AK329: 2048 | AL329: S07 | AM329: 0.5347 | AN329: hydro
AC330: elc_industry | AD330: S01aH08 | AE330: 0.017289049 | AK330: 2048 | AL330: S08 | AM330: 0.6896 | AN330: hydro
AC331: elc_industry | AD331: S02aH01 | AE331: 0.022396103 | AK331: 2048 | AL331: S09 | AM331: 0.5838 | AN331: hydro
AC332: elc_industry | AD332: S02aH02 | AE332: 0.0032256847 | AK332: 2048 | AL332: S10 | AM332: 0.4778 | AN332: hydro
AC333: elc_industry | AD333: S02aH03 | AE333: 0.003230803 | AK333: 2048 | AL333: S11 | AM333: 0.2825 | AN333: hydro
AC334: elc_industry | AD334: S02aH04 | AE334: 0.0032332977 | AK334: 2048 | AL334: S12 | AM334: 0.2508 | AN334: hydro
... AC358: elc_industry | AD358: S05aH04 | AE358: 0.003582426 | AK358: 2050 | AL358: S12 | AM358: 0.2381 | AN358: hydro
AC359: elc_industry | AD359: S05aH05 | AE359: 0.025069807
AC360: elc_industry | AD360: S05aH06 | AE360: 0.0034736434
AC361: elc_industry | AD361: S05aH07 | AE361: 0.0035163132
AC362: elc_industry | AD362: S05aH08 | AE362: 0.017465226
AC363: elc_industry | AD363: S06aH01 | AE363: 0.024008374
AC364: elc_industry | AD364: S06aH02 | AE364: 0.0034559499
AC365: elc_industry | AD365: S06aH03 | AE365: 0.0034583275
AC366: elc_industry | AD366: S06aH04 | AE366: 0.0034586289
AC367: elc_industry | AD367: S06aH05 | AE367: 0.024232325
AC368: elc_industry | AD368: S06aH06 | AE368: 0.0033662016
AC369: elc_industry | AD369: S06aH07 | AE369: 0.0034017293
AC370: elc_industry | AD370: S06aH08 | AE370: 0.01692376
... AC634: elc_industry | AD634: S12aH08 | AE634: 0.017272028

Sheet s5p5v5_d
C9: =IF(A11="x","DeActivated","~TimeSlices") -> DeActivated | I9: =IF(A11="x","DeActivated","~TFM_DINS-AT") -> DeActivated | N9: =IF(A11="x","DeActivated","~TFM_DINS-AT") -> DeActivated | S9: =IF(A11="x","DeActivated","~TFM_DINS-AT") -> DeActivated | X9: =IF(A11="x","DeActivated","~TFM_DINS-AT") -> DeActivated | AC9: =IF(A11="x","DeActivated","~TFM_DINS-AT") -> DeActivated | AG9: =IF(A11="x","DeActivated","~TFM_DINS-AT") -> DeActivated | AK9: =IF(A11="x","DeActivated","~TFM_INS-AT") -> DeActivated
A10: s5p5v5_d | C10: season | D10: weekly | E10: daynite | F10: wparent | G10: dparent | I10: commodity | J10: timeslice | K10: com_fr | L10: process | N10: commodity | O10: timeslice | P10: com_fr | Q10: process | S10: commodity | T10: timeslice | U10: com_fr | V10: process | X10: g_yrfr | Y10: com_fr | Z10: timeslice | AA10: commodity | AC10: commodity | AD10: timeslice | AE10: com_fr | AG10: commodity | AH10: timeslice | AI10: com_pkflx | AK10: Year | AL10: timeslice | AM10: ncap_afs | AN10: pset_ci
A11: =IFERROR(IF(Veda!D5=A10,"ok","x"),"") -> x | C11: S01 | D11: a | E11: 0102h01 | F11: S01,S02,S03,S04,S05,S06,S07,S08,S09,S10,S11,S12 | G11: b | I11: elc_spv-IND | J11: S01aH01 | K11: 0 | L11: IMPNRGZ | N11: elc_won-IND | O11: S01aH01 | P11: 0.017142607 | Q11: IMPNRGZ | S11: elc_wof-IND | T11: S01aH01 | U11: 0.017922061 | V11: IMPNRGZ | X11: 0.023173516 | Y11: 0.0091516462 | Z11: S01aH01 | AA11: elc_roadtransport | AC11: elc_buildings | AD11: S01aH01 | AE11: 0.018206267 | AG11: ELC | AH11: S01aH01 | AI11: 0.10203967 | AK11: 2020 | AL11: S01 | AM11: 0.26981109 | AN11: hydro
C12: S02 | D12: b | E12: 0102h02 | F12: S01 | G12: b | I12: elc_spv-IND | J12: S01aH02 | K12: 0.0014080367 | L12: IMPNRGZ | N12: elc_won-IND | O12: S01aH02 | P12: 0.0018369635 | Q12: IMPNRGZ | S12: elc_wof-IND | T12: S01aH02 | U12: 0.0023655113 | V12: IMPNRGZ | X12: 0.0033105023 | Y12: 0.0055275174 | Z12: S01aH02 | AA12: elc_roadtransport | AC12: elc_buildings | AD12: S01aH02 | AE12: 0.0029553283 | AG12: ELC | AH12: S01aH02 | AI12: 0.028673249 | AK12: 2020 | AL12: S02 | AM12: 0.28091924 | AN12: hydro
C13: S03 | D13: c | E13: 0102h03 | F13: S01 | G13: b | I13: elc_spv-IND | J13: S01aH03 | K13: 0.0056595409 | L13: IMPNRGZ | N13: elc_won-IND | O13: S01aH03 | P13: 0.0012720066 | Q13: IMPNRGZ | S13: elc_wof-IND | T13: S01aH03 | U13: 0.0022929769 | V13: IMPNRGZ | X13: 0.0033105023 | Y13: 0.0042297525 | Z13: S01aH03 | AA13: elc_roadtransport | AC13: elc_buildings | AD13: S01aH03 | AE13: 0.003057352 | AG13: ELC | AH13: S01aH03 | AI13: 0.053366986 | AK13: 2020 | AL13: S03 | AM13: 0.2817962 | AN13: hydro
C14: S04 | D14: d | E14: 0102h04 | F14: S05 | G14: b | I14: elc_spv-IND | J14: S01aH04 | K14: 0.0082159835 | L14: IMPNRGZ | N14: elc_won-IND | O14: S01aH04 | P14: 0.0010100112 | Q14: IMPNRGZ | S14: elc_wof-IND | T14: S01aH04 | U14: 0.0022123769 | V14: IMPNRGZ | X14: 0.0033105023 | Y14: 0.0041913002 | Z14: S01aH04 | AA14: elc_roadtransport | AC14: elc_buildings | AD14: S01aH04 | AE14: 0.0031007844 | AG14: ELC | AH14: S01aH04 | AI14: 0.058223235 | AK14: 2020 | AL14: S04 | AM14: 0.32653086 | AN14: hydro
C15: S05 | D15: e | E15: 0102h05 | F15: S08 | G15: b | I15: elc_spv-IND | J15: S01aH05 | K15: 0.063565544 | L15: IMPNRGZ | N15: elc_won-IND | O15: S01aH05 | P15: 0.0062685396 | Q15: IMPNRGZ | S15: elc_wof-IND | T15: S01aH05 | U15: 0.013487573 | V15: IMPNRGZ | X15: 0.023173516 | Y15: 0.032415285 | Z15: S01aH05 | AA15: elc_roadtransport | AC15: elc_buildings | AD15: S01aH05 | AE15: 0.023452371 | AG15: ELC | AH15: S01aH05 | AI15: 0.085745983 | AK15: 2020 | AL15: S05 | AM15: 0.43263317 | AN15: hydro
C16: S06 | D16: f | E16: 0102h06 | F16: S08 | G16: b | I16: elc_spv-IND | J16: S01aH06 | K16: 0.0059227767 | L16: IMPNRGZ | N16: elc_won-IND | O16: S01aH06 | P16: 0.0010842648 | Q16: IMPNRGZ | S16: elc_wof-IND | T16: S01aH06 | U16: 0.0021325483 | V16: IMPNRGZ | X16: 0.0033105023 | Y16: 0.0064407594 | Z16: S01aH06 | AA16: elc_roadtransport | AC16: elc_buildings | AD16: S01aH06 | AE16: 0.0019179816 | AG16: ELC | AH16: S01aH06 | AI16: 0.12917553 | AK16: 2020 | AL16: S06 | AM16: 0.53857958 | AN16: hydro
C17: S07 | D17: g | E17: 0102h07 | F17: S08 | G17: b | I17: elc_spv-IND | J17: S01aH07 | K17: 0.0019115808 | L17: IMPNRGZ | N17: elc_won-IND | O17: S01aH07 | P17: 0.0016481969 | Q17: IMPNRGZ | S17: elc_wof-IND | T17: S01aH07 | U17: 0.0022672532 | V17: IMPNRGZ | X17: 0.0033105023 | Y17: 0.0049987984 | Z17: S01aH07 | AA17: elc_roadtransport | AC17: elc_buildings | AD17: S01aH07 | AE17: 0.00085013208 | AG17: ELC | AH17: S01aH07 | AI17: 0.026286893 | AK17: 2020 | AL17: S07 | AM17: 0.55540745 | AN17: hydro
C18: S08 | D18: h | E18: 0102h08 | F18: S08 | G18: b | I18: elc_spv-IND | J18: S01aH08 | K18: 0 | L18: IMPNRGZ | N18: elc_won-IND | O18: S01aH08 | P18: 0.014224091 | Q18: IMPNRGZ | S18: elc_wof-IND | T18: S01aH08 | U18: 0.012447304 | V18: IMPNRGZ | X18: 0.016552511 | Y18: 0.012496996 | Z18: S01aH08 | AA18: elc_roadtransport | AC18: elc_buildings | AD18: S01aH08 | AE18: 0.0045305426 | AG18: ELC | AH18: S01aH08 | AI18: 0.14510834 | AK18: 2020 | AL18: S08 | AM18: 0.59107045 | AN18: hydro
C19: S09 | D19: i | E19: 0102h09 | F19: S08 | G19: b | I19: elc_spv-IND | J19: S01b0102h01 | K19: 0 | L19: IMPNRGZ | N19: elc_won-IND | O19: S01b0102h01 | P19: 5.8694528e-05 | Q19: IMPNRGZ | S19: elc_wof-IND | T19: S01b0102h01 | U19: 7.1373965e-05 | V19: IMPNRGZ | X19: 0.00011415525 | Y19: 2.1546545e-05 | Z19: S01b0102h01 | AA19: elc_roadtransport | AC19: elc_buildings | AD19: S01b0102h01 | AE19: 5.5486538e-05 | AG19: ELC | AH19: S01b0102h01 | AI19: 0 | AK19: 2020 | AL19: S09 | AM19: 0.61228312 | AN19: hydro
C20: S10 | D20: j | E20: 0102h10 | F20: S09 | G20: b | I20: elc_spv-IND | J20: S01b0102h02 | K20: 0 | L20: IMPNRGZ | N20: elc_won-IND | O20: S01b0102h02 | P20: 5.6612167e-05 | Q20: IMPNRGZ | S20: elc_wof-IND | T20: S01b0102h02 | U20: 6.9211581e-05 | V20: IMPNRGZ | X20: 0.00011415525 | Y20: 1.4916839e-05 | Z20: S01b0102h02 | AA20: elc_roadtransport | AC20: elc_buildings | AD20: S01b0102h02 | AE20: 7.5630122e-05 | AG20: ELC | AH20: S01b0102h02 | AI20: 0 | AK20: 2020 | AL20: S10 | AM20: 0.41918646 | AN20: hydro
C21: S11 | D21: k | E21: 0102h11 | F21: S09 | G21: b | I21: elc_spv-IND | J21: S01b0102h03 | K21: 0 | L21: IMPNRGZ | N21: elc_won-IND | O21: S01b0102h03 | P21: 5.4525194e-05 | Q21: IMPNRGZ | S21: elc_wof-IND | T21: S01b0102h03 | U21: 6.4095805e-05 | V21: IMPNRGZ | X21: 0.00011415525 | Y21: 1.6574265e-05 | Z21: S01b0102h03 | AA21: elc_roadtransport | AC21: elc_buildings | AD21: S01b0102h03 | AE21: 9.3204508e-05 | AG21: ELC | AH21: S01b0102h03 | AI21: 0 | AK21: 2020 | AL21: S11 | AM21: 0.28001305 | AN21: hydro
C22: S12 | D22: l | E22: 0102h12 | F22: S09 | G22: b | I22: elc_spv-IND | J22: S01b0102h04 | K22: 0 | L22: IMPNRGZ | N22: elc_won-IND | O22: S01b0102h04 | P22: 5.4186642e-05 | Q22: IMPNRGZ | S22: elc_wof-IND | T22: S01b0102h04 | U22: 6.5530905e-05 | V22: IMPNRGZ | X22: 0.00011415525 | Y22: 1.4585353e-05 | Z22: S01b0102h04 | AA22: elc_roadtransport | AC22: elc_buildings | AD22: S01b0102h04 | AE22: 0.0001013611 | AG22: ELC | AH22: S01b0102h04 | AI22: 0 | AK22: 2020 | AL22: S12 | AM22: 0.25899526 | AN22: hydro
D23: m | E23: 0102h13 | F23: S09 | G23: b | I23: elc_spv-IND | J23: S01b0102h05 | K23: 0 | L23: IMPNRGZ | N23: elc_won-IND | O23: S01b0102h05 | P23: 5.6689262e-05 | Q23: IMPNRGZ | S23: elc_wof-IND | T23: S01b0102h05 | U23: 6.8367385e-05 | V23: IMPNRGZ | X23: 0.00011415525 | Y23: 2.1215059e-05 | Z23: S01b0102h05 | AA23: elc_roadtransport | AC23: elc_buildings | AD23: S01b0102h05 | AE23: 0.00010695741 | AG23: ELC | AH23: S01b0102h05 | AI23: 0 | AK23: 2021 | AL23: S01 | AM23: 0.24537184 | AN23: hydro
D24: n | E24: 0102h14 | F24: S11 | G24: b | I24: elc_spv-IND | J24: S01b0102h06 | K24: 0 | L24: IMPNRGZ | N24: elc_won-IND | O24: S01b0102h06 | P24: 5.6393588e-05 | Q24: IMPNRGZ | S24: elc_wof-IND | T24: S01b0102h06 | U24: 7.0888762e-05 | V24: IMPNRGZ | X24: 0.00011415525 | Y24: 5.7678443e-05 | Z24: S01b0102h06 | AA24: elc_roadtransport | AC24: elc_buildings | AD24: S01b0102h06 | AE24: 0.00010532408 | AG24: ELC | AH24: S01b0102h06 | AI24: 0 | AK24: 2021 | AL24: S02 | AM24: 0.2474857 | AN24: hydro
D25: o | E25: 0102h15 | F25: S11 | G25: b | I25: elc_spv-IND | J25: S01b0102h07 | K25: 0 | L25: IMPNRGZ | N25: elc_won-IND | O25: S01b0102h07 | P25: 5.4109553e-05 | Q25: IMPNRGZ | S25: elc_wof-IND | T25: S01b0102h07 | U25: 7.1938127e-05 | V25: IMPNRGZ | X25: 0.00011415525 | Y25: 0.0001690575 | Z25: S01b0102h07 | AA25: elc_roadtransport | AC25: elc_buildings | AD25: S01b0102h07 | AE25: 0.00010616191 | AG25: ELC | AH25: S01b0102h07 | AI25: 0 | AK25: 2021 | AL25: S03 | AM25: 0.25370414 | AN25: hydro
D26: p | E26: 0102h16 | F26: S11 | G26: b | I26: elc_spv-IND | J26: S01b0102h08 | K26: 5.5013132e-05 | L26: IMPNRGZ | N26: elc_won-IND | O26: S01b0102h08 | P26: 4.9635293e-05 | Q26: IMPNRGZ | S26: elc_wof-IND | T26: S01b0102h08 | U26: 7.2946883e-05 | V26: IMPNRGZ | X26: 0.00011415525 | Y26: 0.00019060405 | Z26: S01b0102h08 | AA26: elc_roadtransport | AC26: elc_buildings | AD26: S01b0102h08 | AE26: 0.00010528509 | AG26: ELC | AH26: S01b0102h08 | AI26: 0 | AK26: 2021 | AL26: S04 | AM26: 0.25859817 | AN26: hydro
E27: 0102h17 | G27: b | I27: elc_spv-IND | J27: S01b0102h09 | K27: 0.00021644783 | L27: IMPNRGZ | N27: elc_won-IND | O27: S01b0102h09 | P27: 3.2256982e-05 | Q27: IMPNRGZ | S27: elc_wof-IND | T27: S01b0102h09 | U27: 7.1689707e-05 | V27: IMPNRGZ | X27: 0.00011415525 | Y27: 0.00014585353 | Z27: S01b0102h09 | AA27: elc_roadtransport | AC27: elc_buildings | AD27: S01b0102h09 | AE27: 0.00010504778 | AG27: ELC | AH27: S01b0102h09 | AI27: 0 | AK27: 2021 | AL27: S05 | AM27: 0.35369173 | AN27: hydro
E28: 0102h18 | G28: b | I28: elc_spv-IND | J28: S01b0102h10 | K28: 0.00030527105 | L28: IMPNRGZ | N28: elc_won-IND | O28: S01b0102h10 | P28: 2.2577705e-05 | Q28: IMPNRGZ | S28: elc_wof-IND | T28: S01b0102h10 | U28: 6.9880123e-05 | V28: IMPNRGZ | X28: 0.00011415525 | Y28: 0.00014452759 | Z28: S01b0102h10 | AA28: elc_roadtransport | AC28: elc_buildings | AD28: S01b0102h10 | AE28: 0.00010566612 | AG28: ELC | AH28: S01b0102h10 | AI28: 0 | AK28: 2021 | AL28: S06 | AM28: 0.49671037 | AN28: hydro
E29: 0102h19 | G29: b | I29: elc_spv-IND | J29: S01b0102h11 | K29: 0.00033800416 | L29: IMPNRGZ | N29: elc_won-IND | O29: S01b0102h11 | P29: 2.3518274e-05 | Q29: IMPNRGZ | S29: elc_wof-IND | T29: S01b0102h11 | U29: 6.748795e-05 | V29: IMPNRGZ | X29: 0.00011415525 | Y29: 0.00014088125 | Z29: S01b0102h11 | AA29: elc_roadtransport | AC29: elc_buildings | AD29: S01b0102h11 | AE29: 0.00010677692 | AG29: ELC | AH29: S01b0102h11 | AI29: 0 | AK29: 2021 | AL29: S07 | AM29: 0.57377935 | AN29: hydro
E30: 0102h20 | G30: b | I30: elc_spv-IND | J30: S01b0102h12 | K30: 0.00033797426 | L30: IMPNRGZ | N30: elc_won-IND | O30: S01b0102h12 | P30: 2.2182669e-05 | Q30: IMPNRGZ | S30: elc_wof-IND | T30: S01b0102h12 | U30: 6.3480779e-05 | V30: IMPNRGZ | X30: 0.00011415525 | Y30: 0.00014054977 | Z30: S01b0102h12 | AA30: elc_roadtransport | AC30: elc_buildings | AD30: S01b0102h12 | AE30: 0.00011097944 | AG30: ELC | AH30: S01b0102h12 | AI30: 0 | AK30: 2021 | AL30: S08 | AM30: 0.62492242 | AN30: hydro
E31: 0102h21 | G31: b | I31: elc_spv-IND | J31: S01b0102h13 | K31: 0.00031214189 | L31: IMPNRGZ | N31: elc_won-IND | O31: S01b0102h13 | P31: 1.8026731e-05 | Q31: IMPNRGZ | S31: elc_wof-IND | T31: S01b0102h13 | U31: 5.7583715e-05 | V31: IMPNRGZ | X31: 0.00011415525 | Y31: 0.00014253868 | Z31: S01b0102h13 | AA31: elc_roadtransport | AC31: elc_buildings | AD31: S01b0102h13 | AE31: 0.00012383323 | AG31: ELC | AH31: S01b0102h13 | AI31: 0 | AK31: 2021 | AL31: S09 | AM31: 0.57271626 | AN31: hydro
E32: 0102h22 | G32: b | I32: elc_spv-IND | J32: S01b0102h14 | K32: 0.00030895515 | L32: IMPNRGZ | N32: elc_won-IND | O32: S01b0102h14 | P32: 1.4825237e-05 | Q32: IMPNRGZ | S32: elc_wof-IND | T32: S01b0102h14 | U32: 5.4007663e-05 | V32: IMPNRGZ | X32: 0.00011415525 | Y32: 0.0001488369 | Z32: S01b0102h14 | AA32: elc_roadtransport | AC32: elc_buildings | AD32: S01b0102h14 | AE32: 0.00012500642 | AG32: ELC | AH32: S01b0102h14 | AI32: 0 | AK32: 2021 | AL32: S10 | AM32: 0.48298602 | AN32: hydro
E33: 0102h23 | G33: b | I33: elc_spv-IND | J33: S01b0102h15 | K33: 0.0003337019 | L33: IMPNRGZ | N33: elc_won-IND | O33: S01b0102h15 | P33: 1.2934837e-05 | Q33: IMPNRGZ | S33: elc_wof-IND | T33: S01b0102h15 | U33: 5.1465427e-05 | V33: IMPNRGZ | X33: 0.00011415525 | Y33: 0.00015049433 | Z33: S01b0102h15 | AA33: elc_roadtransport | AC33: elc_buildings | AD33: S01b0102h15 | AE33: 0.0001264949 | AG33: ELC | AH33: S01b0102h15 | AI33: 0 | AK33: 2021 | AL33: S11 | AM33: 0.31411809 | AN33: hydro
E34: 0102h24 | G34: b | I34: elc_spv-IND | J34: S01b0102h16 | K34: 0.00033123771 | L34: IMPNRGZ | N34: elc_won-IND | O34: S01b0102h16 | P34: 1.2504144e-05 | Q34: IMPNRGZ | S34: elc_wof-IND | T34: S01b0102h16 | U34: 4.7244019e-05 | V34: IMPNRGZ | X34: 0.00011415525 | Y34: 0.00017237236 | Z34: S01b0102h16 | AA34: elc_roadtransport | AC34: elc_buildings | AD34: S01b0102h16 | AE34: 0.00011383051 | AG34: ELC | AH34: S01b0102h16 | AI34: 0 | AK34: 2021 | AL34: S12 | AM34: 0.25801395 | AN34: hydro
E35: 0103h01 | G35: c | I35: elc_spv-IND | J35: S01b0102h17 | K35: 0.00028946917 | L35: IMPNRGZ | N35: elc_won-IND | O35: S01b0102h17 | P35: 1.615242e-05 | Q35: IMPNRGZ | S35: elc_wof-IND | T35: S01b0102h17 | U35: 5.0666505e-05 | V35: IMPNRGZ | X35: 0.00011415525 | Y35: 0.00022209515 | Z35: S01b0102h17 | AA35: elc_roadtransport | AC35: elc_buildings | AD35: S01b0102h17 | AE35: 9.1544445e-05 | AG35: ELC | AH35: S01b0102h17 | AI35: 0 | AK35: 2022 | AL35: S01 | AM35: 0.22856863 | AN35: hydro
E36: 0103h02 | G36: c | I36: elc_spv-IND | J36: S01b0102h18 | K36: 0.00019334621 | L36: IMPNRGZ | N36: elc_won-IND | O36: S01b0102h18 | P36: 2.2692907e-05 | Q36: IMPNRGZ | S36: elc_wof-IND | T36: S01b0102h18 | U36: 5.1939405e-05 | V36: IMPNRGZ | X36: 0.00011415525 | Y36: 0.00022209515 | Z36: S01b0102h18 | AA36: elc_roadtransport | AC36: elc_buildings | AD36: S01b0102h18 | AE36: 5.8871284e-05 | AG36: ELC | AH36: S01b0102h18 | AI36: 0 | AK36: 2022 | AL36: S02 | AM36: 0.2521127 | AN36: hydro
E37: 0103h03 | G37: c | I37: elc_spv-IND | J37: S01b0102h19 | K37: 1.8140764e-05 | L37: IMPNRGZ | N37: elc_won-IND | O37: S01b0102h19 | P37: 3.6960967e-05 | Q37: IMPNRGZ | S37: elc_wof-IND | T37: S01b0102h19 | U37: 5.2578094e-05 | V37: IMPNRGZ | X37: 0.00011415525 | Y37: 0.00017237236 | Z37: S01b0102h19 | AA37: elc_roadtransport | AC37: elc_buildings | AD37: S01b0102h19 | AE37: 3.082513e-05 | AG37: ELC | AH37: S01b0102h19 | AI37: 0 | AK37: 2022 | AL37: S03 | AM37: 0.31936987 | AN37: hydro
E38: 0103h04 | G38: c | I38: elc_spv-IND | J38: S01b0102h20 | K38: 0 | L38: IMPNRGZ | N38: elc_won-IND | O38: S01b0102h20 | P38: 5.2555669e-05 | Q38: IMPNRGZ | S38: elc_wof-IND | T38: S01b0102h20 | U38: 5.2566372e-05 | V38: IMPNRGZ | X38: 0.00011415525 | Y38: 0.00015579809 | Z38: S01b0102h20 | AA38: elc_roadtransport | AC38: elc_buildings | AD38: S01b0102h20 | AE38: 2.7576309e-05 | AG38: ELC | AH38: S01b0102h20 | AI38: 0 | AK38: 2022 | AL38: S04 | AM38: 0.35942868 | AN38: hydro
... E358: 1126h12 | G358: p | I358: elc_spv-IND | J358: S09m0922h12 | K358: 0.00021484039 | L358: IMPNRGZ | N358: elc_won-IND | O358: S09m0922h12 | P358: 0.00024784281 | Q358: IMPNRGZ | S358: elc_wof-IND | T358: S09m0922h12 | U358: 0.00015387401 | V358: IMPNRGZ | X358: 0.00011415525 | Y358: 0.00014054977 | Z358: S09m0922h12 | AA358: elc_roadtransport | AC358: elc_buildings | AD358: S09m0922h12 | AE358: 0.00013674339 | AG358: ELC | AH358: S09m0922h12 | AI358: 0 | AK358: 2050 | AL358: S12 | AM358: 0.2381 | AN358: hydro
E359: 1126h13 | G359: p | I359: elc_spv-IND | J359: S09m0922h13 | K359: 0.00021067352 | L359: IMPNRGZ | N359: elc_won-IND | O359: S09m0922h13 | P359: 0.00025389106 | Q359: IMPNRGZ | S359: elc_wof-IND | T359: S09m0922h13 | U359: 0.00016107005 | V359: IMPNRGZ | X359: 0.00011415525 | Y359: 0.00014253868 | Z359: S09m0922h13 | AA359: elc_roadtransport | AC359: elc_buildings | AD359: S09m0922h13 | AE359: 0.00017732803 | AG359: ELC | AH359: S09m0922h13 | AI359: 0
E360: 1126h14 | G360: p | I360: elc_spv-IND | J360: S09m0922h14 | K360: 0.00021489516 | L360: IMPNRGZ | N360: elc_won-IND | O360: S09m0922h14 | P360: 0.00025655288 | Q360: IMPNRGZ | S360: elc_wof-IND | T360: S09m0922h14 | U360: 0.00017088685 | V360: IMPNRGZ | X360: 0.00011415525 | Y360: 0.0001488369 | Z360: S09m0922h14 | AA360: elc_roadtransport | AC360: elc_buildings | AD360: S09m0922h14 | AE360: 0.00017957413 | AG360: ELC | AH360: S09m0922h14 | AI360: 0
E361: 1126h15 | G361: p | I361: elc_spv-IND | J361: S09m0922h15 | K361: 0.00019350782 | L361: IMPNRGZ | N361: elc_won-IND | O361: S09m0922h15 | P361: 0.00025092199 | Q361: IMPNRGZ | S361: elc_wof-IND | T361: S09m0922h15 | U361: 0.00017806116 | V361: IMPNRGZ | X361: 0.00011415525 | Y361: 0.00015049433 | Z361: S09m0922h15 | AA361: elc_roadtransport | AC361: elc_buildings | AD361: S09m0922h15 | AE361: 0.00016986889 | AG361: ELC | AH361: S09m0922h15 | AI361: 0
E362: 1126h16 | G362: p | I362: elc_spv-IND | J362: S09m0922h16 | K362: 0.0001747607 | L362: IMPNRGZ | N362: elc_won-IND | O362: S09m0922h16 | P362: 0.00023456255 | Q362: IMPNRGZ | S362: elc_wof-IND | T362: S09m0922h16 | U362: 0.00017652163 | V362: IMPNRGZ | X362: 0.00011415525 | Y362: 0.00017237236 | Z362: S09m0922h16 | AA362: elc_roadtransport | AC362: elc_buildings | AD362: S09m0922h16 | AE362: 0.0001343012 | AG362: ELC | AH362: S09m0922h16 | AI362: 0
E363: 1126h17 | G363: p | I363: elc_spv-IND | J363: S09m0922h17 | K363: 0.00014249781 | L363: IMPNRGZ | N363: elc_won-IND | O363: S09m0922h17 | P363: 0.00022264134 | Q363: IMPNRGZ | S363: elc_wof-IND | T363: S09m0922h17 | U363: 0.00018140232 | V363: IMPNRGZ | X363: 0.00011415525 | Y363: 0.00022209515 | Z363: S09m0922h17 | AA363: elc_roadtransport | AC363: elc_buildings | AD363: S09m0922h17 | AE363: 8.8715197e-05 | AG363: ELC | AH363: S09m0922h17 | AI363: 0
E364: 1126h18 | G364: p | I364: elc_spv-IND | J364: S09m0922h18 | K364: 8.5454589e-05 | L364: IMPNRGZ | N364: elc_won-IND | O364: S09m0922h18 | P364: 0.0002121518 | Q364: IMPNRGZ | S364: elc_wof-IND | T364: S09m0922h18 | U364: 0.00018271088 | V364: IMPNRGZ | X364: 0.00011415525 | Y364: 0.00022209515 | Z364: S09m0922h18 | AA364: elc_roadtransport | AC364: elc_buildings | AD364: S09m0922h18 | AE364: 6.2267829e-05 | AG364: ELC | AH364: S09m0922h18 | AI364: 0
E365: 1126h19 | G365: p | I365: elc_spv-IND | J365: S09m0922h19 | K365: 2.2124099e-05 | L365: IMPNRGZ | N365: elc_won-IND | O365: S09m0922h19 | P365: 0.00021815175 | Q365: IMPNRGZ | S365: elc_wof-IND | T365: S09m0922h19 | U365: 0.00018533003 | V365: IMPNRGZ | X365: 0.00011415525 | Y365: 0.00017237236 | Z365: S09m0922h19 | AA365: elc_roadtransport | AC365: elc_buildings | AD365: S09m0922h19 | AE365: 5.8533244e-05 | AG365: ELC | AH365: S09m0922h19 | AI365: 0
E366: 1126h20 | G366: p | I366: elc_spv-IND | J366: S09m0922h20 | K366: 0 | L366: IMPNRGZ | N366: elc_won-IND | O366: S09m0922h20 | P366: 0.00022316636 | Q366: IMPNRGZ | S366: elc_wof-IND | T366: S09m0922h20 | U366: 0.00018723467 | V366: IMPNRGZ | X366: 0.00011415525 | Y366: 0.00015579809 | Z366: S09m0922h20 | AA366: elc_roadtransport | AC366: elc_buildings | AD366: S09m0922h20 | AE366: 5.2031145e-05 | AG366: ELC | AH366: S09m0922h20 | AI366: 0
E367: 1126h21 | G367: p | I367: elc_spv-IND | J367: S09m0922h21 | K367: 0 | L367: IMPNRGZ | N367: elc_won-IND | O367: S09m0922h21 | P367: 0.00022024897 | Q367: IMPNRGZ | S367: elc_wof-IND | T367: S09m0922h21 | U367: 0.00019316477 | V367: IMPNRGZ | X367: 0.00011415525 | Y367: 0.00010939015 | Z367: S09m0922h21 | AA367: elc_roadtransport | AC367: elc_buildings | AD367: S09m0922h21 | AE367: 4.8410202e-05 | AG367: ELC | AH367: S09m0922h21 | AI367: 0
E368: 1126h22 | G368: p | I368: elc_spv-IND | J368: S09m0922h22 | K368: 0 | L368: IMPNRGZ | N368: elc_won-IND | O368: S09m0922h22 | P368: 0.00020923849 | Q368: IMPNRGZ | S368: elc_wof-IND | T368: S09m0922h22 | U368: 0.00019968214 | V368: IMPNRGZ | X368: 0.00011415525 | Y368: 7.9556473e-05 | Z368: S09m0922h22 | AA368: elc_roadtransport | AC368: elc_buildings | AD368: S09m0922h22 | AE368: 4.9456376e-05 | AG368: ELC | AH368: S09m0922h22 | AI368: 0
E369: 1126h23 | G369: p | I369: elc_spv-IND | J369: S09m0922h23 | K369: 0 | L369: IMPNRGZ | N369: elc_won-IND | O369: S09m0922h23 | P369: 0.00019679759 | Q369: IMPNRGZ | S369: elc_wof-IND | T369: S09m0922h23 | U369: 0.00020343027 | V369: IMPNRGZ | X369: 0.00011415525 | Y369: 5.6352501e-05 | Z369: S09m0922h23 | AA369: elc_roadtransport | AC369: elc_buildings | AD369: S09m0922h23 | AE369: 5.7860306e-05 | AG369: ELC | AH369: S09m0922h23 | AI369: 0
E370: 1126h24 | G370: p | I370: elc_spv-IND | J370: S09m0922h24 | K370: 0 | L370: IMPNRGZ | N370: elc_won-IND | O370: S09m0922h24 | P370: 0.00019685122 | Q370: IMPNRGZ | S370: elc_wof-IND | T370: S09m0922h24 | U370: 0.00020210158 | V370: IMPNRGZ | X370: 0.00011415525 | Y370: 2.9833677e-05 | Z370: S09m0922h24 | AA370: elc_roadtransport | AC370: elc_buildings | AD370: S09m0922h24 | AE370: 7.3440388e-05 | AG370: ELC | AH370: S09m0922h24 | AI370: 0
... E378: H08 | G378: a | I378: elc_spv-IND | J378: S10aH08 | K378: 0 | L378: IMPNRGZ | N378: elc_won-IND | O378: S10aH08 | P378: 0.010784711 | Q378: IMPNRGZ | S378: elc_wof-IND | T378: S10aH08 | U378: 0.011047603 | V378: IMPNRGZ | X378: 0.017694064 | Y378: 0.013358858 | Z378: S10aH08 | AA378: elc_roadtransport | AC378: elc_buildings | AD378: S10aH08 | AE378: 0.0064498618 | AG378: ELC | AH378: S10aH08 | AI378: 0.17538812
I379: elc_spv-IND | J379: S11aH01 | K379: 1.9482942e-05 | L379: IMPNRGZ | N379: elc_won-IND | O379: S11aH01 | P379: 0.012579923 | Q379: IMPNRGZ | S379: elc_wof-IND | T379: S11aH01 | U379: 0.012930286 | V379: IMPNRGZ | X379: 0.021575342 | Y379: 0.0085204982 | Z379: S11aH01 | AA379: elc_roadtransport | AC379: elc_buildings | AD379: S11aH01 | AE379: 0.017919988 | AG379: ELC | AH379: S11aH01 | AI379: 0.12028029
I380: elc_spv-IND | J380: S11aH02 | K380: 0.0024388051 | L380: IMPNRGZ | N380: elc_won-IND | O380: S11aH02 | P380: 0.00151853 | Q380: IMPNRGZ | S380: elc_wof-IND | T380: S11aH02 | U380: 0.002084485 | V380: IMPNRGZ | X380: 0.0030821918 | Y380: 0.0051463093 | Z380: S11aH02 | AA380: elc_roadtransport | AC380: elc_buildings | AD380: S11aH02 | AE380: 0.003118748 | AG380: ELC | AH380: S11aH02 | AI380: 0.024153767
I381: elc_spv-IND | J381: S11aH03 | K381: 0.0062302626 | L381: IMPNRGZ | N381: elc_won-IND | O381: S11aH03 | P381: 0.0011751603 | Q381: IMPNRGZ | S381: elc_wof-IND | T381: S11aH03 | U381: 0.0021082725 | V381: IMPNRGZ | X381: 0.0030821918 | Y381: 0.0039380454 | Z381: S11aH03 | AA381: elc_roadtransport | AC381: elc_buildings | AD381: S11aH03 | AE381: 0.0031517442 | AG381: ELC | AH381: S11aH03 | AI381: 0.03465439
I382: elc_spv-IND | J382: S11aH04 | K382: 0.0080361261 | L382: IMPNRGZ | N382: elc_won-IND | O382: S11aH04 | P382: 0.0011920917 | Q382: IMPNRGZ | S382: elc_wof-IND | T382: S11aH04 | U382: 0.0020871041 | V382: IMPNRGZ | X382: 0.0030821918 | Y382: 0.003902245 | Z382: S11aH04 | AA382: elc_roadtransport | AC382: elc_buildings | AD382: S11aH04 | AE382: 0.0031576748 | AG382: ELC | AH382: S11aH04 | AI382: 0.039998907
I383: elc_spv-IND | J383: S11aH05 | K383: 0.056334747 | L383: IMPNRGZ | N383: elc_won-IND | O383: S11aH05 | P383: 0.0068616144 | Q383: IMPNRGZ | S383: elc_wof-IND | T383: S11aH05 | U383: 0.010628665 | V383: IMPNRGZ | X383: 0.021575342 | Y383: 0.030179748 | Z383: S11aH05 | AA383: elc_roadtransport | AC383: elc_buildings | AD383: S11aH05 | AE383: 0.022598844 | AG383: ELC | AH383: S11aH05 | AI383: 0.17852981
I384: elc_spv-IND | J384: S11aH06 | K384: 0.003433058 | L384: IMPNRGZ | N384: elc_won-IND | O384: S11aH06 | P384: 0.0010639436 | Q384: IMPNRGZ | S384: elc_wof-IND | T384: S11aH06 | U384: 0.0012555868 | V384: IMPNRGZ | X384: 0.0030821918 | Y384: 0.0059965691 | Z384: S11aH06 | AA384: elc_roadtransport | AC384: elc_buildings | AD384: S11aH06 | AE384: 0.0015380715 | AG384: ELC | AH384: S11aH06 | AI384: 0.032589704
I385: elc_spv-IND | J385: S11aH07 | K385: 5.4434139e-06 | L385: IMPNRGZ | N385: elc_won-IND | O385: S11aH07 | P385: 0.0015088793 | Q385: IMPNRGZ | S385: elc_wof-IND | T385: S11aH07 | U385: 0.0013087209 | V385: IMPNRGZ | X385: 0.0030821918 | Y385: 0.0046540537 | Z385: S11aH07 | AA385: elc_roadtransport | AC385: elc_buildings | AD385: S11aH07 | AE385: 0.00088433088 | AG385: ELC | AH385: S11aH07 | AI385: 0.025129628
I386: elc_spv-IND | J386: S11aH08 | K386: 0 | L386: IMPNRGZ | N386: elc_won-IND | O386: S11aH08 | P386: 0.010818442 | Q386: IMPNRGZ | S386: elc_wof-IND | T386: S11aH08 | U386: 0.0075707783 | V386: IMPNRGZ | X386: 0.015410959 | Y386: 0.011635134 | Z386: S11aH08 | AA386: elc_roadtransport | AC386: elc_buildings | AD386: S11aH08 | AE386: 0.0043190313 | AG386: ELC | AH386: S11aH08 | AI386: 0.158132
I387: elc_spv-IND | J387: S11n1124h01 | K387: 0 | L387: IMPNRGZ | N387: elc_won-IND | O387: S11n1124h01 | P387: 3.9357629e-05 | Q387: IMPNRGZ | S387: elc_wof-IND | T387: S11n1124h01 | U387: 1.3659981e-05 | V387: IMPNRGZ | X387: 0.00011415525 | Y387: 2.1546545e-05 | Z387: S11n1124h01 | AA387: elc_roadtransport | AC387: elc_buildings | AD387: S11n1124h01 | AE387: 4.9039853e-05 | AG387: ELC | AH387: S11n1124h01 | AI387: 0
I388: elc_spv-IND | J388: S11n1124h02 | K388: 0 | L388: IMPNRGZ | N388: elc_won-IND | O388: S11n1124h02 | P388: 3.4795485e-05 | Q388: IMPNRGZ | S388: elc_wof-IND | T388: S11n1124h02 | U388: 1.4060862e-05 | V388: IMPNRGZ | X388: 0.00011415525 | Y388: 1.4916839e-05 | Z388: S11n1124h02 | AA388: elc_roadtransport | AC388: elc_buildings | AD388: S11n1124h02 | AE388: 7.0525971e-05 | AG388: ELC | AH388: S11n1124h02 | AI388: 0
I389: elc_spv-IND | J389: S11n1124h03 | K389: 0 | L389: IMPNRGZ | N389: elc_won-IND | O389: S11n1124h03 | P389: 3.063822e-05 | Q389: IMPNRGZ | S389: elc_wof-IND | T389: S11n1124h03 | U389: 1.5134805e-05 | V389: IMPNRGZ | X389: 0.00011415525 | Y389: 1.6574265e-05 | Z389: S11n1124h03 | AA389: elc_roadtransport | AC389: elc_buildings | AD389: S11n1124h03 | AE389: 8.7319348e-05 | AG389: ELC | AH389: S11n1124h03 | AI389: 0
I390: elc_spv-IND | J390: S11n1124h04 | K390: 0 | L390: IMPNRGZ | N390: elc_won-IND | O390: S11n1124h04 | P390: 2.8569576e-05 | Q390: IMPNRGZ | S390: elc_wof-IND | T390: S11n1124h04 | U390: 1.7152335e-05 | V390: IMPNRGZ | X390: 0.00011415525 | Y390: 1.4585353e-05 | Z390: S11n1124h04 | AA390: elc_roadtransport | AC390: elc_buildings | AD390: S11n1124h04 | AE390: 9.9688489e-05 | AG390: ELC | AH390: S11n1124h04 | AI390: 0
... I466: elc_spv-IND | J466: S12aH08 | K466: 0 | L466: IMPNRGZ | N466: elc_won-IND | O466: S12aH08 | P466: 0.015166151 | Q466: IMPNRGZ | S466: elc_wof-IND | T466: S12aH08 | U466: 0.013111703 | V466: IMPNRGZ | X466: 0.017694064 | Y466: 0.013358858 | Z466: S12aH08 | AA466: elc_roadtransport | AC466: elc_buildings | AD466: S12aH08 | AE466: 0.0045197694 | AG466: ELC | AH466: S12aH08 | AI466: 0.13031367
AC467: elc_industry | AD467: S01aH01 | AE467: 0.023205196
AC468: elc_industry | AD468: S01aH02 | AE468: 0.0033318581
AC469: elc_industry | AD469: S01aH03 | AE469: 0.0033367026
AC470: elc_industry | AD470: S01aH04 | AE470: 0.003338765
AC471: elc_industry | AD471: S01aH05 | AE471: 0.023454304
AC472: elc_industry | AD472: S01aH06 | AE472: 0.0032826003
AC473: elc_industry | AD473: S01aH07 | AE473: 0.0032318942
AC474: elc_industry | AD474: S01aH08 | AE474: 0.016172761
AC475: elc_industry | AD475: S01b0102h01 | AE475: 0.00011268737
AC476: elc_industry | AD476: S01b0102h02 | AE476: 0.00011364388
AC477: elc_industry | AD477: S01b0102h03 | AE477: 0.00011447838
AC478: elc_industry | AD478: S01b0102h04 | AE478: 0.00011486569
... AC922: elc_industry | AD922: S12aH08 | AE922: 0.017272028

Sheet s2_w
C9: =IF(A11="x","DeActivated","~TimeSlices") -> DeActivated | I9: =IF(A11="x","DeActivated","~TFM_DINS-AT") -> DeActivated | N9: =IF(A11="x","DeActivated","~TFM_DINS-AT") -> DeActivated | S9: =IF(A11="x","DeActivated","~TFM_DINS-AT") -> DeActivated | X9: =IF(A11="x","DeActivated","~TFM_DINS-AT") -> DeActivated | AC9: =IF(A11="x","DeActivated","~TFM_DINS-AT") -> DeActivated | AG9: =IF(A11="x","DeActivated","~TFM_DINS-AT") -> DeActivated | AK9: =IF(A11="x","DeActivated","~TFM_INS-AT") -> DeActivated
A10: s2_w | C10: season | D10: weekly | E10: daynite | F10: wparent | G10: dparent | I10: commodity | J10: timeslice | K10: com_fr | L10: process | N10: commodity | O10: timeslice | P10: com_fr | Q10: process | S10: commodity | T10: timeslice | U10: com_fr | V10: process | X10: g_yrfr | Y10: com_fr | Z10: timeslice | AA10: commodity | AC10: commodity | AD10: timeslice | AE10: com_fr | AG10: commodity | AH10: timeslice | AI10: com_pkflx | AK10: Year | AL10: timeslice | AM10: ncap_afs | AN10: pset_ci
A11: =IFERROR(IF(Veda!D5=A10,"ok","x"),"") -> x | C11: S01 | D11: a | E11: 0129h01 | F11: S01,S02,S03,S04,S05,S06,S07,S08,S09,S10,S11,S12 | G11: b | I11: elc_spv-IND | J11: S01aH01 | K11: 0 | L11: IMPNRGZ | N11: elc_won-IND | O11: S01aH01 | P11: 0.016534281 | Q11: IMPNRGZ | S11: elc_wof-IND | T11: S01aH01 | U11: 0.017647212 | V11: IMPNRGZ | X11: 0.022374429 | Y11: 0.0088360722 | Z11: S01aH01 | AA11: elc_roadtransport | AC11: elc_buildings | AD11: S01aH01 | AE11: 0.01753555 | AG11: ELC | AH11: S01aH01 | AI11: 0.10315035 | AK11: 2020 | AL11: S01 | AM11: 0.26981109 | AN11: hydro
C12: S02 | D12: b | E12: 0129h02 | F12: S01,S02 | G12: b | I12: elc_spv-IND | J12: S01aH02 | K12: 0.0014220819 | L12: IMPNRGZ | N12: elc_won-IND | O12: S01aH02 | P12: 0.0017773785 | Q12: IMPNRGZ | S12: elc_wof-IND | T12: S01aH02 | U12: 0.0023461545 | V12: IMPNRGZ | X12: 0.003196347 | Y12: 0.0053369134 | Z12: S01aH02 | AA12: elc_roadtransport | AC12: elc_buildings | AD12: S01aH02 | AE12: 0.0028451978 | AG12: ELC | AH12: S01aH02 | AI12: 0.029990122 | AK12: 2020 | AL12: S02 | AM12: 0.28091924 | AN12: hydro
C13: S03 | D13: c | E13: 0129h03 | F13: S08 | G13: b | I13: elc_spv-IND | J13: S01aH03 | K13: 0.0057078242 | L13: IMPNRGZ | N13: elc_won-IND | O13: S01aH03 | P13: 0.001211234 | Q13: IMPNRGZ | S13: elc_wof-IND | T13: S01aH03 | U13: 0.0022729994 | V13: IMPNRGZ | X13: 0.003196347 | Y13: 0.0040838989 | Z13: S01aH03 | AA13: elc_roadtransport | AC13: elc_buildings | AD13: S01aH03 | AE13: 0.0029183877 | AG13: ELC | AH13: S01aH03 | AI13: 0.058805229 | AK13: 2020 | AL13: S03 | AM13: 0.2817962 | AN13: hydro
C14: S04 | E14: 0129h04 | G14: b | I14: elc_spv-IND | J14: S01aH04 | K14: 0.0081737947 | L14: IMPNRGZ | N14: elc_won-IND | O14: S01aH04 | P14: 0.00094318397 | Q14: IMPNRGZ | S14: elc_wof-IND | T14: S01aH04 | U14: 0.0021895008 | V14: IMPNRGZ | X14: 0.003196347 | Y14: 0.0040467726 | Z14: S01aH04 | AA14: elc_roadtransport | AC14: elc_buildings | AD14: S01aH04 | AE14: 0.0029616061 | AG14: ELC | AH14: S01aH04 | AI14: 0.063442705 | AK14: 2020 | AL14: S04 | AM14: 0.32653086 | AN14: hydro
C15: S05 | E15: 0129h05 | G15: b | I15: elc_spv-IND | J15: S01aH05 | K15: 0.061913779 | L15: IMPNRGZ | N15: elc_won-IND | O15: S01aH05 | P15: 0.0059066067 | Q15: IMPNRGZ | S15: elc_wof-IND | T15: S01aH05 | U15: 0.013246037 | V15: IMPNRGZ | X15: 0.022374429 | Y15: 0.031297516 | Z15: S01aH05 | AA15: elc_roadtransport | AC15: elc_buildings | AD15: S01aH05 | AE15: 0.022657214 | AG15: ELC | AH15: S01aH05 | AI15: 0.085437674 | AK15: 2020 | AL15: S05 | AM15: 0.43263317 | AN15: hydro
C16: S06 | E16: 0129h06 | G16: b | I16: elc_spv-IND | J16: S01aH06 | K16: 0.0057282587 | L16: IMPNRGZ | N16: elc_won-IND | O16: S01aH06 | P16: 0.0010467532 | Q16: IMPNRGZ | S16: elc_wof-IND | T16: S01aH06 | U16: 0.0020716542 | V16: IMPNRGZ | X16: 0.003196347 | Y16: 0.0062186643 | Z16: S01aH06 | AA16: elc_roadtransport | AC16: elc_buildings | AD16: S01aH06 | AE16: 0.001860044 | AG16: ELC | AH16: S01aH06 | AI16: 0.12747289 | AK16: 2020 | AL16: S06 | AM16: 0.53857958 | AN16: hydro
C17: S07 | E17: 0129h07 | G17: b | I17: elc_spv-IND | J17: S01aH07 | K17: 0.0016993323 | L17: IMPNRGZ | N17: elc_won-IND | O17: S01aH07 | P17: 0.0015871901 | Q17: IMPNRGZ | S17: elc_wof-IND | T17: S01aH07 | U17: 0.0021927651 | V17: IMPNRGZ | X17: 0.003196347 | Y17: 0.004826426 | Z17: S01aH07 | AA17: elc_roadtransport | AC17: elc_buildings | AD17: S01aH07 | AE17: 0.00082018601 | AG17: ELC | AH17: S01aH07 | AI17: 0.026434179 | AK17: 2020 | AL17: S07 | AM17: 0.55540745 | AN17: hydro
C18: S08 | E18: 0129h08 | G18: b | I18: elc_spv-IND | J18: S01aH08 | K18: 0 | L18: IMPNRGZ | N18: elc_won-IND | O18: S01aH08 | P18: 0.013445261 | Q18: IMPNRGZ | S18: elc_wof-IND | T18: S01aH08 | U18: 0.011967646 | V18: IMPNRGZ | X18: 0.015981735 | Y18: 0.012066065 | Z18: S01aH08 | AA18: elc_roadtransport | AC18: elc_buildings | AD18: S01aH08 | AE18: 0.0043874023 | AG18: ELC | AH18: S01aH08 | AI18: 0.14443571 | AK18: 2020 | AL18: S08 | AM18: 0.59107045 | AN18: hydro
C19: S09 | E19: 0129h09 | G19: b | I19: elc_spv-IND | J19: S01b0129h01 | K19: 0 | L19: IMPNRGZ | N19: elc_won-IND | O19: S01b0129h01 | P19: 8.5809272e-05 | Q19: IMPNRGZ | S19: elc_wof-IND | T19: S01b0129h01 | U19: 7.0701551e-05 | V19: IMPNRGZ | X19: 0.00011415525 | Y19: 2.1546545e-05 | Z19: S01b0129h01 | AA19: elc_roadtransport | AC19: elc_buildings | AD19: S01b0129h01 | AE19: 5.9359276e-05 | AG19: ELC | AH19: S01b0129h01 | AI19: 0 | AK19: 2020 | AL19: S09 | AM19: 0.61228312 | AN19: hydro
C20: S10 | E20: 0129h10 | G20: b | I20: elc_spv-IND | J20: S01b0129h02 | K20: 0 | L20: IMPNRGZ | N20: elc_won-IND | O20: S01b0129h02 | P20: 7.8574174e-05 | Q20: IMPNRGZ | S20: elc_wof-IND | T20: S01b0129h02 | U20: 6.8299217e-05 | V20: IMPNRGZ | X20: 0.00011415525 | Y20: 1.4916839e-05 | Z20: S01b0129h02 | AA20: elc_roadtransport | AC20: elc_buildings | AD20: S01b0129h02 | AE20: 7.950286e-05 | AG20: ELC | AH20: S01b0129h02 | AI20: 0 | AK20: 2020 | AL20: S10 | AM20: 0.41918646 | AN20: hydro
C21: S11 | E21: 0129h11 | G21: b | I21: elc_spv-IND | J21: S01b0129h03 | K21: 0 | L21: IMPNRGZ | N21: elc_won-IND | O21: S01b0129h03 | P21: 7.3572495e-05 | Q21: IMPNRGZ | S21: elc_wof-IND | T21: S01b0129h03 | U21: 6.7444542e-05 | V21: IMPNRGZ | X21: 0.00011415525 | Y21: 1.6574265e-05 | Z21: S01b0129h03 | AA21: elc_roadtransport | AC21: elc_buildings | AD21: S01b0129h03 | AE21: 9.4671826e-05 | AG21: ELC | AH21: S01b0129h03 | AI21: 0 | AK21: 2020 | AL21: S11 | AM21: 0.28001305 | AN21: hydro
C22: S12 | E22: 0129h12 | G22: b | I22: elc_spv-IND | J22: S01b0129h04 | K22: 0 | L22: IMPNRGZ | N22: elc_won-IND | O22: S01b0129h04 | P22: 6.7276221e-05 | Q22: IMPNRGZ | S22: elc_wof-IND | T22: S01b0129h04 | U22: 6.4204701e-05 | V22: IMPNRGZ | X22: 0.00011415525 | Y22: 1.4585353e-05 | Z22: S01b0129h04 | AA22: elc_roadtransport | AC22: elc_buildings | AD22: S01b0129h04 | AE22: 0.00010305682 | AG22: ELC | AH22: S01b0129h04 | AI22: 0 | AK22: 2020 | AL22: S12 | AM22: 0.25899526 | AN22: hydro
E23: 0129h13 | G23: b | I23: elc_spv-IND | J23: S01b0129h05 | K23: 0 | L23: IMPNRGZ | N23: elc_won-IND | O23: S01b0129h05 | P23: 6.4990247e-05 | Q23: IMPNRGZ | S23: elc_wof-IND | T23: S01b0129h05 | U23: 6.2087938e-05 | V23: IMPNRGZ | X23: 0.00011415525 | Y23: 2.1215059e-05 | Z23: S01b0129h05 | AA23: elc_roadtransport | AC23: elc_buildings | AD23: S01b0129h05 | AE23: 0.00010521601 | AG23: ELC | AH23: S01b0129h05 | AI23: 0 | AK23: 2021 | AL23: S01 | AM23: 0.24537184 | AN23: hydro
E24: 0129h14 | G24: b | I24: elc_spv-IND | J24: S01b0129h06 | K24: 0 | L24: IMPNRGZ | N24: elc_won-IND | O24: S01b0129h06 | P24: 6.0782031e-05 | Q24: IMPNRGZ | S24: elc_wof-IND | T24: S01b0129h06 | U24: 6.1546734e-05 | V24: IMPNRGZ | X24: 0.00011415525 | Y24: 5.7678443e-05 | Z24: S01b0129h06 | AA24: elc_roadtransport | AC24: elc_buildings | AD24: S01b0129h06 | AE24: 0.00010747325 | AG24: ELC | AH24: S01b0129h06 | AI24: 0 | AK24: 2021 | AL24: S02 | AM24: 0.2474857 | AN24: hydro
E25: 0129h15 | G25: b | I25: elc_spv-IND | J25: S01b0129h07 | K25: 0 | L25: IMPNRGZ | N25: elc_won-IND | O25: S01b0129h07 | P25: 5.4208528e-05 | Q25: IMPNRGZ | S25: elc_wof-IND | T25: S01b0129h07 | U25: 6.0413338e-05 | V25: IMPNRGZ | X25: 0.00011415525 | Y25: 0.0001690575 | Z25: S01b0129h07 | AA25: elc_roadtransport | AC25: elc_buildings | AD25: S01b0129h07 | AE25: 0.00010644156 | AG25: ELC | AH25: S01b0129h07 | AI25: 0 | AK25: 2021 | AL25: S03 | AM25: 0.25370414 | AN25: hydro
E26: 0129h16 | G26: b | I26: elc_spv-IND | J26: S01b0129h08 | K26: 4.9579275e-05 | L26: IMPNRGZ | N26: elc_won-IND | O26: S01b0129h08 | P26: 4.73833e-05 | Q26: IMPNRGZ | S26: elc_wof-IND | T26: S01b0129h08 | U26: 5.8472213e-05 | V26: IMPNRGZ | X26: 0.00011415525 | Y26: 0.00019060405 | Z26: S01b0129h08 | AA26: elc_roadtransport | AC26: elc_buildings | AD26: S01b0129h08 | AE26: 0.00010686493 | AG26: ELC | AH26: S01b0129h08 | AI26: 0 | AK26: 2021 | AL26: S04 | AM26: 0.25859817 | AN26: hydro
E27: 0129h17 | G27: b | I27: elc_spv-IND | J27: S01b0129h09 | K27: 0.00017193549 | L27: IMPNRGZ | N27: elc_won-IND | O27: S01b0129h09 | P27: 3.0477325e-05 | Q27: IMPNRGZ | S27: elc_wof-IND | T27: S01b0129h09 | U27: 5.5412672e-05 | V27: IMPNRGZ | X27: 0.00011415525 | Y27: 0.00014585353 | Z27: S01b0129h09 | AA27: elc_roadtransport | AC27: elc_buildings | AD27: S01b0129h09 | AE27: 0.00011519087 | AG27: ELC | AH27: S01b0129h09 | AI27: 0 | AK27: 2021 | AL27: S05 | AM27: 0.35369173 | AN27: hydro
E28: 0129h18 | G28: b | I28: elc_spv-IND | J28: S01b0129h10 | K28: 0.00027280874 | L28: IMPNRGZ | N28: elc_won-IND | O28: S01b0129h10 | P28: 1.6313377e-05 | Q28: IMPNRGZ | S28: elc_wof-IND | T28: S01b0129h10 | U28: 5.1509132e-05 | V28: IMPNRGZ | X28: 0.00011415525 | Y28: 0.00014452759 | Z28: S01b0129h10 | AA28: elc_roadtransport | AC28: elc_buildings | AD28: S01b0129h10 | AE28: 0.00011708491 | AG28: ELC | AH28: S01b0129h10 | AI28: 0 | AK28: 2021 | AL28: S06 | AM28: 0.49671037 | AN28: hydro
E29: 0129h19 | G29: b | I29: elc_spv-IND | J29: S01b0129h11 | K29: 0.00032137201 | L29: IMPNRGZ | N29: elc_won-IND | O29: S01b0129h11 | P29: 1.2598589e-05 | Q29: IMPNRGZ | S29: elc_wof-IND | T29: S01b0129h11 | U29: 4.7398524e-05 | V29: IMPNRGZ | X29: 0.00011415525 | Y29: 0.00014088125 | Z29: S01b0129h11 | AA29: elc_roadtransport | AC29: elc_buildings | AD29: S01b0129h11 | AE29: 0.00010872888 | AG29: ELC | AH29: S01b0129h11 | AI29: 0 | AK29: 2021 | AL29: S07 | AM29: 0.57377935 | AN29: hydro
E30: 0129h20 | G30: b | I30: elc_spv-IND | J30: S01b0129h12 | K30: 0.00033643412 | L30: IMPNRGZ | N30: elc_won-IND | O30: S01b0129h12 | P30: 9.330078e-06 | Q30: IMPNRGZ | S30: elc_wof-IND | T30: S01b0129h12 | U30: 4.2607774e-05 | V30: IMPNRGZ | X30: 0.00011415525 | Y30: 0.00014054977 | Z30: S01b0129h12 | AA30: elc_roadtransport | AC30: elc_buildings | AD30: S01b0129h12 | AE30: 0.00011230972 | AG30: ELC | AH30: S01b0129h12 | AI30: 0 | AK30: 2021 | AL30: S08 | AM30: 0.62492242 | AN30: hydro
E31: 0129h21 | G31: b | I31: elc_spv-IND | J31: S01b0129h13 | K31: 0.00031912733 | L31: IMPNRGZ | N31: elc_won-IND | O31: S01b0129h13 | P31: 6.2298869e-06 | Q31: IMPNRGZ | S31: elc_wof-IND | T31: S01b0129h13 | U31: 3.7687013e-05 | V31: IMPNRGZ | X31: 0.00011415525 | Y31: 0.00014253868 | Z31: S01b0129h13 | AA31: elc_roadtransport | AC31: elc_buildings | AD31: S01b0129h13 | AE31: 0.00012558577 | AG31: ELC | AH31: S01b0129h13 | AI31: 0 | AK31: 2021 | AL31: S09 | AM31: 0.57271626 | AN31: hydro
E32: 0129h22 | G32: b | I32: elc_spv-IND | J32: S01b0129h14 | K32: 0.00031168786 | L32: IMPNRGZ | N32: elc_won-IND | O32: S01b0129h14 | P32: 5.0710646e-06 | Q32: IMPNRGZ | S32: elc_wof-IND | T32: S01b0129h14 | U32: 3.3849329e-05 | V32: IMPNRGZ | X32: 0.00011415525 | Y32: 0.0001488369 | Z32: S01b0129h14 | AA32: elc_roadtransport | AC32: elc_buildings | AD32: S01b0129h14 | AE32: 0.00012459753 | AG32: ELC | AH32: S01b0129h14 | AI32: 0 | AK32: 2021 | AL32: S10 | AM32: 0.48298602 | AN32: hydro
E33: 0129h23 | G33: b | I33: elc_spv-IND | J33: S01b0129h15 | K33: 0.00033387768 | L33: IMPNRGZ | N33: elc_won-IND | O33: S01b0129h15 | P33: 5.637995e-06 | Q33: IMPNRGZ | S33: elc_wof-IND | T33: S01b0129h15 | U33: 3.0950443e-05 | V33: IMPNRGZ | X33: 0.00011415525 | Y33: 0.00015049433 | Z33: S01b0129h15 | AA33: elc_roadtransport | AC33: elc_buildings | AD33: S01b0129h15 | AE33: 0.0001264949 | AG33: ELC | AH33: S01b0129h15 | AI33: 0 | AK33: 2021 | AL33: S11 | AM33: 0.31411809 | AN33: hydro
E34: 0129h24 | G34: b | I34: elc_spv-IND | J34: S01b0129h16 | K34: 0.00033378218 | L34: IMPNRGZ | N34: elc_won-IND | O34: S01b0129h16 | P34: 7.2312219e-06 | Q34: IMPNRGZ | S34: elc_wof-IND | T34: S01b0129h16 | U34: 3.0652579e-05 | V34: IMPNRGZ | X34: 0.00011415525 | Y34: 0.00017237236 | Z34: S01b0129h16 | AA34: elc_roadtransport | AC34: elc_buildings | AD34: S01b0129h16 | AE34: 0.00011324114 | AG34: ELC | AH34: S01b0129h16 | AI34: 0 | AK34: 2021 | AL34: S12 | AM34: 0.25801395 | AN34: hydro
... E354: H08 | G354: a | I354: elc_spv-IND | J354: S08c0810h16 | K354: 0.0001106799 | L354: IMPNRGZ | N354: elc_won-IND | O354: S08c0810h16 | P354: 0.00017578363 | Q354: IMPNRGZ | S354: elc_wof-IND | T354: S08c0810h16 | U354: 0.00020450206 | V354: IMPNRGZ | X354: 0.00011415525 | Y354: 0.00017237236 | Z354: S08c0810h16 | AA354: elc_roadtransport | AC354: elc_buildings | AD354: S08c0810h16 | AE354: 0.00015641525 | AG354: ELC | AH354: S08c0810h16 | AI354: 0 | AK354: 2050 | AL354: S08 | AM354: 0.6746 | AN354: hydro
I355: elc_spv-IND | J355: S08c0810h17 | K355: 8.6738954e-05 | L355: IMPNRGZ | N355: elc_won-IND | O355: S08c0810h17 | P355: 0.00016921847 | Q355: IMPNRGZ | S355: elc_wof-IND | T355: S08c0810h17 | U355: 0.00020308092 | V355: IMPNRGZ | X355: 0.00011415525 | Y355: 0.00022209515 | Z355: S08c0810h17 | AA355: elc_roadtransport | AC355: elc_buildings | AD355: S08c0810h17 | AE355: 0.00011401568 | AG355: ELC | AH355: S08c0810h17 | AI355: 0 | AK355: 2050 | AL355: S09 | AM355: 0.633 | AN355: hydro
I356: elc_spv-IND | J356: S08c0810h18 | K356: 6.6664457e-05 | L356: IMPNRGZ | N356: elc_won-IND | O356: S08c0810h18 | P356: 0.00016667569 | Q356: IMPNRGZ | S356: elc_wof-IND | T356: S08c0810h18 | U356: 0.00020096483 | V356: IMPNRGZ | X356: 0.00011415525 | Y356: 0.00022209515 | Z356: S08c0810h18 | AA356: elc_roadtransport | AC356: elc_buildings | AD356: S08c0810h18 | AE356: 8.3539593e-05 | AG356: ELC | AH356: S08c0810h18 | AI356: 0 | AK356: 2050 | AL356: S10 | AM356: 0.4802 | AN356: hydro
I357: elc_spv-IND | J357: S08c0810h19 | K357: 3.0103344e-05 | L357: IMPNRGZ | N357: elc_won-IND | O357: S08c0810h19 | P357: 0.0001686733 | Q357: IMPNRGZ | S357: elc_wof-IND | T357: S08c0810h19 | U357: 0.00020017233 | V357: IMPNRGZ | X357: 0.00011415525 | Y357: 0.00017237236 | Z357: S08c0810h19 | AA357: elc_roadtransport | AC357: elc_buildings | AD357: S08c0810h19 | AE357: 5.4130851e-05 | AG357: ELC | AH357: S08c0810h19 | AI357: 0 | AK357: 2050 | AL357: S11 | AM357: 0.2677 | AN357: hydro
I358: elc_spv-IND | J358: S08c0810h20 | K358: 5.6737311e-06 | L358: IMPNRGZ | N358: elc_won-IND | O358: S08c0810h20 | P358: 0.00016275375 | Q358: IMPNRGZ | S358: elc_wof-IND | T358: S08c0810h20 | U358: 0.00019725739 | V358: IMPNRGZ | X358: 0.00011415525 | Y358: 0.00015579809 | Z358: S08c0810h20 | AA358: elc_roadtransport | AC358: elc_buildings | AD358: S08c0810h20 | AE358: 5.0489854e-05 | AG358: ELC | AH358: S08c0810h20 | AI358: 0 | AK358: 2050 | AL358: S12 | AM358: 0.2381 | AN358: hydro
I359: elc_spv-IND | J359: S08c0810h21 | K359: 0 | L359: IMPNRGZ | N359: elc_won-IND | O359: S08c0810h21 | P359: 0.0001516815 | Q359: IMPNRGZ | S359: elc_wof-IND | T359: S08c0810h21 | U359: 0.00019406805 | V359: IMPNRGZ | X359: 0.00011415525 | Y359: 0.00010939015 | Z359: S08c0810h21 | AA359: elc_roadtransport | AC359: elc_buildings | AD359: S08c0810h21 | AE359: 5.2007307e-05 | AG359: ELC | AH359: S08c0810h21 | AI359: 0
I360: elc_spv-IND | J360: S08c0810h22 | K360: 0 | L360: IMPNRGZ | N360: elc_won-IND | O360: S08c0810h22 | P360: 0.00013924536 | Q360: IMPNRGZ | S360: elc_wof-IND | T360: S08c0810h22 | U360: 0.00018845 | V360: IMPNRGZ | X360: 0.00011415525 | Y360: 7.9556473e-05 | Z360: S08c0810h22 | AA360: elc_roadtransport | AC360: elc_buildings | AD360: S08c0810h22 | AE360: 5.0345016e-05 | AG360: ELC | AH360: S08c0810h22 | AI360: 0
I361: elc_spv-IND | J361: S08c0810h23 | K361: 0 | L361: IMPNRGZ | N361: elc_won-IND | O361: S08c0810h23 | P361: 0.00013332699 | Q361: IMPNRGZ | S361: elc_wof-IND | T361: S08c0810h23 | U361: 0.00018640567 | V361: IMPNRGZ | X361: 0.00011415525 | Y361: 5.6352501e-05 | Z361: S08c0810h23 | AA361: elc_roadtransport | AC361: elc_buildings | AD361: S08c0810h23 | AE361: 6.8025245e-05 | AG361: ELC | AH361: S08c0810h23 | AI361: 0
I362: elc_spv-IND | J362: S08c0810h24 | K362: 0 | L362: IMPNRGZ | N362: elc_won-IND | O362: S08c0810h24 | P362: 0.0001320592 | Q362: IMPNRGZ | S362: elc_wof-IND | T362: S08c0810h24 | U362: 0.00018971151 | V362: IMPNRGZ | X362: 0.00011415525 | Y362: 2.9833677e-05 | Z362: S08c0810h24 | AA362: elc_roadtransport | AC362: elc_buildings | AD362: S08c0810h24 | AE362: 8.8164373e-05 | AG362: ELC | AH362: S08c0810h24 | AI362: 0
I363: elc_spv-IND | J363: S08c0811h01 | K363: 0 | L363: IMPNRGZ | N363: elc_won-IND | O363: S08c0811h01 | P363: 0.00013392506 | Q363: IMPNRGZ | S363: elc_wof-IND | T363: S08c0811h01 | U363: 0.00019494248 | V363: IMPNRGZ | X363: 0.00011415525 | Y363: 2.1546545e-05 | Z363: S08c0811h01 | AA363: elc_roadtransport | AC363: elc_buildings | AD363: S08c0811h01 | AE363: 9.0351423e-05 | AG363: ELC | AH363: S08c0811h01 | AI363: 0
I364: elc_spv-IND | J364: S08c0811h02 | K364: 0 | L364: IMPNRGZ | N364: elc_won-IND | O364: S08c0811h02 | P364: 0.00013933169 | Q364: IMPNRGZ | S364: elc_wof-IND | T364: S08c0811h02 | U364: 0.00019943195 | V364: IMPNRGZ | X364: 0.00011415525 | Y364: 1.4916839e-05 | Z364: S08c0811h02 | AA364: elc_roadtransport | AC364: elc_buildings | AD364: S08c0811h02 | AE364: 0.00010555604 | AG364: ELC | AH364: S08c0811h02 | AI364: 0
I365: elc_spv-IND | J365: S08c0811h03 | K365: 0 | L365: IMPNRGZ | N365: elc_won-IND | O365: S08c0811h03 | P365: 0.00013753152 | Q365: IMPNRGZ | S365: elc_wof-IND | T365: S08c0811h03 | U365: 0.00019614408 | V365: IMPNRGZ | X365: 0.00011415525 | Y365: 1.6574265e-05 | Z365: S08c0811h03 | AA365: elc_roadtransport | AC365: elc_buildings | AD365: S08c0811h03 | AE365: 0.00014088642 | AG365: ELC | AH365: S08c0811h03 | AI365: 0
I366: elc_spv-IND | J366: S08c0811h04 | K366: 0 | L366: IMPNRGZ | N366: elc_won-IND | O366: S08c0811h04 | P366: 0.00011480676 | Q366: IMPNRGZ | S366: elc_wof-IND | T366: S08c0811h04 | U366: 0.00017809653 | V366: IMPNRGZ | X366: 0.00011415525 | Y366: 1.4585353e-05 | Z366: S08c0811h04 | AA366: elc_roadtransport | AC366: elc_buildings | AD366: S08c0811h04 | AE366: 0.0001540388 | AG366: ELC | AH366: S08c0811h04 | AI366: 0
I367: elc_spv-IND | J367: S08c0811h05 | K367: 0 | L367: IMPNRGZ | N367: elc_won-IND | O367: S08c0811h05 | P367: 0.00011304241 | Q367: IMPNRGZ | S367: elc_wof-IND | T367: S08c0811h05 | U367: 0.00018013813 | V367: IMPNRGZ | X367: 0.00011415525 | Y367: 2.1215059e-05 | Z367: S08c0811h05 | AA367: elc_roadtransport | AC367: elc_buildings | AD367: S08c0811h05 | AE367: 0.00015489111 | AG367: ELC | AH367: S08c0811h05 | AI367: 0
I368: elc_spv-IND | J368: S08c0811h06 | K368: 0 | L368: IMPNRGZ | N368: elc_won-IND | O368: S08c0811h06 | P368: 0.00011008918 | Q368: IMPNRGZ | S368: elc_wof-IND | T368: S08c0811h06 | U368: 0.0001800813 | V368: IMPNRGZ | X368: 0.00011415525 | Y368: 5.7678443e-05 | Z368: S08c0811h06 | AA368: elc_roadtransport | AC368: elc_buildings | AD368: S08c0811h06 | AE368: 0.00015606652 | AG368: ELC | AH368: S08c0811h06 | AI368: 0
I369: elc_spv-IND | J369: S08c0811h07 | K369: 7.0369843e-06 | L369: IMPNRGZ | N369: elc_won-IND | O369: S08c0811h07 | P369: 0.00011033117 | Q369: IMPNRGZ | S369: elc_wof-IND | T369: S08c0811h07 | U369: 0.00018082663 | V369: IMPNRGZ | X369: 0.00011415525 | Y369: 0.0001690575 | Z369: S08c0811h07 | AA369: elc_roadtransport | AC369: elc_buildings | AD369: S08c0811h07 | AE369: 0.00015610218 | AG369: ELC | AH369: S08c0811h07 | AI369: 0
I370: elc_spv-IND | J370: S08c0811h08 | K370: 2.9020388e-05 | L370: IMPNRGZ | N370: elc_won-IND | O370: S08c0811h08 | P370: 0.00013766513 | Q370: IMPNRGZ | S370: elc_wof-IND | T370: S08c0811h08 | U370: 0.00018194661 | V370: IMPNRGZ | X370: 0.00011415525 | Y370: 0.00019060405 | Z370: S08c0811h08 | AA370: elc_roadtransport | AC370: elc_buildings | AD370: S08c0811h08 | AE370: 0.00015513511 | AG370: ELC | AH370: S08c0811h08 | AI370: 0
... I442: elc_spv-IND | J442: S12aH08 | K442: 0 | L442: IMPNRGZ | N442: elc_won-IND | O442: S12aH08 | P442: 0.015166151 | Q442: IMPNRGZ | S442: elc_wof-IND | T442: S12aH08 | U442: 0.013111703 | V442: IMPNRGZ | X442: 0.017694064 | Y442: 0.013358858 | Z442: S12aH08 | AA442: elc_roadtransport | AC442: elc_buildings | AD442: S12aH08 | AE442: 0.0045197694 | AG442: ELC | AH442: S12aH08 | AI442: 0.13031367
AC443: elc_industry | AD443: S01aH01 | AE443: 0.022402979
AC444: elc_industry | AD444: S01aH02 | AE444: 0.003216576
AC445: elc_industry | AD445: S01aH03 | AE445: 0.0032200513
AC446: elc_industry | AD446: S01aH04 | AE446: 0.0032221035
AC447: elc_industry | AD447: S01aH05 | AE447: 0.022646178
AC448: elc_industry | AD448: S01aH06 | AE448: 0.0031697966
AC449: elc_industry | AD449: S01aH07 | AE449: 0.0031204196
AC450: elc_industry | AD450: S01aH08 | AE450: 0.015615701
AC451: elc_industry | AD451: S01b0129h01 | AE451: 0.00011287127
AC452: elc_industry | AD452: S01b0129h02 | AE452: 0.00011382777
AC453: elc_industry | AD453: S01b0129h03 | AE453: 0.00011454806
AC454: elc_industry | AD454: S01b0129h04 | AE454: 0.00011494621
... AC874: elc_industry | AD874: S12aH08 | AE874: 0.017272028

Sheet s2_w_p2_d
C9: =IF(A11="x","DeActivated","~TimeSlices") -> DeActivated | I9: =IF(A11="x","DeActivated","~TFM_DINS-AT") -> DeActivated | N9: =IF(A11="x","DeActivated","~TFM_DINS-AT") -> DeActivated | S9: =IF(A11="x","DeActivated","~TFM_DINS-AT") -> DeActivated | X9: =IF(A11="x","DeActivated","~TFM_DINS-AT") -> DeActivated | AC9: =IF(A11="x","DeActivated","~TFM_DINS-AT") -> DeActivated | AG9: =IF(A11="x","DeActivated","~TFM_DINS-AT") -> DeActivated | AK9: =IF(A11="x","DeActivated","~TFM_INS-AT") -> DeActivated
A10: s2_w_p2_d | C10: season | D10: weekly | E10: daynite | F10: wparent | G10: dparent | I10: commodity | J10: timeslice | K10: com_fr | L10: process | N10: commodity | O10: timeslice | P10: com_fr | Q10: process | S10: commodity | T10: timeslice | U10: com_fr | V10: process | X10: g_yrfr | Y10: com_fr | Z10: timeslice | AA10: commodity | AC10: commodity | AD10: timeslice | AE10: com_fr | AG10: commodity | AH10: timeslice | AI10: com_pkflx | AK10: Year | AL10: timeslice | AM10: ncap_afs | AN10: pset_ci
A11: =IFERROR(IF(Veda!D5=A10,"ok","x"),"") -> x | C11: S01 | D11: a | E11: 0129h01 | F11: S01,S02,S03,S04,S05,S06,S07,S08,S09,S10,S11,S12 | G11: b | I11: elc_spv-IND | J11: S01aH01 | K11: 0 | L11: IMPNRGZ | N11: elc_won-IND | O11: S01aH01 | P11: 0.016534281 | Q11: IMPNRGZ | S11: elc_wof-IND | T11: S01aH01 | U11: 0.017647212 | V11: IMPNRGZ | X11: 0.022374429 | Y11: 0.0088360722 | Z11: S01aH01 | AA11: elc_roadtransport | AC11: elc_buildings | AD11: S01aH01 | AE11: 0.01753555 | AG11: ELC | AH11: S01aH01 | AI11: 0.10315035 | AK11: 2020 | AL11: S01 | AM11: 0.26981109 | AN11: hydro
C12: S02 | D12: b | E12: 0129h02 | F12: S01,S02 | G12: b | I12: elc_spv-IND | J12: S01aH02 | K12: 0.0014220819 | L12: IMPNRGZ | N12: elc_won-IND | O12: S01aH02 | P12: 0.0017773785 | Q12: IMPNRGZ | S12: elc_wof-IND | T12: S01aH02 | U12: 0.0023461545 | V12: IMPNRGZ | X12: 0.003196347 | Y12: 0.0053369134 | Z12: S01aH02 | AA12: elc_roadtransport | AC12: elc_buildings | AD12: S01aH02 | AE12: 0.0028451978 | AG12: ELC | AH12: S01aH02 | AI12: 0.029990122 | AK12: 2020 | AL12: S02 | AM12: 0.28091924 | AN12: hydro
C13: S03 | D13: c | E13: 0129h03 | F13: S08 | G13: b | I13: elc_spv-IND | J13: S01aH03 | K13: 0.0057078242 | L13: IMPNRGZ | N13: elc_won-IND | O13: S01aH03 | P13: 0.001211234 | Q13: IMPNRGZ | S13: elc_wof-IND | T13: S01aH03 | U13: 0.0022729994 | V13: IMPNRGZ | X13: 0.003196347 | Y13: 0.0040838989 | Z13: S01aH03 | AA13: elc_roadtransport | AC13: elc_buildings | AD13: S01aH03 | AE13: 0.0029183877 | AG13: ELC | AH13: S01aH03 | AI13: 0.058805229 | AK13: 2020 | AL13: S03 | AM13: 0.2817962 | AN13: hydro
C14: S04 | D14: d | E14: 0129h04 | F14: S09 | G14: b | I14: elc_spv-IND | J14: S01aH04 | K14: 0.0081737947 | L14: IMPNRGZ | N14: elc_won-IND | O14: S01aH04 | P14: 0.00094318397 | Q14: IMPNRGZ | S14: elc_wof-IND | T14: S01aH04 | U14: 0.0021895008 | V14: IMPNRGZ | X14: 0.003196347 | Y14: 0.0040467726 | Z14: S01aH04 | AA14: elc_roadtransport | AC14: elc_buildings | AD14: S01aH04 | AE14: 0.0029616061 | AG14: ELC | AH14: S01aH04 | AI14: 0.063442705 | AK14: 2020 | AL14: S04 | AM14: 0.32653086 | AN14: hydro
C15: S05 | D15: e | E15: 0129h05 | F15: S09 | G15: b | I15: elc_spv-IND | J15: S01aH05 | K15: 0.061913779 | L15: IMPNRGZ | N15: elc_won-IND | O15: S01aH05 | P15: 0.0059066067 | Q15: IMPNRGZ | S15: elc_wof-IND | T15: S01aH05 | U15: 0.013246037 | V15: IMPNRGZ | X15: 0.022374429 | Y15: 0.031297516 | Z15: S01aH05 | AA15: elc_roadtransport | AC15: elc_buildings | AD15: S01aH05 | AE15: 0.022657214 | AG15: ELC | AH15: S01aH05 | AI15: 0.085437674 | AK15: 2020 | AL15: S05 | AM15: 0.43263317 | AN15: hydro
C16: S06 | E16: 0129h06 | G16: b | I16: elc_spv-IND | J16: S01aH06 | K16: 0.0057282587 | L16: IMPNRGZ | N16: elc_won-IND | O16: S01aH06 | P16: 0.0010467532 | Q16: IMPNRGZ | S16: elc_wof-IND | T16: S01aH06 | U16: 0.0020716542 | V16: IMPNRGZ | X16: 0.003196347 | Y16: 0.0062186643 | Z16: S01aH06 | AA16: elc_roadtransport | AC16: elc_buildings | AD16: S01aH06 | AE16: 0.001860044 | AG16: ELC | AH16: S01aH06 | AI16: 0.12747289 | AK16: 2020 | AL16: S06 | AM16: 0.53857958 | AN16: hydro
C17: S07 | E17: 0129h07 | G17: b | I17: elc_spv-IND | J17: S01aH07 | K17: 0.0016993323 | L17: IMPNRGZ | N17: elc_won-IND | O17: S01aH07 | P17: 0.0015871901 | Q17: IMPNRGZ | S17: elc_wof-IND | T17: S01aH07 | U17: 0.0021927651 | V17: IMPNRGZ | X17: 0.003196347 | Y17: 0.004826426 | Z17: S01aH07 | AA17: elc_roadtransport | AC17: elc_buildings | AD17: S01aH07 | AE17: 0.00082018601 | AG17: ELC | AH17: S01aH07 | AI17: 0.026434179 | AK17: 2020 | AL17: S07 | AM17: 0.55540745 | AN17: hydro
C18: S08 | E18: 0129h08 | G18: b | I18: elc_spv-IND | J18: S01aH08 | K18: 0 | L18: IMPNRGZ | N18: elc_won-IND | O18: S01aH08 | P18: 0.013445261 | Q18: IMPNRGZ | S18: elc_wof-IND | T18: S01aH08 | U18: 0.011967646 | V18: IMPNRGZ | X18: 0.015981735 | Y18: 0.012066065 | Z18: S01aH08 | AA18: elc_roadtransport | AC18: elc_buildings | AD18: S01aH08 | AE18: 0.0043874023 | AG18: ELC | AH18: S01aH08 | AI18: 0.14443571 | AK18: 2020 | AL18: S08 | AM18: 0.59107045 | AN18: hydro
C19: S09 | E19: 0129h09 | G19: b | I19: elc_spv-IND | J19: S01b0129h01 | K19: 0 | L19: IMPNRGZ | N19: elc_won-IND | O19: S01b0129h01 | P19: 8.5809272e-05 | Q19: IMPNRGZ | S19: elc_wof-IND | T19: S01b0129h01 | U19: 7.0701551e-05 | V19: IMPNRGZ | X19: 0.00011415525 | Y19: 2.1546545e-05 | Z19: S01b0129h01 | AA19: elc_roadtransport | AC19: elc_buildings | AD19: S01b0129h01 | AE19: 5.9359276e-05 | AG19: ELC | AH19: S01b0129h01 | AI19: 0 | AK19: 2020 | AL19: S09 | AM19: 0.61228312 | AN19: hydro
C20: S10 | E20: 0129h10 | G20: b | I20: elc_spv-IND | J20: S01b0129h02 | K20: 0 | L20: IMPNRGZ | N20: elc_won-IND | O20: S01b0129h02 | P20: 7.8574174e-05 | Q20: IMPNRGZ | S20: elc_wof-IND | T20: S01b0129h02 | U20: 6.8299217e-05 | V20: IMPNRGZ | X20: 0.00011415525 | Y20: 1.4916839e-05 | Z20: S01b0129h02 | AA20: elc_roadtransport | AC20: elc_buildings | AD20: S01b0129h02 | AE20: 7.950286e-05 | AG20: ELC | AH20: S01b0129h02 | AI20: 0 | AK20: 2020 | AL20: S10 | AM20: 0.41918646 | AN20: hydro
C21: S11 | E21: 0129h11 | G21: b | I21: elc_spv-IND | J21: S01b0129h03 | K21: 0 | L21: IMPNRGZ | N21: elc_won-IND | O21: S01b0129h03 | P21: 7.3572495e-05 | Q21: IMPNRGZ | S21: elc_wof-IND | T21: S01b0129h03 | U21: 6.7444542e-05 | V21: IMPNRGZ | X21: 0.00011415525 | Y21: 1.6574265e-05 | Z21: S01b0129h03 | AA21: elc_roadtransport | AC21: elc_buildings | AD21: S01b0129h03 | AE21: 9.4671826e-05 | AG21: ELC | AH21: S01b0129h03 | AI21: 0 | AK21: 2020 | AL21: S11 | AM21: 0.28001305 | AN21: hydro
C22: S12 | E22: 0129h12 | G22: b | I22: elc_spv-IND | J22: S01b0129h04 | K22: 0 | L22: IMPNRGZ | N22: elc_won-IND | O22: S01b0129h04 | P22: 6.7276221e-05 | Q22: IMPNRGZ | S22: elc_wof-IND | T22: S01b0129h04 | U22: 6.4204701e-05 | V22: IMPNRGZ | X22: 0.00011415525 | Y22: 1.4585353e-05 | Z22: S01b0129h04 | AA22: elc_roadtransport | AC22: elc_buildings | AD22: S01b0129h04 | AE22: 0.00010305682 | AG22: ELC | AH22: S01b0129h04 | AI22: 0 | AK22: 2020 | AL22: S12 | AM22: 0.25899526 | AN22: hydro
E23: 0129h13 | G23: b | I23: elc_spv-IND | J23: S01b0129h05 | K23: 0 | L23: IMPNRGZ | N23: elc_won-IND | O23: S01b0129h05 | P23: 6.4990247e-05 | Q23: IMPNRGZ | S23: elc_wof-IND | T23: S01b0129h05 | U23: 6.2087938e-05 | V23: IMPNRGZ | X23: 0.00011415525 | Y23: 2.1215059e-05 | Z23: S01b0129h05 | AA23: elc_roadtransport | AC23: elc_buildings | AD23: S01b0129h05 | AE23: 0.00010521601 | AG23: ELC | AH23: S01b0129h05 | AI23: 0 | AK23: 2021 | AL23: S01 | AM23: 0.24537184 | AN23: hydro
E24: 0129h14 | G24: b | I24: elc_spv-IND | J24: S01b0129h06 | K24: 0 | L24: IMPNRGZ | N24: elc_won-IND | O24: S01b0129h06 | P24: 6.0782031e-05 | Q24: IMPNRGZ | S24: elc_wof-IND | T24: S01b0129h06 | U24: 6.1546734e-05 | V24: IMPNRGZ | X24: 0.00011415525 | Y24: 5.7678443e-05 | Z24: S01b0129h06 | AA24: elc_roadtransport | AC24: elc_buildings | AD24: S01b0129h06 | AE24: 0.00010747325 | AG24: ELC | AH24: S01b0129h06 | AI24: 0 | AK24: 2021 | AL24: S02 | AM24: 0.2474857 | AN24: hydro
E25: 0129h15 | G25: b | I25: elc_spv-IND | J25: S01b0129h07 | K25: 0 | L25: IMPNRGZ | N25: elc_won-IND | O25: S01b0129h07 | P25: 5.4208528e-05 | Q25: IMPNRGZ | S25: elc_wof-IND | T25: S01b0129h07 | U25: 6.0413338e-05 | V25: IMPNRGZ | X25: 0.00011415525 | Y25: 0.0001690575 | Z25: S01b0129h07 | AA25: elc_roadtransport | AC25: elc_buildings | AD25: S01b0129h07 | AE25: 0.00010644156 | AG25: ELC | AH25: S01b0129h07 | AI25: 0 | AK25: 2021 | AL25: S03 | AM25: 0.25370414 | AN25: hydro
E26: 0129h16 | G26: b | I26: elc_spv-IND | J26: S01b0129h08 | K26: 4.9579275e-05 | L26: IMPNRGZ | N26: elc_won-IND | O26: S01b0129h08 | P26: 4.73833e-05 | Q26: IMPNRGZ | S26: elc_wof-IND | T26: S01b0129h08 | U26: 5.8472213e-05 | V26: IMPNRGZ | X26: 0.00011415525 | Y26: 0.00019060405 | Z26: S01b0129h08 | AA26: elc_roadtransport | AC26: elc_buildings | AD26: S01b0129h08 | AE26: 0.00010686493 | AG26: ELC | AH26: S01b0129h08 | AI26: 0 | AK26: 2021 | AL26: S04 | AM26: 0.25859817 | AN26: hydro
E27: 0129h17 | G27: b | I27: elc_spv-IND | J27: S01b0129h09 | K27: 0.00017193549 | L27: IMPNRGZ | N27: elc_won-IND | O27: S01b0129h09 | P27: 3.0477325e-05 | Q27: IMPNRGZ | S27: elc_wof-IND | T27: S01b0129h09 | U27: 5.5412672e-05 | V27: IMPNRGZ | X27: 0.00011415525 | Y27: 0.00014585353 | Z27: S01b0129h09 | AA27: elc_roadtransport | AC27: elc_buildings | AD27: S01b0129h09 | AE27: 0.00011519087 | AG27: ELC | AH27: S01b0129h09 | AI27: 0 | AK27: 2021 | AL27: S05 | AM27: 0.35369173 | AN27: hydro
E28: 0129h18 | G28: b | I28: elc_spv-IND | J28: S01b0129h10 | K28: 0.00027280874 | L28: IMPNRGZ | N28: elc_won-IND | O28: S01b0129h10 | P28: 1.6313377e-05 | Q28: IMPNRGZ | S28: elc_wof-IND | T28: S01b0129h10 | U28: 5.1509132e-05 | V28: IMPNRGZ | X28: 0.00011415525 | Y28: 0.00014452759 | Z28: S01b0129h10 | AA28: elc_roadtransport | AC28: elc_buildings | AD28: S01b0129h10 | AE28: 0.00011708491 | AG28: ELC | AH28: S01b0129h10 | AI28: 0 | AK28: 2021 | AL28: S06 | AM28: 0.49671037 | AN28: hydro
E29: 0129h19 | G29: b | I29: elc_spv-IND | J29: S01b0129h11 | K29: 0.00032137201 | L29: IMPNRGZ | N29: elc_won-IND | O29: S01b0129h11 | P29: 1.2598589e-05 | Q29: IMPNRGZ | S29: elc_wof-IND | T29: S01b0129h11 | U29: 4.7398524e-05 | V29: IMPNRGZ | X29: 0.00011415525 | Y29: 0.00014088125 | Z29: S01b0129h11 | AA29: elc_roadtransport | AC29: elc_buildings | AD29: S01b0129h11 | AE29: 0.00010872888 | AG29: ELC | AH29: S01b0129h11 | AI29: 0 | AK29: 2021 | AL29: S07 | AM29: 0.57377935 | AN29: hydro
E30: 0129h20 | G30: b | I30: elc_spv-IND | J30: S01b0129h12 | K30: 0.00033643412 | L30: IMPNRGZ | N30: elc_won-IND | O30: S01b0129h12 | P30: 9.330078e-06 | Q30: IMPNRGZ | S30: elc_wof-IND | T30: S01b0129h12 | U30: 4.2607774e-05 | V30: IMPNRGZ | X30: 0.00011415525 | Y30: 0.00014054977 | Z30: S01b0129h12 | AA30: elc_roadtransport | AC30: elc_buildings | AD30: S01b0129h12 | AE30: 0.00011230972 | AG30: ELC | AH30: S01b0129h12 | AI30: 0 | AK30: 2021 | AL30: S08 | AM30: 0.62492242 | AN30: hydro
E31: 0129h21 | G31: b | I31: elc_spv-IND | J31: S01b0129h13 | K31: 0.00031912733 | L31: IMPNRGZ | N31: elc_won-IND | O31: S01b0129h13 | P31: 6.2298869e-06 | Q31: IMPNRGZ | S31: elc_wof-IND | T31: S01b0129h13 | U31: 3.7687013e-05 | V31: IMPNRGZ | X31: 0.00011415525 | Y31: 0.00014253868 | Z31: S01b0129h13 | AA31: elc_roadtransport | AC31: elc_buildings | AD31: S01b0129h13 | AE31: 0.00012558577 | AG31: ELC | AH31: S01b0129h13 | AI31: 0 | AK31: 2021 | AL31: S09 | AM31: 0.57271626 | AN31: hydro
E32: 0129h22 | G32: b | I32: elc_spv-IND | J32: S01b0129h14 | K32: 0.00031168786 | L32: IMPNRGZ | N32: elc_won-IND | O32: S01b0129h14 | P32: 5.0710646e-06 | Q32: IMPNRGZ | S32: elc_wof-IND | T32: S01b0129h14 | U32: 3.3849329e-05 | V32: IMPNRGZ | X32: 0.00011415525 | Y32: 0.0001488369 | Z32: S01b0129h14 | AA32: elc_roadtransport | AC32: elc_buildings | AD32: S01b0129h14 | AE32: 0.00012459753 | AG32: ELC | AH32: S01b0129h14 | AI32: 0 | AK32: 2021 | AL32: S10 | AM32: 0.48298602 | AN32: hydro
E33: 0129h23 | G33: b | I33: elc_spv-IND | J33: S01b0129h15 | K33: 0.00033387768 | L33: IMPNRGZ | N33: elc_won-IND | O33: S01b0129h15 | P33: 5.637995e-06 | Q33: IMPNRGZ | S33: elc_wof-IND | T33: S01b0129h15 | U33: 3.0950443e-05 | V33: IMPNRGZ | X33: 0.00011415525 | Y33: 0.00015049433 | Z33: S01b0129h15 | AA33: elc_roadtransport | AC33: elc_buildings | AD33: S01b0129h15 | AE33: 0.0001264949 | AG33: ELC | AH33: S01b0129h15 | AI33: 0 | AK33: 2021 | AL33: S11 | AM33: 0.31411809 | AN33: hydro
E34: 0129h24 | G34: b | I34: elc_spv-IND | J34: S01b0129h16 | K34: 0.00033378218 | L34: IMPNRGZ | N34: elc_won-IND | O34: S01b0129h16 | P34: 7.2312219e-06 | Q34: IMPNRGZ | S34: elc_wof-IND | T34: S01b0129h16 | U34: 3.0652579e-05 | V34: IMPNRGZ | X34: 0.00011415525 | Y34: 0.00017237236 | Z34: S01b0129h16 | AA34: elc_roadtransport | AC34: elc_buildings | AD34: S01b0129h16 | AE34: 0.00011324114 | AG34: ELC | AH34: S01b0129h16 | AI34: 0 | AK34: 2021 | AL34: S12 | AM34: 0.25801395 | AN34: hydro
... E358: 0920h12 | G358: d | I358: elc_spv-IND | J358: S08c0810h20 | K358: 5.6737311e-06 | L358: IMPNRGZ | N358: elc_won-IND | O358: S08c0810h20 | P358: 0.00016275375 | Q358: IMPNRGZ | S358: elc_wof-IND | T358: S08c0810h20 | U358: 0.00019725739 | V358: IMPNRGZ | X358: 0.00011415525 | Y358: 0.00015579809 | Z358: S08c0810h20 | AA358: elc_roadtransport | AC358: elc_buildings | AD358: S08c0810h20 | AE358: 5.0489854e-05 | AG358: ELC | AH358: S08c0810h20 | AI358: 0 | AK358: 2050 | AL358: S12 | AM358: 0.2381 | AN358: hydro
E359: 0920h13 | G359: d | I359: elc_spv-IND | J359: S08c0810h21 | K359: 0 | L359: IMPNRGZ | N359: elc_won-IND | O359: S08c0810h21 | P359: 0.0001516815 | Q359: IMPNRGZ | S359: elc_wof-IND | T359: S08c0810h21 | U359: 0.00019406805 | V359: IMPNRGZ | X359: 0.00011415525 | Y359: 0.00010939015 | Z359: S08c0810h21 | AA359: elc_roadtransport | AC359: elc_buildings | AD359: S08c0810h21 | AE359: 5.2007307e-05 | AG359: ELC | AH359: S08c0810h21 | AI359: 0
E360: 0920h14 | G360: d | I360: elc_spv-IND | J360: S08c0810h22 | K360: 0 | L360: IMPNRGZ | N360: elc_won-IND | O360: S08c0810h22 | P360: 0.00013924536 | Q360: IMPNRGZ | S360: elc_wof-IND | T360: S08c0810h22 | U360: 0.00018845 | V360: IMPNRGZ | X360: 0.00011415525 | Y360: 7.9556473e-05 | Z360: S08c0810h22 | AA360: elc_roadtransport | AC360: elc_buildings | AD360: S08c0810h22 | AE360: 5.0345016e-05 | AG360: ELC | AH360: S08c0810h22 | AI360: 0
E361: 0920h15 | G361: d | I361: elc_spv-IND | J361: S08c0810h23 | K361: 0 | L361: IMPNRGZ | N361: elc_won-IND | O361: S08c0810h23 | P361: 0.00013332699 | Q361: IMPNRGZ | S361: elc_wof-IND | T361: S08c0810h23 | U361: 0.00018640567 | V361: IMPNRGZ | X361: 0.00011415525 | Y361: 5.6352501e-05 | Z361: S08c0810h23 | AA361: elc_roadtransport | AC361: elc_buildings | AD361: S08c0810h23 | AE361: 6.8025245e-05 | AG361: ELC | AH361: S08c0810h23 | AI361: 0
E362: 0920h16 | G362: d | I362: elc_spv-IND | J362: S08c0810h24 | K362: 0 | L362: IMPNRGZ | N362: elc_won-IND | O362: S08c0810h24 | P362: 0.0001320592 | Q362: IMPNRGZ | S362: elc_wof-IND | T362: S08c0810h24 | U362: 0.00018971151 | V362: IMPNRGZ | X362: 0.00011415525 | Y362: 2.9833677e-05 | Z362: S08c0810h24 | AA362: elc_roadtransport | AC362: elc_buildings | AD362: S08c0810h24 | AE362: 8.8164373e-05 | AG362: ELC | AH362: S08c0810h24 | AI362: 0
E363: 0920h17 | G363: d | I363: elc_spv-IND | J363: S08c0811h01 | K363: 0 | L363: IMPNRGZ | N363: elc_won-IND | O363: S08c0811h01 | P363: 0.00013392506 | Q363: IMPNRGZ | S363: elc_wof-IND | T363: S08c0811h01 | U363: 0.00019494248 | V363: IMPNRGZ | X363: 0.00011415525 | Y363: 2.1546545e-05 | Z363: S08c0811h01 | AA363: elc_roadtransport | AC363: elc_buildings | AD363: S08c0811h01 | AE363: 9.0351423e-05 | AG363: ELC | AH363: S08c0811h01 | AI363: 0
E364: 0920h18 | G364: d | I364: elc_spv-IND | J364: S08c0811h02 | K364: 0 | L364: IMPNRGZ | N364: elc_won-IND | O364: S08c0811h02 | P364: 0.00013933169 | Q364: IMPNRGZ | S364: elc_wof-IND | T364: S08c0811h02 | U364: 0.00019943195 | V364: IMPNRGZ | X364: 0.00011415525 | Y364: 1.4916839e-05 | Z364: S08c0811h02 | AA364: elc_roadtransport | AC364: elc_buildings | AD364: S08c0811h02 | AE364: 0.00010555604 | AG364: ELC | AH364: S08c0811h02 | AI364: 0
E365: 0920h19 | G365: d | I365: elc_spv-IND | J365: S08c0811h03 | K365: 0 | L365: IMPNRGZ | N365: elc_won-IND | O365: S08c0811h03 | P365: 0.00013753152 | Q365: IMPNRGZ | S365: elc_wof-IND | T365: S08c0811h03 | U365: 0.00019614408 | V365: IMPNRGZ | X365: 0.00011415525 | Y365: 1.6574265e-05 | Z365: S08c0811h03 | AA365: elc_roadtransport | AC365: elc_buildings | AD365: S08c0811h03 | AE365: 0.00014088642 | AG365: ELC | AH365: S08c0811h03 | AI365: 0
E366: 0920h20 | G366: d | I366: elc_spv-IND | J366: S08c0811h04 | K366: 0 | L366: IMPNRGZ | N366: elc_won-IND | O366: S08c0811h04 | P366: 0.00011480676 | Q366: IMPNRGZ | S366: elc_wof-IND | T366: S08c0811h04 | U366: 0.00017809653 | V366: IMPNRGZ | X366: 0.00011415525 | Y366: 1.4585353e-05 | Z366: S08c0811h04 | AA366: elc_roadtransport | AC366: elc_buildings | AD366: S08c0811h04 | AE366: 0.0001540388 | AG366: ELC | AH366: S08c0811h04 | AI366: 0
E367: 0920h21 | G367: d | I367: elc_spv-IND | J367: S08c0811h05 | K367: 0 | L367: IMPNRGZ | N367: elc_won-IND | O367: S08c0811h05 | P367: 0.00011304241 | Q367: IMPNRGZ | S367: elc_wof-IND | T367: S08c0811h05 | U367: 0.00018013813 | V367: IMPNRGZ | X367: 0.00011415525 | Y367: 2.1215059e-05 | Z367: S08c0811h05 | AA367: elc_roadtransport | AC367: elc_buildings | AD367: S08c0811h05 | AE367: 0.00015489111 | AG367: ELC | AH367: S08c0811h05 | AI367: 0
E368: 0920h22 | G368: d | I368: elc_spv-IND | J368: S08c0811h06 | K368: 0 | L368: IMPNRGZ | N368: elc_won-IND | O368: S08c0811h06 | P368: 0.00011008918 | Q368: IMPNRGZ | S368: elc_wof-IND | T368: S08c0811h06 | U368: 0.0001800813 | V368: IMPNRGZ | X368: 0.00011415525 | Y368: 5.7678443e-05 | Z368: S08c0811h06 | AA368: elc_roadtransport | AC368: elc_buildings | AD368: S08c0811h06 | AE368: 0.00015606652 | AG368: ELC | AH368: S08c0811h06 | AI368: 0
E369: 0920h23 | G369: d | I369: elc_spv-IND | J369: S08c0811h07 | K369: 7.0369843e-06 | L369: IMPNRGZ | N369: elc_won-IND | O369: S08c0811h07 | P369: 0.00011033117 | Q369: IMPNRGZ | S369: elc_wof-IND | T369: S08c0811h07 | U369: 0.00018082663 | V369: IMPNRGZ | X369: 0.00011415525 | Y369: 0.0001690575 | Z369: S08c0811h07 | AA369: elc_roadtransport | AC369: elc_buildings | AD369: S08c0811h07 | AE369: 0.00015610218 | AG369: ELC | AH369: S08c0811h07 | AI369: 0
E370: 0920h24 | G370: d | I370: elc_spv-IND | J370: S08c0811h08 | K370: 2.9020388e-05 | L370: IMPNRGZ | N370: elc_won-IND | O370: S08c0811h08 | P370: 0.00013766513 | Q370: IMPNRGZ | S370: elc_wof-IND | T370: S08c0811h08 | U370: 0.00018194661 | V370: IMPNRGZ | X370: 0.00011415525 | Y370: 0.00019060405 | Z370: S08c0811h08 | AA370: elc_roadtransport | AC370: elc_buildings | AD370: S08c0811h08 | AE370: 0.00015513511 | AG370: ELC | AH370: S08c0811h08 | AI370: 0
... E402: H08 | G402: a | I402: elc_spv-IND | J402: S08c0812h16 | K402: 0.00015209954 | L402: IMPNRGZ | N402: elc_won-IND | O402: S08c0812h16 | P402: 9.8668941e-05 | Q402: IMPNRGZ | S402: elc_wof-IND | T402: S08c0812h16 | U402: 0.00016725772 | V402: IMPNRGZ | X402: 0.00011415525 | Y402: 0.00017237236 | Z402: S08c0812h16 | AA402: elc_roadtransport | AC402: elc_buildings | AD402: S08c0812h16 | AE402: 0.00014592454 | AG402: ELC | AH402: S08c0812h16 | AI402: 0
I403: elc_spv-IND | J403: S08c0812h17 | K403: 0.00011363354 | L403: IMPNRGZ | N403: elc_won-IND | O403: S08c0812h17 | P403: 0.00011267469 | Q403: IMPNRGZ | S403: elc_wof-IND | T403: S08c0812h17 | U403: 0.00017191431 | V403: IMPNRGZ | X403: 0.00011415525 | Y403: 0.00022209515 | Z403: S08c0812h17 | AA403: elc_roadtransport | AC403: elc_buildings | AD403: S08c0812h17 | AE403: 0.0001210715 | AG403: ELC | AH403: S08c0812h17 | AI403: 0
I404: elc_spv-IND | J404: S08c0812h18 | K404: 6.8360791e-05 | L404: IMPNRGZ | N404: elc_won-IND | O404: S08c0812h18 | P404: 0.00010878872 | Q404: IMPNRGZ | S404: elc_wof-IND | T404: S08c0812h18 | U404: 0.00017936674 | V404: IMPNRGZ | X404: 0.00011415525 | Y404: 0.00022209515 | Z404: S08c0812h18 | AA404: elc_roadtransport | AC404: elc_buildings | AD404: S08c0812h18 | AE404: 8.9962589e-05 | AG404: ELC | AH404: S08c0812h18 | AI404: 0
I405: elc_spv-IND | J405: S08c0812h19 | K405: 2.6584719e-05 | L405: IMPNRGZ | N405: elc_won-IND | O405: S08c0812h19 | P405: 0.00012208029 | Q405: IMPNRGZ | S405: elc_wof-IND | T405: S08c0812h19 | U405: 0.0001807916 | V405: IMPNRGZ | X405: 0.00011415525 | Y405: 0.00017237236 | Z405: S08c0812h19 | AA405: elc_roadtransport | AC405: elc_buildings | AD405: S08c0812h19 | AE405: 5.4902948e-05 | AG405: ELC | AH405: S08c0812h19 | AI405: 0
I406: elc_spv-IND | J406: S08c0812h20 | K406: 2.8774525e-06 | L406: IMPNRGZ | N406: elc_won-IND | O406: S08c0812h20 | P406: 0.00012949965 | Q406: IMPNRGZ | S406: elc_wof-IND | T406: S08c0812h20 | U406: 0.00017827188 | V406: IMPNRGZ | X406: 0.00011415525 | Y406: 0.00015579809 | Z406: S08c0812h20 | AA406: elc_roadtransport | AC406: elc_buildings | AD406: S08c0812h20 | AE406: 4.7263315e-05 | AG406: ELC | AH406: S08c0812h20 | AI406: 0
I407: elc_spv-IND | J407: S08c0812h21 | K407: 0 | L407: IMPNRGZ | N407: elc_won-IND | O407: S08c0812h21 | P407: 0.00013893852 | Q407: IMPNRGZ | S407: elc_wof-IND | T407: S08c0812h21 | U407: 0.000168857 | V407: IMPNRGZ | X407: 0.00011415525 | Y407: 0.00010939015 | Z407: S08c0812h21 | AA407: elc_roadtransport | AC407: elc_buildings | AD407: S08c0812h21 | AE407: 4.7298967e-05 | AG407: ELC | AH407: S08c0812h21 | AI407: 0
I408: elc_spv-IND | J408: S08c0812h22 | K408: 0 | L408: IMPNRGZ | N408: elc_won-IND | O408: S08c0812h22 | P408: 0.00014628663 | Q408: IMPNRGZ | S408: elc_wof-IND | T408: S08c0812h22 | U408: 0.00016127675 | V408: IMPNRGZ | X408: 0.00011415525 | Y408: 7.9556473e-05 | Z408: S08c0812h22 | AA408: elc_roadtransport | AC408: elc_buildings | AD408: S08c0812h22 | AE408: 4.8152396e-05 | AG408: ELC | AH408: S08c0812h22 | AI408: 0
I409: elc_spv-IND | J409: S08c0812h23 | K409: 0 | L409: IMPNRGZ | N409: elc_won-IND | O409: S08c0812h23 | P409: 0.00015022556 | Q409: IMPNRGZ | S409: elc_wof-IND | T409: S08c0812h23 | U409: 0.00016384234 | V409: IMPNRGZ | X409: 0.00011415525 | Y409: 5.6352501e-05 | Z409: S08c0812h23 | AA409: elc_roadtransport | AC409: elc_buildings | AD409: S08c0812h23 | AE409: 6.0099279e-05 | AG409: ELC | AH409: S08c0812h23 | AI409: 0
I410: elc_spv-IND | J410: S08c0812h24 | K410: 0 | L410: IMPNRGZ | N410: elc_won-IND | O410: S08c0812h24 | P410: 0.0001508597 | Q410: IMPNRGZ | S410: elc_wof-IND | T410: S08c0812h24 | U410: 0.00016798672 | V410: IMPNRGZ | X410: 0.00011415525 | Y410: 2.9833677e-05 | Z410: S08c0812h24 | AA410: elc_roadtransport | AC410: elc_buildings | AD410: S08c0812h24 | AE410: 8.3236548e-05 | AG410: ELC | AH410: S08c0812h24 | AI410: 0
I411: elc_spv-IND | J411: S09aH01 | K411: 0.00044161886 | L411: IMPNRGZ | N411: elc_won-IND | O411: S09aH01 | P411: 0.019118427 | Q411: IMPNRGZ | S411: elc_wof-IND | T411: S09aH01 | U411: 0.018836011 | V411: IMPNRGZ | X411: 0.022374429 | Y411: 0.0088360722 | Z411: S09aH01 | AA411: elc_roadtransport | AC411: elc_buildings | AD411: S09aH01 | AE411: 0.023128454 | AG411: ELC | AH411: S09aH01 | AI411: 0.1191128
I412: elc_spv-IND | J412: S09aH02 | K412: 0.002459745 | L412: IMPNRGZ | N412: elc_won-IND | O412: S09aH02 | P412: 0.0023807499 | Q412: IMPNRGZ | S412: elc_wof-IND | T412: S09aH02 | U412: 0.0024586437 | V412: IMPNRGZ | X412: 0.003196347 | Y412: 0.0053369134 | Z412: S09aH02 | AA412: elc_roadtransport | AC412: elc_buildings | AD412: S09aH02 | AE412: 0.003824434 | AG412: ELC | AH412: S09aH02 | AI412: 0.058560595
I413: elc_spv-IND | J413: S09aH03 | K413: 0.0046874317 | L413: IMPNRGZ | N413: elc_won-IND | O413: S09aH03 | P413: 0.0025476375 | Q413: IMPNRGZ | S413: elc_wof-IND | T413: S09aH03 | U413: 0.0024101316 | V413: IMPNRGZ | X413: 0.003196347 | Y413: 0.0040838989 | Z413: S09aH03 | AA413: elc_roadtransport | AC413: elc_buildings | AD413: S09aH03 | AE413: 0.003891007 | AG413: ELC | AH413: S09aH03 | AI413: 0.058791446
I414: elc_spv-IND | J414: S09aH04 | K414: 0.0062532505 | L414: IMPNRGZ | N414: elc_won-IND | O414: S09aH04 | P414: 0.0025278076 | Q414: IMPNRGZ | S414: elc_wof-IND | T414: S09aH04 | U414: 0.002382645 | V414: IMPNRGZ | X414: 0.003196347 | Y414: 0.0040467726 | Z414: S09aH04 | AA414: elc_roadtransport | AC414: elc_buildings | AD414: S09aH04 | AE414: 0.0038980171 | AG414: ELC | AH414: S09aH04 | AI414: 0.055872863
... I490: elc_spv-IND | J490: S12aH08 | K490: 0 | L490: IMPNRGZ | N490: elc_won-IND | O490: S12aH08 | P490: 0.015166151 | Q490: IMPNRGZ | S490: elc_wof-IND | T490: S12aH08 | U490: 0.013111703 | V490: IMPNRGZ | X490: 0.017694064 | Y490: 0.013358858 | Z490: S12aH08 | AA490: elc_roadtransport | AC490: elc_buildings | AD490: S12aH08 | AE490: 0.0045197694 | AG490: ELC | AH490: S12aH08 | AI490: 0.13031367
AC491: elc_industry | AD491: S01aH01 | AE491: 0.022402979
AC492: elc_industry | AD492: S01aH02 | AE492: 0.003216576
AC493: elc_industry | AD493: S01aH03 | AE493: 0.0032200513
AC494: elc_industry | AD494: S01aH04 | AE494: 0.0032221035
AC495: elc_industry | AD495: S01aH05 | AE495: 0.022646178
AC496: elc_industry | AD496: S01aH06 | AE496: 0.0031697966
AC497: elc_industry | AD497: S01aH07 | AE497: 0.0031204196
AC498: elc_industry | AD498: S01aH08 | AE498: 0.015615701
AC499: elc_industry | AD499: S01b0129h01 | AE499: 0.00011287127
AC500: elc_industry | AD500: S01b0129h02 | AE500: 0.00011382777
AC501: elc_industry | AD501: S01b0129h03 | AE501: 0.00011454806
AC502: elc_industry | AD502: S01b0129h04 | AE502: 0.00011494621
... AC970: elc_industry | AD970: S12aH08 | AE970: 0.017272028

Sheet ts_012
C9: =IF(A11="x","DeActivated","~TimeSlices") -> DeActivated | I9: =IF(A11="x","DeActivated","~TFM_DINS-AT") -> DeActivated | N9: =IF(A11="x","DeActivated","~TFM_DINS-AT") -> DeActivated | S9: =IF(A11="x","DeActivated","~TFM_DINS-AT") -> DeActivated | X9: =IF(A11="x","DeActivated","~TFM_DINS-AT") -> DeActivated | AC9: =IF(A11="x","DeActivated","~TFM_DINS-AT") -> DeActivated | AG9: =IF(A11="x","DeActivated","~TFM_DINS-AT") -> DeActivated | AK9: =IF(A11="x","DeActivated","~TFM_INS-AT") -> DeActivated
A10: ts_012 | C10: season | D10: weekly | E10: daynite | F10: wparent | G10: dparent | I10: commodity | J10: timeslice | K10: com_fr | L10: process | N10: commodity | O10: timeslice | P10: com_fr | Q10: process | S10: commodity | T10: timeslice | U10: com_fr | V10: process | X10: g_yrfr | Y10: com_fr | Z10: timeslice | AA10: commodity | AC10: commodity | AD10: timeslice | AE10: com_fr | AG10: commodity | AH10: timeslice | AI10: com_pkflx | AK10: Year | AL10: timeslice | AM10: ncap_afs | AN10: pset_ci
A11: =IFERROR(IF(Veda!D5=A10,"ok","x"),"") -> x | C11: S01 | D11: a | E11: H01 | F11: S01,S02,S03,S04 | G11: a | I11: elc_spv-IND | J11: S01aH01 | K11: 0.012439195 | L11: IMPNRGZ | N11: elc_won-IND | O11: S01aH01 | P11: 0.080098738 | Q11: IMPNRGZ | S11: elc_wof-IND | T11: S01aH01 | U11: 0.075635167 | V11: IMPNRGZ | X11: 0.10958904 | Y11: 0.060741367 | Z11: S01aH01 | AA11: elc_roadtransport | AC11: elc_buildings | AD11: S01aH01 | AE11: 0.10672974 | AG11: ELC | AH11: S01aH01 | AI11: 0.29807032 | AK11: 2020 | AL11: S01 | AM11: 0.28976435 | AN11: hydro
C12: S02 | E12: H02 | G12: a | I12: elc_spv-IND | J12: S01aH02 | K12: 0.35725598 | L12: IMPNRGZ | N12: elc_won-IND | O12: S01aH02 | P12: 0.047728525 | Q12: IMPNRGZ | S12: elc_wof-IND | T12: S01aH02 | U12: 0.077222382 | V12: IMPNRGZ | X12: 0.1369863 | Y12: 0.19562937 | Z12: S01aH02 | AA12: elc_roadtransport | AC12: elc_buildings | AD12: S01aH02 | AE12: 0.15760802 | AG12: ELC | AH12: S01aH02 | AI12: 0.29498804 | AK12: 2020 | AL12: S02 | AM12: 0.48560637 | AN12: hydro
C13: S03 | E13: H03 | G13: a | I13: elc_spv-IND | J13: S01aH03 | K13: 0.011585764 | L13: IMPNRGZ | N13: elc_won-IND | O13: S01aH03 | P13: 0.080259272 | Q13: IMPNRGZ | S13: elc_wof-IND | T13: S01aH03 | U13: 0.06019401 | V13: IMPNRGZ | X13: 0.082191781 | Y13: 0.07239639 | Z13: S01aH03 | AA13: elc_roadtransport | AC13: elc_buildings | AD13: S01aH03 | AE13: 0.036280022 | AG13: ELC | AH13: S01aH03 | AI13: 0.48239598 | AK13: 2020 | AL13: S03 | AM13: 0.57323895 | AN13: hydro
C14: S04 | I14: elc_spv-IND | J14: S02aH01 | K14: 0.011183214 | L14: IMPNRGZ | N14: elc_won-IND | O14: S02aH01 | P14: 0.086201204 | Q14: IMPNRGZ | S14: elc_wof-IND | T14: S02aH01 | U14: 0.077990025 | V14: IMPNRGZ | X14: 0.055707763 | Y14: 0.030876861 | Z14: S02aH01 | AA14: elc_roadtransport | AC14: elc_buildings | AD14: S02aH01 | AE14: 0.075812182 | AG14: ELC | AH14: S02aH01 | AI14: 0.10534816 | AK14: 2020 | AL14: S04 | AM14: 0.39261947 | AN14: hydro
I15: elc_spv-IND | J15: S02aH02 | K15: 0.16059038 | L15: IMPNRGZ | N15: elc_won-IND | O15: S02aH02 | P15: 0.10174246 | Q15: IMPNRGZ | S15: elc_wof-IND | T15: S02aH02 | U15: 0.090653255 | V15: IMPNRGZ | X15: 0.069634703 | Y15: 0.099444928 | Z15: S02aH02 | AA15: elc_roadtransport | AC15: elc_buildings | AD15: S02aH02 | AE15: 0.10345342 | AG15: ELC | AH15: S02aH02 | AI15: 0.14412126 | AK15: 2021 | AL15: S01 | AM15: 0.25128996 | AN15: hydro
I16: elc_spv-IND | J16: S02aH03 | K16: 0.0085671833 | L16: IMPNRGZ | N16: elc_won-IND | O16: S02aH03 | P16: 0.078403094 | Q16: IMPNRGZ | S16: elc_wof-IND | T16: S02aH03 | U16: 0.064101536 | V16: IMPNRGZ | X16: 0.041780822 | Y16: 0.036801498 | Z16: S02aH03 | AA16: elc_roadtransport | AC16: elc_buildings | AD16: S02aH03 | AE16: 0.044652644 | AG16: ELC | AH16: S02aH03 | AI16: 0.073812553 | AK16: 2021 | AL16: S02 | AM16: 0.42520105 | AN16: hydro
I17: elc_spv-IND | J17: S03aH01 | K17: 0.003852952 | L17: IMPNRGZ | N17: elc_won-IND | O17: S03aH01 | P17: 0.098111397 | Q17: IMPNRGZ | S17: elc_wof-IND | T17: S03aH01 | U17: 0.11096639 | V17: IMPNRGZ | X17: 0.056621005 | Y17: 0.03138304 | Z17: S03aH01 | AA17: elc_roadtransport | AC17: elc_buildings | AD17: S03aH01 | AE17: 0.068653032 | AG17: ELC | AH17: S03aH01 | AI17: 0.11218274 | AK17: 2021 | AL17: S03 | AM17: 0.59935089 | AN17: hydro
I18: elc_spv-IND | J18: S03aH02 | K18: 0.10109401 | L18: IMPNRGZ | N18: elc_won-IND | O18: S03aH02 | P18: 0.13772736 | Q18: IMPNRGZ | S18: elc_wof-IND | T18: S03aH02 | U18: 0.13197731 | V18: IMPNRGZ | X18: 0.070776256 | Y18: 0.10107517 | Z18: S03aH02 | AA18: elc_roadtransport | AC18: elc_buildings | AD18: S03aH02 | AE18: 0.094593518 | AG18: ELC | AH18: S03aH02 | AI18: 0.16999512 | AK18: 2021 | AL18: S04 | AM18: 0.40695858 | AN18: hydro
I19: elc_spv-IND | J19: S03aH03 | K19: 0.0033001691 | L19: IMPNRGZ | N19: elc_won-IND | O19: S03aH03 | P19: 0.082656524 | Q19: IMPNRGZ | S19: elc_wof-IND | T19: S03aH03 | U19: 0.082972967 | V19: IMPNRGZ | X19: 0.042465753 | Y19: 0.037404802 | Z19: S03aH03 | AA19: elc_roadtransport | AC19: elc_buildings | AD19: S03aH03 | AE19: 0.031893725 | AG19: ELC | AH19: S03aH03 | AI19: 0.2030817 | AK19: 2022 | AL19: S01 | AM19: 0.28986997 | AN19: hydro
I20: elc_spv-IND | J20: S04aH01 | K20: 0.011852803 | L20: IMPNRGZ | N20: elc_won-IND | O20: S04aH01 | P20: 0.073376889 | Q20: IMPNRGZ | S20: elc_wof-IND | T20: S04aH01 | U20: 0.079280303 | V20: IMPNRGZ | X20: 0.11141553 | Y20: 0.061753723 | Z20: S04aH01 | AA20: elc_roadtransport | AC20: elc_buildings | AD20: S04aH01 | AE20: 0.10295867 | AG20: ELC | AH20: S04aH01 | AI20: 0.19675484 | AK20: 2022 | AL20: S02 | AM20: 0.40786549 | AN20: hydro
I21: elc_spv-IND | J21: S04aH02 | K21: 0.31573668 | L21: IMPNRGZ | N21: elc_won-IND | O21: S04aH02 | P21: 0.06875463 | Q21: IMPNRGZ | S21: elc_wof-IND | T21: S04aH02 | U21: 0.09099607 | V21: IMPNRGZ | X21: 0.13926941 | Y21: 0.19888986 | Z21: S04aH02 | AA21: elc_roadtransport | AC21: elc_buildings | AD21: S04aH02 | AE21: 0.14846017 | AG21: ELC | AH21: S04aH02 | AI21: 0.26132022 | AK21: 2022 | AL21: S03 | AM21: 0.64955618 | AN21: hydro
I22: elc_spv-IND | J22: S04aH03 | K22: 0.0025416671 | L22: IMPNRGZ | N22: elc_won-IND | O22: S04aH03 | P22: 0.064939915 | Q22: IMPNRGZ | S22: elc_wof-IND | T22: S04aH03 | U22: 0.058010581 | V22: IMPNRGZ | X22: 0.083561644 | Y22: 0.073602997 | Z22: S04aH03 | AA22: elc_roadtransport | AC22: elc_buildings | AD22: S04aH03 | AE22: 0.028904858 | AG22: ELC | AH22: S04aH03 | AI22: 0.24161495 | AK22: 2022 | AL22: S04 | AM22: 0.44424529 | AN22: hydro
AC23: elc_industry | AD23: S01aH01 | AE23: 0.10985649 | AK23: 2025 | AL23: S01 | AM23: 0.30975 | AN23: hydro
AC24: elc_industry | AD24: S01aH02 | AE24: 0.13846953 | AK24: 2025 | AL24: S02 | AM24: 0.4662 | AN24: hydro
AC25: elc_industry | AD25: S01aH03 | AE25: 0.080314105 | AK25: 2025 | AL25: S03 | AM25: 0.68605 | AN25: hydro
AC26: elc_industry | AD26: S02aH01 | AE26: 0.055848861 | AK26: 2025 | AL26: S04 | AM26: 0.49545 | AN26: hydro
AC27: elc_industry | AD27: S02aH02 | AE27: 0.070223629 | AK27: 2026 | AL27: S01 | AM27: 0.30145 | AN27: hydro
AC28: elc_industry | AD28: S02aH03 | AE28: 0.041307028 | AK28: 2026 | AL28: S02 | AM28: 0.458 | AN28: hydro
AC29: elc_industry | AD29: S03aH01 | AE29: 0.056830259 | AK29: 2026 | AL29: S03 | AM29: 0.66755 | AN29: hydro
AC30: elc_industry | AD30: S03aH02 | AE30: 0.071454605 | AK30: 2026 | AL30: S04 | AM30: 0.4718 | AN30: hydro
AC31: elc_industry | AD31: S03aH03 | AE31: 0.041692189 | AK31: 2027 | AL31: S01 | AM31: 0.314075 | AN31: hydro
AC32: elc_industry | AD32: S04aH01 | AE32: 0.11178636 | AK32: 2027 | AL32: S02 | AM32: 0.4678 | AN32: hydro
AC33: elc_industry | AD33: S04aH02 | AE33: 0.14067133 | AK33: 2027 | AL33: S03 | AM33: 0.6427 | AN33: hydro
AC34: elc_industry | AD34: S04aH03 | AE34: 0.081545607 | AK34: 2027 | AL34: S04 | AM34: 0.4318 | AN34: hydro
AK35: 2028 | AL35: S01 | AM35: 0.273125 | AN35: hydro
AK36: 2028 | AL36: S02 | AM36: 0.45725 | AN36: hydro
AK37: 2028 | AL37: S03 | AM37: 0.58745 | AN37: hydro
AK38: 2028 | AL38: S04 | AM38: 0.41455 | AN38: hydro
AK39: 2029 | AL39: S01 | AM39: 0.26455 | AN39: hydro
AK40: 2029 | AL40: S02 | AM40: 0.4009 | AN40: hydro
AK41: 2029 | AL41: S03 | AM41: 0.6127 | AN41: hydro
AK42: 2029 | AL42: S04 | AM42: 0.375125 | AN42: hydro
AK43: 2030 | AL43: S01 | AM43: 0.2802 | AN43: hydro
AK44: 2030 | AL44: S02 | AM44: 0.40065 | AN44: hydro
AK45: 2030 | AL45: S03 | AM45: 0.62555 | AN45: hydro
AK46: 2030 | AL46: S04 | AM46: 0.39255 | AN46: hydro
... AK126: 2050 | AL126: S04 | AM126: 0.40475 | AN126: hydro

Sheet ts_024
C9: =IF(A11="x","DeActivated","~TimeSlices") -> DeActivated | I9: =IF(A11="x","DeActivated","~TFM_DINS-AT") -> DeActivated | N9: =IF(A11="x","DeActivated","~TFM_DINS-AT") -> DeActivated | S9: =IF(A11="x","DeActivated","~TFM_DINS-AT") -> DeActivated | X9: =IF(A11="x","DeActivated","~TFM_DINS-AT") -> DeActivated | AC9: =IF(A11="x","DeActivated","~TFM_DINS-AT") -> DeActivated | AG9: =IF(A11="x","DeActivated","~TFM_DINS-AT") -> DeActivated | AK9: =IF(A11="x","DeActivated","~TFM_INS-AT") -> DeActivated
A10: ts_024 | C10: season | D10: weekly | E10: daynite | F10: wparent | G10: dparent | I10: commodity | J10: timeslice | K10: com_fr | L10: process | N10: commodity | O10: timeslice | P10: com_fr | Q10: process | S10: commodity | T10: timeslice | U10: com_fr | V10: process | X10: g_yrfr | Y10: com_fr | Z10: timeslice | AA10: commodity | AC10: commodity | AD10: timeslice | AE10: com_fr | AG10: commodity | AH10: timeslice | AI10: com_pkflx | AK10: Year | AL10: timeslice | AM10: ncap_afs | AN10: pset_ci
A11: =IFERROR(IF(Veda!D5=A10,"ok","x"),"") -> x | C11: S01 | D11: a | E11: H01 | F11: S01,S02,S03,S04 | G11: a | I11: elc_spv-IND | J11: S01aH01 | K11: 0.0013291638 | L11: IMPNRGZ | N11: elc_won-IND | O11: S01aH01 | P11: 0.073541597 | Q11: IMPNRGZ | S11: elc_wof-IND | T11: S01aH01 | U11: 0.067083547 | V11: IMPNRGZ | X11: 0.095890411 | Y11: 0.037868881 | Z11: S01aH01 | AA11: elc_roadtransport | AC11: elc_buildings | AD11: S01aH01 | AE11: 0.091055234 | AG11: ELC | AH11: S01aH01 | AI11: 0.31340464 | AK11: 2020 | AL11: S01 | AM11: 0.28976435 | AN11: hydro
C12: S02 | E12: H02 | G12: a | I12: elc_spv-IND | J12: S01aH02 | K12: 0.011110031 | L12: IMPNRGZ | N12: elc_won-IND | O12: S01aH02 | P12: 0.0065571414 | Q12: IMPNRGZ | S12: elc_wof-IND | T12: S01aH02 | U12: 0.0085516204 | V12: IMPNRGZ | X12: 0.01369863 | Y12: 0.022872486 | Z12: S01aH02 | AA12: elc_roadtransport | AC12: elc_buildings | AD12: S01aH02 | AE12: 0.015674501 | AG12: ELC | AH12: S01aH02 | AI12: 0.19877759 | AK12: 2020 | AL12: S02 | AM12: 0.48560637 | AN12: hydro
C13: S03 | E13: H03 | G13: a | I13: elc_spv-IND | J13: S01aH03 | K13: 0.026486079 | L13: IMPNRGZ | N13: elc_won-IND | O13: S01aH03 | P13: 0.0047036335 | Q13: IMPNRGZ | S13: elc_wof-IND | T13: S01aH03 | U13: 0.0081592442 | V13: IMPNRGZ | X13: 0.01369863 | Y13: 0.017502424 | Z13: S01aH03 | AA13: elc_roadtransport | AC13: elc_buildings | AD13: S01aH03 | AE13: 0.016274014 | AG13: ELC | AH13: S01aH03 | AI13: 0.1877002 | AK13: 2020 | AL13: S03 | AM13: 0.57323895 | AN13: hydro
C14: S04 | E14: H04 | G14: a | I14: elc_spv-IND | J14: S01aH04 | K14: 0.30529698 | L14: IMPNRGZ | N14: elc_won-IND | O14: S01aH04 | P14: 0.035928255 | Q14: IMPNRGZ | S14: elc_wof-IND | T14: S01aH04 | U14: 0.059843021 | V14: IMPNRGZ | X14: 0.10958904 | Y14: 0.15147552 | Z14: S01aH04 | AA14: elc_roadtransport | AC14: elc_buildings | AD14: S01aH04 | AE14: 0.13308828 | AG14: ELC | AH14: S01aH04 | AI14: 0.259396 | AK14: 2020 | AL14: S04 | AM14: 0.39261947 | AN14: hydro
E15: H05 | G15: a | I15: elc_spv-IND | J15: S01aH05 | K15: 0.02547292 | L15: IMPNRGZ | N15: elc_won-IND | O15: S01aH05 | P15: 0.007096637 | Q15: IMPNRGZ | S15: elc_wof-IND | T15: S01aH05 | U15: 0.0092201173 | V15: IMPNRGZ | X15: 0.01369863 | Y15: 0.026651418 | Z15: S01aH05 | AA15: elc_roadtransport | AC15: elc_buildings | AD15: S01aH05 | AE15: 0.0082457276 | AG15: ELC | AH15: S01aH05 | AI15: 0.20749045 | AK15: 2021 | AL15: S01 | AM15: 0.25128996 | AN15: hydro
E16: H06 | G16: a | I16: elc_spv-IND | J16: S01aH06 | K16: 0.011585764 | L16: IMPNRGZ | N16: elc_won-IND | O16: S01aH06 | P16: 0.080259272 | Q16: IMPNRGZ | S16: elc_wof-IND | T16: S01aH06 | U16: 0.06019401 | V16: IMPNRGZ | X16: 0.082191781 | Y16: 0.07239639 | Z16: S01aH06 | AA16: elc_roadtransport | AC16: elc_buildings | AD16: S01aH06 | AE16: 0.036280022 | AG16: ELC | AH16: S01aH06 | AI16: 0.48239598 | AK16: 2021 | AL16: S02 | AM16: 0.42520105 | AN16: hydro
I17: elc_spv-IND | J17: S02aH01 | K17: 0.002810713 | L17: IMPNRGZ | N17: elc_won-IND | O17: S02aH01 | P17: 0.076683989 | Q17: IMPNRGZ | S17: elc_wof-IND | T17: S02aH01 | U17: 0.069324325 | V17: IMPNRGZ | X17: 0.048744292 | Y17: 0.019250015 | Z17: S02aH01 | AA17: elc_roadtransport | AC17: elc_buildings | AD17: S02aH01 | AE17: 0.065192545 | AG17: ELC | AH17: S02aH01 | AI17: 0.11603121 | AK17: 2021 | AL17: S03 | AM17: 0.59935089 | AN17: hydro
I18: elc_spv-IND | J18: S02aH02 | K18: 0.0083725006 | L18: IMPNRGZ | N18: elc_won-IND | O18: S02aH02 | P18: 0.0095172151 | Q18: IMPNRGZ | S18: elc_wof-IND | T18: S02aH02 | U18: 0.0086657 | V18: IMPNRGZ | X18: 0.0069634703 | Y18: 0.011626847 | Z18: S02aH02 | AA18: elc_roadtransport | AC18: elc_buildings | AD18: S02aH02 | AE18: 0.010619636 | AG18: ELC | AH18: S02aH02 | AI18: 0.034881003 | AK18: 2021 | AL18: S04 | AM18: 0.40695858 | AN18: hydro
I19: elc_spv-IND | J19: S02aH03 | K19: 0.012664836 | L19: IMPNRGZ | N19: elc_won-IND | O19: S02aH03 | P19: 0.010194002 | Q19: IMPNRGZ | S19: elc_wof-IND | T19: S02aH03 | U19: 0.0084785251 | V19: IMPNRGZ | X19: 0.0069634703 | Y19: 0.0088970655 | Z19: S02aH03 | AA19: elc_roadtransport | AC19: elc_buildings | AD19: S02aH03 | AE19: 0.010729345 | AG19: ELC | AH19: S02aH03 | AI19: 0.041117482 | AK19: 2022 | AL19: S01 | AM19: 0.28986997 | AN19: hydro
I20: elc_spv-IND | J20: S02aH04 | K20: 0.13708287 | L20: IMPNRGZ | N20: elc_won-IND | O20: S02aH04 | P20: 0.080432517 | Q20: IMPNRGZ | S20: elc_wof-IND | T20: S02aH04 | U20: 0.072002067 | V20: IMPNRGZ | X20: 0.055707763 | Y20: 0.077000058 | Z20: S02aH04 | AA20: elc_roadtransport | AC20: elc_buildings | AD20: S02aH04 | AE20: 0.086222484 | AG20: ELC | AH20: S02aH04 | AI20: 0.11717309 | AK20: 2022 | AL20: S02 | AM20: 0.40786549 | AN20: hydro
I21: elc_spv-IND | J21: S02aH05 | K21: 0.010842674 | L21: IMPNRGZ | N21: elc_won-IND | O21: S02aH05 | P21: 0.011115937 | Q21: IMPNRGZ | S21: elc_wof-IND | T21: S02aH05 | U21: 0.010172663 | V21: IMPNRGZ | X21: 0.0069634703 | Y21: 0.013547804 | Z21: S02aH05 | AA21: elc_roadtransport | AC21: elc_buildings | AD21: S02aH05 | AE21: 0.0065015924 | AG21: ELC | AH21: S02aH05 | AI21: 0.081659543 | AK21: 2022 | AL21: S03 | AM21: 0.64955618 | AN21: hydro
I22: elc_spv-IND | J22: S02aH06 | K22: 0.0085671833 | L22: IMPNRGZ | N22: elc_won-IND | O22: S02aH06 | P22: 0.078403094 | Q22: IMPNRGZ | S22: elc_wof-IND | T22: S02aH06 | U22: 0.064101536 | V22: IMPNRGZ | X22: 0.041780822 | Y22: 0.036801498 | Z22: S02aH06 | AA22: elc_roadtransport | AC22: elc_buildings | AD22: S02aH06 | AE22: 0.044652644 | AG22: ELC | AH22: S02aH06 | AI22: 0.073812553 | AK22: 2022 | AL22: S04 | AM22: 0.44424529 | AN22: hydro
I23: elc_spv-IND | J23: S03aH01 | K23: 0.00069214947 | L23: IMPNRGZ | N23: elc_won-IND | O23: S03aH01 | P23: 0.086526982 | Q23: IMPNRGZ | S23: elc_wof-IND | T23: S03aH01 | U23: 0.097837152 | V23: IMPNRGZ | X23: 0.049543379 | Y23: 0.019565589 | Z23: S03aH01 | AA23: elc_roadtransport | AC23: elc_buildings | AD23: S03aH01 | AE23: 0.059157789 | AG23: ELC | AH23: S03aH01 | AI23: 0.12112869 | AK23: 2025 | AL23: S01 | AM23: 0.30975 | AN23: hydro
I24: elc_spv-IND | J24: S03aH02 | K24: 0.0031608025 | L24: IMPNRGZ | N24: elc_won-IND | O24: S03aH02 | P24: 0.011584414 | Q24: IMPNRGZ | S24: elc_wof-IND | T24: S03aH02 | U24: 0.013129241 | V24: IMPNRGZ | X24: 0.0070776256 | Y24: 0.011817451 | Z24: S03aH02 | AA24: elc_roadtransport | AC24: elc_buildings | AD24: S03aH02 | AE24: 0.0094952432 | AG24: ELC | AH24: S03aH02 | AI24: 0.052219165 | AK24: 2025 | AL24: S02 | AM24: 0.4662 | AN24: hydro
I25: elc_spv-IND | J25: S03aH03 | K25: 0.0062661692 | L25: IMPNRGZ | N25: elc_won-IND | O25: S03aH03 | P25: 0.013139419 | Q25: IMPNRGZ | S25: elc_wof-IND | T25: S03aH03 | U25: 0.013012699 | V25: IMPNRGZ | X25: 0.0070776256 | Y25: 0.0090429191 | Z25: S03aH03 | AA25: elc_roadtransport | AC25: elc_buildings | AD25: S03aH03 | AE25: 0.009584188 | AG25: ELC | AH25: S03aH03 | AI25: 0.080436513 | AK25: 2025 | AL25: S03 | AM25: 0.68605 | AN25: hydro
I26: elc_spv-IND | J26: S03aH04 | K26: 0.08901258 | L26: IMPNRGZ | N26: elc_won-IND | O26: S03aH04 | P26: 0.11097744 | Q26: IMPNRGZ | S26: elc_wof-IND | T26: S03aH04 | U26: 0.10532487 | V26: IMPNRGZ | X26: 0.056621005 | Y26: 0.078262354 | Z26: S03aH04 | AA26: elc_roadtransport | AC26: elc_buildings | AD26: S03aH04 | AE26: 0.079261936 | AG26: ELC | AH26: S03aH04 | AI26: 0.14032697 | AK26: 2025 | AL26: S04 | AM26: 0.49545 | AN26: hydro
I27: elc_spv-IND | J27: S03aH05 | K27: 0.0058152622 | L27: IMPNRGZ | N27: elc_won-IND | O27: S03aH05 | P27: 0.013610491 | Q27: IMPNRGZ | S27: elc_wof-IND | T27: S03aH05 | U27: 0.01363974 | V27: IMPNRGZ | X27: 0.0070776256 | Y27: 0.013769899 | Z27: S03aH05 | AA27: elc_roadtransport | AC27: elc_buildings | AD27: S03aH05 | AE27: 0.0057473944 | AG27: ELC | AH27: S03aH05 | AI27: 0.068901663 | AK27: 2026 | AL27: S01 | AM27: 0.30145 | AN27: hydro
I28: elc_spv-IND | J28: S03aH06 | K28: 0.0033001691 | L28: IMPNRGZ | N28: elc_won-IND | O28: S03aH06 | P28: 0.082656524 | Q28: IMPNRGZ | S28: elc_wof-IND | T28: S03aH06 | U28: 0.082972967 | V28: IMPNRGZ | X28: 0.042465753 | Y28: 0.037404802 | Z28: S03aH06 | AA28: elc_roadtransport | AC28: elc_buildings | AD28: S03aH06 | AE28: 0.031893725 | AG28: ELC | AH28: S03aH06 | AI28: 0.2030817 | AK28: 2026 | AL28: S02 | AM28: 0.458 | AN28: hydro
... I34: elc_spv-IND | J34: S04aH06 | K34: 0.0025416671 | L34: IMPNRGZ | N34: elc_won-IND | O34: S04aH06 | P34: 0.064939915 | Q34: IMPNRGZ | S34: elc_wof-IND | T34: S04aH06 | U34: 0.058010581 | V34: IMPNRGZ | X34: 0.083561644 | Y34: 0.073602997 | Z34: S04aH06 | AA34: elc_roadtransport | AC34: elc_buildings | AD34: S04aH06 | AE34: 0.028904858 | AG34: ELC | AH34: S04aH06 | AI34: 0.24161495 | AK34: 2027 | AL34: S04 | AM34: 0.4318 | AN34: hydro
AC35: elc_industry | AD35: S01aH01 | AE35: 0.096013632 | AK35: 2028 | AL35: S01 | AM35: 0.273125 | AN35: hydro
AC36: elc_industry | AD36: S01aH02 | AE36: 0.013842855 | AK36: 2028 | AL36: S02 | AM36: 0.45725 | AN36: hydro
AC37: elc_industry | AD37: S01aH03 | AE37: 0.013871323 | AK37: 2028 | AL37: S03 | AM37: 0.58745 | AN37: hydro
AC38: elc_industry | AD38: S01aH04 | AE38: 0.11110811 | AK38: 2028 | AL38: S04 | AM38: 0.41455 | AN38: hydro
AC39: elc_industry | AD39: S01aH05 | AE39: 0.013490105 | AK39: 2029 | AL39: S01 | AM39: 0.26455 | AN39: hydro
AC40: elc_industry | AD40: S01aH06 | AE40: 0.080314105 | AK40: 2029 | AL40: S02 | AM40: 0.4009 | AN40: hydro
AC41: elc_industry | AD41: S02aH01 | AE41: 0.048813473 | AK41: 2029 | AL41: S03 | AM41: 0.6127 | AN41: hydro
AC42: elc_industry | AD42: S02aH02 | AE42: 0.0070353876 | AK42: 2029 | AL42: S04 | AM42: 0.375125 | AN42: hydro
AC43: elc_industry | AD43: S02aH03 | AE43: 0.0070405971 | AK43: 2030 | AL43: S01 | AM43: 0.2802 | AN43: hydro
AC44: elc_industry | AD44: S02aH04 | AE44: 0.056343187 | AK44: 2030 | AL44: S02 | AM44: 0.40065 | AN44: hydro
AC45: elc_industry | AD45: S02aH05 | AE45: 0.006839845 | AK45: 2030 | AL45: S03 | AM45: 0.62555 | AN45: hydro
AC46: elc_industry | AD46: S02aH06 | AE46: 0.041307028 | AK46: 2030 | AL46: S04 | AM46: 0.39255 | AN46: hydro
... AC58: elc_industry | AD58: S04aH06 | AE58: 0.081545607 | AK58: 2033 | AL58: S04 | AM58: 0.3994 | AN58: hydro
AK59: 2034 | AL59: S01 | AM59: 0.277825 | AN59: hydro
AK60: 2034 | AL60: S02 | AM60: 0.42275 | AN60: hydro
AK61: 2034 | AL61: S03 | AM61: 0.6065 | AN61: hydro
AK62: 2034 | AL62: S04 | AM62: 0.3977 | AN62: hydro
AK63: 2035 | AL63: S01 | AM63: 0.27635 | AN63: hydro
AK64: 2035 | AL64: S02 | AM64: 0.42745 | AN64: hydro
AK65: 2035 | AL65: S03 | AM65: 0.5818 | AN65: hydro
AK66: 2035 | AL66: S04 | AM66: 0.3845 | AN66: hydro
AK67: 2036 | AL67: S01 | AM67: 0.259325 | AN67: hydro
AK68: 2036 | AL68: S02 | AM68: 0.40975 | AN68: hydro
AK69: 2036 | AL69: S03 | AM69: 0.61355 | AN69: hydro
AK70: 2036 | AL70: S04 | AM70: 0.387475 | AN70: hydro
... AK126: 2050 | AL126: S04 | AM126: 0.40475 | AN126: hydro

Sheet ts_048
C9: =IF(A11="x","DeActivated","~TimeSlices") -> DeActivated | I9: =IF(A11="x","DeActivated","~TFM_DINS-AT") -> DeActivated | N9: =IF(A11="x","DeActivated","~TFM_DINS-AT") -> DeActivated | S9: =IF(A11="x","DeActivated","~TFM_DINS-AT") -> DeActivated | X9: =IF(A11="x","DeActivated","~TFM_DINS-AT") -> DeActivated | AC9: =IF(A11="x","DeActivated","~TFM_DINS-AT") -> DeActivated | AG9: =IF(A11="x","DeActivated","~TFM_DINS-AT") -> DeActivated | AK9: =IF(A11="x","DeActivated","~TFM_INS-AT") -> DeActivated
A10: ts_048 | C10: season | D10: weekly | E10: daynite | F10: wparent | G10: dparent | I10: commodity | J10: timeslice | K10: com_fr | L10: process | N10: commodity | O10: timeslice | P10: com_fr | Q10: process | S10: commodity | T10: timeslice | U10: com_fr | V10: process | X10: g_yrfr | Y10: com_fr | Z10: timeslice | AA10: commodity | AC10: commodity | AD10: timeslice | AE10: com_fr | AG10: commodity | AH10: timeslice | AI10: com_pkflx | AK10: Year | AL10: timeslice | AM10: ncap_afs | AN10: pset_ci
A11: =IFERROR(IF(Veda!D5=A10,"ok","x"),"") -> x | C11: S01 | D11: a | E11: H01 | F11: S01,S02,S03,S04,S05,S06,S07 | G11: a | I11: elc_spv-IND | J11: S01aH01 | K11: 0 | L11: IMPNRGZ | N11: elc_won-IND | O11: S01aH01 | P11: 0.017870836 | Q11: IMPNRGZ | S11: elc_wof-IND | T11: S01aH01 | U11: 0.018804923 | V11: IMPNRGZ | X11: 0.024771689 | Y11: 0.0097827943 | Z11: S01aH01 | AA11: elc_roadtransport | AC11: elc_buildings | AD11: S01aH01 | AE11: 0.019494529 | AG11: ELC | AH11: S01aH01 | AI11: 0.10127754 | AK11: 2020 | AL11: S01 | AM11: 0.26981109 | AN11: hydro
C12: S02 | E12: H02 | G12: a | I12: elc_spv-IND | J12: S01aH02 | K12: 0.0015156644 | L12: IMPNRGZ | N12: elc_won-IND | O12: S01aH02 | P12: 0.0019241152 | Q12: IMPNRGZ | S12: elc_wof-IND | T12: S01aH02 | U12: 0.0024994659 | V12: IMPNRGZ | X12: 0.0035388128 | Y12: 0.0059087255 | Z12: S01aH02 | AA12: elc_roadtransport | AC12: elc_buildings | AD12: S01aH02 | AE12: 0.0031657926 | AG12: ELC | AH12: S01aH02 | AI12: 0.027713628 | AK12: 2020 | AL12: S02 | AM12: 0.29641543 | AN12: hydro
C13: S03 | E13: H03 | G13: a | I13: elc_spv-IND | J13: S01aH03 | K13: 0.0060907787 | L13: IMPNRGZ | N13: elc_won-IND | O13: S01aH03 | P13: 0.0013264423 | Q13: IMPNRGZ | S13: elc_wof-IND | T13: S01aH03 | U13: 0.0024236393 | V13: IMPNRGZ | X13: 0.0035388128 | Y13: 0.0045214595 | Z13: S01aH03 | AA13: elc_roadtransport | AC13: elc_buildings | AD13: S01aH03 | AE13: 0.0032675077 | AG13: ELC | AH13: S01aH03 | AI13: 0.053468428 | AK13: 2020 | AL13: S03 | AM13: 0.48560637 | AN13: hydro
C14: S04 | E14: H04 | G14: a | I14: elc_spv-IND | J14: S01aH04 | K14: 0.076881219 | L14: IMPNRGZ | N14: elc_won-IND | O14: S01aH04 | P14: 0.007475247 | Q14: IMPNRGZ | S14: elc_wof-IND | T14: S01aH04 | U14: 0.016522427 | V14: IMPNRGZ | X14: 0.028310502 | Y14: 0.039131177 | Z14: S01aH04 | AA14: elc_roadtransport | AC14: elc_buildings | AD14: S01aH04 | AE14: 0.028374664 | AG14: ELC | AH14: S01aH04 | AI14: 0.090744247 | AK14: 2020 | AL14: S04 | AM14: 0.55540745 | AN14: hydro
C15: S05 | E15: H05 | G15: a | I15: elc_spv-IND | J15: S01aH05 | K15: 0.0063045631 | L15: IMPNRGZ | N15: elc_won-IND | O15: S01aH05 | P15: 0.0011229787 | Q15: IMPNRGZ | S15: elc_wof-IND | T15: S01aH05 | U15: 0.0022277817 | V15: IMPNRGZ | X15: 0.0035388128 | Y15: 0.0068849497 | Z15: S01aH05 | AA15: elc_roadtransport | AC15: elc_buildings | AD15: S01aH05 | AE15: 0.0020364328 | AG15: ELC | AH15: S01aH05 | AI15: 0.13177807 | AK15: 2020 | AL15: S05 | AM15: 0.59107045 | AN15: hydro
C16: S06 | E16: H06 | G16: a | I16: elc_spv-IND | J16: S01aH06 | K16: 0.0019471601 | L16: IMPNRGZ | N16: elc_won-IND | O16: S01aH06 | P16: 0.016525825 | Q16: IMPNRGZ | S16: elc_wof-IND | T16: S01aH06 | U16: 0.015257859 | V16: IMPNRGZ | X16: 0.021232877 | Y16: 0.018702401 | Z16: S01aH06 | AA16: elc_roadtransport | AC16: elc_buildings | AD16: S01aH06 | AE16: 0.0057743018 | AG16: ELC | AH16: S01aH06 | AI16: 0.14655383 | AK16: 2020 | AL16: S06 | AM16: 0.61228312 | AN16: hydro
