Workbook

Sheet Veda
G1: 1-25,36-40 | H1: 8 | I1: 13 | J1: 18 | K1: 23 | L1: 28 | M1: 33 | N1: 38
D2: ="~Inputcell: "&_xlfn.TEXTJOIN(",",TRUE,G1:EE1) -> ~Inputcell: 1-25,36-40,8,13,18,23,28,33,38
D3: 3
D5: =VLOOKUP(D3,$C$9:$E$999,2,FALSE) -> ts_annual | E5: =VLOOKUP(D3,$C$9:$E$999,3,FALSE) -> C3
B7: ~Scenmap
A8: priority | B8: scen | C8: case_no | D8: timeslice | E8: climate | AM8: bio price multiplier
A9: 5 | B9: =VLOOKUP(E9,$AK$9:$AL$15,2,FALSE)&"."&VLOOKUP(D9,$AH$9:$AI$24,2,FALSE) -> e 1.5 deg no OS.xAnn | C9: 1 | D9: =VLOOKUP(AJ9,$AG$9:$AH$22,2,FALSE) -> ts_annual | E9: C1 | G9: Limit warming to 1.5°C (>50%) with no or limited overshoot | AG9: 1 | AH9: ts_annual | AI9: xAnn | AJ9: 1 | AK9: C1 | AL9: e 1.5 deg no OS | AM9: 5
A10: 5 | B10: =VLOOKUP(E10,$AK$9:$AL$15,2,FALSE)&"."&VLOOKUP(D10,$AH$9:$AI$24,2,FALSE) -> d 1.5 deg OS.xAnn | C10: =C9+1 -> 2 | D10: =VLOOKUP(AJ10,$AG$9:$AH$22,2,FALSE) -> ts_annual | E10: C2 | G10: Limit warming to 1.5°C (>67%) with high overshoot | S10: IEA | AG10: 2 | AH10: ts_12t | AI10: x12 | AJ10: 1 | AK10: C2 | AL10: d 1.5 deg OS | AM10: 4
A11: 5 | B11: =VLOOKUP(E11,$AK$9:$AL$15,2,FALSE)&"."&VLOOKUP(D11,$AH$9:$AI$24,2,FALSE) -> c 2 deg (67%).xAnn | C11: =C10+1 -> 3 | D11: =VLOOKUP(AJ11,$AG$9:$AH$22,2,FALSE) -> ts_annual | E11: C3 | G11: Limit warming to 2°C (>67%) with higher action post-2030 | S11: 2022 | AG11: 3 | AH11: ts_012 | AI11: =AH11 -> ts_012 | AJ11: 1 | AK11: C3 | AL11: c 2 deg (67%) | AM11: 3
A12: 5 | B12: =VLOOKUP(E12,$AK$9:$AL$15,2,FALSE)&"."&VLOOKUP(D12,$AH$9:$AI$24,2,FALSE) -> b 2 deg (50%).xAnn | C12: =C11+1 -> 4 | D12: =VLOOKUP(AJ12,$AG$9:$AH$22,2,FALSE) -> ts_annual | E12: C4 | G12: Limit warming to 2°C (>50%) with immediate action | S12: =SUMIFS(iea_data!I3:I9999,iea_data!$B$3:$B$9999,Veda!$S$11)+T28-T29 -> 44.72 | T12: base-year generation (TWh) | AG12: 4 | AH12: ts_030 | AI12: =AH12 -> ts_030 | AJ12: 1 | AK12: C4 | AL12: b 2 deg (50%) | AM12: 3
A13: 5 | B13: =VLOOKUP(E13,$AK$9:$AL$15,2,FALSE)&"."&VLOOKUP(D13,$AH$9:$AI$24,2,FALSE) -> a 3 deg.xAnn | C13: =C12+1 -> 5 | D13: =VLOOKUP(AJ13,$AG$9:$AH$22,2,FALSE) -> ts_annual | E13: C7 | G13: Likely above 3°C warming with limited mitigation | AG13: 5 | AH13: ts_048 | AI13: =AH13 -> ts_048 | AJ13: 1 | AK13: C7 | AL13: a 3 deg | AM13: 1.5
A14: 5 | B14: =VLOOKUP(E14,$AK$9:$AL$15,2,FALSE)&"."&VLOOKUP(D14,$AH$9:$AI$24,2,FALSE) -> e 1.5 deg no OS.x12 | C14: =C13+1 -> 6 | D14: =VLOOKUP(AJ14,$AG$9:$AH$22,2,FALSE) -> ts_12t | E14: =E9 -> C1 | T14: =S12 -> 44.72 | U14: =$S$12*J15 -> 44.2728 | V14: =$S$12*K15 -> 44.72 | W14: =$S$12*L15 -> 45.1672 | X14: =$S$12*M15 -> 50.5336 | Y14: =$S$12*N15 -> 53.664 | Z14: =$S$12*O15 -> 59.4776 | AG14: 6 | AH14: ts_072 | AI14: =AH14 -> ts_072 | AJ14: =AJ9+1 -> 2
A15: 5 | B15: =VLOOKUP(E15,$AK$9:$AL$15,2,FALSE)&"."&VLOOKUP(D15,$AH$9:$AI$24,2,FALSE) -> d 1.5 deg OS.x12 | C15: =C14+1 -> 7 | D15: =VLOOKUP(AJ15,$AG$9:$AH$22,2,FALSE) -> ts_12t | E15: =E10 -> C2 | G15: Electricity growth relative to 2020 | I15: =SUMIFS(ar6_r10!$F$2:$F$999,ar6_r10!$A$2:$A$999,Veda!$E$5,ar6_r10!$C$2:$C$999,Veda!I$17,ar6_r10!$M$2:$M$999,Veda!$G15) -> 1 | J15: =SUMIFS(ar6_r10!$F$2:$F$999,ar6_r10!$A$2:$A$999,Veda!$E$5,ar6_r10!$C$2:$C$999,Veda!J$17,ar6_r10!$M$2:$M$999,Veda!$G15) -> 0.99 | K15: =SUMIFS(ar6_r10!$F$2:$F$999,ar6_r10!$A$2:$A$999,Veda!$E$5,ar6_r10!$C$2:$C$999,Veda!K$17,ar6_r10!$M$2:$M$999,Veda!$G15) -> 1 | L15: =SUMIFS(ar6_r10!$F$2:$F$999,ar6_r10!$A$2:$A$999,Veda!$E$5,ar6_r10!$C$2:$C$999,Veda!L$17,ar6_r10!$M$2:$M$999,Veda!$G15) -> 1.01 | M15: =SUMIFS(ar6_r10!$F$2:$F$999,ar6_r10!$A$2:$A$999,Veda!$E$5,ar6_r10!$C$2:$C$999,Veda!M$17,ar6_r10!$M$2:$M$999,Veda!$G15) -> 1.13 | N15: =SUMIFS(ar6_r10!$F$2:$F$999,ar6_r10!$A$2:$A$999,Veda!$E$5,ar6_r10!$C$2:$C$999,Veda!N$17,ar6_r10!$M$2:$M$999,Veda!$G15) -> 1.2 | O15: =SUMIFS(ar6_r10!$F$2:$F$999,ar6_r10!$A$2:$A$999,Veda!$E$5,ar6_r10!$C$2:$C$999,Veda!O$17,ar6_r10!$M$2:$M$999,Veda!$G15) -> 1.33 | AG15: 7 | AH15: ts_144 | AI15: =AH15 -> ts_144 | AJ15: =AJ10+1 -> 2
A16: 5 | B16: =VLOOKUP(E16,$AK$9:$AL$15,2,FALSE)&"."&VLOOKUP(D16,$AH$9:$AI$24,2,FALSE) -> c 2 deg (67%).x12 | C16: =C15+1 -> 8 | D16: =VLOOKUP(AJ16,$AG$9:$AH$22,2,FALSE) -> ts_12t | E16: =E11 -> C3 | S16: ~TFM_INS-TS | AG16: 8 | AH16: ts_288 | AI16: =AH16 -> ts_288 | AJ16: =AJ11+1 -> 2
A17: 5 | B17: =VLOOKUP(E17,$AK$9:$AL$15,2,FALSE)&"."&VLOOKUP(D17,$AH$9:$AI$24,2,FALSE) -> b 2 deg (50%).x12 | C17: =C16+1 -> 9 | D17: =VLOOKUP(AJ17,$AG$9:$AH$22,2,FALSE) -> ts_12t | E17: =E12 -> C4 | I17: 2020 | J17: =U17 -> 2025 | K17: =V17 -> 2030 | L17: =W17 -> 2035 | M17: =X17 -> 2040 | N17: =Y17 -> 2045 | O17: =Z17 -> 2050 | S17: commodity | T17: 2022 | U17: 2025 | V17: 2030 | W17: 2035 | X17: 2040 | Y17: 2045 | Z17: 2050 | AA17: attribute | AG17: 9 | AH17: s1v1_d | AI17: f2d96 | AJ17: =AJ12+1 -> 2
A18: 5 | B18: =VLOOKUP(E18,$AK$9:$AL$15,2,FALSE)&"."&VLOOKUP(D18,$AH$9:$AI$24,2,FALSE) -> a 3 deg.x12 | C18: =C17+1 -> 10 | D18: =VLOOKUP(AJ18,$AG$9:$AH$22,2,FALSE) -> ts_12t | E18: =E13 -> C7 | G18: Hydrogen as a share of electricity | I18: =SUMIFS(ar6_r10!$F$2:$F$999,ar6_r10!$A$2:$A$999,Veda!$E$5,ar6_r10!$C$2:$C$999,Veda!I$17,ar6_r10!$M$2:$M$999,Veda!$G18) -> 0 | J18: =SUMIFS(ar6_r10!$F$2:$F$999,ar6_r10!$A$2:$A$999,Veda!$E$5,ar6_r10!$C$2:$C$999,Veda!J$17,ar6_r10!$M$2:$M$999,Veda!$G18) -> 0 | K18: =SUMIFS(ar6_r10!$F$2:$F$999,ar6_r10!$A$2:$A$999,Veda!$E$5,ar6_r10!$C$2:$C$999,Veda!K$17,ar6_r10!$M$2:$M$999,Veda!$G18) -> 0 | L18: =SUMIFS(ar6_r10!$F$2:$F$999,ar6_r10!$A$2:$A$999,Veda!$E$5,ar6_r10!$C$2:$C$999,Veda!L$17,ar6_r10!$M$2:$M$999,Veda!$G18) -> 0.01 | M18: =SUMIFS(ar6_r10!$F$2:$F$999,ar6_r10!$A$2:$A$999,Veda!$E$5,ar6_r10!$C$2:$C$999,Veda!M$17,ar6_r10!$M$2:$M$999,Veda!$G18) -> 0.01 | N18: =SUMIFS(ar6_r10!$F$2:$F$999,ar6_r10!$A$2:$A$999,Veda!$E$5,ar6_r10!$C$2:$C$999,Veda!N$17,ar6_r10!$M$2:$M$999,Veda!$G18) -> 0.02 | O18: =SUMIFS(ar6_r10!$F$2:$F$999,ar6_r10!$A$2:$A$999,Veda!$E$5,ar6_r10!$C$2:$C$999,Veda!O$17,ar6_r10!$M$2:$M$999,Veda!$G18) -> 0.03 | S18: hydrogen_allsect | T18: =I18*T$14 -> 0 | U18: =J18*U$14 -> 0 | V18: =K18*V$14 -> 0 | W18: =L18*W$14 -> 0.451672 | X18: =M18*X$14 -> 0.505336 | Y18: =N18*Y$14 -> 1.07328 | Z18: =O18*Z$14 -> 1.784328 | AA18: demand | AG18: 10 | AH18: ts_096 | AI18: e96 | AJ18: =AJ13+1 -> 2
A19: 5 | B19: =VLOOKUP(E19,$AK$9:$AL$15,2,FALSE)&"."&VLOOKUP(D19,$AH$9:$AI$24,2,FALSE) -> e 1.5 deg no OS.ts_012 | C19: =C18+1 -> 11 | D19: =VLOOKUP(AJ19,$AG$9:$AH$22,2,FALSE) -> ts_012 | E19: =E14 -> C1 | G19: Industry electricity share | I19: =SUMIFS(ar6_r10!$F$2:$F$999,ar6_r10!$A$2:$A$999,Veda!$E$5,ar6_r10!$C$2:$C$999,Veda!I$17,ar6_r10!$M$2:$M$999,Veda!$G19) -> 0.34 | J19: =SUMIFS(ar6_r10!$F$2:$F$999,ar6_r10!$A$2:$A$999,Veda!$E$5,ar6_r10!$C$2:$C$999,Veda!J$17,ar6_r10!$M$2:$M$999,Veda!$G19) -> 0.3 | K19: =SUMIFS(ar6_r10!$F$2:$F$999,ar6_r10!$A$2:$A$999,Veda!$E$5,ar6_r10!$C$2:$C$999,Veda!K$17,ar6_r10!$M$2:$M$999,Veda!$G19) -> 0.29 | L19: =SUMIFS(ar6_r10!$F$2:$F$999,ar6_r10!$A$2:$A$999,Veda!$E$5,ar6_r10!$C$2:$C$999,Veda!L$17,ar6_r10!$M$2:$M$999,Veda!$G19) -> 0.27 | M19: =SUMIFS(ar6_r10!$F$2:$F$999,ar6_r10!$A$2:$A$999,Veda!$E$5,ar6_r10!$C$2:$C$999,Veda!M$17,ar6_r10!$M$2:$M$999,Veda!$G19) -> 0.28 | N19: =SUMIFS(ar6_r10!$F$2:$F$999,ar6_r10!$A$2:$A$999,Veda!$E$5,ar6_r10!$C$2:$C$999,Veda!N$17,ar6_r10!$M$2:$M$999,Veda!$G19) -> 0.29 | O19: =SUMIFS(ar6_r10!$F$2:$F$999,ar6_r10!$A$2:$A$999,Veda!$E$5,ar6_r10!$C$2:$C$999,Veda!O$17,ar6_r10!$M$2:$M$999,Veda!$G19) -> 0.29 | S19: elc_industry | T19: =I19*T$14 -> 15.2048 | U19: =J19*U$14 -> 13.28184 | V19: =K19*V$14 -> 12.9688 | W19: =L19*W$14 -> 12.195144 | X19: =M19*X$14 -> 14.149408 | Y19: =N19*Y$14 -> 15.56256 | Z19: =O19*Z$14 -> 17.248504 | AA19: demand | AG19: 11 | AH19: s1p1v1_d | AI19: d9d | AJ19: =AJ14+1 -> 3
A20: 5 | B20: =VLOOKUP(E20,$AK$9:$AL$15,2,FALSE)&"."&VLOOKUP(D20,$AH$9:$AI$24,2,FALSE) -> d 1.5 deg OS.ts_012 | C20: =C19+1 -> 12 | D20: =VLOOKUP(AJ20,$AG$9:$AH$22,2,FALSE) -> ts_012 | E20: =E15 -> C2 | G20: Residential and commercial electricity share | I20: =SUMIFS(ar6_r10!$F$2:$F$999,ar6_r10!$A$2:$A$999,Veda!$E$5,ar6_r10!$C$2:$C$999,Veda!I$17,ar6_r10!$M$2:$M$999,Veda!$G20) -> 0.64 | J20: =SUMIFS(ar6_r10!$F$2:$F$999,ar6_r10!$A$2:$A$999,Veda!$E$5,ar6_r10!$C$2:$C$999,Veda!J$17,ar6_r10!$M$2:$M$999,Veda!$G20) -> 0.67 | K20: =SUMIFS(ar6_r10!$F$2:$F$999,ar6_r10!$A$2:$A$999,Veda!$E$5,ar6_r10!$C$2:$C$999,Veda!K$17,ar6_r10!$M$2:$M$999,Veda!$G20) -> 0.67 | L20: =SUMIFS(ar6_r10!$F$2:$F$999,ar6_r10!$A$2:$A$999,Veda!$E$5,ar6_r10!$C$2:$C$999,Veda!L$17,ar6_r10!$M$2:$M$999,Veda!$G20) -> 0.65 | M20: =SUMIFS(ar6_r10!$F$2:$F$999,ar6_r10!$A$2:$A$999,Veda!$E$5,ar6_r10!$C$2:$C$999,Veda!M$17,ar6_r10!$M$2:$M$999,Veda!$G20) -> 0.62 | N20: =SUMIFS(ar6_r10!$F$2:$F$999,ar6_r10!$A$2:$A$999,Veda!$E$5,ar6_r10!$C$2:$C$999,Veda!N$17,ar6_r10!$M$2:$M$999,Veda!$G20) -> 0.59 | O20: =SUMIFS(ar6_r10!$F$2:$F$999,ar6_r10!$A$2:$A$999,Veda!$E$5,ar6_r10!$C$2:$C$999,Veda!O$17,ar6_r10!$M$2:$M$999,Veda!$G20) -> 0.58 | S20: elc_buildings | T20: =I20*T$14 -> 28.6208 | U20: =J20*U$14 -> 29.662776 | V20: =K20*V$14 -> 29.9624 | W20: =L20*W$14 -> 29.35868 | X20: =M20*X$14 -> 31.330832 | Y20: =N20*Y$14 -> 31.66176 | Z20: =O20*Z$14 -> 34.497008 | AA20: demand | AG20: 12 | AH20: s5p5v5_d | AI20: c15d | AJ20: =AJ15+1 -> 3
A21: 5 | B21: =VLOOKUP(E21,$AK$9:$AL$15,2,FALSE)&"."&VLOOKUP(D21,$AH$9:$AI$24,2,FALSE) -> c 2 deg (67%).ts_012 | C21: =C20+1 -> 13 | D21: =VLOOKUP(AJ21,$AG$9:$AH$22,2,FALSE) -> ts_012 | E21: =E16 -> C3 | G21: Transportation electricity share | I21: =SUMIFS(ar6_r10!$F$2:$F$999,ar6_r10!$A$2:$A$999,Veda!$E$5,ar6_r10!$C$2:$C$999,Veda!I$17,ar6_r10!$M$2:$M$999,Veda!$G21) -> 0.02 | J21: =SUMIFS(ar6_r10!$F$2:$F$999,ar6_r10!$A$2:$A$999,Veda!$E$5,ar6_r10!$C$2:$C$999,Veda!J$17,ar6_r10!$M$2:$M$999,Veda!$G21) -> 0.03 | K21: =SUMIFS(ar6_r10!$F$2:$F$999,ar6_r10!$A$2:$A$999,Veda!$E$5,ar6_r10!$C$2:$C$999,Veda!K$17,ar6_r10!$M$2:$M$999,Veda!$G21) -> 0.03 | L21: =SUMIFS(ar6_r10!$F$2:$F$999,ar6_r10!$A$2:$A$999,Veda!$E$5,ar6_r10!$C$2:$C$999,Veda!L$17,ar6_r10!$M$2:$M$999,Veda!$G21) -> 0.05 | M21: =SUMIFS(ar6_r10!$F$2:$F$999,ar6_r10!$A$2:$A$999,Veda!$E$5,ar6_r10!$C$2:$C$999,Veda!M$17,ar6_r10!$M$2:$M$999,Veda!$G21) -> 0.08 | N21: =SUMIFS(ar6_r10!$F$2:$F$999,ar6_r10!$A$2:$A$999,Veda!$E$5,ar6_r10!$C$2:$C$999,Veda!N$17,ar6_r10!$M$2:$M$999,Veda!$G21) -> 0.11 | O21: =SUMIFS(ar6_r10!$F$2:$F$999,ar6_r10!$A$2:$A$999,Veda!$E$5,ar6_r10!$C$2:$C$999,Veda!O$17,ar6_r10!$M$2:$M$999,Veda!$G21) -> 0.12 | S21: elc_transport | T21: =I21*T$14 -> 0.8944 | U21: =T21 -> 0.8944 | V21: =U21 -> 0.8944 | W21: =V21 -> 0.8944 | X21: =W21 -> 0.8944 | Y21: =X21 -> 0.8944 | Z21: =Y21 -> 0.8944 | AA21: demand | AC21: non-road transport demand assumed to be constant | AJ21: =AJ16+1 -> 3
A22: 5 | B22: =VLOOKUP(E22,$AK$9:$AL$15,2,FALSE)&"."&VLOOKUP(D22,$AH$9:$AI$24,2,FALSE) -> b 2 deg (50%).ts_012 | C22: =C21+1 -> 14 | D22: =VLOOKUP(AJ22,$AG$9:$AH$22,2,FALSE) -> ts_012 | E22: =E17 -> C4 | S22: elc_roadtransport | T22: =T14-SUM(T19:T21) -> 0 | U22: =U14-SUM(U19:U21) -> 0.433784 | V22: =V14-SUM(V19:V21) -> 0.8944 | W22: =W14-SUM(W19:W21) -> 2.718976 | X22: =X14-SUM(X19:X21) -> 4.15896 | Y22: =Y14-SUM(Y19:Y21) -> 5.54528 | Z22: =Z14-SUM(Z19:Z21) -> 6.837688 | AA22: demand | AJ22: =AJ17+1 -> 3
A23: 5 | B23: =VLOOKUP(E23,$AK$9:$AL$15,2,FALSE)&"."&VLOOKUP(D23,$AH$9:$AI$24,2,FALSE) -> a 3 deg.ts_012 | C23: =C22+1 -> 15 | D23: =VLOOKUP(AJ23,$AG$9:$AH$22,2,FALSE) -> ts_012 | E23: =E18 -> C7 | S23: * | AJ23: =AJ18+1 -> 3
A24: 5 | B24: =VLOOKUP(E24,$AK$9:$AL$15,2,FALSE)&"."&VLOOKUP(D24,$AH$9:$AI$24,2,FALSE) -> e 1.5 deg no OS.ts_030 | C24: =C23+1 -> 16 | D24: =VLOOKUP(AJ24,$AG$9:$AH$22,2,FALSE) -> ts_030 | E24: =E19 -> C1 | G24: CO2 price | I24: 0 | J24: 0 | K24: =SUMIFS(ar6_r10!$F$2:$F$999,ar6_r10!$A$2:$A$999,Veda!$E$5,ar6_r10!$C$2:$C$999,Veda!K$17,ar6_r10!$M$2:$M$999,Veda!$G24) -> 56.33 | L24: =SUMIFS(ar6_r10!$F$2:$F$999,ar6_r10!$A$2:$A$999,Veda!$E$5,ar6_r10!$C$2:$C$999,Veda!L$17,ar6_r10!$M$2:$M$999,Veda!$G24) -> 104.42 | M24: =SUMIFS(ar6_r10!$F$2:$F$999,ar6_r10!$A$2:$A$999,Veda!$E$5,ar6_r10!$C$2:$C$999,Veda!M$17,ar6_r10!$M$2:$M$999,Veda!$G24) -> 134.85 | N24: =SUMIFS(ar6_r10!$F$2:$F$999,ar6_r10!$A$2:$A$999,Veda!$E$5,ar6_r10!$C$2:$C$999,Veda!N$17,ar6_r10!$M$2:$M$999,Veda!$G24) -> 178.1 | O24: =SUMIFS(ar6_r10!$F$2:$F$999,ar6_r10!$A$2:$A$999,Veda!$E$5,ar6_r10!$C$2:$C$999,Veda!O$17,ar6_r10!$M$2:$M$999,Veda!$G24) -> 209.45 | S24: co2net | U24: 0 | V24: =K24/1000 -> 0.05633 | W24: =L24/1000 -> 0.10442 | X24: =M24/1000 -> 0.13485 | Y24: =N24/1000 -> 0.1781 | Z24: =O24/1000 -> 0.20945 | AA24: com_taxnet | AJ24: =AJ19+1 -> 4
A25: 5 | B25: =VLOOKUP(E25,$AK$9:$AL$15,2,FALSE)&"."&VLOOKUP(D25,$AH$9:$AI$24,2,FALSE) -> d 1.5 deg OS.ts_030 | C25: =C24+1 -> 17 | D25: =VLOOKUP(AJ25,$AG$9:$AH$22,2,FALSE) -> ts_030 | E25: =E20 -> C2 | AJ25: =AJ20+1 -> 4
A26: 5 | B26: =VLOOKUP(E26,$AK$9:$AL$15,2,FALSE)&"."&VLOOKUP(D26,$AH$9:$AI$24,2,FALSE) -> c 2 deg (67%).ts_030 | C26: =C25+1 -> 18 | D26: =VLOOKUP(AJ26,$AG$9:$AH$22,2,FALSE) -> ts_030 | E26: =E21 -> C3 | S26: ~TFM_INS-TS | AJ26: =AJ21+1 -> 4
A27: 5 | B27: =VLOOKUP(E27,$AK$9:$AL$15,2,FALSE)&"."&VLOOKUP(D27,$AH$9:$AI$24,2,FALSE) -> b 2 deg (50%).ts_030 | C27: =C26+1 -> 19 | D27: =VLOOKUP(AJ27,$AG$9:$AH$22,2,FALSE) -> ts_030 | E27: =E22 -> C4 | S27: process | T27: =T17 -> 2022 | U27: =U17 -> 2025 | V27: =V17 -> 2030 | W27: =W17 -> 2035 | X27: =X17 -> 2040 | Y27: =Y17 -> 2045 | Z27: =Z17 -> 2050 | AA27: attribute | AB27: limtype | AJ27: =AJ22+1 -> 4
A28: 5 | B28: =VLOOKUP(E28,$AK$9:$AL$15,2,FALSE)&"."&VLOOKUP(D28,$AH$9:$AI$24,2,FALSE) -> a 3 deg.ts_030 | C28: =C27+1 -> 20 | D28: =VLOOKUP(AJ28,$AG$9:$AH$22,2,FALSE) -> ts_030 | E28: =E23 -> C7 | Q28: =SUMIFS(iea_data!G3:G9999,iea_data!$B$3:$B$9999,Veda!$S$11) -> 0 | S28: Trd_electricity import | T28: =Q28 -> 0 | AA28: ACT_BND | AB28: FX | AJ28: =AJ23+1 -> 4
A29: 5 | B29: =VLOOKUP(E29,$AK$9:$AL$15,2,FALSE)&"."&VLOOKUP(D29,$AH$9:$AI$24,2,FALSE) -> e 1.5 deg no OS.ts_048 | C29: =C28+1 -> 21 | D29: =VLOOKUP(AJ29,$AG$9:$AH$22,2,FALSE) -> ts_048 | E29: =E24 -> C1 | Q29: =SUMIFS(iea_data!H3:H9999,iea_data!$B$3:$B$9999,Veda!$S$11) -> 0 | S29: Trd_electricity export | T29: =-1*Q29 -> 0 | AA29: ACT_BND | AB29: FX | AJ29: =AJ24+1 -> 5
A30: 5 | B30: =VLOOKUP(E30,$AK$9:$AL$15,2,FALSE)&"."&VLOOKUP(D30,$AH$9:$AI$24,2,FALSE) -> d 1.5 deg OS.ts_048 | C30: =C29+1 -> 22 | D30: =VLOOKUP(AJ30,$AG$9:$AH$22,2,FALSE) -> ts_048 | E30: =E25 -> C2 | AJ30: =AJ25+1 -> 5
A31: 5 | B31: =VLOOKUP(E31,$AK$9:$AL$15,2,FALSE)&"."&VLOOKUP(D31,$AH$9:$AI$24,2,FALSE) -> c 2 deg (67%).ts_048 | C31: =C30+1 -> 23 | D31: =VLOOKUP(AJ31,$AG$9:$AH$22,2,FALSE) -> ts_048 | E31: =E26 -> C3 | AJ31: =AJ26+1 -> 5
A32: 5 | B32: =VLOOKUP(E32,$AK$9:$AL$15,2,FALSE)&"."&VLOOKUP(D32,$AH$9:$AI$24,2,FALSE) -> b 2 deg (50%).ts_048 | C32: =C31+1 -> 24 | D32: =VLOOKUP(AJ32,$AG$9:$AH$22,2,FALSE) -> ts_048 | E32: =E27 -> C4 | AJ32: =AJ27+1 -> 5
A33: 5 | B33: =VLOOKUP(E33,$AK$9:$AL$15,2,FALSE)&"."&VLOOKUP(D33,$AH$9:$AI$24,2,FALSE) -> a 3 deg.ts_048 | C33: =C32+1 -> 25 | D33: =VLOOKUP(AJ33,$AG$9:$AH$22,2,FALSE) -> ts_048 | E33: =E28 -> C7 | AJ33: =AJ28+1 -> 5
A34: 5 | B34: =VLOOKUP(E34,$AK$9:$AL$15,2,FALSE)&"."&VLOOKUP(D34,$AH$9:$AI$24,2,FALSE) -> e 1.5 deg no OS.ts_072 | C34: =C33+1 -> 26 | D34: =VLOOKUP(AJ34,$AG$9:$AH$22,2,FALSE) -> ts_072 | E34: =E29 -> C1 | AJ34: =AJ29+1 -> 6
A35: 5 | B35: =VLOOKUP(E35,$AK$9:$AL$15,2,FALSE)&"."&VLOOKUP(D35,$AH$9:$AI$24,2,FALSE) -> d 1.5 deg OS.ts_072 | C35: =C34+1 -> 27 | D35: =VLOOKUP(AJ35,$AG$9:$AH$22,2,FALSE) -> ts_072 | E35: =E30 -> C2 | AJ35: =AJ30+1 -> 6
A36: 5 | B36: =VLOOKUP(E36,$AK$9:$AL$15,2,FALSE)&"."&VLOOKUP(D36,$AH$9:$AI$24,2,FALSE) -> c 2 deg (67%).ts_072 | C36: =C35+1 -> 28 | D36: =VLOOKUP(AJ36,$AG$9:$AH$22,2,FALSE) -> ts_072 | E36: =E31 -> C3 | G36: C7 | AJ36: =AJ31+1 -> 6
A37: 5 | B37: =VLOOKUP(E37,$AK$9:$AL$15,2,FALSE)&"."&VLOOKUP(D37,$AH$9:$AI$24,2,FALSE) -> b 2 deg (50%).ts_072 | C37: =C36+1 -> 29 | D37: =VLOOKUP(AJ37,$AG$9:$AH$22,2,FALSE) -> ts_072 | E37: =E32 -> C4 | G37: Gas Price | I37: =SUMIFS(ar6_r10!$F$2:$F$999,ar6_r10!$A$2:$A$999,Veda!$G$36,ar6_r10!$C$2:$C$999,Veda!I$17,ar6_r10!$M$2:$M$999,Veda!$G37) -> 1 | J37: =SUMIFS(ar6_r10!$F$2:$F$999,ar6_r10!$A$2:$A$999,Veda!$G$36,ar6_r10!$C$2:$C$999,Veda!J$17,ar6_r10!$M$2:$M$999,Veda!$G37) -> 1.03 | K37: =SUMIFS(ar6_r10!$F$2:$F$999,ar6_r10!$A$2:$A$999,Veda!$G$36,ar6_r10!$C$2:$C$999,Veda!K$17,ar6_r10!$M$2:$M$999,Veda!$G37) -> 1.13 | L37: =SUMIFS(ar6_r10!$F$2:$F$999,ar6_r10!$A$2:$A$999,Veda!$G$36,ar6_r10!$C$2:$C$999,Veda!L$17,ar6_r10!$M$2:$M$999,Veda!$G37) -> 1.16 | M37: =SUMIFS(ar6_r10!$F$2:$F$999,ar6_r10!$A$2:$A$999,Veda!$G$36,ar6_r10!$C$2:$C$999,Veda!M$17,ar6_r10!$M$2:$M$999,Veda!$G37) -> 1.19 | N37: =SUMIFS(ar6_r10!$F$2:$F$999,ar6_r10!$A$2:$A$999,Veda!$G$36,ar6_r10!$C$2:$C$999,Veda!N$17,ar6_r10!$M$2:$M$999,Veda!$G37) -> 1.27 | O37: =SUMIFS(ar6_r10!$F$2:$F$999,ar6_r10!$A$2:$A$999,Veda!$G$36,ar6_r10!$C$2:$C$999,Veda!O$17,ar6_r10!$M$2:$M$999,Veda!$G37) -> 1.31 | AJ37: =AJ32+1 -> 6
A38: 5 | B38: =VLOOKUP(E38,$AK$9:$AL$15,2,FALSE)&"."&VLOOKUP(D38,$AH$9:$AI$24,2,FALSE) -> a 3 deg.ts_072 | C38: =C37+1 -> 30 | D38: =VLOOKUP(AJ38,$AG$9:$AH$22,2,FALSE) -> ts_072 | E38: =E33 -> C7 | G38: Coal Price | I38: =SUMIFS(ar6_r10!$F$2:$F$999,ar6_r10!$A$2:$A$999,Veda!$G$36,ar6_r10!$C$2:$C$999,Veda!I$17,ar6_r10!$M$2:$M$999,Veda!$G38) -> 1 | J38: =SUMIFS(ar6_r10!$F$2:$F$999,ar6_r10!$A$2:$A$999,Veda!$G$36,ar6_r10!$C$2:$C$999,Veda!J$17,ar6_r10!$M$2:$M$999,Veda!$G38) -> 1.03 | K38: =SUMIFS(ar6_r10!$F$2:$F$999,ar6_r10!$A$2:$A$999,Veda!$G$36,ar6_r10!$C$2:$C$999,Veda!K$17,ar6_r10!$M$2:$M$999,Veda!$G38) -> 1.09 | L38: =SUMIFS(ar6_r10!$F$2:$F$999,ar6_r10!$A$2:$A$999,Veda!$G$36,ar6_r10!$C$2:$C$999,Veda!L$17,ar6_r10!$M$2:$M$999,Veda!$G38) -> 1.18 | M38: =SUMIFS(ar6_r10!$F$2:$F$999,ar6_r10!$A$2:$A$999,Veda!$G$36,ar6_r10!$C$2:$C$999,Veda!M$17,ar6_r10!$M$2:$M$999,Veda!$G38) -> 1.27 | N38: =SUMIFS(ar6_r10!$F$2:$F$999,ar6_r10!$A$2:$A$999,Veda!$G$36,ar6_r10!$C$2:$C$999,Veda!N$17,ar6_r10!$M$2:$M$999,Veda!$G38) -> 1.35 | O38: =SUMIFS(ar6_r10!$F$2:$F$999,ar6_r10!$A$2:$A$999,Veda!$G$36,ar6_r10!$C$2:$C$999,Veda!O$17,ar6_r10!$M$2:$M$999,Veda!$G38) -> 1.41 | AJ38: =AJ33+1 -> 6
A39: 5 | B39: =VLOOKUP(E39,$AK$9:$AL$15,2,FALSE)&"."&VLOOKUP(D39,$AH$9:$AI$24,2,FALSE) -> e 1.5 deg no OS.ts_144 | C39: =C38+1 -> 31 | D39: =VLOOKUP(AJ39,$AG$9:$AH$22,2,FALSE) -> ts_144 | E39: =E34 -> C1 | G39: Oil Price | I39: =SUMIFS(ar6_r10!$F$2:$F$999,ar6_r10!$A$2:$A$999,Veda!$G$36,ar6_r10!$C$2:$C$999,Veda!I$17,ar6_r10!$M$2:$M$999,Veda!$G39) -> 1 | J39: =SUMIFS(ar6_r10!$F$2:$F$999,ar6_r10!$A$2:$A$999,Veda!$G$36,ar6_r10!$C$2:$C$999,Veda!J$17,ar6_r10!$M$2:$M$999,Veda!$G39) -> 1.04 | K39: =SUMIFS(ar6_r10!$F$2:$F$999,ar6_r10!$A$2:$A$999,Veda!$G$36,ar6_r10!$C$2:$C$999,Veda!K$17,ar6_r10!$M$2:$M$999,Veda!$G39) -> 1.05 | L39: =SUMIFS(ar6_r10!$F$2:$F$999,ar6_r10!$A$2:$A$999,Veda!$G$36,ar6_r10!$C$2:$C$999,Veda!L$17,ar6_r10!$M$2:$M$999,Veda!$G39) -> 1.04 | M39: =SUMIFS(ar6_r10!$F$2:$F$999,ar6_r10!$A$2:$A$999,Veda!$G$36,ar6_r10!$C$2:$C$999,Veda!M$17,ar6_r10!$M$2:$M$999,Veda!$G39) -> 1.04 | N39: =SUMIFS(ar6_r10!$F$2:$F$999,ar6_r10!$A$2:$A$999,Veda!$G$36,ar6_r10!$C$2:$C$999,Veda!N$17,ar6_r10!$M$2:$M$999,Veda!$G39) -> 1.17 | O39: =SUMIFS(ar6_r10!$F$2:$F$999,ar6_r10!$A$2:$A$999,Veda!$G$36,ar6_r10!$C$2:$C$999,Veda!O$17,ar6_r10!$M$2:$M$999,Veda!$G39) -> 1.25 | AJ39: =AJ34+1 -> 7
A40: 5 | B40: =VLOOKUP(E40,$AK$9:$AL$15,2,FALSE)&"."&VLOOKUP(D40,$AH$9:$AI$24,2,FALSE) -> d 1.5 deg OS.ts_144 | C40: =C39+1 -> 32 | D40: =VLOOKUP(AJ40,$AG$9:$AH$22,2,FALSE) -> ts_144 | E40: =E35 -> C2 | G40: Biomass Price | I40: =SUMIFS(ar6_r10!$F$2:$F$999,ar6_r10!$A$2:$A$999,Veda!$G$36,ar6_r10!$C$2:$C$999,Veda!I$17,ar6_r10!$M$2:$M$999,Veda!$G40) -> 1 | J40: =SUMIFS(ar6_r10!$F$2:$F$999,ar6_r10!$A$2:$A$999,Veda!$G$36,ar6_r10!$C$2:$C$999,Veda!J$17,ar6_r10!$M$2:$M$999,Veda!$G40) -> 1.01 | K40: =SUMIFS(ar6_r10!$F$2:$F$999,ar6_r10!$A$2:$A$999,Veda!$G$36,ar6_r10!$C$2:$C$999,Veda!K$17,ar6_r10!$M$2:$M$999,Veda!$G40) -> 0.99 | L40: =SUMIFS(ar6_r10!$F$2:$F$999,ar6_r10!$A$2:$A$999,Veda!$G$36,ar6_r10!$C$2:$C$999,Veda!L$17,ar6_r10!$M$2:$M$999,Veda!$G40) -> 0.97 | M40: =SUMIFS(ar6_r10!$F$2:$F$999,ar6_r10!$A$2:$A$999,Veda!$G$36,ar6_r10!$C$2:$C$999,Veda!M$17,ar6_r10!$M$2:$M$999,Veda!$G40) -> 0.92 | N40: =SUMIFS(ar6_r10!$F$2:$F$999,ar6_r10!$A$2:$A$999,Veda!$G$36,ar6_r10!$C$2:$C$999,Veda!N$17,ar6_r10!$M$2:$M$999,Veda!$G40) -> 0.95 | O40: =SUMIFS(ar6_r10!$F$2:$F$999,ar6_r10!$A$2:$A$999,Veda!$G$36,ar6_r10!$C$2:$C$999,Veda!O$17,ar6_r10!$M$2:$M$999,Veda!$G40) -> 1.02 | AJ40: =AJ35+1 -> 7
A41: 5 | B41: =VLOOKUP(E41,$AK$9:$AL$15,2,FALSE)&"."&VLOOKUP(D41,$AH$9:$AI$24,2,FALSE) -> c 2 deg (67%).ts_144 | C41: =C40+1 -> 33 | D41: =VLOOKUP(AJ41,$AG$9:$AH$22,2,FALSE) -> ts_144 | E41: =E36 -> C3 | AJ41: =AJ36+1 -> 7
A42: 5 | B42: =VLOOKUP(E42,$AK$9:$AL$15,2,FALSE)&"."&VLOOKUP(D42,$AH$9:$AI$24,2,FALSE) -> b 2 deg (50%).ts_144 | C42: =C41+1 -> 34 | D42: =VLOOKUP(AJ42,$AG$9:$AH$22,2,FALSE) -> ts_144 | E42: =E37 -> C4 | AJ42: =AJ37+1 -> 7
A43: 5 | B43: =VLOOKUP(E43,$AK$9:$AL$15,2,FALSE)&"."&VLOOKUP(D43,$AH$9:$AI$24,2,FALSE) -> a 3 deg.ts_144 | C43: =C42+1 -> 35 | D43: =VLOOKUP(AJ43,$AG$9:$AH$22,2,FALSE) -> ts_144 | E43: =E38 -> C7 | G43: ~TFM_INS-TS: attribute=flo_cost;pset_pn=-IMP*Z | AJ43: =AJ38+1 -> 7
A44: 5 | B44: =VLOOKUP(E44,$AK$9:$AL$15,2,FALSE)&"."&VLOOKUP(D44,$AH$9:$AI$24,2,FALSE) -> e 1.5 deg no OS.ts_288 | C44: =C43+1 -> 36 | D44: =VLOOKUP(AJ44,$AG$9:$AH$22,2,FALSE) -> ts_288 | E44: =E39 -> C1 | G44: commodity | H44: pset_co | I44: 2022 | J44: =J17 -> 2025 | K44: =K17 -> 2030 | L44: =L17 -> 2035 | M44: =M17 -> 2040 | N44: =N17 -> 2045 | O44: =O17 -> 2050 | R44: low | S44: high | AJ44: =AJ39+1 -> 8
A45: 5 | B45: =VLOOKUP(E45,$AK$9:$AL$15,2,FALSE)&"."&VLOOKUP(D45,$AH$9:$AI$24,2,FALSE) -> d 1.5 deg OS.ts_288 | C45: =C44+1 -> 37 | D45: =VLOOKUP(AJ45,$AG$9:$AH$22,2,FALSE) -> ts_288 | E45: =E40 -> C2 | G45: Gas | H45: =G45 -> Gas | I45: =AVERAGE($R45:$S45)*I37 -> 17.15 | J45: =AVERAGE($R45:$S45)*J37 -> 17.6645 | K45: =AVERAGE($R45:$S45)*K37 -> 19.3795 | L45: =AVERAGE($R45:$S45)*L37 -> 19.894 | M45: =AVERAGE($R45:$S45)*M37 -> 20.4085 | N45: =AVERAGE($R45:$S45)*N37 -> 21.7805 | O45: =AVERAGE($R45:$S45)*O37 -> 22.4665 | R45: =HLOOKUP($G45&"_"&R$44,fuel_prices!$B$10:$I$11,2,FALSE) -> 13.7 | S45: =HLOOKUP($G45&"_"&S$44,fuel_prices!$B$10:$I$11,2,FALSE) -> 20.6 | AJ45: =AJ40+1 -> 8
A46: 5 | B46: =VLOOKUP(E46,$AK$9:$AL$15,2,FALSE)&"."&VLOOKUP(D46,$AH$9:$AI$24,2,FALSE) -> c 2 deg (67%).ts_288 | C46: =C45+1 -> 38 | D46: =VLOOKUP(AJ46,$AG$9:$AH$22,2,FALSE) -> ts_288 | E46: =E41 -> C3 | G46: Coal | H46: =G46 -> Coal | I46: =AVERAGE($R46:$S46)*I38 -> 14.45 | J46: =AVERAGE($R46:$S46)*J38 -> 14.8835 | K46: =AVERAGE($R46:$S46)*K38 -> 15.7505 | L46: =AVERAGE($R46:$S46)*L38 -> 17.051 | M46: =AVERAGE($R46:$S46)*M38 -> 18.3515 | N46: =AVERAGE($R46:$S46)*N38 -> 19.5075 | O46: =AVERAGE($R46:$S46)*O38 -> 20.3745 | R46: =HLOOKUP($G46&"_"&R$44,fuel_prices!$B$10:$I$11,2,FALSE) -> 12.2 | S46: =HLOOKUP($G46&"_"&S$44,fuel_prices!$B$10:$I$11,2,FALSE) -> 16.7 | AJ46: =AJ41+1 -> 8
A47: 5 | B47: =VLOOKUP(E47,$AK$9:$AL$15,2,FALSE)&"."&VLOOKUP(D47,$AH$9:$AI$24,2,FALSE) -> b 2 deg (50%).ts_288 | C47: =C46+1 -> 39 | D47: =VLOOKUP(AJ47,$AG$9:$AH$22,2,FALSE) -> ts_288 | E47: =E42 -> C4 | G47: Oil | H47: =G47 -> Oil | I47: =AVERAGE($R47:$S47)*I39 -> 53 | J47: =AVERAGE($R47:$S47)*J39 -> 55.12 | K47: =AVERAGE($R47:$S47)*K39 -> 55.65 | L47: =AVERAGE($R47:$S47)*L39 -> 55.12 | M47: =AVERAGE($R47:$S47)*M39 -> 55.12 | N47: =AVERAGE($R47:$S47)*N39 -> 62.01 | O47: =AVERAGE($R47:$S47)*O39 -> 66.25 | R47: =HLOOKUP($G47&"_"&R$44,fuel_prices!$B$10:$I$11,2,FALSE) -> 48 | S47: =HLOOKUP($G47&"_"&S$44,fuel_prices!$B$10:$I$11,2,FALSE) -> 58 | AJ47: =AJ42+1 -> 8
A48: 5 | B48: =VLOOKUP(E48,$AK$9:$AL$15,2,FALSE)&"."&VLOOKUP(D48,$AH$9:$AI$24,2,FALSE) -> a 3 deg.ts_288 | C48: =C47+1 -> 40 | D48: =VLOOKUP(AJ48,$AG$9:$AH$22,2,FALSE) -> ts_288 | E48: =E43 -> C7 | G48: Bioenergy | H48: =G48 -> Bioenergy | I48: =AVERAGE($R48:$S48)*I40 -> 24 | O48: =VLOOKUP($E$5,$AK$9:$AM$15,3,FALSE)*I48 -> 72 | R48: =HLOOKUP($G48&"_"&R$44,fuel_prices!$B$10:$I$11,2,FALSE) -> 20 | S48: =HLOOKUP($G48&"_"&S$44,fuel_prices!$B$10:$I$11,2,FALSE) -> 28 | AJ48: =AJ43+1 -> 8
AJ49: =AJ44+1 -> 9
AJ50: =AJ45+1 -> 9
AJ51: =AJ46+1 -> 9
AJ52: =AJ47+1 -> 9
AJ53: =AJ48+1 -> 9
AJ54: =AJ49+1 -> 10
AJ55: =AJ50+1 -> 10
AJ56: =AJ51+1 -> 10
AJ57: =AJ52+1 -> 10
AJ58: =AJ53+1 -> 10
AJ59: =AJ54+1 -> 11
AJ60: =AJ55+1 -> 11
... AJ78: =AJ73+1 -> 14

Sheet fuel_prices
A9: Fuel Prices
A10: iso | B10: gas_low | C10: gas_high | D10: coal_low | E10: coal_high | F10: oil_low | G10: oil_high | H10: bioenergy_low | I10: bioenergy_high | J10: Notes
A11: NZL | B11: 13.7 | C11: 20.6 | D11: 12.2 | E11: 16.7 | F11: 48 | G11: 58 | H11: 20 | I11: 28 | J11: Domestic gas fields, phasing out coal

Sheet iea_data
A9: IEA Baseline Data
A10: iso | B10: year | C10: industry_twh | D10: buildings_agri_twh | E10: nonroad_transport_twh | F10: road_transport_twh | G10: imports_twh | H10: exports_twh | I10: total_production_twh
A11: NZL | B11: 2000 | C11: 18.46 | D11: 19.34 | E11: 0.07 | F11: 0 | G11: 0 | H11: 0 | I11: 39.39
A12: NZL | B12: 2001 | C12: 18.78 | D12: 19.91 | E12: 0.06 | F12: 0.01 | G12: 0 | H12: 0 | I12: 39.71
A13: NZL | B13: 2002 | C13: 19.18 | D13: 20.04 | E13: 0.06 | F13: 0.01 | G13: 0 | H13: 0 | I13: 40.73
A14: NZL | B14: 2003 | C14: 18.73 | D14: 20.75 | E14: 0.06 | F14: 0.01 | G14: 0 | H14: 0 | I14: 40.86
A15: NZL | B15: 2004 | C15: 19.54 | D15: 21.4 | E15: 0.07 | F15: 0.01 | G15: 0 | H15: 0 | I15: 42.77
A16: NZL | B16: 2005 | C16: 20.06 | D16: 21.71 | E16: 0.06 | F16: 0.01 | G16: 0 | H16: 0 | I16: 42.98
A17: NZL | B17: 2006 | C17: 19.57 | D17: 22.99 | E17: 0.06 | F17: 0.01 | G17: 0 | H17: 0 | I17: 43.54
A18: NZL | B18: 2007 | C18: 19.55 | D18: 23.37 | E18: 0.06 | F18: 0.01 | G18: 0 | H18: 0 | I18: 43.9
A19: NZL | B19: 2008 | C19: 19.36 | D19: 23.35 | E19: 0.06 | F19: 0 | G19: 0 | H19: 0 | I19: 43.93
A20: NZL | B20: 2009 | C20: 18.72 | D20: 23.72 | E20: 0.05 | F20: 0.01 | G20: 0 | H20: 0 | I20: 43.55
A21: NZL | B21: 2010 | C21: 20.09 | D21: 23.61 | E21: 0.06 | F21: 0.01 | G21: 0 | H21: 0 | I21: 45
A22: NZL | B22: 2011 | C22: 19.64 | D22: 23.49 | E22: 0.06 | F22: 0.01 | G22: 0 | H22: 0 | I22: 44.63
... A33: NZL | B33: 2022 | C33: 17.88 | D33: 24.67 | E33: 0.06 | F33: 0.13 | G33: 0 | H33: 0 | I33: 44.72

Sheet ar6_r10
A9: AR6 Scenario Drivers
A10: Category | B10: Region | C10: Year | D10: count | E10: mean | F10: median | G10: std | H10: min | I10: max | J10: q25 | K10: q75 | L10: category_description | M10: attribute
A11: C1 | B11: R10PAC_OECD | C11: 2020 | D11: 60 | E11: 0.46 | F11: 0.28 | G11: 0.84 | H11: 0 | I11: 3.32 | J11: 0 | K11: 0.28 | L11: Limit warming to 1.5°C (>50%) with no or limited overshoot | M11: CO2 price
A12: C1 | B12: R10PAC_OECD | C12: 2025 | D12: 60 | E12: 197.76 | F12: 174.96 | G12: 126.47 | H12: 33.32 | I12: 626.48 | J12: 121.06 | K12: 238.58 | L12: Limit warming to 1.5°C (>50%) with no or limited overshoot | M12: CO2 price
A13: C1 | B13: R10PAC_OECD | C13: 2030 | D13: 60 | E13: 261.78 | F13: 241.69 | G13: 129.13 | H13: 27.52 | I13: 673.46 | J13: 173.6 | K13: 320.88 | L13: Limit warming to 1.5°C (>50%) with no or limited overshoot | M13: CO2 price
A14: C1 | B14: R10PAC_OECD | C14: 2035 | D14: 60 | E14: 354.71 | F14: 335.39 | G14: 164.48 | H14: 92.8 | I14: 859.53 | J14: 227.05 | K14: 451.85 | L14: Limit warming to 1.5°C (>50%) with no or limited overshoot | M14: CO2 price
A15: C1 | B15: R10PAC_OECD | C15: 2040 | D15: 60 | E15: 458.15 | F15: 407.27 | G15: 216.6 | H15: 162.1 | I15: 1097.01 | J15: 287.98 | K15: 574.94 | L15: Limit warming to 1.5°C (>50%) with no or limited overshoot | M15: CO2 price
A16: C1 | B16: R10PAC_OECD | C16: 2045 | D16: 60 | E16: 551.41 | F16: 479.16 | G16: 249.14 | H16: 190.36 | I16: 1269.88 | J16: 352.78 | K16: 713.93 | L16: Limit warming to 1.5°C (>50%) with no or limited overshoot | M16: CO2 price
A17: C1 | B17: R10PAC_OECD | C17: 2050 | D17: 60 | E17: 631.32 | F17: 604.24 | G17: 264.83 | H17: 194.32 | I17: 1170.26 | J17: 409.79 | K17: 827.36 | L17: Limit warming to 1.5°C (>50%) with no or limited overshoot | M17: CO2 price
A18: C2 | B18: R10PAC_OECD | C18: 2020 | D18: 86 | E18: 0.79 | F18: 0 | G18: 1.67 | H18: 0 | I18: 11.08 | J18: 0 | K18: 0.28 | L18: Limit warming to 1.5°C (>67%) with high overshoot | M18: CO2 price
A19: C2 | B19: R10PAC_OECD | C19: 2025 | D19: 75 | E19: 45 | F19: 24.75 | G19: 48.96 | H19: 1.11 | I19: 220.01 | J19: 10.72 | K19: 68.18 | L19: Limit warming to 1.5°C (>67%) with high overshoot | M19: CO2 price
A20: C2 | B20: R10PAC_OECD | C20: 2030 | D20: 86 | E20: 60.99 | F20: 46.2 | G20: 58.39 | H20: 0 | I20: 293.35 | J20: 15.43 | K20: 90.62 | L20: Limit warming to 1.5°C (>67%) with high overshoot | M20: CO2 price
A21: C2 | B21: R10PAC_OECD | C21: 2035 | D21: 75 | E21: 195.24 | F21: 129.57 | G21: 290.37 | H21: 26.47 | I21: 2037.12 | J21: 87.35 | K21: 200.38 | L21: Limit warming to 1.5°C (>67%) with high overshoot | M21: CO2 price
A22: C2 | B22: R10PAC_OECD | C22: 2040 | D22: 86 | E22: 250.65 | F22: 172.09 | G22: 359.95 | H22: 0 | I22: 2600 | J22: 112.15 | K22: 257.75 | L22: Limit warming to 1.5°C (>67%) with high overshoot | M22: CO2 price
... A360: C7 | B360: R10PAC_OECD | C360: 2050 | D360: 7 | E360: 1 | F360: 1.02 | G360: 0.15 | H360: 0.83 | I360: 1.21 | J360: 0.86 | K360: 1.1 | L360: Likely above 3°C warming with limited mitigation | M360: Biomass price

Sheet ev_charging_uc
A10: =IFERROR(Veda!D5,"ts_12t") -> ts_annual | C10: day_night | D10: ts_012 | F10: day_night | G10: ts_030 | I10: day_night | J10: ts_048 | L10: day_night | M10: ts_072 | O10: day_night | P10: ts_144 | R10: day_night | S10: ts_288 | U10: day_night | V10: ts_annual | X10: day_night | Y10: ts_12t
C11: D | D11: S01aH01,S04aH01,S02aH01,S03aH01 | F11: D | G11: S02aH03,S04aH03,S06aH02,S06aH03,S01aH03,S05aH02,S05aH03,S03aH03,S03aH02,S01aH02,S04aH02,S02aH02 | I11: D | J11: S02aH02,S06aH04,S04aH03,S07aH04,S02aH03,S07aH03,S03aH04,S03aH02,S01aH02,S04aH04,S01aH03,S05aH02,S05aH03,S01aH04,S07aH02,S03aH03,S05aH04,S06aH02,S06aH03,S04aH02,S02aH04 | L11: D | M11: S04aH02,S09aH02,S09aH03,S11aH03,S11aH04,S02aH03,S07aH03,S03aH03,S04aH03,S07aH04,S08aH03,S09aH04,S08aH02,S02aH04,S10aH03,S05aH04,S06aH02,S06aH03,S10aH04,S10aH02,S06aH04,S08aH04,S11aH02,S01aH03,S05aH02,S05aH03,S03aH04,S03aH02,S01aH04,S07aH02,S02aH02,S01aH02,S04aH04 | O11: D | P11: S04aH02,S09aH02,S09aH03,S11aH03,S11aH04,S14aH03,S15aH03,S02aH03,S07aH03,S03aH02,S14aH02,S01aH03,S05aH02,S05aH03,S17aH04,S01aH02,S04aH04,S16aH02,S17aH03,S01aH04,S07aH02,S10aH02,S12aH04,S15aH04,S08aH02,S02aH04,S10aH03,S06aH04,S08aH04,S11aH02,S13aH02,S13aH03,S03aH03,S15aH02,S13aH04,S02aH02,S14aH04,S03aH04,S12aH03,S05aH04,S06aH02,S06aH03,S10aH04,S16aH04,S17aH02,S04aH03,S07aH04,S08aH03,S09aH04,S12aH02,S16aH03 | R11: D | S11: S05aH04,S06aH02,S06aH03,S10aH04,S16aH04,S17aH02,S02aH03,S07aH03,S08aH02,S19aH04,S21aH02,S01aH04,S07aH02,S18aH02,S03aH02,S14aH02,S21aH04,S13aH04,S04aH03,S07aH04,S08aH03,S09aH04,S12aH02,S16aH03,S02aH02,S14aH04,S03aH04,S12aH03,S20aH04,S04aH02,S09aH02,S09aH03,S11aH03,S11aH04,S14aH03,S15aH03,S18aH03,S19aH02,S19aH03,S06aH04,S08aH04,S11aH02,S13aH02,S13aH03,S18aH04,S03aH03,S15aH02,S20aH02,S10aH02,S12aH04,S15aH04,S21aH03,S01aH03,S05aH02,S05aH03,S17aH04,S01aH02,S04aH04,S16aH02,S17aH03,S02aH04,S10aH03,S20aH03 | U11: D | V11: AllSaAllH | X11: D | Y11: SaD,WaP,RaP,FaP,SaP,FaD,WaD,RaD
C12: N | D12: S03aH02,S02aH02,S01aH02,S04aH02 | F12: N | G12: S01aH01,S04aH01,S05aH04,S04aH04,S06aH01,S06aH04,S02aH04,S02aH01,S03aH04,S01aH04,S05aH01,S03aH01 | I12: N | J12: S03aH01,S02aH05,S02aH01,S01aH01,S04aH01,S05aH01,S01aH05,S06aH05,S04aH05,S06aH01,S07aH01,S07aH05,S03aH05,S05aH05 | L12: N | M12: S07aH05,S01aH01,S04aH01,S11aH01,S02aH01,S04aH05,S06aH01,S03aH05,S05aH05,S07aH01,S02aH05,S10aH05,S09aH01,S05aH01,S08aH01,S08aH05,S10aH01,S11aH05,S03aH01,S09aH05,S01aH05,S06aH05 | O12: N | P12: S07aH05,S01aH01,S04aH01,S11aH01,S17aH05,S15aH01,S16aH01,S09aH01,S13aH01,S01aH05,S06aH05,S12aH05,S08aH01,S08aH05,S10aH01,S11aH05,S04aH05,S06aH01,S14aH01,S03aH05,S05aH05,S12aH01,S02aH05,S10aH05,S16aH05,S14aH05,S15aH05,S03aH01,S09aH05,S13aH05,S05aH01,S07aH01,S17aH01,S02aH01 | R12: N | S12: S01aH06,S05aH07,S07aH01,S08aH06,S10aH07,S17aH01,S18aH01,S01aH01,S04aH01,S04aH06,S11aH01,S12aH06,S13aH06,S15aH06,S17aH05,S04aH05,S06aH01,S14aH01,S08aH01,S08aH05,S09aH07,S10aH01,S11aH05,S20aH05,S08aH07,S15aH01,S16aH01,S09aH06,S14aH07,S17aH07,S19aH06,S20aH01,S02aH01,S05aH06,S16aH07,S19aH01,S03aH01,S09aH05,S12aH07,S13aH05,S01aH07,S02aH07,S05aH01,S07aH06,S13aH07,S18aH06,S07aH05,S18aH07,S19aH05,S21aH07,S02aH05,S06aH07,S07aH07,S10aH05,S16aH05,S21aH05,S06aH06,S14aH05,S15aH05,S18aH05,S21aH01,S15aH07,S16aH06,S17aH06,S20aH06,S09aH01,S11aH07,S13aH01,S14aH06,S20aH07,S21aH06,S01aH05,S03aH06,S03aH07,S06aH05,S10aH06,S11aH06,S12aH05,S02aH06,S03aH05,S04aH07,S05aH05,S12aH01,S19aH07 | U12: N | V12: AllSaAllH | X12: N | Y12: FaP,SaP,SaN,WaN,RaN,RaP,FaN,WaP
I17: 0.75 | K17: share of charging at night
C18: ~UC_Sets: R_E: AllRegions
H21: =IF(H23=H24,"Not Required!","~UC_T: LO") -> Not Required!
C22: UC_N | D22: Pset_CI | E22: Pset_CO | F22: pset_pn | G22: Cset_CN | H22: TimeSlice | I22: UC_FLO | J22: UC_RHSRT | K22: UC_RHSRT~0
C23: UC_bev night chg limit | D23: ELC | E23: =G23 -> AuxStoIN | F23: *EV* | G23: AuxStoIN | H23: =HLOOKUP($A$10,$D$10:$CU$12,3,FALSE) -> AllSaAllH | I23: =1+I24 -> 0.25 | J23: 0 | K23: 3 | M23: night
D24: ELC | E24: =G24 -> AuxStoIN | F24: *EV* | G24: AuxStoIN | H24: =HLOOKUP($A$10,$D$10:$CU$12,2,FALSE) -> AllSaAllH | I24: =-$I$17 -> -0.75 | M24: day

Sheet ts_012
C9: =IF(A11="x","DeActivated","~TimeSlices") -> DeActivated | I9: =IF(A11="x","DeActivated","~TFM_DINS-AT") -> DeActivated | N9: =IF(A11="x","DeActivated","~TFM_DINS-AT") -> DeActivated | S9: =IF(A11="x","DeActivated","~TFM_DINS-AT") -> DeActivated | X9: =IF(A11="x","DeActivated","~TFM_DINS-AT") -> DeActivated
A10: ts_012 | C10: season | D10: weekly | E10: daynite | F10: wparent | G10: dparent | I10: commodity | J10: timeslice | K10: com_fr | L10: process | N10: commodity | O10: timeslice | P10: com_fr | Q10: process | S10: commodity | T10: timeslice | U10: com_fr | V10: process | X10: g_yrfr | Y10: com_fr | Z10: timeslice | AA10: commodity
A11: =IFERROR(IF(Veda!D5=A10,"ok","x"),"") -> x | C11: S01 | D11: a | E11: H01 | F11: S01,S02,S03,S04 | G11: a | I11: elc_spv_NZL_001 | J11: S01aH01 | K11: 0.41591424 | L11: IMPNRGZ | N11: elc_won_NZL_001 | O11: S01aH01 | P11: 0.33754898 | Q11: IMPNRGZ | S11: elc_wof_NZL_001 | T11: S01aH01 | U11: 0.37764386 | V11: IMPNRGZ | X11: 0.36484018 | Y11: 0.35989359 | Z11: S01aH01 | AA11: elc_roadtransport
C12: S02 | E12: H02 | G12: a | I12: elc_spv_NZL_001 | J12: S01aH02 | K12: 0.080517817 | L12: IMPNRGZ | N12: elc_won_NZL_001 | O12: S01aH02 | P12: 0.141636 | Q12: IMPNRGZ | S12: elc_wof_NZL_001 | T12: S01aH02 | U12: 0.15382363 | V12: IMPNRGZ | X12: 0.15022831 | Y12: 0.1551749 | Z12: S01aH02 | AA12: elc_roadtransport
C13: S03 | I13: elc_spv_NZL_001 | J13: S02aH01 | K13: 0.21610204 | L13: IMPNRGZ | N13: elc_won_NZL_001 | O13: S02aH01 | P13: 0.25331983 | Q13: IMPNRGZ | S13: elc_wof_NZL_001 | T13: S02aH01 | U13: 0.24318339 | V13: IMPNRGZ | X13: 0.2173516 | Y13: 0.21440469 | Z13: S02aH01 | AA13: elc_roadtransport
C14: S04 | I14: elc_spv_NZL_001 | J14: S02aH02 | K14: 0.031985538 | L14: IMPNRGZ | N14: elc_won_NZL_001 | O14: S02aH02 | P14: 0.10267566 | Q14: IMPNRGZ | S14: elc_wof_NZL_001 | T14: S02aH02 | U14: 0.10168449 | V14: IMPNRGZ | X14: 0.089497717 | Y14: 0.092444621 | Z14: S02aH02 | AA14: elc_roadtransport
I15: elc_spv_NZL_001 | J15: S03aH01 | K15: 0.18149896 | L15: IMPNRGZ | N15: elc_won_NZL_001 | O15: S03aH01 | P15: 0.091825487 | Q15: IMPNRGZ | S15: elc_wof_NZL_001 | T15: S03aH01 | U15: 0.072532299 | V15: IMPNRGZ | X15: 0.10479452 | Y15: 0.10337369 | Z15: S03aH01 | AA15: elc_roadtransport
I16: elc_spv_NZL_001 | J16: S03aH02 | K16: 0.032735555 | L16: IMPNRGZ | N16: elc_won_NZL_001 | O16: S03aH02 | P16: 0.038194431 | Q16: IMPNRGZ | S16: elc_wof_NZL_001 | T16: S03aH02 | U16: 0.028919065 | V16: IMPNRGZ | X16: 0.043150685 | Y16: 0.044571514 | Z16: S03aH02 | AA16: elc_roadtransport
I17: elc_spv_NZL_001 | J17: S04aH01 | K17: 0.033934279 | L17: IMPNRGZ | N17: elc_won_NZL_001 | O17: S04aH01 | P17: 0.024613345 | Q17: IMPNRGZ | S17: elc_wof_NZL_001 | T17: S04aH01 | U17: 0.015852442 | V17: IMPNRGZ | X17: 0.021347032 | Y17: 0.021057604 | Z17: S04aH01 | AA17: elc_roadtransport
I18: elc_spv_NZL_001 | J18: S04aH02 | K18: 0.0073115721 | L18: IMPNRGZ | N18: elc_won_NZL_001 | O18: S04aH02 | P18: 0.010186278 | Q18: IMPNRGZ | S18: elc_wof_NZL_001 | T18: S04aH02 | U18: 0.0063608247 | V18: IMPNRGZ | X18: 0.0087899543 | Y18: 0.0090793824 | Z18: S04aH02 | AA18: elc_roadtransport
I19: elc_spv_NZL_002 | J19: S01aH01 | K19: 0.43912706 | L19: IMPNRGZ | N19: elc_won_NZL_002 | O19: S01aH01 | P19: 0.32250744 | Q19: IMPNRGZ | S19: elc_wof_NZL_002 | T19: S01aH01 | U19: 0.36096957 | V19: IMPNRGZ
I20: elc_spv_NZL_002 | J20: S01aH02 | K20: 0.042850834 | L20: IMPNRGZ | N20: elc_won_NZL_002 | O20: S01aH02 | P20: 0.1311202 | Q20: IMPNRGZ | S20: elc_wof_NZL_002 | T20: S01aH02 | U20: 0.15267252 | V20: IMPNRGZ
I21: elc_spv_NZL_002 | J21: S02aH01 | K21: 0.23721227 | L21: IMPNRGZ | N21: elc_won_NZL_002 | O21: S02aH01 | P21: 0.27845612 | Q21: IMPNRGZ | S21: elc_wof_NZL_002 | T21: S02aH01 | U21: 0.25375991 | V21: IMPNRGZ
I22: elc_spv_NZL_002 | J22: S02aH02 | K22: 0.01495872 | L22: IMPNRGZ | N22: elc_won_NZL_002 | O22: S02aH02 | P22: 0.1135651 | Q22: IMPNRGZ | S22: elc_wof_NZL_002 | T22: S02aH02 | U22: 0.10497475 | V22: IMPNRGZ
I23: elc_spv_NZL_002 | J23: S03aH01 | K23: 0.19904542 | L23: IMPNRGZ | N23: elc_won_NZL_002 | O23: S03aH01 | P23: 0.086721617 | Q23: IMPNRGZ | S23: elc_wof_NZL_002 | T23: S03aH01 | U23: 0.072177553 | V23: IMPNRGZ
I24: elc_spv_NZL_002 | J24: S03aH02 | K24: 0.019592947 | L24: IMPNRGZ | N24: elc_won_NZL_002 | O24: S03aH02 | P24: 0.033510695 | Q24: IMPNRGZ | S24: elc_wof_NZL_002 | T24: S03aH02 | U24: 0.033046462 | V24: IMPNRGZ
I25: elc_spv_NZL_002 | J25: S04aH01 | K25: 0.040939201 | L25: IMPNRGZ | N25: elc_won_NZL_002 | O25: S04aH01 | P25: 0.023983748 | Q25: IMPNRGZ | S25: elc_wof_NZL_002 | T25: S04aH01 | U25: 0.014615289 | V25: IMPNRGZ
I26: elc_spv_NZL_002 | J26: S04aH02 | K26: 0.0062735446 | L26: IMPNRGZ | N26: elc_won_NZL_002 | O26: S04aH02 | P26: 0.010135077 | Q26: IMPNRGZ | S26: elc_wof_NZL_002 | T26: S04aH02 | U26: 0.0077839396 | V26: IMPNRGZ
I27: elc_spv_NZL_003 | J27: S01aH01 | K27: 0.45183002 | L27: IMPNRGZ | N27: elc_won_NZL_003 | O27: S01aH01 | P27: 0.33245574 | Q27: IMPNRGZ | S27: elc_wof_NZL_003 | T27: S01aH01 | U27: 0.33918512 | V27: IMPNRGZ
I28: elc_spv_NZL_003 | J28: S01aH02 | K28: 0.043819723 | L28: IMPNRGZ | N28: elc_won_NZL_003 | O28: S01aH02 | P28: 0.14407638 | Q28: IMPNRGZ | S28: elc_wof_NZL_003 | T28: S01aH02 | U28: 0.15176266 | V28: IMPNRGZ
I29: elc_spv_NZL_003 | J29: S02aH01 | K29: 0.2275969 | L29: IMPNRGZ | N29: elc_won_NZL_003 | O29: S02aH01 | P29: 0.27314668 | Q29: IMPNRGZ | S29: elc_wof_NZL_003 | T29: S02aH01 | U29: 0.27039075 | V29: IMPNRGZ
I30: elc_spv_NZL_003 | J30: S02aH02 | K30: 0.012547169 | L30: IMPNRGZ | N30: elc_won_NZL_003 | O30: S02aH02 | P30: 0.1063184 | Q30: IMPNRGZ | S30: elc_wof_NZL_003 | T30: S02aH02 | U30: 0.10660699 | V30: IMPNRGZ
... I130: elc_spv_NZL_015 | J130: S04aH02 | K130: 0.0074184469 | L130: IMPNRGZ | N130: elc_won_NZL_015 | O130: S04aH02 | P130: 0.010229417 | Q130: IMPNRGZ | S130: elc_wof_NZL_015 | T130: S04aH02 | U130: 0.0097303004 | V130: IMPNRGZ
I131: elc_spv_NZL_016 | J131: S01aH01 | K131: 0.43868402 | L131: IMPNRGZ | S131: elc_wof_NZL_016 | T131: S01aH01 | U131: 0.36405387 | V131: IMPNRGZ
I132: elc_spv_NZL_016 | J132: S01aH02 | K132: 0.056471856 | L132: IMPNRGZ | S132: elc_wof_NZL_016 | T132: S01aH02 | U132: 0.1495267 | V132: IMPNRGZ
I133: elc_spv_NZL_016 | J133: S02aH01 | K133: 0.20491402 | L133: IMPNRGZ | S133: elc_wof_NZL_016 | T133: S02aH01 | U133: 0.22573223 | V133: IMPNRGZ
I134: elc_spv_NZL_016 | J134: S02aH02 | K134: 0.014333359 | L134: IMPNRGZ | S134: elc_wof_NZL_016 | T134: S02aH02 | U134: 0.090432115 | V134: IMPNRGZ
I135: elc_spv_NZL_016 | J135: S03aH01 | K135: 0.21052998 | L135: IMPNRGZ | S135: elc_wof_NZL_016 | T135: S03aH01 | U135: 0.095616358 | V135: IMPNRGZ
I136: elc_spv_NZL_016 | J136: S03aH02 | K136: 0.030165973 | L136: IMPNRGZ | S136: elc_wof_NZL_016 | T136: S03aH02 | U136: 0.038939736 | V136: IMPNRGZ
I137: elc_spv_NZL_016 | J137: S04aH01 | K137: 0.039217657 | L137: IMPNRGZ | S137: elc_wof_NZL_016 | T137: S04aH01 | U137: 0.025907032 | V137: IMPNRGZ
I138: elc_spv_NZL_016 | J138: S04aH02 | K138: 0.0056831301 | L138: IMPNRGZ | S138: elc_wof_NZL_016 | T138: S04aH02 | U138: 0.0097919612 | V138: IMPNRGZ
S139: elc_wof_NZL_017 | T139: S01aH01 | U139: 0.37420116 | V139: IMPNRGZ
S140: elc_wof_NZL_017 | T140: S01aH02 | U140: 0.14967899 | V140: IMPNRGZ
S141: elc_wof_NZL_017 | T141: S02aH01 | U141: 0.22199385 | V141: IMPNRGZ
S142: elc_wof_NZL_017 | T142: S02aH02 | U142: 0.090260477 | V142: IMPNRGZ
S143: elc_wof_NZL_017 | T143: S03aH01 | U143: 0.090087206 | V143: IMPNRGZ
S144: elc_wof_NZL_017 | T144: S03aH02 | U144: 0.035493476 | V144: IMPNRGZ
S145: elc_wof_NZL_017 | T145: S04aH01 | U145: 0.027548037 | V145: IMPNRGZ
S146: elc_wof_NZL_017 | T146: S04aH02 | U146: 0.010736799 | V146: IMPNRGZ
S147: elc_wof_NZL_018 | T147: S01aH01 | U147: 0.40209674 | V147: IMPNRGZ
S148: elc_wof_NZL_018 | T148: S01aH02 | U148: 0.16616572 | V148: IMPNRGZ
S149: elc_wof_NZL_018 | T149: S02aH01 | U149: 0.22575361 | V149: IMPNRGZ
S150: elc_wof_NZL_018 | T150: S02aH02 | U150: 0.089280557 | V150: IMPNRGZ
... S274: elc_wof_NZL_033 | T274: S04aH02 | U274: 0.0091850613 | V274: IMPNRGZ

Sheet ts_030
C9: =IF(A11="x","DeActivated","~TimeSlices") -> DeActivated | I9: =IF(A11="x","DeActivated","~TFM_DINS-AT") -> DeActivated | N9: =IF(A11="x","DeActivated","~TFM_DINS-AT") -> DeActivated | S9: =IF(A11="x","DeActivated","~TFM_DINS-AT") -> DeActivated | X9: =IF(A11="x","DeActivated","~TFM_DINS-AT") -> DeActivated
A10: ts_030 | C10: season | D10: weekly | E10: daynite | F10: wparent | G10: dparent | I10: commodity | J10: timeslice | K10: com_fr | L10: process | N10: commodity | O10: timeslice | P10: com_fr | Q10: process | S10: commodity | T10: timeslice | U10: com_fr | V10: process | X10: g_yrfr | Y10: com_fr | Z10: timeslice | AA10: commodity
A11: =IFERROR(IF(Veda!D5=A10,"ok","x"),"") -> x | C11: S01 | D11: a | E11: H01 | F11: S01,S02,S03,S04,S05,S06 | G11: a | I11: elc_spv_NZL_001 | J11: S01aH01 | K11: 0 | L11: IMPNRGZ | N11: elc_won_NZL_001 | O11: S01aH01 | P11: 0.07715855 | Q11: IMPNRGZ | S11: elc_wof_NZL_001 | T11: S01aH01 | U11: 0.081576707 | V11: IMPNRGZ | X11: 0.087671233 | Y11: 0.018754112 | Z11: S01aH01 | AA11: elc_roadtransport
C12: S02 | E12: H02 | G12: a | I12: elc_spv_NZL_001 | J12: S01aH02 | K12: 0.020498106 | L12: IMPNRGZ | N12: elc_won_NZL_001 | O12: S01aH02 | P12: 0.025635852 | Q12: IMPNRGZ | S12: elc_wof_NZL_001 | T12: S01aH02 | U12: 0.028033999 | V12: IMPNRGZ | X12: 0.029223744 | Y12: 0.046036679 | Z12: S01aH02 | AA12: elc_roadtransport
C13: S03 | E13: H03 | G13: a | I13: elc_spv_NZL_001 | J13: S01aH03 | K13: 0.33248401 | L13: IMPNRGZ | N13: elc_won_NZL_001 | O13: S01aH03 | P13: 0.11743905 | Q13: IMPNRGZ | S13: elc_wof_NZL_001 | T13: S01aH03 | U13: 0.12645707 | V13: IMPNRGZ | X13: 0.13150685 | Y13: 0.18024314 | Z13: S01aH03 | AA13: elc_roadtransport
C14: S04 | E14: H04 | G14: a | I14: elc_spv_NZL_001 | J14: S01aH04 | K14: 0.07468475 | L14: IMPNRGZ | N14: elc_won_NZL_001 | O14: S01aH04 | P14: 0.091434135 | Q14: IMPNRGZ | S14: elc_wof_NZL_001 | T14: S01aH04 | U14: 0.097824521 | V14: IMPNRGZ | X14: 0.10228311 | Y14: 0.105651 | Z14: S01aH04 | AA14: elc_roadtransport
C15: S05 | I15: elc_spv_NZL_001 | J15: S02aH01 | K15: 0 | L15: IMPNRGZ | N15: elc_won_NZL_001 | O15: S02aH01 | P15: 0.040348425 | Q15: IMPNRGZ | S15: elc_wof_NZL_001 | T15: S02aH01 | U15: 0.049076256 | V15: IMPNRGZ | X15: 0.04109589 | Y15: 0.0087909902 | Z15: S02aH01 | AA15: elc_roadtransport
C16: S06 | I16: elc_spv_NZL_001 | J16: S02aH02 | K16: 0 | L16: IMPNRGZ | N16: elc_won_NZL_001 | O16: S02aH02 | P16: 0.014068104 | Q16: IMPNRGZ | S16: elc_wof_NZL_001 | T16: S02aH02 | U16: 0.016783405 | V16: IMPNRGZ | X16: 0.01369863 | Y16: 0.021579693 | Z16: S02aH02 | AA16: elc_roadtransport
I17: elc_spv_NZL_001 | J17: S02aH03 | K17: 0.062932129 | L17: IMPNRGZ | N17: elc_won_NZL_001 | O17: S02aH03 | P17: 0.062899002 | Q17: IMPNRGZ | S17: elc_wof_NZL_001 | T17: S02aH03 | U17: 0.075716423 | V17: IMPNRGZ | X17: 0.061643836 | Y17: 0.084488974 | Z17: S02aH03 | AA17: elc_roadtransport
I18: elc_spv_NZL_001 | J18: S02aH04 | K18: 0.0058330666 | L18: IMPNRGZ | N18: elc_won_NZL_001 | O18: S02aH04 | P18: 0.05020186 | Q18: IMPNRGZ | S18: elc_wof_NZL_001 | T18: S02aH04 | U18: 0.055999109 | V18: IMPNRGZ | X18: 0.047945205 | Y18: 0.049523904 | Z18: S02aH04 | AA18: elc_roadtransport
I19: elc_spv_NZL_001 | J19: S03aH01 | K19: 0 | L19: IMPNRGZ | N19: elc_won_NZL_001 | O19: S03aH01 | P19: 0.087996666 | Q19: IMPNRGZ | S19: elc_wof_NZL_001 | T19: S03aH01 | U19: 0.087243868 | V19: IMPNRGZ | X19: 0.076712329 | Y19: 0.016409848 | Z19: S03aH01 | AA19: elc_roadtransport
I20: elc_spv_NZL_001 | J20: S03aH02 | K20: 0.0084323972 | L20: IMPNRGZ | N20: elc_won_NZL_001 | O20: S03aH02 | P20: 0.028642558 | Q20: IMPNRGZ | S20: elc_wof_NZL_001 | T20: S03aH02 | U20: 0.028180215 | V20: IMPNRGZ | X20: 0.025570776 | Y20: 0.040282094 | Z20: S03aH02 | AA20: elc_roadtransport
I21: elc_spv_NZL_001 | J21: S03aH03 | K21: 0.20766964 | L21: IMPNRGZ | N21: elc_won_NZL_001 | O21: S03aH03 | P21: 0.1366806 | Q21: IMPNRGZ | S21: elc_wof_NZL_001 | T21: S03aH03 | U21: 0.12775931 | V21: IMPNRGZ | X21: 0.11506849 | Y21: 0.15771275 | Z21: S03aH03 | AA21: elc_roadtransport
I22: elc_spv_NZL_001 | J22: S03aH04 | K22: 0.031985538 | L22: IMPNRGZ | N22: elc_won_NZL_001 | O22: S03aH04 | P22: 0.10267566 | Q22: IMPNRGZ | S22: elc_wof_NZL_001 | T22: S03aH04 | U22: 0.10168449 | V22: IMPNRGZ | X22: 0.089497717 | Y22: 0.092444621 | Z22: S03aH04 | AA22: elc_roadtransport
I23: elc_spv_NZL_001 | J23: S04aH01 | K23: 0 | L23: IMPNRGZ | N23: elc_won_NZL_001 | O23: S04aH01 | P23: 0.024195412 | Q23: IMPNRGZ | S23: elc_wof_NZL_001 | T23: S04aH01 | U23: 0.023243387 | V23: IMPNRGZ | X23: 0.028767123 | Y23: 0.0061536932 | Z23: S04aH01 | AA23: elc_roadtransport
I24: elc_spv_NZL_001 | J24: S04aH02 | K24: 0.014017692 | L24: IMPNRGZ | N24: elc_won_NZL_001 | O24: S04aH02 | P24: 0.0082406559 | Q24: IMPNRGZ | S24: elc_wof_NZL_001 | T24: S04aH02 | U24: 0.0075535439 | V24: IMPNRGZ | X24: 0.0095890411 | Y24: 0.015105785 | Z24: S04aH02 | AA24: elc_roadtransport
I25: elc_spv_NZL_001 | J25: S04aH03 | K25: 0.12178804 | L25: IMPNRGZ | N25: elc_won_NZL_001 | O25: S04aH03 | P25: 0.043272518 | Q25: IMPNRGZ | S25: elc_wof_NZL_001 | T25: S04aH03 | U25: 0.035242065 | V25: IMPNRGZ | X25: 0.043150685 | Y25: 0.059142282 | Z25: S04aH03 | AA25: elc_roadtransport
I26: elc_spv_NZL_001 | J26: S04aH04 | K26: 0.024057916 | L26: IMPNRGZ | N26: elc_won_NZL_001 | O26: S04aH04 | P26: 0.031065083 | Q26: IMPNRGZ | S26: elc_wof_NZL_001 | T26: S04aH04 | U26: 0.026106005 | V26: IMPNRGZ | X26: 0.033561644 | Y26: 0.034666733 | Z26: S04aH04 | AA26: elc_roadtransport
I27: elc_spv_NZL_001 | J27: S05aH01 | K27: 0 | L27: IMPNRGZ | N27: elc_won_NZL_001 | O27: S05aH01 | P27: 0.0056790192 | Q27: IMPNRGZ | S27: elc_wof_NZL_001 | T27: S05aH01 | U27: 0.002515924 | V27: IMPNRGZ | X27: 0.0082191781 | Y27: 0.001758198 | Z27: S05aH01 | AA27: elc_roadtransport
I28: elc_spv_NZL_001 | J28: S05aH02 | K28: 0.0047357192 | L28: IMPNRGZ | N28: elc_won_NZL_001 | O28: S05aH02 | P28: 0.001740504 | Q28: IMPNRGZ | S28: elc_wof_NZL_001 | T28: S05aH02 | U28: 0.00066840382 | V28: IMPNRGZ | X28: 0.002739726 | Y28: 0.0043159386 | Z28: S05aH02 | AA28: elc_roadtransport
... I34: elc_spv_NZL_001 | J34: S06aH04 | K34: 0.0073115721 | L34: IMPNRGZ | N34: elc_won_NZL_001 | O34: S06aH04 | P34: 0.010186278 | Q34: IMPNRGZ | S34: elc_wof_NZL_001 | T34: S06aH04 | U34: 0.0063608247 | V34: IMPNRGZ | X34: 0.0087899543 | Y34: 0.0090793824 | Z34: S06aH04 | AA34: elc_roadtransport
I35: elc_spv_NZL_002 | J35: S01aH01 | K35: 0.0015256507 | L35: IMPNRGZ | N35: elc_won_NZL_002 | O35: S01aH01 | P35: 0.068489094 | Q35: IMPNRGZ | S35: elc_wof_NZL_002 | T35: S01aH01 | U35: 0.081366218 | V35: IMPNRGZ
I36: elc_spv_NZL_002 | J36: S01aH02 | K36: 0.039667585 | L36: IMPNRGZ | N36: elc_won_NZL_002 | O36: S01aH02 | P36: 0.022480384 | Q36: IMPNRGZ | S36: elc_wof_NZL_002 | T36: S01aH02 | U36: 0.027197455 | V36: IMPNRGZ
I37: elc_spv_NZL_002 | J37: S01aH03 | K37: 0.32561194 | L37: IMPNRGZ | N37: elc_won_NZL_002 | O37: S01aH03 | P37: 0.11407721 | Q37: IMPNRGZ | S37: elc_wof_NZL_002 | T37: S01aH03 | U37: 0.12209908 | V37: IMPNRGZ
I38: elc_spv_NZL_002 | J38: S01aH04 | K38: 0.04284071 | L38: IMPNRGZ | N38: elc_won_NZL_002 | O38: S01aH04 | P38: 0.083131573 | Q38: IMPNRGZ | S38: elc_wof_NZL_002 | T38: S01aH04 | U38: 0.099144046 | V38: IMPNRGZ
I39: elc_spv_NZL_002 | J39: S02aH01 | K39: 0 | L39: IMPNRGZ | N39: elc_won_NZL_002 | O39: S02aH01 | P39: 0.039233533 | Q39: IMPNRGZ | S39: elc_wof_NZL_002 | T39: S02aH01 | U39: 0.045832568 | V39: IMPNRGZ
I40: elc_spv_NZL_002 | J40: S02aH02 | K40: 0.0022240125 | L40: IMPNRGZ | N40: elc_won_NZL_002 | O40: S02aH02 | P40: 0.012978761 | Q40: IMPNRGZ | S40: elc_wof_NZL_002 | T40: S02aH02 | U40: 0.014693975 | V40: IMPNRGZ
I41: elc_spv_NZL_002 | J41: S02aH03 | K41: 0.070097873 | L41: IMPNRGZ | N41: elc_won_NZL_002 | O41: S02aH03 | P41: 0.065248465 | Q41: IMPNRGZ | S41: elc_wof_NZL_002 | T41: S02aH03 | U41: 0.06978027 | V41: IMPNRGZ
I42: elc_spv_NZL_002 | J42: S02aH04 | K42: 1.01235e-05 | L42: IMPNRGZ | N42: elc_won_NZL_002 | O42: S02aH04 | P42: 0.047988629 | Q42: IMPNRGZ | S42: elc_wof_NZL_002 | T42: S02aH04 | U42: 0.053528478 | V42: IMPNRGZ
I43: elc_spv_NZL_002 | J43: S03aH01 | K43: 0 | L43: IMPNRGZ | N43: elc_won_NZL_002 | O43: S03aH01 | P43: 0.094642451 | Q43: IMPNRGZ | S43: elc_wof_NZL_002 | T43: S03aH01 | U43: 0.089895818 | V43: IMPNRGZ
I44: elc_spv_NZL_002 | J44: S03aH02 | K44: 0.021716519 | L44: IMPNRGZ | N44: elc_won_NZL_002 | O44: S03aH02 | P44: 0.028831175 | Q44: IMPNRGZ | S44: elc_wof_NZL_002 | T44: S03aH02 | U44: 0.029071637 | V44: IMPNRGZ
I45: elc_spv_NZL_002 | J45: S03aH03 | K45: 0.21549575 | L45: IMPNRGZ | N45: elc_won_NZL_002 | O45: S03aH03 | P45: 0.15498249 | Q45: IMPNRGZ | S45: elc_wof_NZL_002 | T45: S03aH03 | U45: 0.13479246 | V45: IMPNRGZ
I46: elc_spv_NZL_002 | J46: S03aH04 | K46: 0.01495872 | L46: IMPNRGZ | N46: elc_won_NZL_002 | O46: S03aH04 | P46: 0.1135651 | Q46: IMPNRGZ | S46: elc_wof_NZL_002 | T46: S03aH04 | U46: 0.10497475 | V46: IMPNRGZ
... I370: elc_spv_NZL_015 | J370: S06aH04 | K370: 0.0074184469 | L370: IMPNRGZ | N370: elc_won_NZL_015 | O370: S06aH04 | P370: 0.010229417 | Q370: IMPNRGZ | S370: elc_wof_NZL_015 | T370: S06aH04 | U370: 0.0097303004 | V370: IMPNRGZ
I371: elc_spv_NZL_016 | J371: S01aH01 | K371: 0.0012289316 | L371: IMPNRGZ | S371: elc_wof_NZL_016 | T371: S01aH01 | U371: 0.085606892 | V371: IMPNRGZ
I372: elc_spv_NZL_016 | J372: S01aH02 | K372: 0.032286493 | L372: IMPNRGZ | S372: elc_wof_NZL_016 | T372: S01aH02 | U372: 0.028050405 | V372: IMPNRGZ
I373: elc_spv_NZL_016 | J373: S01aH03 | K373: 0.34317687 | L373: IMPNRGZ | S373: elc_wof_NZL_016 | T373: S01aH03 | U373: 0.12839481 | V373: IMPNRGZ
I374: elc_spv_NZL_016 | J374: S01aH04 | K374: 0.056471856 | L374: IMPNRGZ | S374: elc_wof_NZL_016 | T374: S01aH04 | U374: 0.10006587 | V374: IMPNRGZ
I375: elc_spv_NZL_016 | J375: S02aH01 | K375: 0 | L375: IMPNRGZ | S375: elc_wof_NZL_016 | T375: S02aH01 | U375: 0.042543386 | V375: IMPNRGZ
I376: elc_spv_NZL_016 | J376: S02aH02 | K376: 0 | L376: IMPNRGZ | S376: elc_wof_NZL_016 | T376: S02aH02 | U376: 0.014287693 | V376: IMPNRGZ
I377: elc_spv_NZL_016 | J377: S02aH03 | K377: 0.06199173 | L377: IMPNRGZ | S377: elc_wof_NZL_016 | T377: S02aH03 | U377: 0.065170685 | V377: IMPNRGZ
I378: elc_spv_NZL_016 | J378: S02aH04 | K378: 0 | L378: IMPNRGZ | S378: elc_wof_NZL_016 | T378: S02aH04 | U378: 0.049460826 | V378: IMPNRGZ
I379: elc_spv_NZL_016 | J379: S03aH01 | K379: 0 | L379: IMPNRGZ | S379: elc_wof_NZL_016 | T379: S03aH01 | U379: 0.081411737 | V379: IMPNRGZ
I380: elc_spv_NZL_016 | J380: S03aH02 | K380: 0.010634021 | L380: IMPNRGZ | S380: elc_wof_NZL_016 | T380: S03aH02 | U380: 0.026690836 | V380: IMPNRGZ
I381: elc_spv_NZL_016 | J381: S03aH03 | K381: 0.19428 | L381: IMPNRGZ | S381: elc_wof_NZL_016 | T381: S03aH03 | U381: 0.11762966 | V381: IMPNRGZ
I382: elc_spv_NZL_016 | J382: S03aH04 | K382: 0.014333359 | L382: IMPNRGZ | S382: elc_wof_NZL_016 | T382: S03aH04 | U382: 0.090432115 | V382: IMPNRGZ
... I394: elc_spv_NZL_016 | J394: S06aH04 | K394: 0.0056831301 | L394: IMPNRGZ | S394: elc_wof_NZL_016 | T394: S06aH04 | U394: 0.0097919612 | V394: IMPNRGZ
S395: elc_wof_NZL_017 | T395: S01aH01 | U395: 0.085236044 | V395: IMPNRGZ
S396: elc_wof_NZL_017 | T396: S01aH02 | U396: 0.028913375 | V396: IMPNRGZ
S397: elc_wof_NZL_017 | T397: S01aH03 | U397: 0.12962273 | V397: IMPNRGZ
S398: elc_wof_NZL_017 | T398: S01aH04 | U398: 0.097492222 | V398: IMPNRGZ
S399: elc_wof_NZL_017 | T399: S02aH01 | U399: 0.046483173 | V399: IMPNRGZ
S400: elc_wof_NZL_017 | T400: S02aH02 | U400: 0.015473473 | V400: IMPNRGZ
S401: elc_wof_NZL_017 | T401: S02aH03 | U401: 0.068472367 | V401: IMPNRGZ
S402: elc_wof_NZL_017 | T402: S02aH04 | U402: 0.052186771 | V402: IMPNRGZ
S403: elc_wof_NZL_017 | T403: S03aH01 | U403: 0.077579059 | V403: IMPNRGZ
S404: elc_wof_NZL_017 | T404: S03aH02 | U404: 0.025705364 | V404: IMPNRGZ
S405: elc_wof_NZL_017 | T405: S03aH03 | U405: 0.11870943 | V405: IMPNRGZ
S406: elc_wof_NZL_017 | T406: S03aH04 | U406: 0.090260477 | V406: IMPNRGZ
... S802: elc_wof_NZL_033 | T802: S06aH04 | U802: 0.0091850613 | V802: IMPNRGZ

Sheet ts_048
C9: =IF(A11="x","DeActivated","~TimeSlices") -> DeActivated | I9: =IF(A11="x","DeActivated","~TFM_DINS-AT") -> DeActivated | N9: =IF(A11="x","DeActivated","~TFM_DINS-AT") -> DeActivated | S9: =IF(A11="x","DeActivated","~TFM_DINS-AT") -> DeActivated | X9: =IF(A11="x","DeActivated","~TFM_DINS-AT") -> DeActivated
A10: ts_048 | C10: season | D10: weekly | E10: daynite | F10: wparent | G10: dparent | I10: commodity | J10: timeslice | K10: com_fr | L10: process | N10: commodity | O10: timeslice | P10: com_fr | Q10: process | S10: commodity | T10: timeslice | U10: com_fr | V10: process | X10: g_yrfr | Y10: com_fr | Z10: timeslice | AA10: commodity
A11: =IFERROR(IF(Veda!D5=A10,"ok","x"),"") -> x | C11: S01 | D11: a | E11: H01 | F11: S01,S02,S03,S04,S05,S06,S07 | G11: a | I11: elc_spv_NZL_001 | J11: S01aH01 | K11: 0 | L11: IMPNRGZ | N11: elc_won_NZL_001 | O11: S01aH01 | P11: 0.07715855 | Q11: IMPNRGZ | S11: elc_wof_NZL_001 | T11: S01aH01 | U11: 0.081576707 | V11: IMPNRGZ | X11: 0.087671233 | Y11: 0.018754112 | Z11: S01aH01 | AA11: elc_roadtransport
C12: S02 | E12: H02 | G12: a | I12: elc_spv_NZL_001 | J12: S01aH02 | K12: 0.020498106 | L12: IMPNRGZ | N12: elc_won_NZL_001 | O12: S01aH02 | P12: 0.025635852 | Q12: IMPNRGZ | S12: elc_wof_NZL_001 | T12: S01aH02 | U12: 0.028033999 | V12: IMPNRGZ | X12: 0.029223744 | Y12: 0.046036679 | Z12: S01aH02 | AA12: elc_roadtransport
C13: S03 | E13: H03 | G13: a | I13: elc_spv_NZL_001 | J13: S01aH03 | K13: 0.33248401 | L13: IMPNRGZ | N13: elc_won_NZL_001 | O13: S01aH03 | P13: 0.11743905 | Q13: IMPNRGZ | S13: elc_wof_NZL_001 | T13: S01aH03 | U13: 0.12645707 | V13: IMPNRGZ | X13: 0.13150685 | Y13: 0.18024314 | Z13: S01aH03 | AA13: elc_roadtransport
C14: S04 | E14: H04 | G14: a | I14: elc_spv_NZL_001 | J14: S01aH04 | K14: 0.032945228 | L14: IMPNRGZ | N14: elc_won_NZL_001 | O14: S01aH04 | P14: 0.013409985 | Q14: IMPNRGZ | S14: elc_wof_NZL_001 | T14: S01aH04 | U14: 0.014269789 | V14: IMPNRGZ | X14: 0.014611872 | Y14: 0.02842818 | Z14: S01aH04 | AA14: elc_roadtransport
C15: S05 | E15: H05 | G15: a | I15: elc_spv_NZL_001 | J15: S01aH05 | K15: 0.041739522 | L15: IMPNRGZ | N15: elc_won_NZL_001 | O15: S01aH05 | P15: 0.07802415 | Q15: IMPNRGZ | S15: elc_wof_NZL_001 | T15: S01aH05 | U15: 0.083554733 | V15: IMPNRGZ | X15: 0.087671233 | Y15: 0.077222816 | Z15: S01aH05 | AA15: elc_roadtransport
C16: S06 | I16: elc_spv_NZL_001 | J16: S02aH01 | K16: 0 | L16: IMPNRGZ | N16: elc_won_NZL_001 | O16: S02aH01 | P16: 0.040348425 | Q16: IMPNRGZ | S16: elc_wof_NZL_001 | T16: S02aH01 | U16: 0.049076256 | V16: IMPNRGZ | X16: 0.04109589 | Y16: 0.0087909902 | Z16: S02aH01 | AA16: elc_roadtransport
C17: S07 | I17: elc_spv_NZL_001 | J17: S02aH02 | K17: 0 | L17: IMPNRGZ | N17: elc_won_NZL_001 | O17: S02aH02 | P17: 0.014068104 | Q17: IMPNRGZ | S17: elc_wof_NZL_001 | T17: S02aH02 | U17: 0.016783405 | V17: IMPNRGZ | X17: 0.01369863 | Y17: 0.021579693 | Z17: S02aH02 | AA17: elc_roadtransport
I18: elc_spv_NZL_001 | J18: S02aH03 | K18: 0.062932129 | L18: IMPNRGZ | N18: elc_won_NZL_001 | O18: S02aH03 | P18: 0.062899002 | Q18: IMPNRGZ | S18: elc_wof_NZL_001 | T18: S02aH03 | U18: 0.075716423 | V18: IMPNRGZ | X18: 0.061643836 | Y18: 0.084488974 | Z18: S02aH03 | AA18: elc_roadtransport
I19: elc_spv_NZL_001 | J19: S02aH04 | K19: 0.0058330666 | L19: IMPNRGZ | N19: elc_won_NZL_001 | O19: S02aH04 | P19: 0.0071396514 | Q19: IMPNRGZ | S19: elc_wof_NZL_001 | T19: S02aH04 | U19: 0.0083303492 | V19: IMPNRGZ | X19: 0.0068493151 | Y19: 0.013325709 | Z19: S02aH04 | AA19: elc_roadtransport
I20: elc_spv_NZL_001 | J20: S02aH05 | K20: 0 | L20: IMPNRGZ | N20: elc_won_NZL_001 | O20: S02aH05 | P20: 0.043062209 | Q20: IMPNRGZ | S20: elc_wof_NZL_001 | T20: S02aH05 | U20: 0.04766876 | V20: IMPNRGZ | X20: 0.04109589 | Y20: 0.036198195 | Z20: S02aH05 | AA20: elc_roadtransport
I21: elc_spv_NZL_001 | J21: S03aH01 | K21: 0 | L21: IMPNRGZ | N21: elc_won_NZL_001 | O21: S03aH01 | P21: 0.091682725 | Q21: IMPNRGZ | S21: elc_wof_NZL_001 | T21: S03aH01 | U21: 0.088913474 | V21: IMPNRGZ | X21: 0.079452055 | Y21: 0.016995914 | Z21: S03aH01 | AA21: elc_roadtransport
I22: elc_spv_NZL_001 | J22: S03aH02 | K22: 0.0099556604 | L22: IMPNRGZ | N22: elc_won_NZL_001 | O22: S03aH02 | P22: 0.029867765 | Q22: IMPNRGZ | S22: elc_wof_NZL_001 | T22: S03aH02 | U22: 0.028928068 | V22: IMPNRGZ | X22: 0.026484018 | Y22: 0.04172074 | Z22: S03aH02 | AA22: elc_roadtransport
I23: elc_spv_NZL_001 | J23: S03aH03 | K23: 0.21914347 | L23: IMPNRGZ | N23: elc_won_NZL_001 | O23: S03aH03 | P23: 0.14191879 | Q23: IMPNRGZ | S23: elc_wof_NZL_001 | T23: S03aH03 | U23: 0.13124343 | V23: IMPNRGZ | X23: 0.11917808 | Y23: 0.16334535 | Z23: S03aH03 | AA23: elc_roadtransport
I24: elc_spv_NZL_001 | J24: S03aH04 | K24: 0.020982901 | L24: IMPNRGZ | N24: elc_won_NZL_001 | O24: S03aH04 | P24: 0.015013471 | Q24: IMPNRGZ | S24: elc_wof_NZL_001 | T24: S03aH04 | U24: 0.015299357 | V24: IMPNRGZ | X24: 0.013242009 | Y24: 0.025763038 | Z24: S03aH04 | AA24: elc_roadtransport
I25: elc_spv_NZL_001 | J25: S03aH05 | K25: 0.012857604 | L25: IMPNRGZ | N25: elc_won_NZL_001 | O25: S03aH05 | P25: 0.091184352 | Q25: IMPNRGZ | S25: elc_wof_NZL_001 | T25: S03aH05 | U25: 0.088778249 | V25: IMPNRGZ | X25: 0.079452055 | Y25: 0.069983177 | Z25: S03aH05 | AA25: elc_roadtransport
I26: elc_spv_NZL_001 | J26: S04aH01 | K26: 0 | L26: IMPNRGZ | N26: elc_won_NZL_001 | O26: S04aH01 | P26: 0.0075531849 | Q26: IMPNRGZ | S26: elc_wof_NZL_001 | T26: S04aH01 | U26: 0.006816585 | V26: IMPNRGZ | X26: 0.010958904 | Y26: 0.0023442641 | Z26: S04aH01 | AA26: elc_roadtransport
I27: elc_spv_NZL_001 | J27: S04aH02 | K27: 0.0055829338 | L27: IMPNRGZ | N27: elc_won_NZL_001 | O27: S04aH02 | P27: 0.0028380171 | Q27: IMPNRGZ | S27: elc_wof_NZL_001 | T27: S04aH02 | U27: 0.0021611653 | V27: IMPNRGZ | X27: 0.003652968 | Y27: 0.0057545849 | Z27: S04aH02 | AA27: elc_roadtransport
I28: elc_spv_NZL_001 | J28: S04aH03 | K28: 0.047298396 | L28: IMPNRGZ | N28: elc_won_NZL_001 | O28: S04aH03 | P28: 0.015155531 | Q28: IMPNRGZ | S28: elc_wof_NZL_001 | T28: S04aH03 | U28: 0.0095351435 | V28: IMPNRGZ | X28: 0.016438356 | Y28: 0.022530393 | Z28: S04aH03 | AA28: elc_roadtransport
I29: elc_spv_NZL_001 | J29: S04aH04 | K29: 0.0041093162 | L29: IMPNRGZ | N29: elc_won_NZL_001 | O29: S04aH04 | P29: 0.0016370193 | Q29: IMPNRGZ | S29: elc_wof_NZL_001 | T29: S04aH04 | U29: 0.0011241985 | V29: IMPNRGZ | X29: 0.001826484 | Y29: 0.0035535224 | Z29: S04aH04 | AA29: elc_roadtransport
... I45: elc_spv_NZL_001 | J45: S07aH05 | K45: 0.0044452585 | L45: IMPNRGZ | N45: elc_won_NZL_001 | O45: S07aH05 | P45: 0.0087497681 | Q45: IMPNRGZ | S45: elc_wof_NZL_001 | T45: S07aH05 | U45: 0.0053885626 | V45: IMPNRGZ | X45: 0.0075342466 | Y45: 0.0066363358 | Z45: S07aH05 | AA45: elc_roadtransport
I46: elc_spv_NZL_002 | J46: S01aH01 | K46: 0.0015256507 | L46: IMPNRGZ | N46: elc_won_NZL_002 | O46: S01aH01 | P46: 0.068489094 | Q46: IMPNRGZ | S46: elc_wof_NZL_002 | T46: S01aH01 | U46: 0.081366218 | V46: IMPNRGZ
I47: elc_spv_NZL_002 | J47: S01aH02 | K47: 0.039667585 | L47: IMPNRGZ | N47: elc_won_NZL_002 | O47: S01aH02 | P47: 0.022480384 | Q47: IMPNRGZ | S47: elc_wof_NZL_002 | T47: S01aH02 | U47: 0.027197455 | V47: IMPNRGZ
I48: elc_spv_NZL_002 | J48: S01aH03 | K48: 0.32561194 | L48: IMPNRGZ | N48: elc_won_NZL_002 | O48: S01aH03 | P48: 0.11407721 | Q48: IMPNRGZ | S48: elc_wof_NZL_002 | T48: S01aH03 | U48: 0.12209908 | V48: IMPNRGZ
I49: elc_spv_NZL_002 | J49: S01aH04 | K49: 0.025998765 | L49: IMPNRGZ | N49: elc_won_NZL_002 | O49: S01aH04 | P49: 0.01293317 | Q49: IMPNRGZ | S49: elc_wof_NZL_002 | T49: S01aH04 | U49: 0.01439496 | V49: IMPNRGZ
I50: elc_spv_NZL_002 | J50: S01aH05 | K50: 0.016841945 | L50: IMPNRGZ | N50: elc_won_NZL_002 | O50: S01aH05 | P50: 0.070198403 | Q50: IMPNRGZ | S50: elc_wof_NZL_002 | T50: S01aH05 | U50: 0.084749086 | V50: IMPNRGZ
I51: elc_spv_NZL_002 | J51: S02aH01 | K51: 0 | L51: IMPNRGZ | N51: elc_won_NZL_002 | O51: S02aH01 | P51: 0.039233533 | Q51: IMPNRGZ | S51: elc_wof_NZL_002 | T51: S02aH01 | U51: 0.045832568 | V51: IMPNRGZ
I52: elc_spv_NZL_002 | J52: S02aH02 | K52: 0.0022240125 | L52: IMPNRGZ | N52: elc_won_NZL_002 | O52: S02aH02 | P52: 0.012978761 | Q52: IMPNRGZ | S52: elc_wof_NZL_002 | T52: S02aH02 | U52: 0.014693975 | V52: IMPNRGZ
I53: elc_spv_NZL_002 | J53: S02aH03 | K53: 0.070097873 | L53: IMPNRGZ | N53: elc_won_NZL_002 | O53: S02aH03 | P53: 0.065248465 | Q53: IMPNRGZ | S53: elc_wof_NZL_002 | T53: S02aH03 | U53: 0.06978027 | V53: IMPNRGZ
I54: elc_spv_NZL_002 | J54: S02aH04 | K54: 1.01235e-05 | L54: IMPNRGZ | N54: elc_won_NZL_002 | O54: S02aH04 | P54: 0.0070173412 | Q54: IMPNRGZ | S54: elc_wof_NZL_002 | T54: S02aH04 | U54: 0.0078300293 | V54: IMPNRGZ
I55: elc_spv_NZL_002 | J55: S02aH05 | K55: 0 | L55: IMPNRGZ | N55: elc_won_NZL_002 | O55: S02aH05 | P55: 0.040971287 | Q55: IMPNRGZ | S55: elc_wof_NZL_002 | T55: S02aH05 | U55: 0.045698449 | V55: IMPNRGZ
I56: elc_spv_NZL_002 | J56: S03aH01 | K56: 4.7212499e-05 | L56: IMPNRGZ | N56: elc_won_NZL_002 | O56: S03aH01 | P56: 0.098115558 | Q56: IMPNRGZ | S56: elc_wof_NZL_002 | T56: S03aH01 | U56: 0.09178634 | V56: IMPNRGZ
I57: elc_spv_NZL_002 | J57: S03aH02 | K57: 0.023812062 | L57: IMPNRGZ | N57: elc_won_NZL_002 | O57: S03aH02 | P57: 0.030052807 | Q57: IMPNRGZ | S57: elc_wof_NZL_002 | T57: S03aH02 | U57: 0.029819569 | V57: IMPNRGZ
... I535: elc_spv_NZL_015 | J535: S07aH05 | K535: 0.004585783 | L535: IMPNRGZ | N535: elc_won_NZL_015 | O535: S07aH05 | P535: 0.0085206077 | Q535: IMPNRGZ | S535: elc_wof_NZL_015 | T535: S07aH05 | U535: 0.0083574119 | V535: IMPNRGZ
I536: elc_spv_NZL_016 | J536: S01aH01 | K536: 0.0012289316 | L536: IMPNRGZ | S536: elc_wof_NZL_016 | T536: S01aH01 | U536: 0.085606892 | V536: IMPNRGZ
I537: elc_spv_NZL_016 | J537: S01aH02 | K537: 0.032286493 | L537: IMPNRGZ | S537: elc_wof_NZL_016 | T537: S01aH02 | U537: 0.028050405 | V537: IMPNRGZ
I538: elc_spv_NZL_016 | J538: S01aH03 | K538: 0.34317687 | L538: IMPNRGZ | S538: elc_wof_NZL_016 | T538: S01aH03 | U538: 0.12839481 | V538: IMPNRGZ
I539: elc_spv_NZL_016 | J539: S01aH04 | K539: 0.029530911 | L539: IMPNRGZ | S539: elc_wof_NZL_016 | T539: S01aH04 | U539: 0.014758986 | V539: IMPNRGZ
I540: elc_spv_NZL_016 | J540: S01aH05 | K540: 0.026940945 | L540: IMPNRGZ | S540: elc_wof_NZL_016 | T540: S01aH05 | U540: 0.085306887 | V540: IMPNRGZ
I541: elc_spv_NZL_016 | J541: S02aH01 | K541: 0 | L541: IMPNRGZ | S541: elc_wof_NZL_016 | T541: S02aH01 | U541: 0.042543386 | V541: IMPNRGZ
I542: elc_spv_NZL_016 | J542: S02aH02 | K542: 0 | L542: IMPNRGZ | S542: elc_wof_NZL_016 | T542: S02aH02 | U542: 0.014287693 | V542: IMPNRGZ
I543: elc_spv_NZL_016 | J543: S02aH03 | K543: 0.06199173 | L543: IMPNRGZ | S543: elc_wof_NZL_016 | T543: S02aH03 | U543: 0.065170685 | V543: IMPNRGZ
I544: elc_spv_NZL_016 | J544: S02aH04 | K544: 0 | L544: IMPNRGZ | S544: elc_wof_NZL_016 | T544: S02aH04 | U544: 0.0072595755 | V544: IMPNRGZ
I545: elc_spv_NZL_016 | J545: S02aH05 | K545: 0 | L545: IMPNRGZ | S545: elc_wof_NZL_016 | T545: S02aH05 | U545: 0.04220125 | V545: IMPNRGZ
I546: elc_spv_NZL_016 | J546: S03aH01 | K546: 3.6832243e-06 | L546: IMPNRGZ | S546: elc_wof_NZL_016 | T546: S03aH01 | U546: 0.084893131 | V546: IMPNRGZ
I547: elc_spv_NZL_016 | J547: S03aH02 | K547: 0.012533665 | L547: IMPNRGZ | S547: elc_wof_NZL_016 | T547: S03aH02 | U547: 0.027942236 | V547: IMPNRGZ
... I570: elc_spv_NZL_016 | J570: S07aH05 | K570: 0.0032121846 | L570: IMPNRGZ | S570: elc_wof_NZL_016 | T570: S07aH05 | U570: 0.0083889002 | V570: IMPNRGZ
S571: elc_wof_NZL_017 | T571: S01aH01 | U571: 0.085236044 | V571: IMPNRGZ
S572: elc_wof_NZL_017 | T572: S01aH02 | U572: 0.028913375 | V572: IMPNRGZ
S573: elc_wof_NZL_017 | T573: S01aH03 | U573: 0.12962273 | V573: IMPNRGZ
S574: elc_wof_NZL_017 | T574: S01aH04 | U574: 0.014352904 | V574: IMPNRGZ
S575: elc_wof_NZL_017 | T575: S01aH05 | U575: 0.083139318 | V575: IMPNRGZ
S576: elc_wof_NZL_017 | T576: S02aH01 | U576: 0.046483173 | V576: IMPNRGZ
S577: elc_wof_NZL_017 | T577: S02aH02 | U577: 0.015473473 | V577: IMPNRGZ
S578: elc_wof_NZL_017 | T578: S02aH03 | U578: 0.068472367 | V578: IMPNRGZ
S579: elc_wof_NZL_017 | T579: S02aH04 | U579: 0.0075506921 | V579: IMPNRGZ
S580: elc_wof_NZL_017 | T580: S02aH05 | U580: 0.044636079 | V580: IMPNRGZ
S581: elc_wof_NZL_017 | T581: S03aH01 | U581: 0.081154378 | V581: IMPNRGZ
S582: elc_wof_NZL_017 | T582: S03aH02 | U582: 0.02695507 | V582: IMPNRGZ
... S1165: elc_wof_NZL_033 | T1165: S07aH05 | U1165: 0.0078945815 | V1165: IMPNRGZ

Sheet ts_072
C9: =IF(A11="x","DeActivated","~TimeSlices") -> DeActivated | I9: =IF(A11="x","DeActivated","~TFM_DINS-AT") -> DeActivated | N9: =IF(A11="x","DeActivated","~TFM_DINS-AT") -> DeActivated | S9: =IF(A11="x","DeActivated","~TFM_DINS-AT") -> DeActivated | X9: =IF(A11="x","DeActivated","~TFM_DINS-AT") -> DeActivated
A10: ts_072 | C10: season | D10: weekly | E10: daynite | F10: wparent | G10: dparent | I10: commodity | J10: timeslice | K10: com_fr | L10: process | N10: commodity | O10: timeslice | P10: com_fr | Q10: process | S10: commodity | T10: timeslice | U10: com_fr | V10: process | X10: g_yrfr | Y10: com_fr | Z10: timeslice | AA10: commodity
A11: =IFERROR(IF(Veda!D5=A10,"ok","x"),"") -> x | C11: S01 | D11: a | E11: H01 | F11: S01,S02,S03,S04,S05,S06,S07,S08,S09,S10,S11 | G11: a | I11: elc_spv_NZL_001 | J11: S01aH01 | K11: 0 | L11: IMPNRGZ | N11: elc_won_NZL_001 | O11: S01aH01 | P11: 0.07715855 | Q11: IMPNRGZ | S11: elc_wof_NZL_001 | T11: S01aH01 | U11: 0.081576707 | V11: IMPNRGZ | X11: 0.087671233 | Y11: 0.018754112 | Z11: S01aH01 | AA11: elc_roadtransport
C12: S02 | E12: H02 | G12: a | I12: elc_spv_NZL_001 | J12: S01aH02 | K12: 0.020498106 | L12: IMPNRGZ | N12: elc_won_NZL_001 | O12: S01aH02 | P12: 0.025635852 | Q12: IMPNRGZ | S12: elc_wof_NZL_001 | T12: S01aH02 | U12: 0.028033999 | V12: IMPNRGZ | X12: 0.029223744 | Y12: 0.046036679 | Z12: S01aH02 | AA12: elc_roadtransport
C13: S03 | E13: H03 | G13: a | I13: elc_spv_NZL_001 | J13: S01aH03 | K13: 0.33248401 | L13: IMPNRGZ | N13: elc_won_NZL_001 | O13: S01aH03 | P13: 0.11743905 | Q13: IMPNRGZ | S13: elc_wof_NZL_001 | T13: S01aH03 | U13: 0.12645707 | V13: IMPNRGZ | X13: 0.13150685 | Y13: 0.18024314 | Z13: S01aH03 | AA13: elc_roadtransport
C14: S04 | E14: H04 | G14: a | I14: elc_spv_NZL_001 | J14: S01aH04 | K14: 0.032945228 | L14: IMPNRGZ | N14: elc_won_NZL_001 | O14: S01aH04 | P14: 0.013409985 | Q14: IMPNRGZ | S14: elc_wof_NZL_001 | T14: S01aH04 | U14: 0.014269789 | V14: IMPNRGZ | X14: 0.014611872 | Y14: 0.02842818 | Z14: S01aH04 | AA14: elc_roadtransport
C15: S05 | E15: H05 | G15: a | I15: elc_spv_NZL_001 | J15: S01aH05 | K15: 0.041739522 | L15: IMPNRGZ | N15: elc_won_NZL_001 | O15: S01aH05 | P15: 0.07802415 | Q15: IMPNRGZ | S15: elc_wof_NZL_001 | T15: S01aH05 | U15: 0.083554733 | V15: IMPNRGZ | X15: 0.087671233 | Y15: 0.077222816 | Z15: S01aH05 | AA15: elc_roadtransport
C16: S06 | I16: elc_spv_NZL_001 | J16: S02aH01 | K16: 0 | L16: IMPNRGZ | N16: elc_won_NZL_001 | O16: S02aH01 | P16: 0.031941082 | Q16: IMPNRGZ | S16: elc_wof_NZL_001 | T16: S02aH01 | U16: 0.045501339 | V16: IMPNRGZ | X16: 0.03630137 | Y16: 0.0077653747 | Z16: S02aH01 | AA16: elc_roadtransport
C17: S07 | I17: elc_spv_NZL_001 | J17: S02aH02 | K17: 0 | L17: IMPNRGZ | N17: elc_won_NZL_001 | O17: S02aH02 | P17: 0.011097028 | Q17: IMPNRGZ | S17: elc_wof_NZL_001 | T17: S02aH02 | U17: 0.015319182 | V17: IMPNRGZ | X17: 0.012100457 | Y17: 0.019062062 | Z17: S02aH02 | AA17: elc_roadtransport
C18: S08 | I18: elc_spv_NZL_001 | J18: S02aH03 | K18: 0.055839463 | L18: IMPNRGZ | N18: elc_won_NZL_001 | O18: S02aH03 | P18: 0.049068348 | Q18: IMPNRGZ | S18: elc_wof_NZL_001 | T18: S02aH03 | U18: 0.068399726 | V18: IMPNRGZ | X18: 0.054452055 | Y18: 0.074631927 | Z18: S02aH03 | AA18: elc_roadtransport
C19: S09 | I19: elc_spv_NZL_001 | J19: S02aH04 | K19: 0.0049993562 | L19: IMPNRGZ | N19: elc_won_NZL_001 | O19: S02aH04 | P19: 0.0055524638 | Q19: IMPNRGZ | S19: elc_wof_NZL_001 | T19: S02aH04 | U19: 0.0074457905 | V19: IMPNRGZ | X19: 0.0060502283 | Y19: 0.011771043 | Z19: S02aH04 | AA19: elc_roadtransport
C20: S10 | I20: elc_spv_NZL_001 | J20: S02aH05 | K20: 0 | L20: IMPNRGZ | N20: elc_won_NZL_001 | O20: S02aH05 | P20: 0.03353465 | Q20: IMPNRGZ | S20: elc_wof_NZL_001 | T20: S02aH05 | U20: 0.042948812 | V20: IMPNRGZ | X20: 0.03630137 | Y20: 0.031975072 | Z20: S02aH05 | AA20: elc_roadtransport
C21: S11 | I21: elc_spv_NZL_001 | J21: S03aH01 | K21: 0 | L21: IMPNRGZ | N21: elc_won_NZL_001 | O21: S03aH01 | P21: 0.008407343 | Q21: IMPNRGZ | S21: elc_wof_NZL_001 | T21: S03aH01 | U21: 0.0035749175 | V21: IMPNRGZ | X21: 0.0047945205 | Y21: 0.0010256155 | Z21: S03aH01 | AA21: elc_roadtransport
I22: elc_spv_NZL_001 | J22: S03aH02 | K22: 0 | L22: IMPNRGZ | N22: elc_won_NZL_001 | O22: S03aH02 | P22: 0.0029710766 | Q22: IMPNRGZ | S22: elc_wof_NZL_001 | T22: S03aH02 | U22: 0.0014642232 | V22: IMPNRGZ | X22: 0.0015981735 | Y22: 0.0025176309 | Z22: S03aH02 | AA22: elc_roadtransport
I23: elc_spv_NZL_001 | J23: S03aH03 | K23: 0.0070926657 | L23: IMPNRGZ | N23: elc_won_NZL_001 | O23: S03aH03 | P23: 0.013830654 | Q23: IMPNRGZ | S23: elc_wof_NZL_001 | T23: S03aH03 | U23: 0.0073166972 | V23: IMPNRGZ | X23: 0.0071917808 | Y23: 0.009857047 | Z23: S03aH03 | AA23: elc_roadtransport
I24: elc_spv_NZL_001 | J24: S03aH04 | K24: 0.00083371044 | L24: IMPNRGZ | N24: elc_won_NZL_001 | O24: S03aH04 | P24: 0.0015871876 | Q24: IMPNRGZ | S24: elc_wof_NZL_001 | T24: S03aH04 | U24: 0.00088455873 | V24: IMPNRGZ | X24: 0.00079908676 | Y24: 0.0015546661 | Z24: S03aH04 | AA24: elc_roadtransport
I25: elc_spv_NZL_001 | J25: S03aH05 | K25: 0 | L25: IMPNRGZ | N25: elc_won_NZL_001 | O25: S03aH05 | P25: 0.0095275593 | Q25: IMPNRGZ | S25: elc_wof_NZL_001 | T25: S03aH05 | U25: 0.0047199479 | V25: IMPNRGZ | X25: 0.0047945205 | Y25: 0.0042231228 | Z25: S03aH05 | AA25: elc_roadtransport
I26: elc_spv_NZL_001 | J26: S04aH01 | K26: 0 | L26: IMPNRGZ | N26: elc_won_NZL_001 | O26: S04aH01 | P26: 0.064473279 | Q26: IMPNRGZ | S26: elc_wof_NZL_001 | T26: S04aH01 | U26: 0.071192664 | V26: IMPNRGZ | X26: 0.05890411 | Y26: 0.012600419 | Z26: S04aH01 | AA26: elc_roadtransport
I27: elc_spv_NZL_001 | J27: S04aH02 | K27: 0.0021279643 | L27: IMPNRGZ | N27: elc_won_NZL_001 | O27: S04aH02 | P27: 0.021386131 | Q27: IMPNRGZ | S27: elc_wof_NZL_001 | T27: S04aH02 | U27: 0.022748612 | V27: IMPNRGZ | X27: 0.019634703 | Y27: 0.030930894 | Z27: S04aH02 | AA27: elc_roadtransport
I28: elc_spv_NZL_001 | J28: S04aH03 | K28: 0.13545146 | L28: IMPNRGZ | N28: elc_won_NZL_001 | O28: S04aH03 | P28: 0.099732161 | Q28: IMPNRGZ | S28: elc_wof_NZL_001 | T28: S04aH03 | U28: 0.1048954 | V28: IMPNRGZ | X28: 0.088356164 | Y28: 0.12110086 | Z28: S04aH03 | AA28: elc_roadtransport
I29: elc_spv_NZL_001 | J29: S04aH04 | K29: 0.01311129 | L29: IMPNRGZ | N29: elc_won_NZL_001 | O29: S04aH04 | P29: 0.010395363 | Q29: IMPNRGZ | S29: elc_wof_NZL_001 | T29: S04aH04 | U29: 0.012357224 | V29: IMPNRGZ | X29: 0.0098173516 | Y29: 0.019100183 | Z29: S04aH04 | AA29: elc_roadtransport
I30: elc_spv_NZL_001 | J30: S04aH05 | K30: 0.0058576892 | L30: IMPNRGZ | N30: elc_won_NZL_001 | O30: S04aH05 | P30: 0.06309782 | Q30: IMPNRGZ | S30: elc_wof_NZL_001 | T30: S04aH05 | U30: 0.072306662 | V30: IMPNRGZ | X30: 0.05890411 | Y30: 0.05188408 | Z30: S04aH05 | AA30: elc_roadtransport
I31: elc_spv_NZL_001 | J31: S05aH01 | K31: 0 | L31: IMPNRGZ | N31: elc_won_NZL_001 | O31: S05aH01 | P31: 0.017989537 | Q31: IMPNRGZ | S31: elc_wof_NZL_001 | T31: S05aH01 | U31: 0.014129797 | V31: IMPNRGZ | X31: 0.015068493 | Y31: 0.0032233631 | Z31: S05aH01 | AA31: elc_roadtransport
I32: elc_spv_NZL_001 | J32: S05aH02 | K32: 0.0048120522 | L32: IMPNRGZ | N32: elc_won_NZL_001 | O32: S05aH02 | P32: 0.0052191697 | Q32: IMPNRGZ | S32: elc_wof_NZL_001 | T32: S05aH02 | U32: 0.0047311188 | V32: IMPNRGZ | X32: 0.0050228311 | Y32: 0.0079125542 | Z32: S05aH02 | AA32: elc_roadtransport
I33: elc_spv_NZL_001 | J33: S05aH03 | K33: 0.060038242 | L33: IMPNRGZ | N33: elc_won_NZL_001 | O33: S05aH03 | P33: 0.027240858 | Q33: IMPNRGZ | S33: elc_wof_NZL_001 | T33: S05aH03 | U33: 0.020220332 | V33: IMPNRGZ | X33: 0.02260274 | Y33: 0.03097929 | Z33: S05aH03 | AA33: elc_roadtransport
... I65: elc_spv_NZL_001 | J65: S11aH05 | K65: 0.0044452585 | L65: IMPNRGZ | N65: elc_won_NZL_001 | O65: S11aH05 | P65: 0.0087497681 | Q65: IMPNRGZ | S65: elc_wof_NZL_001 | T65: S11aH05 | U65: 0.0053885626 | V65: IMPNRGZ | X65: 0.0075342466 | Y65: 0.0066363358 | Z65: S11aH05 | AA65: elc_roadtransport
I66: elc_spv_NZL_002 | J66: S01aH01 | K66: 0.0015256507 | L66: IMPNRGZ | N66: elc_won_NZL_002 | O66: S01aH01 | P66: 0.068489094 | Q66: IMPNRGZ | S66: elc_wof_NZL_002 | T66: S01aH01 | U66: 0.081366218 | V66: IMPNRGZ
I67: elc_spv_NZL_002 | J67: S01aH02 | K67: 0.039667585 | L67: IMPNRGZ | N67: elc_won_NZL_002 | O67: S01aH02 | P67: 0.022480384 | Q67: IMPNRGZ | S67: elc_wof_NZL_002 | T67: S01aH02 | U67: 0.027197455 | V67: IMPNRGZ
I68: elc_spv_NZL_002 | J68: S01aH03 | K68: 0.32561194 | L68: IMPNRGZ | N68: elc_won_NZL_002 | O68: S01aH03 | P68: 0.11407721 | Q68: IMPNRGZ | S68: elc_wof_NZL_002 | T68: S01aH03 | U68: 0.12209908 | V68: IMPNRGZ
I69: elc_spv_NZL_002 | J69: S01aH04 | K69: 0.025998765 | L69: IMPNRGZ | N69: elc_won_NZL_002 | O69: S01aH04 | P69: 0.01293317 | Q69: IMPNRGZ | S69: elc_wof_NZL_002 | T69: S01aH04 | U69: 0.01439496 | V69: IMPNRGZ
I70: elc_spv_NZL_002 | J70: S01aH05 | K70: 0.016841945 | L70: IMPNRGZ | N70: elc_won_NZL_002 | O70: S01aH05 | P70: 0.070198403 | Q70: IMPNRGZ | S70: elc_wof_NZL_002 | T70: S01aH05 | U70: 0.084749086 | V70: IMPNRGZ
I71: elc_spv_NZL_002 | J71: S02aH01 | K71: 0 | L71: IMPNRGZ | N71: elc_won_NZL_002 | O71: S02aH01 | P71: 0.031289531 | Q71: IMPNRGZ | S71: elc_wof_NZL_002 | T71: S02aH01 | U71: 0.041905635 | V71: IMPNRGZ
I72: elc_spv_NZL_002 | J72: S02aH02 | K72: 0.0022240125 | L72: IMPNRGZ | N72: elc_won_NZL_002 | O72: S02aH02 | P72: 0.010198048 | Q72: IMPNRGZ | S72: elc_wof_NZL_002 | T72: S02aH02 | U72: 0.013456811 | V72: IMPNRGZ
I73: elc_spv_NZL_002 | J73: S02aH03 | K73: 0.062581226 | L73: IMPNRGZ | N73: elc_won_NZL_002 | O73: S02aH03 | P73: 0.051545756 | Q73: IMPNRGZ | S73: elc_wof_NZL_002 | T73: S02aH03 | U73: 0.06261411 | V73: IMPNRGZ
I74: elc_spv_NZL_002 | J74: S02aH04 | K74: 1.01235e-05 | L74: IMPNRGZ | N74: elc_won_NZL_002 | O74: S02aH04 | P74: 0.0055746363 | Q74: IMPNRGZ | S74: elc_wof_NZL_002 | T74: S02aH04 | U74: 0.0069537669 | V74: IMPNRGZ
I75: elc_spv_NZL_002 | J75: S02aH05 | K75: 0 | L75: IMPNRGZ | N75: elc_won_NZL_002 | O75: S02aH05 | P75: 0.03248323 | Q75: IMPNRGZ | S75: elc_wof_NZL_002 | T75: S02aH05 | U75: 0.040692551 | V75: IMPNRGZ
I76: elc_spv_NZL_002 | J76: S03aH01 | K76: 0 | L76: IMPNRGZ | N76: elc_won_NZL_002 | O76: S03aH01 | P76: 0.0079440018 | Q76: IMPNRGZ | S76: elc_wof_NZL_002 | T76: S03aH01 | U76: 0.0039269324 | V76: IMPNRGZ
I77: elc_spv_NZL_002 | J77: S03aH02 | K77: 0 | L77: IMPNRGZ | N77: elc_won_NZL_002 | O77: S03aH02 | P77: 0.0027807135 | Q77: IMPNRGZ | S77: elc_wof_NZL_002 | T77: S03aH02 | U77: 0.0012371646 | V77: IMPNRGZ
... I835: elc_spv_NZL_015 | J835: S11aH05 | K835: 0.004585783 | L835: IMPNRGZ | N835: elc_won_NZL_015 | O835: S11aH05 | P835: 0.0085206077 | Q835: IMPNRGZ | S835: elc_wof_NZL_015 | T835: S11aH05 | U835: 0.0083574119 | V835: IMPNRGZ
I836: elc_spv_NZL_016 | J836: S01aH01 | K836: 0.0012289316 | L836: IMPNRGZ | S836: elc_wof_NZL_016 | T836: S01aH01 | U836: 0.085606892 | V836: IMPNRGZ
I837: elc_spv_NZL_016 | J837: S01aH02 | K837: 0.032286493 | L837: IMPNRGZ | S837: elc_wof_NZL_016 | T837: S01aH02 | U837: 0.028050405 | V837: IMPNRGZ
I838: elc_spv_NZL_016 | J838: S01aH03 | K838: 0.34317687 | L838: IMPNRGZ | S838: elc_wof_NZL_016 | T838: S01aH03 | U838: 0.12839481 | V838: IMPNRGZ
I839: elc_spv_NZL_016 | J839: S01aH04 | K839: 0.029530911 | L839: IMPNRGZ | S839: elc_wof_NZL_016 | T839: S01aH04 | U839: 0.014758986 | V839: IMPNRGZ
I840: elc_spv_NZL_016 | J840: S01aH05 | K840: 0.026940945 | L840: IMPNRGZ | S840: elc_wof_NZL_016 | T840: S01aH05 | U840: 0.085306887 | V840: IMPNRGZ
I841: elc_spv_NZL_016 | J841: S02aH01 | K841: 0 | L841: IMPNRGZ | S841: elc_wof_NZL_016 | T841: S02aH01 | U841: 0.036345387 | V841: IMPNRGZ
I842: elc_spv_NZL_016 | J842: S02aH02 | K842: 0 | L842: IMPNRGZ | S842: elc_wof_NZL_016 | T842: S02aH02 | U842: 0.012394888 | V842: IMPNRGZ
I843: elc_spv_NZL_016 | J843: S02aH03 | K843: 0.056112438 | L843: IMPNRGZ | S843: elc_wof_NZL_016 | T843: S02aH03 | U843: 0.056245965 | V843: IMPNRGZ
I844: elc_spv_NZL_016 | J844: S02aH04 | K844: 0 | L844: IMPNRGZ | S844: elc_wof_NZL_016 | T844: S02aH04 | U844: 0.0061956805 | V844: IMPNRGZ
I845: elc_spv_NZL_016 | J845: S02aH05 | K845: 0 | L845: IMPNRGZ | S845: elc_wof_NZL_016 | T845: S02aH05 | U845: 0.036533643 | V845: IMPNRGZ
I846: elc_spv_NZL_016 | J846: S03aH01 | K846: 0 | L846: IMPNRGZ | S846: elc_wof_NZL_016 | T846: S03aH01 | U846: 0.0061979986 | V846: IMPNRGZ
I847: elc_spv_NZL_016 | J847: S03aH02 | K847: 0 | L847: IMPNRGZ | S847: elc_wof_NZL_016 | T847: S03aH02 | U847: 0.001892805 | V847: IMPNRGZ
... I890: elc_spv_NZL_016 | J890: S11aH05 | K890: 0.0032121846 | L890: IMPNRGZ | S890: elc_wof_NZL_016 | T890: S11aH05 | U890: 0.0083889002 | V890: IMPNRGZ
S891: elc_wof_NZL_017 | T891: S01aH01 | U891: 0.085236044 | V891: IMPNRGZ
S892: elc_wof_NZL_017 | T892: S01aH02 | U892: 0.028913375 | V892: IMPNRGZ
S893: elc_wof_NZL_017 | T893: S01aH03 | U893: 0.12962273 | V893: IMPNRGZ
S894: elc_wof_NZL_017 | T894: S01aH04 | U894: 0.014352904 | V894: IMPNRGZ
S895: elc_wof_NZL_017 | T895: S01aH05 | U895: 0.083139318 | V895: IMPNRGZ
S896: elc_wof_NZL_017 | T896: S02aH01 | U896: 0.039566028 | V896: IMPNRGZ
S897: elc_wof_NZL_017 | T897: S02aH02 | U897: 0.013156535 | V897: IMPNRGZ
S898: elc_wof_NZL_017 | T898: S02aH03 | U898: 0.058358816 | V898: IMPNRGZ
S899: elc_wof_NZL_017 | T899: S02aH04 | U899: 0.0065020719 | V899: IMPNRGZ
S900: elc_wof_NZL_017 | T900: S02aH05 | U900: 0.038628805 | V900: IMPNRGZ
S901: elc_wof_NZL_017 | T901: S03aH01 | U901: 0.0069171453 | V901: IMPNRGZ
S902: elc_wof_NZL_017 | T902: S03aH02 | U902: 0.0023169379 | V902: IMPNRGZ
... S1825: elc_wof_NZL_033 | T1825: S11aH05 | U1825: 0.0078945815 | V1825: IMPNRGZ

Sheet ts_144
C9: =IF(A11="x","DeActivated","~TimeSlices") -> DeActivated | I9: =IF(A11="x","DeActivated","~TFM_DINS-AT") -> DeActivated | N9: =IF(A11="x","DeActivated","~TFM_DINS-AT") -> DeActivated | S9: =IF(A11="x","DeActivated","~TFM_DINS-AT") -> DeActivated | X9: =IF(A11="x","DeActivated","~TFM_DINS-AT") -> DeActivated
A10: ts_144 | C10: season | D10: weekly | E10: daynite | F10: wparent | G10: dparent | I10: commodity | J10: timeslice | K10: com_fr | L10: process | N10: commodity | O10: timeslice | P10: com_fr | Q10: process | S10: commodity | T10: timeslice | U10: com_fr | V10: process | X10: g_yrfr | Y10: com_fr | Z10: timeslice | AA10: commodity
A11: =IFERROR(IF(Veda!D5=A10,"ok","x"),"") -> x | C11: S01 | D11: a | E11: H01 | F11: S01,S02,S03,S04,S05,S06,S07,S08,S09,S10,S11,S12,S13,S14,S15,S16,S17 | G11: a | I11: elc_spv_NZL_001 | J11: S01aH01 | K11: 0 | L11: IMPNRGZ | N11: elc_won_NZL_001 | O11: S01aH01 | P11: 0.0086152553 | Q11: IMPNRGZ | S11: elc_wof_NZL_001 | T11: S01aH01 | U11: 0.0085855461 | V11: IMPNRGZ | X11: 0.0068493151 | Y11: 0.001465165 | Z11: S01aH01 | AA11: elc_roadtransport
C12: S02 | E12: H02 | G12: a | I12: elc_spv_NZL_001 | J12: S01aH02 | K12: 0.0040413388 | L12: IMPNRGZ | N12: elc_won_NZL_001 | O12: S01aH02 | P12: 0.0030004378 | Q12: IMPNRGZ | S12: elc_wof_NZL_001 | T12: S01aH02 | U12: 0.0026770721 | V12: IMPNRGZ | X12: 0.002283105 | Y12: 0.0035966155 | Z12: S01aH02 | AA12: elc_roadtransport
C13: S03 | E13: H03 | G13: a | I13: elc_spv_NZL_001 | J13: S01aH03 | K13: 0.033689321 | L13: IMPNRGZ | N13: elc_won_NZL_001 | O13: S01aH03 | P13: 0.014286615 | Q13: IMPNRGZ | S13: elc_wof_NZL_001 | T13: S01aH03 | U13: 0.010985218 | V13: IMPNRGZ | X13: 0.010273973 | Y13: 0.014081496 | Z13: S01aH03 | AA13: elc_roadtransport
C14: S04 | E14: H04 | G14: a | I14: elc_spv_NZL_001 | J14: S01aH04 | K14: 0.0033405927 | L14: IMPNRGZ | N14: elc_won_NZL_001 | O14: S01aH04 | P14: 0.0016658879 | Q14: IMPNRGZ | S14: elc_wof_NZL_001 | T14: S01aH04 | U14: 0.0013741827 | V14: IMPNRGZ | X14: 0.0011415525 | Y14: 0.0022209515 | Z14: S01aH04 | AA14: elc_roadtransport
C15: S05 | E15: H05 | G15: a | I15: elc_spv_NZL_001 | J15: S01aH05 | K15: 0.0066176636 | L15: IMPNRGZ | N15: elc_won_NZL_001 | O15: S01aH05 | P15: 0.0091200379 | Q15: IMPNRGZ | S15: elc_wof_NZL_001 | T15: S01aH05 | U15: 0.0082678055 | V15: IMPNRGZ | X15: 0.0068493151 | Y15: 0.0060330325 | Z15: S01aH05 | AA15: elc_roadtransport
C16: S06 | I16: elc_spv_NZL_001 | J16: S02aH01 | K16: 0 | L16: IMPNRGZ | N16: elc_won_NZL_001 | O16: S02aH01 | P16: 0.045205667 | Q16: IMPNRGZ | S16: elc_wof_NZL_001 | T16: S02aH01 | U16: 0.054660175 | V16: IMPNRGZ | X16: 0.061643836 | Y16: 0.013186485 | Z16: S02aH01 | AA16: elc_roadtransport
C17: S07 | I17: elc_spv_NZL_001 | J17: S02aH02 | K17: 0.016456767 | L17: IMPNRGZ | N17: elc_won_NZL_001 | O17: S02aH02 | P17: 0.014920827 | Q17: IMPNRGZ | S17: elc_wof_NZL_001 | T17: S02aH02 | U17: 0.019787135 | V17: IMPNRGZ | X17: 0.020547945 | Y17: 0.03236954 | Z17: S02aH02 | AA17: elc_roadtransport
C18: S08 | I18: elc_spv_NZL_001 | J18: S02aH03 | K18: 0.25549803 | L18: IMPNRGZ | N18: elc_won_NZL_001 | O18: S02aH03 | P18: 0.06973806 | Q18: IMPNRGZ | S18: elc_wof_NZL_001 | T18: S02aH03 | U18: 0.089327127 | V18: IMPNRGZ | X18: 0.092465753 | Y18: 0.12673346 | Z18: S02aH03 | AA18: elc_roadtransport
C19: S09 | I19: elc_spv_NZL_001 | J19: S02aH04 | K19: 0.025943383 | L19: IMPNRGZ | N19: elc_won_NZL_001 | O19: S02aH04 | P19: 0.0080522798 | Q19: IMPNRGZ | S19: elc_wof_NZL_001 | T19: S02aH04 | U19: 0.009985604 | V19: IMPNRGZ | X19: 0.010273973 | Y19: 0.019988564 | Z19: S02aH04 | AA19: elc_roadtransport
C20: S10 | I20: elc_spv_NZL_001 | J20: S02aH05 | K20: 0.034323137 | L20: IMPNRGZ | N20: elc_won_NZL_001 | O20: S02aH05 | P20: 0.047001517 | Q20: IMPNRGZ | S20: elc_wof_NZL_001 | T20: S02aH05 | U20: 0.05887449 | V20: IMPNRGZ | X20: 0.061643836 | Y20: 0.054297293 | Z20: S02aH05 | AA20: elc_roadtransport
C21: S11 | I21: elc_spv_NZL_001 | J21: S03aH01 | K21: 0 | L21: IMPNRGZ | N21: elc_won_NZL_001 | O21: S03aH01 | P21: 0.023337628 | Q21: IMPNRGZ | S21: elc_wof_NZL_001 | T21: S03aH01 | U21: 0.018330986 | V21: IMPNRGZ | X21: 0.019178082 | Y21: 0.0041024621 | Z21: S03aH01 | AA21: elc_roadtransport
C22: S12 | I22: elc_spv_NZL_001 | J22: S03aH02 | K22: 0 | L22: IMPNRGZ | N22: elc_won_NZL_001 | O22: S03aH02 | P22: 0.0077145873 | Q22: IMPNRGZ | S22: elc_wof_NZL_001 | T22: S03aH02 | U22: 0.0055697913 | V22: IMPNRGZ | X22: 0.0063926941 | Y22: 0.010070523 | Z22: S03aH02 | AA22: elc_roadtransport
C23: S13 | I23: elc_spv_NZL_001 | J23: S03aH03 | K23: 0.043296655 | L23: IMPNRGZ | N23: elc_won_NZL_001 | O23: S03aH03 | P23: 0.033414373 | Q23: IMPNRGZ | S23: elc_wof_NZL_001 | T23: S03aH03 | U23: 0.02614472 | V23: IMPNRGZ | X23: 0.028767123 | Y23: 0.039428188 | Z23: S03aH03 | AA23: elc_roadtransport
C24: S14 | I24: elc_spv_NZL_001 | J24: S03aH04 | K24: 0.0036612528 | L24: IMPNRGZ | N24: elc_won_NZL_001 | O24: S03aH04 | P24: 0.0036918176 | Q24: IMPNRGZ | S24: elc_wof_NZL_001 | T24: S03aH04 | U24: 0.002910002 | V24: IMPNRGZ | X24: 0.003196347 | Y24: 0.0062186643 | Z24: S03aH04 | AA24: elc_roadtransport
C25: S15 | I25: elc_spv_NZL_001 | J25: S03aH05 | K25: 0.00079872154 | L25: IMPNRGZ | N25: elc_won_NZL_001 | O25: S03aH05 | P25: 0.021902595 | Q25: IMPNRGZ | S25: elc_wof_NZL_001 | T25: S03aH05 | U25: 0.016412437 | V25: IMPNRGZ | X25: 0.019178082 | Y25: 0.016892491 | Z25: S03aH05 | AA25: elc_roadtransport
C26: S16 | I26: elc_spv_NZL_001 | J26: S04aH01 | K26: 0 | L26: IMPNRGZ | N26: elc_won_NZL_001 | O26: S04aH01 | P26: 0.018741147 | Q26: IMPNRGZ | S26: elc_wof_NZL_001 | T26: S04aH01 | U26: 0.02325073 | V26: IMPNRGZ | X26: 0.019178082 | Y26: 0.0041024621 | Z26: S04aH01 | AA26: elc_roadtransport
C27: S17 | I27: elc_spv_NZL_001 | J27: S04aH02 | K27: 0 | L27: IMPNRGZ | N27: elc_won_NZL_001 | O27: S04aH02 | P27: 0.0067261956 | Q27: IMPNRGZ | S27: elc_wof_NZL_001 | T27: S04aH02 | U27: 0.0078758939 | V27: IMPNRGZ | X27: 0.0063926941 | Y27: 0.010070523 | Z27: S04aH02 | AA27: elc_roadtransport
I28: elc_spv_NZL_001 | J28: S04aH03 | K28: 0.034328454 | L28: IMPNRGZ | N28: elc_won_NZL_001 | O28: S04aH03 | P28: 0.030953478 | Q28: IMPNRGZ | S28: elc_wof_NZL_001 | T28: S04aH03 | U28: 0.036255173 | V28: IMPNRGZ | X28: 0.028767123 | Y28: 0.039428188 | Z28: S04aH03 | AA28: elc_roadtransport
I29: elc_spv_NZL_001 | J29: S04aH04 | K29: 0.0029909291 | L29: IMPNRGZ | N29: elc_won_NZL_001 | O29: S04aH04 | P29: 0.0035390145 | Q29: IMPNRGZ | S29: elc_wof_NZL_001 | T29: S04aH04 | U29: 0.0040028384 | V29: IMPNRGZ | X29: 0.003196347 | Y29: 0.0062186643 | Z29: S04aH04 | AA29: elc_roadtransport
I30: elc_spv_NZL_001 | J30: S04aH05 | K30: 0 | L30: IMPNRGZ | N30: elc_won_NZL_001 | O30: S04aH05 | P30: 0.020995835 | Q30: IMPNRGZ | S30: elc_wof_NZL_001 | T30: S04aH05 | U30: 0.022903558 | V30: IMPNRGZ | X30: 0.019178082 | Y30: 0.016892491 | Z30: S04aH05 | AA30: elc_roadtransport
I31: elc_spv_NZL_001 | J31: S05aH01 | K31: 0 | L31: IMPNRGZ | N31: elc_won_NZL_001 | O31: S05aH01 | P31: 0.013199935 | Q31: IMPNRGZ | S31: elc_wof_NZL_001 | T31: S05aH01 | U31: 0.022250609 | V31: IMPNRGZ | X31: 0.017123288 | Y31: 0.0036629126 | Z31: S05aH01 | AA31: elc_roadtransport
I32: elc_spv_NZL_001 | J32: S05aH02 | K32: 0 | L32: IMPNRGZ | N32: elc_won_NZL_001 | O32: S05aH02 | P32: 0.004370832 | Q32: IMPNRGZ | S32: elc_wof_NZL_001 | T32: S05aH02 | U32: 0.0074432881 | V32: IMPNRGZ | X32: 0.0057077626 | Y32: 0.0089915388 | Z32: S05aH02 | AA32: elc_roadtransport
I33: elc_spv_NZL_001 | J33: S05aH03 | K33: 0.021511009 | L33: IMPNRGZ | N33: elc_won_NZL_001 | O33: S05aH03 | P33: 0.01811487 | Q33: IMPNRGZ | S33: elc_wof_NZL_001 | T33: S05aH03 | U33: 0.032144553 | V33: IMPNRGZ | X33: 0.025684932 | Y33: 0.035203739 | Z33: S05aH03 | AA33: elc_roadtransport
I34: elc_spv_NZL_001 | J34: S05aH04 | K34: 0.0020084271 | L34: IMPNRGZ | N34: elc_won_NZL_001 | O34: S05aH04 | P34: 0.0020134493 | Q34: IMPNRGZ | S34: elc_wof_NZL_001 | T34: S05aH04 | U34: 0.0034429521 | V34: IMPNRGZ | X34: 0.0028538813 | Y34: 0.0055523788 | Z34: S05aH04 | AA34: elc_roadtransport
I35: elc_spv_NZL_001 | J35: S05aH05 | K35: 0 | L35: IMPNRGZ | N35: elc_won_NZL_001 | O35: S05aH05 | P35: 0.012538814 | Q35: IMPNRGZ | S35: elc_wof_NZL_001 | T35: S05aH05 | U35: 0.020045253 | V35: IMPNRGZ | X35: 0.017123288 | Y35: 0.015082581 | Z35: S05aH05 | AA35: elc_roadtransport
I36: elc_spv_NZL_001 | J36: S06aH01 | K36: 0 | L36: IMPNRGZ | N36: elc_won_NZL_001 | O36: S06aH01 | P36: 0.008407343 | Q36: IMPNRGZ | S36: elc_wof_NZL_001 | T36: S06aH01 | U36: 0.0035749175 | V36: IMPNRGZ | X36: 0.0047945205 | Y36: 0.0010256155 | Z36: S06aH01 | AA36: elc_roadtransport
I37: elc_spv_NZL_001 | J37: S06aH02 | K37: 0 | L37: IMPNRGZ | N37: elc_won_NZL_001 | O37: S06aH02 | P37: 0.0029710766 | Q37: IMPNRGZ | S37: elc_wof_NZL_001 | T37: S06aH02 | U37: 0.0014642232 | V37: IMPNRGZ | X37: 0.0015981735 | Y37: 0.0025176309 | Z37: S06aH02 | AA37: elc_roadtransport
I38: elc_spv_NZL_001 | J38: S06aH03 | K38: 0.0070926657 | L38: IMPNRGZ | N38: elc_won_NZL_001 | O38: S06aH03 | P38: 0.013830654 | Q38: IMPNRGZ | S38: elc_wof_NZL_001 | T38: S06aH03 | U38: 0.0073166972 | V38: IMPNRGZ | X38: 0.0071917808 | Y38: 0.009857047 | Z38: S06aH03 | AA38: elc_roadtransport
I39: elc_spv_NZL_001 | J39: S06aH04 | K39: 0.00083371044 | L39: IMPNRGZ | N39: elc_won_NZL_001 | O39: S06aH04 | P39: 0.0015871876 | Q39: IMPNRGZ | S39: elc_wof_NZL_001 | T39: S06aH04 | U39: 0.00088455873 | V39: IMPNRGZ | X39: 0.00079908676 | Y39: 0.0015546661 | Z39: S06aH04 | AA39: elc_roadtransport
... I95: elc_spv_NZL_001 | J95: S17aH05 | K95: 0.0044452585 | L95: IMPNRGZ | N95: elc_won_NZL_001 | O95: S17aH05 | P95: 0.0087497681 | Q95: IMPNRGZ | S95: elc_wof_NZL_001 | T95: S17aH05 | U95: 0.0053885626 | V95: IMPNRGZ | X95: 0.0075342466 | Y95: 0.0066363358 | Z95: S17aH05 | AA95: elc_roadtransport
I96: elc_spv_NZL_002 | J96: S01aH01 | K96: 0.0013190566 | L96: IMPNRGZ | N96: elc_won_NZL_002 | O96: S01aH01 | P96: 0.0089730133 | Q96: IMPNRGZ | S96: elc_wof_NZL_002 | T96: S01aH01 | U96: 0.008170628 | V96: IMPNRGZ
I97: elc_spv_NZL_002 | J97: S01aH02 | K97: 0.005575779 | L97: IMPNRGZ | N97: elc_won_NZL_002 | O97: S01aH02 | P97: 0.0029339429 | Q97: IMPNRGZ | S97: elc_wof_NZL_002 | T97: S01aH02 | U97: 0.0026122123 | V97: IMPNRGZ
I98: elc_spv_NZL_002 | J98: S01aH03 | K98: 0.033880768 | L98: IMPNRGZ | N98: elc_won_NZL_002 | O98: S01aH03 | P98: 0.016626694 | Q98: IMPNRGZ | S98: elc_wof_NZL_002 | T98: S01aH03 | U98: 0.011827625 | V98: IMPNRGZ
I99: elc_spv_NZL_002 | J99: S01aH04 | K99: 0.0029568888 | L99: IMPNRGZ | N99: elc_won_NZL_002 | O99: S01aH04 | P99: 0.00189528 | Q99: IMPNRGZ | S99: elc_wof_NZL_002 | T99: S01aH04 | U99: 0.0014291868 | V99: IMPNRGZ
I100: elc_spv_NZL_002 | J100: S01aH05 | K100: 0.0035539174 | L100: IMPNRGZ | N100: elc_won_NZL_002 | O100: S01aH05 | P100: 0.010493909 | Q100: IMPNRGZ | S100: elc_wof_NZL_002 | T100: S01aH05 | U100: 0.0088041165 | V100: IMPNRGZ
I101: elc_spv_NZL_002 | J101: S02aH01 | K101: 0.00020659404 | L101: IMPNRGZ | N101: elc_won_NZL_002 | O101: S02aH01 | P101: 0.034397236 | Q101: IMPNRGZ | S101: elc_wof_NZL_002 | T101: S02aH01 | U101: 0.056674808 | V101: IMPNRGZ
I102: elc_spv_NZL_002 | J102: S02aH02 | K102: 0.030645941 | L102: IMPNRGZ | N102: elc_won_NZL_002 | O102: S02aH02 | P102: 0.01161766 | Q102: IMPNRGZ | S102: elc_wof_NZL_002 | T102: S02aH02 | U102: 0.019268627 | V102: IMPNRGZ
I103: elc_spv_NZL_002 | J103: S02aH03 | K103: 0.24503799 | L103: IMPNRGZ | N103: elc_won_NZL_002 | O103: S02aH03 | P103: 0.063116921 | Q103: IMPNRGZ | S103: elc_wof_NZL_002 | T103: S02aH03 | U103: 0.084579778 | V103: IMPNRGZ
I104: elc_spv_NZL_002 | J104: S02aH04 | K104: 0.020053784 | L104: IMPNRGZ | N104: elc_won_NZL_002 | O104: S02aH04 | P104: 0.0074033493 | Q104: IMPNRGZ | S104: elc_wof_NZL_002 | T104: S02aH04 | U104: 0.0099916266 | V104: IMPNRGZ
I105: elc_spv_NZL_002 | J105: S02aH05 | K105: 0.013288028 | L105: IMPNRGZ | N105: elc_won_NZL_002 | O105: S02aH05 | P105: 0.036823322 | Q105: IMPNRGZ | S105: elc_wof_NZL_002 | T105: S02aH05 | U105: 0.058396565 | V105: IMPNRGZ
I106: elc_spv_NZL_002 | J106: S03aH01 | K106: 0 | L106: IMPNRGZ | N106: elc_won_NZL_002 | O106: S03aH01 | P106: 0.025118845 | Q106: IMPNRGZ | S106: elc_wof_NZL_002 | T106: S03aH01 | U106: 0.016520781 | V106: IMPNRGZ
I107: elc_spv_NZL_002 | J107: S03aH02 | K107: 0.0034458643 | L107: IMPNRGZ | N107: elc_won_NZL_002 | O107: S03aH02 | P107: 0.0079287813 | Q107: IMPNRGZ | S107: elc_wof_NZL_002 | T107: S03aH02 | U107: 0.0053166157 | V107: IMPNRGZ
... I1285: elc_spv_NZL_015 | J1285: S17aH05 | K1285: 0.004585783 | L1285: IMPNRGZ | N1285: elc_won_NZL_015 | O1285: S17aH05 | P1285: 0.0085206077 | Q1285: IMPNRGZ | S1285: elc_wof_NZL_015 | T1285: S17aH05 | U1285: 0.0083574119 | V1285: IMPNRGZ
I1286: elc_spv_NZL_016 | J1286: S01aH01 | K1286: 0.00071293163 | L1286: IMPNRGZ | S1286: elc_wof_NZL_016 | T1286: S01aH01 | U1286: 0.0079318678 | V1286: IMPNRGZ
I1287: elc_spv_NZL_016 | J1287: S01aH02 | K1287: 0.0036866922 | L1287: IMPNRGZ | S1287: elc_wof_NZL_016 | T1287: S01aH02 | U1287: 0.0025742181 | V1287: IMPNRGZ
I1288: elc_spv_NZL_016 | J1288: S01aH03 | K1288: 0.032910224 | L1288: IMPNRGZ | S1288: elc_wof_NZL_016 | T1288: S01aH03 | U1288: 0.011144545 | V1288: IMPNRGZ
I1289: elc_spv_NZL_016 | J1289: S01aH04 | K1289: 0.0031169082 | L1289: IMPNRGZ | S1289: elc_wof_NZL_016 | T1289: S01aH04 | U1289: 0.001234096 | V1289: IMPNRGZ
I1290: elc_spv_NZL_016 | J1290: S01aH05 | K1290: 0.003812387 | L1290: IMPNRGZ | S1290: elc_wof_NZL_016 | T1290: S01aH05 | U1290: 0.0072397922 | V1290: IMPNRGZ
I1291: elc_spv_NZL_016 | J1291: S02aH01 | K1291: 0.00051599999 | L1291: IMPNRGZ | S1291: elc_wof_NZL_016 | T1291: S02aH01 | U1291: 0.056938254 | V1291: IMPNRGZ
I1292: elc_spv_NZL_016 | J1292: S02aH02 | K1292: 0.027995165 | L1292: IMPNRGZ | S1292: elc_wof_NZL_016 | T1292: S02aH02 | U1292: 0.018686828 | V1292: IMPNRGZ
I1293: elc_spv_NZL_016 | J1293: S02aH03 | K1293: 0.27531259 | L1293: IMPNRGZ | S1293: elc_wof_NZL_016 | T1293: S02aH03 | U1293: 0.087876024 | V1293: IMPNRGZ
I1294: elc_spv_NZL_016 | J1294: S02aH04 | K1294: 0.02459401 | L1294: IMPNRGZ | S1294: elc_wof_NZL_016 | T1294: S02aH04 | U1294: 0.010081415 | V1294: IMPNRGZ
I1295: elc_spv_NZL_016 | J1295: S02aH05 | K1295: 0.023128558 | L1295: IMPNRGZ | S1295: elc_wof_NZL_016 | T1295: S02aH05 | U1295: 0.057358382 | V1295: IMPNRGZ
I1296: elc_spv_NZL_016 | J1296: S03aH01 | K1296: 0 | L1296: IMPNRGZ | S1296: elc_wof_NZL_016 | T1296: S03aH01 | U1296: 0.020736771 | V1296: IMPNRGZ
I1297: elc_spv_NZL_016 | J1297: S03aH02 | K1297: 0.0006046355 | L1297: IMPNRGZ | S1297: elc_wof_NZL_016 | T1297: S03aH02 | U1297: 0.0067893592 | V1297: IMPNRGZ
... I1370: elc_spv_NZL_016 | J1370: S17aH05 | K1370: 0.0032121846 | L1370: IMPNRGZ | S1370: elc_wof_NZL_016 | T1370: S17aH05 | U1370: 0.0083889002 | V1370: IMPNRGZ
S1371: elc_wof_NZL_017 | T1371: S01aH01 | U1371: 0.0069591177 | V1371: IMPNRGZ
S1372: elc_wof_NZL_017 | T1372: S01aH02 | U1372: 0.0023925754 | V1372: IMPNRGZ
S1373: elc_wof_NZL_017 | T1373: S01aH03 | U1373: 0.01089693 | V1373: IMPNRGZ
S1374: elc_wof_NZL_017 | T1374: S01aH04 | U1374: 0.0012468613 | V1374: IMPNRGZ
S1375: elc_wof_NZL_017 | T1375: S01aH05 | U1375: 0.0074675141 | V1375: IMPNRGZ
S1376: elc_wof_NZL_017 | T1376: S02aH01 | U1376: 0.056057614 | V1376: IMPNRGZ
S1377: elc_wof_NZL_017 | T1377: S02aH02 | U1377: 0.018799406 | V1377: IMPNRGZ
S1378: elc_wof_NZL_017 | T1378: S02aH03 | U1378: 0.083913231 | V1378: IMPNRGZ
S1379: elc_wof_NZL_017 | T1379: S02aH04 | U1379: 0.0094229753 | V1379: IMPNRGZ
S1380: elc_wof_NZL_017 | T1380: S02aH05 | U1380: 0.053981848 | V1380: IMPNRGZ
S1381: elc_wof_NZL_017 | T1381: S03aH01 | U1381: 0.022219312 | V1381: IMPNRGZ
S1382: elc_wof_NZL_017 | T1382: S03aH02 | U1382: 0.0077213939 | V1382: IMPNRGZ
... S2815: elc_wof_NZL_033 | T2815: S17aH05 | U2815: 0.0078945815 | V2815: IMPNRGZ

Sheet ts_288
C9: =IF(A11="x","DeActivated","~TimeSlices") -> DeActivated | I9: =IF(A11="x","DeActivated","~TFM_DINS-AT") -> DeActivated | N9: =IF(A11="x","DeActivated","~TFM_DINS-AT") -> DeActivated | S9: =IF(A11="x","DeActivated","~TFM_DINS-AT") -> DeActivated | X9: =IF(A11="x","DeActivated","~TFM_DINS-AT") -> DeActivated
A10: ts_288 | C10: season | D10: weekly | E10: daynite | F10: wparent | G10: dparent | I10: commodity | J10: timeslice | K10: com_fr | L10: process | N10: commodity | O10: timeslice | P10: com_fr | Q10: process | S10: commodity | T10: timeslice | U10: com_fr | V10: process | X10: g_yrfr | Y10: com_fr | Z10: timeslice | AA10: commodity
A11: =IFERROR(IF(Veda!D5=A10,"ok","x"),"") -> x | C11: S01 | D11: a | E11: H01 | F11: S01,S02,S03,S04,S05,S06,S07,S08,S09,S10,S11,S12,S13,S14,S15,S16,S17,S18,S19,S20,S21 | G11: a | I11: elc_spv_NZL_001 | J11: S01aH01 | K11: 0 | L11: IMPNRGZ | N11: elc_won_NZL_001 | O11: S01aH01 | P11: 0.0086152553 | Q11: IMPNRGZ | S11: elc_wof_NZL_001 | T11: S01aH01 | U11: 0.0085855461 | V11: IMPNRGZ | X11: 0.0068493151 | Y11: 0.001465165 | Z11: S01aH01 | AA11: elc_roadtransport
C12: S02 | E12: H02 | G12: a | I12: elc_spv_NZL_001 | J12: S01aH02 | K12: 0.0040413388 | L12: IMPNRGZ | N12: elc_won_NZL_001 | O12: S01aH02 | P12: 0.0030004378 | Q12: IMPNRGZ | S12: elc_wof_NZL_001 | T12: S01aH02 | U12: 0.0026770721 | V12: IMPNRGZ | X12: 0.002283105 | Y12: 0.0035966155 | Z12: S01aH02 | AA12: elc_roadtransport
C13: S03 | E13: H03 | G13: a | I13: elc_spv_NZL_001 | J13: S01aH03 | K13: 0.033689321 | L13: IMPNRGZ | N13: elc_won_NZL_001 | O13: S01aH03 | P13: 0.014286615 | Q13: IMPNRGZ | S13: elc_wof_NZL_001 | T13: S01aH03 | U13: 0.010985218 | V13: IMPNRGZ | X13: 0.010273973 | Y13: 0.014081496 | Z13: S01aH03 | AA13: elc_roadtransport
C14: S04 | E14: H04 | G14: a | I14: elc_spv_NZL_001 | J14: S01aH04 | K14: 0.0033405927 | L14: IMPNRGZ | N14: elc_won_NZL_001 | O14: S01aH04 | P14: 0.0016658879 | Q14: IMPNRGZ | S14: elc_wof_NZL_001 | T14: S01aH04 | U14: 0.0013741827 | V14: IMPNRGZ | X14: 0.0011415525 | Y14: 0.0022209515 | Z14: S01aH04 | AA14: elc_roadtransport
C15: S05 | E15: H05 | G15: a | I15: elc_spv_NZL_001 | J15: S01aH05 | K15: 0.0066176636 | L15: IMPNRGZ | N15: elc_won_NZL_001 | O15: S01aH05 | P15: 0.0062918031 | Q15: IMPNRGZ | S15: elc_wof_NZL_001 | T15: S01aH05 | U15: 0.0055650685 | V15: IMPNRGZ | X15: 0.00456621 | Y15: 0.0051711707 | Z15: S01aH05 | AA15: elc_roadtransport
C16: S06 | E16: H06 | G16: a | I16: elc_spv_NZL_001 | J16: S01aH06 | K16: 0 | L16: IMPNRGZ | N16: elc_won_NZL_001 | O16: S01aH06 | P16: 0.0014286099 | Q16: IMPNRGZ | S16: elc_wof_NZL_001 | T16: S01aH06 | U16: 0.0013514993 | V16: IMPNRGZ | X16: 0.0011415525 | Y16: 0.00056352501 | Z16: S01aH06 | AA16: elc_roadtransport
C17: S07 | E17: H07 | G17: a | I17: elc_spv_NZL_001 | J17: S01aH07 | K17: 0 | L17: IMPNRGZ | N17: elc_won_NZL_001 | O17: S01aH07 | P17: 0.0013996248 | Q17: IMPNRGZ | S17: elc_wof_NZL_001 | T17: S01aH07 | U17: 0.0013512377 | V17: IMPNRGZ | X17: 0.0011415525 | Y17: 0.00029833677 | Z17: S01aH07 | AA17: elc_roadtransport
C18: S08 | I18: elc_spv_NZL_001 | J18: S02aH01 | K18: 0 | L18: IMPNRGZ | N18: elc_won_NZL_001 | O18: S02aH01 | P18: 0.0088392625 | Q18: IMPNRGZ | S18: elc_wof_NZL_001 | T18: S02aH01 | U18: 0.0029992259 | V18: IMPNRGZ | X18: 0.0061643836 | Y18: 0.0013186485 | Z18: S02aH01 | AA18: elc_roadtransport
C19: S09 | I19: elc_spv_NZL_001 | J19: S02aH02 | K19: 0.0036194025 | L19: IMPNRGZ | N19: elc_won_NZL_001 | O19: S02aH02 | P19: 0.0030181055 | Q19: IMPNRGZ | S19: elc_wof_NZL_001 | T19: S02aH02 | U19: 0.00091517209 | V19: IMPNRGZ | X19: 0.0020547945 | Y19: 0.003236954 | Z19: S02aH02 | AA19: elc_roadtransport
C20: S10 | I20: elc_spv_NZL_001 | J20: S02aH03 | K20: 0.030131948 | L20: IMPNRGZ | N20: elc_won_NZL_001 | O20: S02aH03 | P20: 0.014147079 | Q20: IMPNRGZ | S20: elc_wof_NZL_001 | T20: S02aH03 | U20: 0.0050876758 | V20: IMPNRGZ | X20: 0.0092465753 | Y20: 0.012673346 | Z20: S02aH03 | AA20: elc_roadtransport
C21: S11 | I21: elc_spv_NZL_001 | J21: S02aH04 | K21: 0.0028151979 | L21: IMPNRGZ | N21: elc_won_NZL_001 | O21: S02aH04 | P21: 0.0014920134 | Q21: IMPNRGZ | S21: elc_wof_NZL_001 | T21: S02aH04 | U21: 0.0006140542 | V21: IMPNRGZ | X21: 0.0010273973 | Y21: 0.0019988564 | Z21: S02aH04 | AA21: elc_roadtransport
C22: S12 | I22: elc_spv_NZL_001 | J22: S02aH05 | K22: 0.0047457705 | L22: IMPNRGZ | N22: elc_won_NZL_001 | O22: S02aH05 | P22: 0.0058244948 | Q22: IMPNRGZ | S22: elc_wof_NZL_001 | T22: S02aH05 | U22: 0.0024829805 | V22: IMPNRGZ | X22: 0.004109589 | Y22: 0.0046540537 | Z22: S02aH05 | AA22: elc_roadtransport
C23: S13 | I23: elc_spv_NZL_001 | J23: S02aH06 | K23: 0 | L23: IMPNRGZ | N23: elc_won_NZL_001 | O23: S02aH06 | P23: 0.0014501665 | Q23: IMPNRGZ | S23: elc_wof_NZL_001 | T23: S02aH06 | U23: 0.00059253882 | V23: IMPNRGZ | X23: 0.0010273973 | Y23: 0.00050717251 | Z23: S02aH06 | AA23: elc_roadtransport
C24: S14 | I24: elc_spv_NZL_001 | J24: S02aH07 | K24: 0 | L24: IMPNRGZ | N24: elc_won_NZL_001 | O24: S02aH07 | P24: 0.0014472082 | Q24: IMPNRGZ | S24: elc_wof_NZL_001 | T24: S02aH07 | U24: 0.00058828215 | V24: IMPNRGZ | X24: 0.0010273973 | Y24: 0.0002685031 | Z24: S02aH07 | AA24: elc_roadtransport
C25: S15 | I25: elc_spv_NZL_001 | J25: S03aH01 | K25: 0 | L25: IMPNRGZ | N25: elc_won_NZL_001 | O25: S03aH01 | P25: 0.036366404 | Q25: IMPNRGZ | S25: elc_wof_NZL_001 | T25: S03aH01 | U25: 0.051660949 | V25: IMPNRGZ | X25: 0.055479452 | Y25: 0.011867837 | Z25: S03aH01 | AA25: elc_roadtransport
C26: S16 | I26: elc_spv_NZL_001 | J26: S03aH02 | K26: 0.012837365 | L26: IMPNRGZ | N26: elc_won_NZL_001 | O26: S03aH02 | P26: 0.011902721 | Q26: IMPNRGZ | S26: elc_wof_NZL_001 | T26: S03aH02 | U26: 0.018871963 | V26: IMPNRGZ | X26: 0.018493151 | Y26: 0.029132586 | Z26: S03aH02 | AA26: elc_roadtransport
C27: S17 | I27: elc_spv_NZL_001 | J27: S03aH03 | K27: 0.22536608 | L27: IMPNRGZ | N27: elc_won_NZL_001 | O27: S03aH03 | P27: 0.055590981 | Q27: IMPNRGZ | S27: elc_wof_NZL_001 | T27: S03aH03 | U27: 0.084239452 | V27: IMPNRGZ | X27: 0.083219178 | Y27: 0.11406011 | Z27: S03aH03 | AA27: elc_roadtransport
C28: S18 | I28: elc_spv_NZL_001 | J28: S03aH04 | K28: 0.023128185 | L28: IMPNRGZ | N28: elc_won_NZL_001 | O28: S03aH04 | P28: 0.0065602664 | Q28: IMPNRGZ | S28: elc_wof_NZL_001 | T28: S03aH04 | U28: 0.0093715499 | V28: IMPNRGZ | X28: 0.0092465753 | Y28: 0.017989707 | Z28: S03aH04 | AA28: elc_roadtransport
C29: S19 | I29: elc_spv_NZL_001 | J29: S03aH05 | K29: 0.029577367 | L29: IMPNRGZ | N29: elc_won_NZL_001 | O29: S03aH05 | P29: 0.025716427 | Q29: IMPNRGZ | S29: elc_wof_NZL_001 | T29: S03aH05 | U29: 0.037685053 | V29: IMPNRGZ | X29: 0.036986301 | Y29: 0.041886483 | Z29: S03aH05 | AA29: elc_roadtransport
... C31: S21 | I31: elc_spv_NZL_001 | J31: S03aH07 | K31: 0 | L31: IMPNRGZ | N31: elc_won_NZL_001 | O31: S03aH07 | P31: 0.0063567319 | Q31: IMPNRGZ | S31: elc_wof_NZL_001 | T31: S03aH07 | U31: 0.0086440068 | V31: IMPNRGZ | X31: 0.0092465753 | Y31: 0.0024165279 | Z31: S03aH07 | AA31: elc_roadtransport
I32: elc_spv_NZL_001 | J32: S04aH01 | K32: 0 | L32: IMPNRGZ | N32: elc_won_NZL_001 | O32: S04aH01 | P32: 0.0083922895 | Q32: IMPNRGZ | S32: elc_wof_NZL_001 | T32: S04aH01 | U32: 0.0090200986 | V32: IMPNRGZ | X32: 0.0082191781 | Y32: 0.001758198 | Z32: S04aH01 | AA32: elc_roadtransport
I33: elc_spv_NZL_001 | J33: S04aH02 | K33: 0 | L33: IMPNRGZ | N33: elc_won_NZL_001 | O33: S04aH02 | P33: 0.0027861753 | Q33: IMPNRGZ | S33: elc_wof_NZL_001 | T33: S04aH02 | U33: 0.0029233625 | V33: IMPNRGZ | X33: 0.002739726 | Y33: 0.0043159386 | Z33: S04aH02 | AA33: elc_roadtransport
I34: elc_spv_NZL_001 | J34: S04aH03 | K34: 0.017171082 | L34: IMPNRGZ | N34: elc_won_NZL_001 | O34: S04aH03 | P34: 0.012721833 | Q34: IMPNRGZ | S34: elc_wof_NZL_001 | T34: S04aH03 | U34: 0.013321374 | V34: IMPNRGZ | X34: 0.012328767 | Y34: 0.016897795 | Z34: S04aH03 | AA34: elc_roadtransport
I35: elc_spv_NZL_001 | J35: S04aH04 | K35: 0.0013257789 | L35: IMPNRGZ | N35: elc_won_NZL_001 | O35: S04aH04 | P35: 0.0015195473 | Q35: IMPNRGZ | S35: elc_wof_NZL_001 | T35: S04aH04 | U35: 0.0014922491 | V35: IMPNRGZ | X35: 0.001369863 | Y35: 0.0026651418 | Z35: S04aH04 | AA35: elc_roadtransport
I36: elc_spv_NZL_001 | J36: S04aH05 | K36: 0.00079872154 | L36: IMPNRGZ | N36: elc_won_NZL_001 | O36: S04aH05 | P36: 0.0058741597 | Q36: IMPNRGZ | S36: elc_wof_NZL_001 | T36: S04aH05 | U36: 0.005456527 | V36: IMPNRGZ | X36: 0.0054794521 | Y36: 0.0062054049 | Z36: S04aH05 | AA36: elc_roadtransport
I37: elc_spv_NZL_001 | J37: S04aH06 | K37: 0 | L37: IMPNRGZ | N37: elc_won_NZL_001 | O37: S04aH06 | P37: 0.0013514127 | Q37: IMPNRGZ | S37: elc_wof_NZL_001 | T37: S04aH06 | U37: 0.0013633854 | V37: IMPNRGZ | X37: 0.001369863 | Y37: 0.00067623002 | Z37: S04aH06 | AA37: elc_roadtransport
I38: elc_spv_NZL_001 | J38: S04aH07 | K38: 0 | L38: IMPNRGZ | N38: elc_won_NZL_001 | O38: S04aH07 | P38: 0.0014627031 | Q38: IMPNRGZ | S38: elc_wof_NZL_001 | T38: S04aH07 | U38: 0.0014196253 | V38: IMPNRGZ | X38: 0.001369863 | Y38: 0.00035800413 | Z38: S04aH07 | AA38: elc_roadtransport
I39: elc_spv_NZL_001 | J39: S05aH01 | K39: 0 | L39: IMPNRGZ | N39: elc_won_NZL_001 | O39: S05aH01 | P39: 0.017477354 | Q39: IMPNRGZ | S39: elc_wof_NZL_001 | T39: S05aH01 | U39: 0.011688537 | V39: IMPNRGZ | X39: 0.013013699 | Y39: 0.0027838136 | Z39: S05aH01 | AA39: elc_roadtransport
I40: elc_spv_NZL_001 | J40: S05aH02 | K40: 0 | L40: IMPNRGZ | N40: elc_won_NZL_001 | O40: S05aH02 | P40: 0.005758494 | Q40: IMPNRGZ | S40: elc_wof_NZL_001 | T40: S05aH02 | U40: 0.0035306345 | V40: IMPNRGZ | X40: 0.0043378995 | Y40: 0.0068335695 | Z40: S05aH02 | AA40: elc_roadtransport
I41: elc_spv_NZL_001 | J41: S05aH03 | K41: 0.03023262 | L41: IMPNRGZ | N41: elc_won_NZL_001 | O41: S05aH03 | P41: 0.026416013 | Q41: IMPNRGZ | S41: elc_wof_NZL_001 | T41: S05aH03 | U41: 0.016973931 | V41: IMPNRGZ | X41: 0.019520548 | Y41: 0.026754842 | Z41: S05aH03 | AA41: elc_roadtransport
I42: elc_spv_NZL_001 | J42: S05aH04 | K42: 0.0026430844 | L42: IMPNRGZ | N42: elc_won_NZL_001 | O42: S05aH04 | P42: 0.0028122855 | Q42: IMPNRGZ | S42: elc_wof_NZL_001 | T42: S05aH04 | U42: 0.0020448921 | V42: IMPNRGZ | X42: 0.0021689498 | Y42: 0.0042198079 | Z42: S05aH04 | AA42: elc_roadtransport
I43: elc_spv_NZL_001 | J43: S05aH05 | K43: 0 | L43: IMPNRGZ | N43: elc_won_NZL_001 | O43: S05aH05 | P43: 0.011022455 | Q43: IMPNRGZ | S43: elc_wof_NZL_001 | T43: S05aH05 | U43: 0.0076554877 | V43: IMPNRGZ | X43: 0.0086757991 | Y43: 0.0098252244 | Z43: S05aH05 | AA43: elc_roadtransport
... I157: elc_spv_NZL_001 | J157: S21aH07 | K157: 0 | L157: IMPNRGZ | N157: elc_won_NZL_001 | O157: S21aH07 | P157: 0.0014617715 | Q157: IMPNRGZ | S157: elc_wof_NZL_001 | T157: S21aH07 | U157: 0.00091528392 | V157: IMPNRGZ | X157: 0.0012557078 | Y157: 0.00032817045 | Z157: S21aH07 | AA157: elc_roadtransport
I158: elc_spv_NZL_002 | J158: S01aH01 | K158: 0.0013190566 | L158: IMPNRGZ | N158: elc_won_NZL_002 | O158: S01aH01 | P158: 0.0089730133 | Q158: IMPNRGZ | S158: elc_wof_NZL_002 | T158: S01aH01 | U158: 0.008170628 | V158: IMPNRGZ
I159: elc_spv_NZL_002 | J159: S01aH02 | K159: 0.005575779 | L159: IMPNRGZ | N159: elc_won_NZL_002 | O159: S01aH02 | P159: 0.0029339429 | Q159: IMPNRGZ | S159: elc_wof_NZL_002 | T159: S01aH02 | U159: 0.0026122123 | V159: IMPNRGZ
I160: elc_spv_NZL_002 | J160: S01aH03 | K160: 0.033880768 | L160: IMPNRGZ | N160: elc_won_NZL_002 | O160: S01aH03 | P160: 0.016626694 | Q160: IMPNRGZ | S160: elc_wof_NZL_002 | T160: S01aH03 | U160: 0.011827625 | V160: IMPNRGZ
I161: elc_spv_NZL_002 | J161: S01aH04 | K161: 0.0029568888 | L161: IMPNRGZ | N161: elc_won_NZL_002 | O161: S01aH04 | P161: 0.00189528 | Q161: IMPNRGZ | S161: elc_wof_NZL_002 | T161: S01aH04 | U161: 0.0014291868 | V161: IMPNRGZ
I162: elc_spv_NZL_002 | J162: S01aH05 | K162: 0.0035539174 | L162: IMPNRGZ | N162: elc_won_NZL_002 | O162: S01aH05 | P162: 0.0071709897 | Q162: IMPNRGZ | S162: elc_wof_NZL_002 | T162: S01aH05 | U162: 0.0059414866 | V162: IMPNRGZ
I163: elc_spv_NZL_002 | J163: S01aH06 | K163: 0 | L163: IMPNRGZ | N163: elc_won_NZL_002 | O163: S01aH06 | P163: 0.001675037 | Q163: IMPNRGZ | S163: elc_wof_NZL_002 | T163: S01aH06 | U163: 0.0014396519 | V163: IMPNRGZ
I164: elc_spv_NZL_002 | J164: S01aH07 | K164: 0 | L164: IMPNRGZ | N164: elc_won_NZL_002 | O164: S01aH07 | P164: 0.001647882 | Q164: IMPNRGZ | S164: elc_wof_NZL_002 | T164: S01aH07 | U164: 0.001422978 | V164: IMPNRGZ
I165: elc_spv_NZL_002 | J165: S02aH01 | K165: 0.00020659404 | L165: IMPNRGZ | N165: elc_won_NZL_002 | O165: S02aH01 | P165: 0.0076821563 | Q165: IMPNRGZ | S165: elc_wof_NZL_002 | T165: S02aH01 | U165: 0.0040787821 | V165: IMPNRGZ
I166: elc_spv_NZL_002 | J166: S02aH02 | K166: 0.0039451142 | L166: IMPNRGZ | N166: elc_won_NZL_002 | O166: S02aH02 | P166: 0.0025740975 | Q166: IMPNRGZ | S166: elc_wof_NZL_002 | T166: S02aH02 | U166: 0.0012737151 | V166: IMPNRGZ
I167: elc_spv_NZL_002 | J167: S02aH03 | K167: 0.029173614 | L167: IMPNRGZ | N167: elc_won_NZL_002 | O167: S02aH03 | P167: 0.015491326 | Q167: IMPNRGZ | S167: elc_wof_NZL_002 | T167: S02aH03 | U167: 0.0068452444 | V167: IMPNRGZ
I168: elc_spv_NZL_002 | J168: S02aH04 | K168: 0.0024303975 | L168: IMPNRGZ | N168: elc_won_NZL_002 | O168: S02aH04 | P168: 0.0014531347 | Q168: IMPNRGZ | S168: elc_wof_NZL_002 | T168: S02aH04 | U168: 0.00099213639 | V168: IMPNRGZ
I169: elc_spv_NZL_002 | J169: S02aH05 | K169: 0.0027116429 | L169: IMPNRGZ | N169: elc_won_NZL_002 | O169: S02aH05 | P169: 0.0048968456 | Q169: IMPNRGZ | S169: elc_wof_NZL_002 | T169: S02aH05 | U169: 0.0038254145 | V169: IMPNRGZ
... I2215: elc_spv_NZL_015 | J2215: S21aH07 | K2215: 0 | L2215: IMPNRGZ | N2215: elc_won_NZL_015 | O2215: S21aH07 | P2215: 0.0013481035 | Q2215: IMPNRGZ | S2215: elc_wof_NZL_015 | T2215: S21aH07 | U2215: 0.0014244184 | V2215: IMPNRGZ
I2216: elc_spv_NZL_016 | J2216: S01aH01 | K2216: 0.00071293163 | L2216: IMPNRGZ | S2216: elc_wof_NZL_016 | T2216: S01aH01 | U2216: 0.0079318678 | V2216: IMPNRGZ
I2217: elc_spv_NZL_016 | J2217: S01aH02 | K2217: 0.0036866922 | L2217: IMPNRGZ | S2217: elc_wof_NZL_016 | T2217: S01aH02 | U2217: 0.0025742181 | V2217: IMPNRGZ
I2218: elc_spv_NZL_016 | J2218: S01aH03 | K2218: 0.032910224 | L2218: IMPNRGZ | S2218: elc_wof_NZL_016 | T2218: S01aH03 | U2218: 0.011144545 | V2218: IMPNRGZ
I2219: elc_spv_NZL_016 | J2219: S01aH04 | K2219: 0.0031169082 | L2219: IMPNRGZ | S2219: elc_wof_NZL_016 | T2219: S01aH04 | U2219: 0.001234096 | V2219: IMPNRGZ
I2220: elc_spv_NZL_016 | J2220: S01aH05 | K2220: 0.003812387 | L2220: IMPNRGZ | S2220: elc_wof_NZL_016 | T2220: S01aH05 | U2220: 0.0047758889 | V2220: IMPNRGZ
I2221: elc_spv_NZL_016 | J2221: S01aH06 | K2221: 0 | L2221: IMPNRGZ | S2221: elc_wof_NZL_016 | T2221: S01aH06 | U2221: 0.0012137107 | V2221: IMPNRGZ
I2222: elc_spv_NZL_016 | J2222: S01aH07 | K2222: 0 | L2222: IMPNRGZ | S2222: elc_wof_NZL_016 | T2222: S01aH07 | U2222: 0.0012501926 | V2222: IMPNRGZ
I2223: elc_spv_NZL_016 | J2223: S02aH01 | K2223: 0.00051490956 | L2223: IMPNRGZ | S2223: elc_wof_NZL_016 | T2223: S02aH01 | U2223: 0.0060624264 | V2223: IMPNRGZ
I2224: elc_spv_NZL_016 | J2224: S02aH02 | K2224: 0.0029555645 | L2224: IMPNRGZ | S2224: elc_wof_NZL_016 | T2224: S02aH02 | U2224: 0.0021194476 | V2224: IMPNRGZ
I2225: elc_spv_NZL_016 | J2225: S02aH03 | K2225: 0.026048348 | L2225: IMPNRGZ | S2225: elc_wof_NZL_016 | T2225: S02aH03 | U2225: 0.009835251 | V2225: IMPNRGZ
I2226: elc_spv_NZL_016 | J2226: S02aH04 | K2226: 0.0019614282 | L2226: IMPNRGZ | S2226: elc_wof_NZL_016 | T2226: S02aH04 | U2226: 0.0010407091 | V2226: IMPNRGZ
I2227: elc_spv_NZL_016 | J2227: S02aH05 | K2227: 0.0031311968 | L2227: IMPNRGZ | S2227: elc_wof_NZL_016 | T2227: S02aH05 | U2227: 0.0036623795 | V2227: IMPNRGZ
... I2362: elc_spv_NZL_016 | J2362: S21aH07 | K2362: 0 | L2362: IMPNRGZ | S2362: elc_wof_NZL_016 | T2362: S21aH07 | U2362: 0.0014185378 | V2362: IMPNRGZ
S2363: elc_wof_NZL_017 | T2363: S01aH01 | U2363: 0.0069591177 | V2363: IMPNRGZ
S2364: elc_wof_NZL_017 | T2364: S01aH02 | U2364: 0.0023925754 | V2364: IMPNRGZ
S2365: elc_wof_NZL_017 | T2365: S01aH03 | U2365: 0.01089693 | V2365: IMPNRGZ
S2366: elc_wof_NZL_017 | T2366: S01aH04 | U2366: 0.0012468613 | V2366: IMPNRGZ
S2367: elc_wof_NZL_017 | T2367: S01aH05 | U2367: 0.0049970205 | V2367: IMPNRGZ
S2368: elc_wof_NZL_017 | T2368: S01aH06 | U2368: 0.0012314211 | V2368: IMPNRGZ
S2369: elc_wof_NZL_017 | T2369: S01aH07 | U2369: 0.0012390726 | V2369: IMPNRGZ
S2370: elc_wof_NZL_017 | T2370: S02aH01 | U2370: 0.0047614879 | V2370: IMPNRGZ
S2371: elc_wof_NZL_017 | T2371: S02aH02 | U2371: 0.0014152057 | V2371: IMPNRGZ
S2372: elc_wof_NZL_017 | T2372: S02aH03 | U2372: 0.0082644068 | V2372: IMPNRGZ
S2373: elc_wof_NZL_017 | T2373: S02aH04 | U2373: 0.0010010494 | V2373: IMPNRGZ
S2374: elc_wof_NZL_017 | T2374: S02aH05 | U2374: 0.0037594397 | V2374: IMPNRGZ
... S4861: elc_wof_NZL_033 | T4861: S21aH07 | U4861: 0.0013228553 | V4861: IMPNRGZ

Sheet ts_annual
C9: =IF(A11="x","DeActivated","~TimeSlices") -> ~TimeSlices | I9: =IF(A11="x","DeActivated","~TFM_DINS-AT") -> ~TFM_DINS-AT | N9: =IF(A11="x","DeActivated","~TFM_DINS-AT") -> ~TFM_DINS-AT | S9: =IF(A11="x","DeActivated","~TFM_DINS-AT") -> ~TFM_DINS-AT | X9: =IF(A11="x","DeActivated","~TFM_DINS-AT") -> ~TFM_DINS-AT
A10: ts_annual | C10: season | D10: weekly | E10: daynite | F10: wparent | G10: dparent | I10: commodity | J10: timeslice | K10: com_fr | L10: process | N10: commodity | O10: timeslice | P10: com_fr | Q10: process | S10: commodity | T10: timeslice | U10: com_fr | V10: process | X10: g_yrfr | Y10: com_fr | Z10: timeslice | AA10: commodity
A11: =IFERROR(IF(Veda!D5=A10,"ok","x"),"") -> ok | C11: AllS | D11: a | E11: AllH | F11: AllS | G11: a | I11: elc_spv_NZL_001 | J11: AllSaAllH | K11: 1 | L11: IMPNRGZ | N11: elc_won_NZL_001 | O11: AllSaAllH | P11: 1 | Q11: IMPNRGZ | S11: elc_wof_NZL_001 | T11: AllSaAllH | U11: 1 | V11: IMPNRGZ | X11: 1 | Y11: 1 | Z11: AllSaAllH | AA11: elc_roadtransport
I12: elc_spv_NZL_002 | J12: AllSaAllH | K12: 1 | L12: IMPNRGZ | N12: elc_won_NZL_002 | O12: AllSaAllH | P12: 1 | Q12: IMPNRGZ | S12: elc_wof_NZL_002 | T12: AllSaAllH | U12: 1 | V12: IMPNRGZ
I13: elc_spv_NZL_003 | J13: AllSaAllH | K13: 1 | L13: IMPNRGZ | N13: elc_won_NZL_003 | O13: AllSaAllH | P13: 1 | Q13: IMPNRGZ | S13: elc_wof_NZL_003 | T13: AllSaAllH | U13: 1 | V13: IMPNRGZ
I14: elc_spv_NZL_004 | J14: AllSaAllH | K14: 1 | L14: IMPNRGZ | N14: elc_won_NZL_004 | O14: AllSaAllH | P14: 1 | Q14: IMPNRGZ | S14: elc_wof_NZL_004 | T14: AllSaAllH | U14: 1 | V14: IMPNRGZ
I15: elc_spv_NZL_005 | J15: AllSaAllH | K15: 1 | L15: IMPNRGZ | N15: elc_won_NZL_005 | O15: AllSaAllH | P15: 1 | Q15: IMPNRGZ | S15: elc_wof_NZL_005 | T15: AllSaAllH | U15: 1 | V15: IMPNRGZ
I16: elc_spv_NZL_006 | J16: AllSaAllH | K16: 1 | L16: IMPNRGZ | N16: elc_won_NZL_006 | O16: AllSaAllH | P16: 1 | Q16: IMPNRGZ | S16: elc_wof_NZL_006 | T16: AllSaAllH | U16: 1 | V16: IMPNRGZ
I17: elc_spv_NZL_007 | J17: AllSaAllH | K17: 1 | L17: IMPNRGZ | N17: elc_won_NZL_007 | O17: AllSaAllH | P17: 1 | Q17: IMPNRGZ | S17: elc_wof_NZL_007 | T17: AllSaAllH | U17: 1 | V17: IMPNRGZ
I18: elc_spv_NZL_008 | J18: AllSaAllH | K18: 1 | L18: IMPNRGZ | N18: elc_won_NZL_008 | O18: AllSaAllH | P18: 1 | Q18: IMPNRGZ | S18: elc_wof_NZL_008 | T18: AllSaAllH | U18: 1 | V18: IMPNRGZ
I19: elc_spv_NZL_009 | J19: AllSaAllH | K19: 1 | L19: IMPNRGZ | N19: elc_won_NZL_009 | O19: AllSaAllH | P19: 1 | Q19: IMPNRGZ | S19: elc_wof_NZL_009 | T19: AllSaAllH | U19: 1 | V19: IMPNRGZ
I20: elc_spv_NZL_010 | J20: AllSaAllH | K20: 1 | L20: IMPNRGZ | N20: elc_won_NZL_010 | O20: AllSaAllH | P20: 1 | Q20: IMPNRGZ | S20: elc_wof_NZL_010 | T20: AllSaAllH | U20: 1 | V20: IMPNRGZ
I21: elc_spv_NZL_011 | J21: AllSaAllH | K21: 1 | L21: IMPNRGZ | N21: elc_won_NZL_011 | O21: AllSaAllH | P21: 1 | Q21: IMPNRGZ | S21: elc_wof_NZL_011 | T21: AllSaAllH | U21: 1 | V21: IMPNRGZ
I22: elc_spv_NZL_012 | J22: AllSaAllH | K22: 1 | L22: IMPNRGZ | N22: elc_won_NZL_012 | O22: AllSaAllH | P22: 1 | Q22: IMPNRGZ | S22: elc_wof_NZL_012 | T22: AllSaAllH | U22: 1 | V22: IMPNRGZ
I23: elc_spv_NZL_013 | J23: AllSaAllH | K23: 1 | L23: IMPNRGZ | N23: elc_won_NZL_013 | O23: AllSaAllH | P23: 1 | Q23: IMPNRGZ | S23: elc_wof_NZL_013 | T23: AllSaAllH | U23: 1 | V23: IMPNRGZ
... I25: elc_spv_NZL_015 | J25: AllSaAllH | K25: 1 | L25: IMPNRGZ | N25: elc_won_NZL_015 | O25: AllSaAllH | P25: 1 | Q25: IMPNRGZ | S25: elc_wof_NZL_015 | T25: AllSaAllH | U25: 1 | V25: IMPNRGZ
I26: elc_spv_NZL_016 | J26: AllSaAllH | K26: 1 | L26: IMPNRGZ | S26: elc_wof_NZL_016 | T26: AllSaAllH | U26: 1 | V26: IMPNRGZ
S27: elc_wof_NZL_017 | T27: AllSaAllH | U27: 1 | V27: IMPNRGZ
S28: elc_wof_NZL_018 | T28: AllSaAllH | U28: 1 | V28: IMPNRGZ
S29: elc_wof_NZL_019 | T29: AllSaAllH | U29: 1 | V29: IMPNRGZ
S30: elc_wof_NZL_020 | T30: AllSaAllH | U30: 1 | V30: IMPNRGZ
S31: elc_wof_NZL_021 | T31: AllSaAllH | U31: 1 | V31: IMPNRGZ
S32: elc_wof_NZL_022 | T32: AllSaAllH | U32: 1 | V32: IMPNRGZ
S33: elc_wof_NZL_023 | T33: AllSaAllH | U33: 1 | V33: IMPNRGZ
S34: elc_wof_NZL_024 | T34: AllSaAllH | U34: 1 | V34: IMPNRGZ
S35: elc_wof_NZL_025 | T35: AllSaAllH | U35: 1 | V35: IMPNRGZ
S36: elc_wof_NZL_026 | T36: AllSaAllH | U36: 1 | V36: IMPNRGZ
S37: elc_wof_NZL_027 | T37: AllSaAllH | U37: 1 | V37: IMPNRGZ
S38: elc_wof_NZL_028 | T38: AllSaAllH | U38: 1 | V38: IMPNRGZ
... S43: elc_wof_NZL_033 | T43: AllSaAllH | U43: 1 | V43: IMPNRGZ

Sheet ts_12t
C9: =IF(A11="x","DeActivated","~TimeSlices") -> DeActivated | I9: =IF(A11="x","DeActivated","~TFM_DINS-AT") -> DeActivated | N9: =IF(A11="x","DeActivated","~TFM_DINS-AT") -> DeActivated | S9: =IF(A11="x","DeActivated","~TFM_DINS-AT") -> DeActivated | X9: =IF(A11="x","DeActivated","~TFM_DINS-AT") -> DeActivated
A10: ts_12t | C10: season | D10: weekly | E10: daynite | F10: wparent | G10: dparent | I10: commodity | J10: timeslice | K10: com_fr | L10: process | N10: commodity | O10: timeslice | P10: com_fr | Q10: process | S10: commodity | T10: timeslice | U10: com_fr | V10: process | X10: g_yrfr | Y10: com_fr | Z10: timeslice | AA10: commodity
A11: =IFERROR(IF(Veda!D5=A10,"ok","x"),"") -> x | C11: F | D11: a | E11: D | F11: W,R,S,F | G11: a | I11: elc_spv_NZL_001 | J11: FaD | K11: 0.25314582 | L11: IMPNRGZ | N11: elc_won_NZL_001 | O11: FaD | P11: 0.13450294 | Q11: IMPNRGZ | S11: elc_wof_NZL_001 | T11: FaD | U11: 0.11787813 | V11: IMPNRGZ | X11: 0.11426941 | Y11: 0.16087081 | Z11: FaD | AA11: elc_roadtransport
C12: R | E12: N | G12: a | I12: elc_spv_NZL_001 | J12: FaN | K12: 0.0049836277 | L12: IMPNRGZ | N12: elc_won_NZL_001 | O12: FaN | P12: 0.12801515 | Q12: IMPNRGZ | S12: elc_wof_NZL_001 | T12: FaN | U12: 0.11600203 | V12: IMPNRGZ | X12: 0.11426941 | Y12: 0.052547713 | Z12: FaN | AA12: elc_roadtransport
C13: S | E13: P | G13: a | I13: elc_spv_NZL_001 | J13: FaP | K13: 0.037857883 | L13: IMPNRGZ | N13: elc_won_NZL_001 | O13: FaP | P13: 0.02381407 | Q13: IMPNRGZ | S13: elc_wof_NZL_001 | T13: FaP | U13: 0.021793255 | V13: IMPNRGZ | X13: 0.020776256 | Y13: 0.035896543 | Z13: FaP | AA13: elc_roadtransport
C14: W | I14: elc_spv_NZL_001 | J14: RaD | K14: 0.17278408 | L14: IMPNRGZ | N14: elc_won_NZL_001 | O14: RaD | P14: 0.10359964 | Q14: IMPNRGZ | S14: elc_wof_NZL_001 | T14: RaD | U14: 0.11314962 | V14: IMPNRGZ | X14: 0.11552511 | Y14: 0.16263862 | Z14: RaD | AA14: elc_roadtransport
I15: elc_spv_NZL_001 | J15: RaN | K15: 0.0014987605 | L15: IMPNRGZ | N15: elc_won_NZL_001 | O15: RaN | P15: 0.09871858 | Q15: IMPNRGZ | S15: elc_wof_NZL_001 | T15: RaN | U15: 0.10956698 | V15: IMPNRGZ | X15: 0.11552511 | Y15: 0.053125161 | Z15: RaN | AA15: elc_roadtransport
I16: elc_spv_NZL_001 | J16: RaP | K16: 0.023775895 | L16: IMPNRGZ | N16: elc_won_NZL_001 | O16: RaP | P16: 0.018695925 | Q16: IMPNRGZ | S16: elc_wof_NZL_001 | T16: RaP | U16: 0.020707882 | V16: IMPNRGZ | X16: 0.021004566 | Y16: 0.036291011 | Z16: RaP | AA16: elc_roadtransport
I17: elc_spv_NZL_001 | J17: SaD | K17: 0.1056871 | L17: IMPNRGZ | N17: elc_won_NZL_001 | O17: SaD | P17: 0.12212769 | Q17: IMPNRGZ | S17: elc_wof_NZL_001 | T17: SaD | U17: 0.12602423 | V17: IMPNRGZ | X17: 0.11552511 | Y17: 0.16263862 | Z17: SaD | AA17: elc_roadtransport
I18: elc_spv_NZL_001 | J18: SaN | K18: 0 | L18: IMPNRGZ | N18: elc_won_NZL_001 | O18: SaN | P18: 0.12203012 | Q18: IMPNRGZ | S18: elc_wof_NZL_001 | T18: SaN | U18: 0.12620598 | V18: IMPNRGZ | X18: 0.11552511 | Y18: 0.053125161 | Z18: SaN | AA18: elc_roadtransport
I19: elc_spv_NZL_001 | J19: SaP | K19: 0.011660771 | L19: IMPNRGZ | N19: elc_won_NZL_001 | O19: SaP | P19: 0.021894885 | Q19: IMPNRGZ | S19: elc_wof_NZL_001 | T19: SaP | U19: 0.023692949 | V19: IMPNRGZ | X19: 0.021004566 | Y19: 0.036291011 | Z19: SaP | AA19: elc_roadtransport
I20: elc_spv_NZL_001 | J20: WaD | K20: 0.31583251 | L20: IMPNRGZ | N20: elc_won_NZL_001 | O20: WaD | P20: 0.10297553 | Q20: IMPNRGZ | S20: elc_wof_NZL_001 | T20: WaD | U20: 0.10266303 | V20: IMPNRGZ | X20: 0.1130137 | Y20: 0.159103 | Z20: WaD | AA20: elc_roadtransport
I21: elc_spv_NZL_001 | J21: WaN | K21: 0.019468325 | L21: IMPNRGZ | N21: elc_won_NZL_001 | O21: WaN | P21: 0.10377587 | Q21: IMPNRGZ | S21: elc_wof_NZL_001 | T21: WaN | U21: 0.10310635 | V21: IMPNRGZ | X21: 0.1130137 | Y21: 0.051970266 | Z21: WaN | AA21: elc_roadtransport
I22: elc_spv_NZL_001 | J22: WaP | K22: 0.053305221 | L22: IMPNRGZ | N22: elc_won_NZL_001 | O22: WaP | P22: 0.019849596 | Q22: IMPNRGZ | S22: elc_wof_NZL_001 | T22: WaP | U22: 0.019209556 | V22: IMPNRGZ | X22: 0.020547945 | Y22: 0.035502076 | Z22: WaP | AA22: elc_roadtransport
I23: elc_spv_NZL_002 | J23: FaD | K23: 0.27651182 | L23: IMPNRGZ | N23: elc_won_NZL_002 | O23: FaD | P23: 0.14727843 | Q23: IMPNRGZ | S23: elc_wof_NZL_002 | T23: FaD | U23: 0.12558471 | V23: IMPNRGZ
I24: elc_spv_NZL_002 | J24: FaN | K24: 0.0039944631 | L24: IMPNRGZ | N24: elc_won_NZL_002 | O24: FaN | P24: 0.13589717 | Q24: IMPNRGZ | S24: elc_wof_NZL_002 | T24: FaN | U24: 0.12381131 | V24: IMPNRGZ
I25: elc_spv_NZL_002 | J25: FaP | K25: 0.022155595 | L25: IMPNRGZ | N25: elc_won_NZL_002 | O25: FaP | P25: 0.026191834 | Q25: IMPNRGZ | S25: elc_wof_NZL_002 | T25: FaP | U25: 0.023917905 | V25: IMPNRGZ
I26: elc_spv_NZL_002 | J26: RaD | K26: 0.19028734 | L26: IMPNRGZ | N26: elc_won_NZL_002 | O26: RaD | P26: 0.097211951 | Q26: IMPNRGZ | S26: elc_wof_NZL_002 | T26: RaD | U26: 0.099794598 | V26: IMPNRGZ
I27: elc_spv_NZL_002 | J27: RaN | K27: 0 | L27: IMPNRGZ | N27: elc_won_NZL_002 | O27: RaN | P27: 0.090097661 | Q27: IMPNRGZ | S27: elc_wof_NZL_002 | T27: RaN | U27: 0.1010969 | V27: IMPNRGZ
I28: elc_spv_NZL_002 | J28: RaP | K28: 0.013310787 | L28: IMPNRGZ | N28: elc_won_NZL_002 | O28: RaP | P28: 0.017729844 | Q28: IMPNRGZ | S28: elc_wof_NZL_002 | T28: RaP | U28: 0.019401661 | V28: IMPNRGZ
I29: elc_spv_NZL_002 | J29: SaD | K29: 0.12242657 | L29: IMPNRGZ | N29: elc_won_NZL_002 | O29: SaD | P29: 0.12746712 | Q29: IMPNRGZ | S29: elc_wof_NZL_002 | T29: SaD | U29: 0.12232028 | V29: IMPNRGZ
I30: elc_spv_NZL_002 | J30: SaN | K30: 0 | L30: IMPNRGZ | N30: elc_won_NZL_002 | O30: SaN | P30: 0.12231571 | Q30: IMPNRGZ | S30: elc_wof_NZL_002 | T30: SaN | U30: 0.12570959 | V30: IMPNRGZ
I31: elc_spv_NZL_002 | J31: SaP | K31: 0.0036043518 | L31: IMPNRGZ | N31: elc_won_NZL_002 | O31: SaP | P31: 0.022513836 | Q31: IMPNRGZ | S31: elc_wof_NZL_002 | T31: SaP | U31: 0.02275825 | V31: IMPNRGZ
I32: elc_spv_NZL_002 | J32: WaD | K32: 0.31791475 | L32: IMPNRGZ | N32: elc_won_NZL_002 | O32: WaD | P32: 0.10180615 | Q32: IMPNRGZ | S32: elc_wof_NZL_002 | T32: WaD | U32: 0.10503912 | V32: IMPNRGZ
I33: elc_spv_NZL_002 | J33: WaN | K33: 0.0091105759 | L33: IMPNRGZ | N33: elc_won_NZL_002 | O33: WaN | P33: 0.092310853 | Q33: IMPNRGZ | S33: elc_wof_NZL_002 | T33: WaN | U33: 0.10981651 | V33: IMPNRGZ
I34: elc_spv_NZL_002 | J34: WaP | K34: 0.040683741 | L34: IMPNRGZ | N34: elc_won_NZL_002 | O34: WaP | P34: 0.019179439 | Q34: IMPNRGZ | S34: elc_wof_NZL_002 | T34: WaP | U34: 0.020749164 | V34: IMPNRGZ
... I190: elc_spv_NZL_015 | J190: WaP | K190: 0.052231795 | L190: IMPNRGZ | N190: elc_won_NZL_015 | O190: WaP | P190: 0.023894306 | Q190: IMPNRGZ | S190: elc_wof_NZL_015 | T190: WaP | U190: 0.021943643 | V190: IMPNRGZ
I191: elc_spv_NZL_016 | J191: FaD | K191: 0.26002354 | L191: IMPNRGZ | S191: elc_wof_NZL_016 | T191: FaD | U191: 0.11495527 | V191: IMPNRGZ
I192: elc_spv_NZL_016 | J192: FaN | K192: 0.0049637645 | L192: IMPNRGZ | S192: elc_wof_NZL_016 | T192: FaN | U192: 0.11340897 | V192: IMPNRGZ
I193: elc_spv_NZL_016 | J193: FaP | K193: 0.027950787 | L193: IMPNRGZ | S193: elc_wof_NZL_016 | T193: FaP | U193: 0.020323765 | V193: IMPNRGZ
I194: elc_spv_NZL_016 | J194: RaD | K194: 0.17151441 | L194: IMPNRGZ | S194: elc_wof_NZL_016 | T194: RaD | U194: 0.10981722 | V194: IMPNRGZ
I195: elc_spv_NZL_016 | J195: RaN | K195: 0 | L195: IMPNRGZ | S195: elc_wof_NZL_016 | T195: RaN | U195: 0.11002034 | V195: IMPNRGZ
I196: elc_spv_NZL_016 | J196: RaP | K196: 0.013241667 | L196: IMPNRGZ | S196: elc_wof_NZL_016 | T196: RaP | U196: 0.020816144 | V196: IMPNRGZ
I197: elc_spv_NZL_016 | J197: SaD | K197: 0.10527012 | L197: IMPNRGZ | S197: elc_wof_NZL_016 | T197: SaD | U197: 0.11675998 | V197: IMPNRGZ
I198: elc_spv_NZL_016 | J198: SaN | K198: 0 | L198: IMPNRGZ | S198: elc_wof_NZL_016 | T198: SaN | U198: 0.11663043 | V198: IMPNRGZ
I199: elc_spv_NZL_016 | J199: SaP | K199: 0.0028511931 | L199: IMPNRGZ | S199: elc_wof_NZL_016 | T199: SaP | U199: 0.021267996 | V199: IMPNRGZ
I200: elc_spv_NZL_016 | J200: WaD | K200: 0.34891059 | L200: IMPNRGZ | S200: elc_wof_NZL_016 | T200: WaD | U200: 0.1182412 | V200: IMPNRGZ
I201: elc_spv_NZL_016 | J201: WaN | K201: 0.016021863 | L201: IMPNRGZ | S201: elc_wof_NZL_016 | T201: WaN | U201: 0.11657474 | V201: IMPNRGZ
I202: elc_spv_NZL_016 | J202: WaP | K202: 0.049252065 | L202: IMPNRGZ | S202: elc_wof_NZL_016 | T202: WaP | U202: 0.021183952 | V202: IMPNRGZ
S203: elc_wof_NZL_017 | T203: FaD | U203: 0.11365509 | V203: IMPNRGZ
S204: elc_wof_NZL_017 | T204: FaN | U204: 0.11049989 | V204: IMPNRGZ
S205: elc_wof_NZL_017 | T205: FaP | U205: 0.02039162 | V205: IMPNRGZ
S206: elc_wof_NZL_017 | T206: RaD | U206: 0.12169569 | V206: IMPNRGZ
S207: elc_wof_NZL_017 | T207: RaN | U207: 0.12030948 | V207: IMPNRGZ
S208: elc_wof_NZL_017 | T208: RaP | U208: 0.0218106 | V208: IMPNRGZ
S209: elc_wof_NZL_017 | T209: SaD | U209: 0.1193552 | V209: IMPNRGZ
S210: elc_wof_NZL_017 | T210: SaN | U210: 0.11690771 | V210: IMPNRGZ
S211: elc_wof_NZL_017 | T211: SaP | U211: 0.02083923 | V211: IMPNRGZ
S212: elc_wof_NZL_017 | T212: WaD | U212: 0.10737706 | V212: IMPNRGZ
S213: elc_wof_NZL_017 | T213: WaN | U213: 0.10714811 | V213: IMPNRGZ
S214: elc_wof_NZL_017 | T214: WaP | U214: 0.020010313 | V214: IMPNRGZ
... S406: elc_wof_NZL_033 | T406: WaP | U406: 0.02167358 | V406: IMPNRGZ
