Workbook

Sheet Veda
G1: 1-55
D2: ="~Inputcell: "&_xlfn.TEXTJOIN(",",TRUE,G1:EE1) -> ~Inputcell: 1-55
D3: 3
D5: =VLOOKUP(D3,$C$9:$E$1001,2,FALSE) -> s2_w | E5: =VLOOKUP(D3,$C$9:$E$1001,3,FALSE) -> C1
B7: ~Scenmap
A8: priority | B8: scen | C8: case_no | D8: timeslice | E8: climate
A9: 5 | B9: =VLOOKUP(E9,$AK$9:$AL$15,2,FALSE)&"."&VLOOKUP(D9,$AH$9:$AI$19,2,FALSE) -> e 1.5 deg no OS.e3d | C9: 1 | D9: s1p1v1_d | E9: C1 | G9: Limit warming to 1.5°C (>50%) with no or limited overshoot | AH9: s1p1v1_d | AI9: e3d | AK9: C1 | AL9: e 1.5 deg no OS
A10: 5 | B10: =VLOOKUP(E10,$AK$9:$AL$15,2,FALSE)&"."&VLOOKUP(D10,$AH$9:$AI$19,2,FALSE) -> e 1.5 deg no OS.d9d | C10: 2 | D10: s3p3v3_d | E10: C1 | G10: Limit warming to 1.5°C (>67%) with high overshoot | S10: IEA | AH10: s3p3v3_d | AI10: d9d | AK10: C2 | AL10: d 1.5 deg OS
A11: 5 | B11: =VLOOKUP(E11,$AK$9:$AL$15,2,FALSE)&"."&VLOOKUP(D11,$AH$9:$AI$19,2,FALSE) -> e 1.5 deg no OS.b2w | C11: 3 | D11: s2_w | E11: C1 | G11: Limit warming to 2°C (>67%) with higher action post-2030 | S11: 2022 | AH11: s2_w | AI11: b2w | AK11: C3 | AL11: c 2 deg (67%)
A12: 5 | B12: =VLOOKUP(E12,$AK$9:$AL$15,2,FALSE)&"."&VLOOKUP(D12,$AH$9:$AI$19,2,FALSE) -> e 1.5 deg no OS.a2w2d | C12: 4 | D12: s2_w_p2_d | E12: C1 | G12: Limit warming to 2°C (>50%) with immediate action | S12: =SUMIFS(iea_data!I3:I9999,iea_data!$B$3:$B$9999,Veda!$S$11)+T28-T29 -> 547.05 | T12: base-year generation (TWh) | AH12: s2_w_p2_d | AI12: a2w2d | AK12: C4 | AL12: b 2 deg (50%)
A13: 5 | B13: =VLOOKUP(E13,$AK$9:$AL$15,2,FALSE)&"."&VLOOKUP(D13,$AH$9:$AI$19,2,FALSE) -> e 1.5 deg no OS.hTS12c | C13: 5 | D13: ts12_clu | E13: C1 | G13: Likely above 3°C warming with limited mitigation | AH13: ts12_clu | AI13: hTS12c | AK13: C7 | AL13: a 3 deg
A14: 5 | B14: =VLOOKUP(E14,$AK$9:$AL$15,2,FALSE)&"."&VLOOKUP(D14,$AH$9:$AI$19,2,FALSE) -> e 1.5 deg no OS.gTS24c | C14: 6 | D14: ts24_clu | E14: =E13 -> C1 | T14: =S12 -> 547.05 | U14: =$S$12*J15 -> 563.4615 | V14: =$S$12*K15 -> 650.9895 | W14: =$S$12*L15 -> 782.2815 | X14: =$S$12*M15 -> 902.6325 | Y14: =$S$12*N15 -> 990.1605 | Z14: =$S$12*O15 -> 1055.8065 | AH14: ts24_clu | AI14: gTS24c
A15: 5 | B15: =VLOOKUP(E15,$AK$9:$AL$15,2,FALSE)&"."&VLOOKUP(D15,$AH$9:$AI$19,2,FALSE) -> e 1.5 deg no OS.fTS48c | C15: 7 | D15: ts48_clu | E15: =E14 -> C1 | G15: Electricity growth relative to 2020 | I15: =SUMIFS(ar6_r10!$F$2:$F$999,ar6_r10!$A$2:$A$999,Veda!$E$5,ar6_r10!$C$2:$C$999,Veda!I$17,ar6_r10!$M$2:$M$999,Veda!$G15) -> 1 | J15: =SUMIFS(ar6_r10!$F$2:$F$999,ar6_r10!$A$2:$A$999,Veda!$E$5,ar6_r10!$C$2:$C$999,Veda!J$17,ar6_r10!$M$2:$M$999,Veda!$G15) -> 1.03 | K15: =SUMIFS(ar6_r10!$F$2:$F$999,ar6_r10!$A$2:$A$999,Veda!$E$5,ar6_r10!$C$2:$C$999,Veda!K$17,ar6_r10!$M$2:$M$999,Veda!$G15) -> 1.19 | L15: =SUMIFS(ar6_r10!$F$2:$F$999,ar6_r10!$A$2:$A$999,Veda!$E$5,ar6_r10!$C$2:$C$999,Veda!L$17,ar6_r10!$M$2:$M$999,Veda!$G15) -> 1.43 | M15: =SUMIFS(ar6_r10!$F$2:$F$999,ar6_r10!$A$2:$A$999,Veda!$E$5,ar6_r10!$C$2:$C$999,Veda!M$17,ar6_r10!$M$2:$M$999,Veda!$G15) -> 1.65 | N15: =SUMIFS(ar6_r10!$F$2:$F$999,ar6_r10!$A$2:$A$999,Veda!$E$5,ar6_r10!$C$2:$C$999,Veda!N$17,ar6_r10!$M$2:$M$999,Veda!$G15) -> 1.81 | O15: =SUMIFS(ar6_r10!$F$2:$F$999,ar6_r10!$A$2:$A$999,Veda!$E$5,ar6_r10!$C$2:$C$999,Veda!O$17,ar6_r10!$M$2:$M$999,Veda!$G15) -> 1.93 | AH15: ts48_clu | AI15: fTS48c
A16: 5 | B16: =VLOOKUP(E16,$AK$9:$AL$15,2,FALSE)&"."&VLOOKUP(D16,$AH$9:$AI$19,2,FALSE) -> e 1.5 deg no OS.c15d | C16: 8 | D16: s5p5v5_d | E16: =E15 -> C1 | S16: ~TFM_INS-TS | AH16: s5p5v5_d | AI16: c15d
A17: 5 | B17: =VLOOKUP(E17,$AK$9:$AL$15,2,FALSE)&"."&VLOOKUP(D17,$AH$9:$AI$19,2,FALSE) -> e 1.5 deg no OS.f1d | C17: 9 | D17: s1_d | E17: =E16 -> C1 | I17: 2020 | J17: =U17 -> 2025 | K17: =V17 -> 2030 | L17: =W17 -> 2035 | M17: =X17 -> 2040 | N17: =Y17 -> 2045 | O17: =Z17 -> 2050 | S17: commodity | T17: 2022 | U17: 2025 | V17: 2030 | W17: 2035 | X17: 2040 | Y17: 2045 | Z17: 2050 | AA17: attribute | AH17: ts_12 | AI17: iTS12
A18: 5 | B18: =VLOOKUP(E18,$AK$9:$AL$15,2,FALSE)&"."&VLOOKUP(D18,$AH$9:$AI$19,2,FALSE) -> e 1.5 deg no OS.jAnn | C18: 10 | D18: ts_annual | E18: =E17 -> C1 | G18: Hydrogen as a share of electricity | I18: =SUMIFS(ar6_r10!$F$2:$F$999,ar6_r10!$A$2:$A$999,Veda!$E$5,ar6_r10!$C$2:$C$999,Veda!I$17,ar6_r10!$M$2:$M$999,Veda!$G18) -> 0.01 | J18: =SUMIFS(ar6_r10!$F$2:$F$999,ar6_r10!$A$2:$A$999,Veda!$E$5,ar6_r10!$C$2:$C$999,Veda!J$17,ar6_r10!$M$2:$M$999,Veda!$G18) -> 0.01 | K18: =SUMIFS(ar6_r10!$F$2:$F$999,ar6_r10!$A$2:$A$999,Veda!$E$5,ar6_r10!$C$2:$C$999,Veda!K$17,ar6_r10!$M$2:$M$999,Veda!$G18) -> 0.01 | L18: =SUMIFS(ar6_r10!$F$2:$F$999,ar6_r10!$A$2:$A$999,Veda!$E$5,ar6_r10!$C$2:$C$999,Veda!L$17,ar6_r10!$M$2:$M$999,Veda!$G18) -> 0.03 | M18: =SUMIFS(ar6_r10!$F$2:$F$999,ar6_r10!$A$2:$A$999,Veda!$E$5,ar6_r10!$C$2:$C$999,Veda!M$17,ar6_r10!$M$2:$M$999,Veda!$G18) -> 0.03 | N18: =SUMIFS(ar6_r10!$F$2:$F$999,ar6_r10!$A$2:$A$999,Veda!$E$5,ar6_r10!$C$2:$C$999,Veda!N$17,ar6_r10!$M$2:$M$999,Veda!$G18) -> 0.04 | O18: =SUMIFS(ar6_r10!$F$2:$F$999,ar6_r10!$A$2:$A$999,Veda!$E$5,ar6_r10!$C$2:$C$999,Veda!O$17,ar6_r10!$M$2:$M$999,Veda!$G18) -> 0.05 | S18: hydrogen_allsect | T18: =I18*T$14 -> 5.4705 | U18: =J18*U$14 -> 5.634615 | V18: =K18*V$14 -> 6.509895 | W18: =L18*W$14 -> 23.468445 | X18: =M18*X$14 -> 27.078975 | Y18: =N18*Y$14 -> 39.60642 | Z18: =O18*Z$14 -> 52.790325 | AA18: demand | AH18: ts_annual | AI18: jAnn
A19: 5 | B19: =VLOOKUP(E19,$AK$9:$AL$15,2,FALSE)&"."&VLOOKUP(D19,$AH$9:$AI$19,2,FALSE) -> e 1.5 deg no OS.iTS12 | C19: 11 | D19: ts_12 | E19: =E18 -> C1 | G19: Industry electricity share | I19: =SUMIFS(ar6_r10!$F$2:$F$999,ar6_r10!$A$2:$A$999,Veda!$E$5,ar6_r10!$C$2:$C$999,Veda!I$17,ar6_r10!$M$2:$M$999,Veda!$G19) -> 0.35 | J19: =SUMIFS(ar6_r10!$F$2:$F$999,ar6_r10!$A$2:$A$999,Veda!$E$5,ar6_r10!$C$2:$C$999,Veda!J$17,ar6_r10!$M$2:$M$999,Veda!$G19) -> 0.32 | K19: =SUMIFS(ar6_r10!$F$2:$F$999,ar6_r10!$A$2:$A$999,Veda!$E$5,ar6_r10!$C$2:$C$999,Veda!K$17,ar6_r10!$M$2:$M$999,Veda!$G19) -> 0.3 | L19: =SUMIFS(ar6_r10!$F$2:$F$999,ar6_r10!$A$2:$A$999,Veda!$E$5,ar6_r10!$C$2:$C$999,Veda!L$17,ar6_r10!$M$2:$M$999,Veda!$G19) -> 0.29 | M19: =SUMIFS(ar6_r10!$F$2:$F$999,ar6_r10!$A$2:$A$999,Veda!$E$5,ar6_r10!$C$2:$C$999,Veda!M$17,ar6_r10!$M$2:$M$999,Veda!$G19) -> 0.29 | N19: =SUMIFS(ar6_r10!$F$2:$F$999,ar6_r10!$A$2:$A$999,Veda!$E$5,ar6_r10!$C$2:$C$999,Veda!N$17,ar6_r10!$M$2:$M$999,Veda!$G19) -> 0.3 | O19: =SUMIFS(ar6_r10!$F$2:$F$999,ar6_r10!$A$2:$A$999,Veda!$E$5,ar6_r10!$C$2:$C$999,Veda!O$17,ar6_r10!$M$2:$M$999,Veda!$G19) -> 0.31 | S19: elc_industry | T19: =I19*T$14 -> 191.4675 | U19: =J19*U$14 -> 180.30768 | V19: =K19*V$14 -> 195.29685 | W19: =L19*W$14 -> 226.86163 | X19: =M19*X$14 -> 261.76342 | Y19: =N19*Y$14 -> 297.04815 | Z19: =O19*Z$14 -> 327.30001 | AA19: demand | AH19: s1_d | AI19: f1d
A20: 5 | B20: =VLOOKUP(E20,$AK$9:$AL$15,2,FALSE)&"."&VLOOKUP(D20,$AH$9:$AI$19,2,FALSE) -> d 1.5 deg OS.e3d | C20: 12 | D20: =D9 -> s1p1v1_d | E20: C2 | G20: Residential and commercial electricity share | I20: =SUMIFS(ar6_r10!$F$2:$F$999,ar6_r10!$A$2:$A$999,Veda!$E$5,ar6_r10!$C$2:$C$999,Veda!I$17,ar6_r10!$M$2:$M$999,Veda!$G20) -> 0.61 | J20: =SUMIFS(ar6_r10!$F$2:$F$999,ar6_r10!$A$2:$A$999,Veda!$E$5,ar6_r10!$C$2:$C$999,Veda!J$17,ar6_r10!$M$2:$M$999,Veda!$G20) -> 0.62 | K20: =SUMIFS(ar6_r10!$F$2:$F$999,ar6_r10!$A$2:$A$999,Veda!$E$5,ar6_r10!$C$2:$C$999,Veda!K$17,ar6_r10!$M$2:$M$999,Veda!$G20) -> 0.59 | L20: =SUMIFS(ar6_r10!$F$2:$F$999,ar6_r10!$A$2:$A$999,Veda!$E$5,ar6_r10!$C$2:$C$999,Veda!L$17,ar6_r10!$M$2:$M$999,Veda!$G20) -> 0.56 | M20: =SUMIFS(ar6_r10!$F$2:$F$999,ar6_r10!$A$2:$A$999,Veda!$E$5,ar6_r10!$C$2:$C$999,Veda!M$17,ar6_r10!$M$2:$M$999,Veda!$G20) -> 0.54 | N20: =SUMIFS(ar6_r10!$F$2:$F$999,ar6_r10!$A$2:$A$999,Veda!$E$5,ar6_r10!$C$2:$C$999,Veda!N$17,ar6_r10!$M$2:$M$999,Veda!$G20) -> 0.53 | O20: =SUMIFS(ar6_r10!$F$2:$F$999,ar6_r10!$A$2:$A$999,Veda!$E$5,ar6_r10!$C$2:$C$999,Veda!O$17,ar6_r10!$M$2:$M$999,Veda!$G20) -> 0.53 | S20: elc_buildings | T20: =I20*T$14 -> 333.7005 | U20: =J20*U$14 -> 349.34613 | V20: =K20*V$14 -> 384.0838 | W20: =L20*W$14 -> 438.07764 | X20: =M20*X$14 -> 487.42155 | Y20: =N20*Y$14 -> 524.78507 | Z20: =O20*Z$14 -> 559.57745 | AA20: demand
A21: 5 | B21: =VLOOKUP(E21,$AK$9:$AL$15,2,FALSE)&"."&VLOOKUP(D21,$AH$9:$AI$19,2,FALSE) -> d 1.5 deg OS.d9d | C21: 13 | D21: =D10 -> s3p3v3_d | E21: =E20 -> C2 | G21: Transportation electricity share | I21: =SUMIFS(ar6_r10!$F$2:$F$999,ar6_r10!$A$2:$A$999,Veda!$E$5,ar6_r10!$C$2:$C$999,Veda!I$17,ar6_r10!$M$2:$M$999,Veda!$G21) -> 0.03 | J21: =SUMIFS(ar6_r10!$F$2:$F$999,ar6_r10!$A$2:$A$999,Veda!$E$5,ar6_r10!$C$2:$C$999,Veda!J$17,ar6_r10!$M$2:$M$999,Veda!$G21) -> 0.06 | K21: =SUMIFS(ar6_r10!$F$2:$F$999,ar6_r10!$A$2:$A$999,Veda!$E$5,ar6_r10!$C$2:$C$999,Veda!K$17,ar6_r10!$M$2:$M$999,Veda!$G21) -> 0.1 | L21: =SUMIFS(ar6_r10!$F$2:$F$999,ar6_r10!$A$2:$A$999,Veda!$E$5,ar6_r10!$C$2:$C$999,Veda!L$17,ar6_r10!$M$2:$M$999,Veda!$G21) -> 0.14 | M21: =SUMIFS(ar6_r10!$F$2:$F$999,ar6_r10!$A$2:$A$999,Veda!$E$5,ar6_r10!$C$2:$C$999,Veda!M$17,ar6_r10!$M$2:$M$999,Veda!$G21) -> 0.17 | N21: =SUMIFS(ar6_r10!$F$2:$F$999,ar6_r10!$A$2:$A$999,Veda!$E$5,ar6_r10!$C$2:$C$999,Veda!N$17,ar6_r10!$M$2:$M$999,Veda!$G21) -> 0.19 | O21: =SUMIFS(ar6_r10!$F$2:$F$999,ar6_r10!$A$2:$A$999,Veda!$E$5,ar6_r10!$C$2:$C$999,Veda!O$17,ar6_r10!$M$2:$M$999,Veda!$G21) -> 0.2 | S21: elc_transport | T21: =I21*T$14 -> 16.4115 | U21: =T21 -> 16.4115 | V21: =U21 -> 16.4115 | W21: =V21 -> 16.4115 | X21: =W21 -> 16.4115 | Y21: =X21 -> 16.4115 | Z21: =Y21 -> 16.4115 | AA21: demand | AC21: non-road transport demand assumed to be constant
A22: 5 | B22: =VLOOKUP(E22,$AK$9:$AL$15,2,FALSE)&"."&VLOOKUP(D22,$AH$9:$AI$19,2,FALSE) -> d 1.5 deg OS.b2w | C22: 14 | D22: =D11 -> s2_w | E22: =E21 -> C2 | S22: elc_roadtransport | T22: =T14-SUM(T19:T21) -> 5.4705 | U22: =U14-SUM(U19:U21) -> 17.39619 | V22: =V14-SUM(V19:V21) -> 55.197345 | W22: =W14-SUM(W19:W21) -> 100.93072 | X22: =X14-SUM(X19:X21) -> 137.03602 | Y22: =Y14-SUM(Y19:Y21) -> 151.91578 | Z22: =Z14-SUM(Z19:Z21) -> 152.51754 | AA22: demand
A23: 5 | B23: =VLOOKUP(E23,$AK$9:$AL$15,2,FALSE)&"."&VLOOKUP(D23,$AH$9:$AI$19,2,FALSE) -> d 1.5 deg OS.a2w2d | C23: 15 | D23: =D12 -> s2_w_p2_d | E23: =E22 -> C2 | S23: *
A24: 5 | B24: =VLOOKUP(E24,$AK$9:$AL$15,2,FALSE)&"."&VLOOKUP(D24,$AH$9:$AI$19,2,FALSE) -> d 1.5 deg OS.hTS12c | C24: 16 | D24: =D13 -> ts12_clu | E24: =E23 -> C2 | G24: CO2 price | I24: 0 | J24: 0 | K24: =SUMIFS(ar6_r10!$F$2:$F$999,ar6_r10!$A$2:$A$999,Veda!$E$5,ar6_r10!$C$2:$C$999,Veda!K$17,ar6_r10!$M$2:$M$999,Veda!$G24) -> 241.69 | L24: =SUMIFS(ar6_r10!$F$2:$F$999,ar6_r10!$A$2:$A$999,Veda!$E$5,ar6_r10!$C$2:$C$999,Veda!L$17,ar6_r10!$M$2:$M$999,Veda!$G24) -> 339.03 | M24: =SUMIFS(ar6_r10!$F$2:$F$999,ar6_r10!$A$2:$A$999,Veda!$E$5,ar6_r10!$C$2:$C$999,Veda!M$17,ar6_r10!$M$2:$M$999,Veda!$G24) -> 410.28 | N24: =SUMIFS(ar6_r10!$F$2:$F$999,ar6_r10!$A$2:$A$999,Veda!$E$5,ar6_r10!$C$2:$C$999,Veda!N$17,ar6_r10!$M$2:$M$999,Veda!$G24) -> 494.2 | O24: =SUMIFS(ar6_r10!$F$2:$F$999,ar6_r10!$A$2:$A$999,Veda!$E$5,ar6_r10!$C$2:$C$999,Veda!O$17,ar6_r10!$M$2:$M$999,Veda!$G24) -> 635.43 | S24: co2net | U24: 0 | V24: =K24/1000 -> 0.24169 | W24: =L24/1000 -> 0.33903 | X24: =M24/1000 -> 0.41028 | Y24: =N24/1000 -> 0.4942 | Z24: =O24/1000 -> 0.63543 | AA24: com_taxnet
A25: 5 | B25: =VLOOKUP(E25,$AK$9:$AL$15,2,FALSE)&"."&VLOOKUP(D25,$AH$9:$AI$19,2,FALSE) -> d 1.5 deg OS.gTS24c | C25: 17 | D25: =D14 -> ts24_clu | E25: =E24 -> C2
A26: 5 | B26: =VLOOKUP(E26,$AK$9:$AL$15,2,FALSE)&"."&VLOOKUP(D26,$AH$9:$AI$19,2,FALSE) -> d 1.5 deg OS.fTS48c | C26: 18 | D26: =D15 -> ts48_clu | E26: =E25 -> C2 | S26: ~TFM_INS-TS
A27: 5 | B27: =VLOOKUP(E27,$AK$9:$AL$15,2,FALSE)&"."&VLOOKUP(D27,$AH$9:$AI$19,2,FALSE) -> d 1.5 deg OS.c15d | C27: 19 | D27: =D16 -> s5p5v5_d | E27: =E26 -> C2 | S27: process | T27: =T17 -> 2022 | U27: =U17 -> 2025 | V27: =V17 -> 2030 | W27: =W17 -> 2035 | X27: =X17 -> 2040 | Y27: =Y17 -> 2045 | Z27: =Z17 -> 2050 | AA27: attribute | AB27: limtype
A28: 5 | B28: =VLOOKUP(E28,$AK$9:$AL$15,2,FALSE)&"."&VLOOKUP(D28,$AH$9:$AI$19,2,FALSE) -> d 1.5 deg OS.f1d | C28: 20 | D28: =D17 -> s1_d | E28: =E27 -> C2 | Q28: =SUMIFS(iea_data!G3:G9999,iea_data!$B$3:$B$9999,Veda!$S$11) -> 49.33 | S28: Trd_electricity import | T28: =Q28 -> 49.33 | AA28: ACT_BND | AB28: FX
A29: 5 | B29: =VLOOKUP(E29,$AK$9:$AL$15,2,FALSE)&"."&VLOOKUP(D29,$AH$9:$AI$19,2,FALSE) -> d 1.5 deg OS.jAnn | C29: 21 | D29: =D18 -> ts_annual | E29: =E28 -> C2 | Q29: =SUMIFS(iea_data!H3:H9999,iea_data!$B$3:$B$9999,Veda!$S$11) -> -76.59 | S29: Trd_electricity export | T29: =-1*Q29 -> 76.59 | AA29: ACT_BND | AB29: FX
A30: 5 | B30: =VLOOKUP(E30,$AK$9:$AL$15,2,FALSE)&"."&VLOOKUP(D30,$AH$9:$AI$19,2,FALSE) -> d 1.5 deg OS.iTS12 | C30: 22 | D30: =D19 -> ts_12 | E30: =E29 -> C2
A31: 5 | B31: =VLOOKUP(E31,$AK$9:$AL$15,2,FALSE)&"."&VLOOKUP(D31,$AH$9:$AI$19,2,FALSE) -> c 2 deg (67%).e3d | C31: 23 | D31: =D20 -> s1p1v1_d | E31: C3
A32: 5 | B32: =VLOOKUP(E32,$AK$9:$AL$15,2,FALSE)&"."&VLOOKUP(D32,$AH$9:$AI$19,2,FALSE) -> c 2 deg (67%).d9d | C32: 24 | D32: =D21 -> s3p3v3_d | E32: =E31 -> C3
A33: 5 | B33: =VLOOKUP(E33,$AK$9:$AL$15,2,FALSE)&"."&VLOOKUP(D33,$AH$9:$AI$19,2,FALSE) -> c 2 deg (67%).b2w | C33: 25 | D33: =D22 -> s2_w | E33: =E32 -> C3
A34: 5 | B34: =VLOOKUP(E34,$AK$9:$AL$15,2,FALSE)&"."&VLOOKUP(D34,$AH$9:$AI$19,2,FALSE) -> c 2 deg (67%).a2w2d | C34: 26 | D34: =D23 -> s2_w_p2_d | E34: =E33 -> C3
A35: 5 | B35: =VLOOKUP(E35,$AK$9:$AL$15,2,FALSE)&"."&VLOOKUP(D35,$AH$9:$AI$19,2,FALSE) -> c 2 deg (67%).hTS12c | C35: 27 | D35: =D24 -> ts12_clu | E35: =E34 -> C3
A36: 5 | B36: =VLOOKUP(E36,$AK$9:$AL$15,2,FALSE)&"."&VLOOKUP(D36,$AH$9:$AI$19,2,FALSE) -> c 2 deg (67%).gTS24c | C36: 28 | D36: =D25 -> ts24_clu | E36: =E35 -> C3 | G36: C7
A37: 5 | B37: =VLOOKUP(E37,$AK$9:$AL$15,2,FALSE)&"."&VLOOKUP(D37,$AH$9:$AI$19,2,FALSE) -> c 2 deg (67%).fTS48c | C37: 29 | D37: =D26 -> ts48_clu | E37: =E36 -> C3 | G37: Gas Price | I37: =SUMIFS(ar6_r10!$F$2:$F$999,ar6_r10!$A$2:$A$999,Veda!$G$36,ar6_r10!$C$2:$C$999,Veda!I$17,ar6_r10!$M$2:$M$999,Veda!$G37) -> 1 | J37: =SUMIFS(ar6_r10!$F$2:$F$999,ar6_r10!$A$2:$A$999,Veda!$G$36,ar6_r10!$C$2:$C$999,Veda!J$17,ar6_r10!$M$2:$M$999,Veda!$G37) -> 1.07 | K37: =SUMIFS(ar6_r10!$F$2:$F$999,ar6_r10!$A$2:$A$999,Veda!$G$36,ar6_r10!$C$2:$C$999,Veda!K$17,ar6_r10!$M$2:$M$999,Veda!$G37) -> 1.24 | L37: =SUMIFS(ar6_r10!$F$2:$F$999,ar6_r10!$A$2:$A$999,Veda!$G$36,ar6_r10!$C$2:$C$999,Veda!L$17,ar6_r10!$M$2:$M$999,Veda!$G37) -> 1.15 | M37: =SUMIFS(ar6_r10!$F$2:$F$999,ar6_r10!$A$2:$A$999,Veda!$G$36,ar6_r10!$C$2:$C$999,Veda!M$17,ar6_r10!$M$2:$M$999,Veda!$G37) -> 1.25 | N37: =SUMIFS(ar6_r10!$F$2:$F$999,ar6_r10!$A$2:$A$999,Veda!$G$36,ar6_r10!$C$2:$C$999,Veda!N$17,ar6_r10!$M$2:$M$999,Veda!$G37) -> 1.17 | O37: =SUMIFS(ar6_r10!$F$2:$F$999,ar6_r10!$A$2:$A$999,Veda!$G$36,ar6_r10!$C$2:$C$999,Veda!O$17,ar6_r10!$M$2:$M$999,Veda!$G37) -> 1.34
A38: 5 | B38: =VLOOKUP(E38,$AK$9:$AL$15,2,FALSE)&"."&VLOOKUP(D38,$AH$9:$AI$19,2,FALSE) -> c 2 deg (67%).c15d | C38: 30 | D38: =D27 -> s5p5v5_d | E38: =E37 -> C3 | G38: Coal Price | I38: =SUMIFS(ar6_r10!$F$2:$F$999,ar6_r10!$A$2:$A$999,Veda!$G$36,ar6_r10!$C$2:$C$999,Veda!I$17,ar6_r10!$M$2:$M$999,Veda!$G38) -> 1 | J38: =SUMIFS(ar6_r10!$F$2:$F$999,ar6_r10!$A$2:$A$999,Veda!$G$36,ar6_r10!$C$2:$C$999,Veda!J$17,ar6_r10!$M$2:$M$999,Veda!$G38) -> 1.02 | K38: =SUMIFS(ar6_r10!$F$2:$F$999,ar6_r10!$A$2:$A$999,Veda!$G$36,ar6_r10!$C$2:$C$999,Veda!K$17,ar6_r10!$M$2:$M$999,Veda!$G38) -> 1.06 | L38: =SUMIFS(ar6_r10!$F$2:$F$999,ar6_r10!$A$2:$A$999,Veda!$G$36,ar6_r10!$C$2:$C$999,Veda!L$17,ar6_r10!$M$2:$M$999,Veda!$G38) -> 1.07 | M38: =SUMIFS(ar6_r10!$F$2:$F$999,ar6_r10!$A$2:$A$999,Veda!$G$36,ar6_r10!$C$2:$C$999,Veda!M$17,ar6_r10!$M$2:$M$999,Veda!$G38) -> 1.08 | N38: =SUMIFS(ar6_r10!$F$2:$F$999,ar6_r10!$A$2:$A$999,Veda!$G$36,ar6_r10!$C$2:$C$999,Veda!N$17,ar6_r10!$M$2:$M$999,Veda!$G38) -> 1.1 | O38: =SUMIFS(ar6_r10!$F$2:$F$999,ar6_r10!$A$2:$A$999,Veda!$G$36,ar6_r10!$C$2:$C$999,Veda!O$17,ar6_r10!$M$2:$M$999,Veda!$G38) -> 1.12
A39: 5 | B39: =VLOOKUP(E39,$AK$9:$AL$15,2,FALSE)&"."&VLOOKUP(D39,$AH$9:$AI$19,2,FALSE) -> c 2 deg (67%).f1d | C39: 31 | D39: =D28 -> s1_d | E39: =E38 -> C3 | G39: Oil Price | I39: =SUMIFS(ar6_r10!$F$2:$F$999,ar6_r10!$A$2:$A$999,Veda!$G$36,ar6_r10!$C$2:$C$999,Veda!I$17,ar6_r10!$M$2:$M$999,Veda!$G39) -> 1 | J39: =SUMIFS(ar6_r10!$F$2:$F$999,ar6_r10!$A$2:$A$999,Veda!$G$36,ar6_r10!$C$2:$C$999,Veda!J$17,ar6_r10!$M$2:$M$999,Veda!$G39) -> 1.01 | K39: =SUMIFS(ar6_r10!$F$2:$F$999,ar6_r10!$A$2:$A$999,Veda!$G$36,ar6_r10!$C$2:$C$999,Veda!K$17,ar6_r10!$M$2:$M$999,Veda!$G39) -> 1.11 | L39: =SUMIFS(ar6_r10!$F$2:$F$999,ar6_r10!$A$2:$A$999,Veda!$G$36,ar6_r10!$C$2:$C$999,Veda!L$17,ar6_r10!$M$2:$M$999,Veda!$G39) -> 1.01 | M39: =SUMIFS(ar6_r10!$F$2:$F$999,ar6_r10!$A$2:$A$999,Veda!$G$36,ar6_r10!$C$2:$C$999,Veda!M$17,ar6_r10!$M$2:$M$999,Veda!$G39) -> 1.01 | N39: =SUMIFS(ar6_r10!$F$2:$F$999,ar6_r10!$A$2:$A$999,Veda!$G$36,ar6_r10!$C$2:$C$999,Veda!N$17,ar6_r10!$M$2:$M$999,Veda!$G39) -> 1.04 | O39: =SUMIFS(ar6_r10!$F$2:$F$999,ar6_r10!$A$2:$A$999,Veda!$G$36,ar6_r10!$C$2:$C$999,Veda!O$17,ar6_r10!$M$2:$M$999,Veda!$G39) -> 1.14
A40: 5 | B40: =VLOOKUP(E40,$AK$9:$AL$15,2,FALSE)&"."&VLOOKUP(D40,$AH$9:$AI$19,2,FALSE) -> c 2 deg (67%).jAnn | C40: 32 | D40: =D29 -> ts_annual | E40: =E39 -> C3 | G40: Biomass Price | I40: =SUMIFS(ar6_r10!$F$2:$F$999,ar6_r10!$A$2:$A$999,Veda!$G$36,ar6_r10!$C$2:$C$999,Veda!I$17,ar6_r10!$M$2:$M$999,Veda!$G40) -> 1 | J40: =SUMIFS(ar6_r10!$F$2:$F$999,ar6_r10!$A$2:$A$999,Veda!$G$36,ar6_r10!$C$2:$C$999,Veda!J$17,ar6_r10!$M$2:$M$999,Veda!$G40) -> 0.96 | K40: =SUMIFS(ar6_r10!$F$2:$F$999,ar6_r10!$A$2:$A$999,Veda!$G$36,ar6_r10!$C$2:$C$999,Veda!K$17,ar6_r10!$M$2:$M$999,Veda!$G40) -> 1.04 | L40: =SUMIFS(ar6_r10!$F$2:$F$999,ar6_r10!$A$2:$A$999,Veda!$G$36,ar6_r10!$C$2:$C$999,Veda!L$17,ar6_r10!$M$2:$M$999,Veda!$G40) -> 1.04 | M40: =SUMIFS(ar6_r10!$F$2:$F$999,ar6_r10!$A$2:$A$999,Veda!$G$36,ar6_r10!$C$2:$C$999,Veda!M$17,ar6_r10!$M$2:$M$999,Veda!$G40) -> 0.98 | N40: =SUMIFS(ar6_r10!$F$2:$F$999,ar6_r10!$A$2:$A$999,Veda!$G$36,ar6_r10!$C$2:$C$999,Veda!N$17,ar6_r10!$M$2:$M$999,Veda!$G40) -> 0.99 | O40: =SUMIFS(ar6_r10!$F$2:$F$999,ar6_r10!$A$2:$A$999,Veda!$G$36,ar6_r10!$C$2:$C$999,Veda!O$17,ar6_r10!$M$2:$M$999,Veda!$G40) -> 1
A41: 5 | B41: =VLOOKUP(E41,$AK$9:$AL$15,2,FALSE)&"."&VLOOKUP(D41,$AH$9:$AI$19,2,FALSE) -> c 2 deg (67%).iTS12 | C41: 33 | D41: =D30 -> ts_12 | E41: =E40 -> C3
A42: 5 | B42: =VLOOKUP(E42,$AK$9:$AL$15,2,FALSE)&"."&VLOOKUP(D42,$AH$9:$AI$19,2,FALSE) -> b 2 deg (50%).e3d | C42: 34 | D42: =D31 -> s1p1v1_d | E42: C4
A43: 5 | B43: =VLOOKUP(E43,$AK$9:$AL$15,2,FALSE)&"."&VLOOKUP(D43,$AH$9:$AI$19,2,FALSE) -> b 2 deg (50%).d9d | C43: 35 | D43: =D32 -> s3p3v3_d | E43: =E42 -> C4 | G43: ~TFM_INS-TS: attribute=flo_cost
A44: 5 | B44: =VLOOKUP(E44,$AK$9:$AL$15,2,FALSE)&"."&VLOOKUP(D44,$AH$9:$AI$19,2,FALSE) -> b 2 deg (50%).b2w | C44: 36 | D44: =D33 -> s2_w | E44: =E43 -> C4 | G44: commodity | H44: pset_co | I44: 2022 | J44: =J17 -> 2025 | K44: =K17 -> 2030 | L44: =L17 -> 2035 | M44: =M17 -> 2040 | N44: =N17 -> 2045 | O44: =O17 -> 2050 | R44: low | S44: high
A45: 5 | B45: =VLOOKUP(E45,$AK$9:$AL$15,2,FALSE)&"."&VLOOKUP(D45,$AH$9:$AI$19,2,FALSE) -> b 2 deg (50%).a2w2d | C45: 37 | D45: =D34 -> s2_w_p2_d | E45: =E44 -> C4 | G45: Gas | H45: =G45 -> Gas | I45: =AVERAGE($R45:$S45)*I37 -> 35.1 | J45: =AVERAGE($R45:$S45)*J37 -> 37.557 | K45: =AVERAGE($R45:$S45)*K37 -> 43.524 | L45: =AVERAGE($R45:$S45)*L37 -> 40.365 | M45: =AVERAGE($R45:$S45)*M37 -> 43.875 | N45: =AVERAGE($R45:$S45)*N37 -> 41.067 | O45: =AVERAGE($R45:$S45)*O37 -> 47.034 | R45: =HLOOKUP($G45&"_"&R$44,fuel_prices!$B$10:$I$11,2,FALSE) -> 29.1 | S45: =HLOOKUP($G45&"_"&S$44,fuel_prices!$B$10:$I$11,2,FALSE) -> 41.1
A46: 5 | B46: =VLOOKUP(E46,$AK$9:$AL$15,2,FALSE)&"."&VLOOKUP(D46,$AH$9:$AI$19,2,FALSE) -> b 2 deg (50%).hTS12c | C46: 38 | D46: =D35 -> ts12_clu | E46: =E45 -> C4 | G46: Coal | H46: =G46 -> Coal | I46: =AVERAGE($R46:$S46)*I38 -> 15.2 | J46: =AVERAGE($R46:$S46)*J38 -> 15.504 | K46: =AVERAGE($R46:$S46)*K38 -> 16.112 | L46: =AVERAGE($R46:$S46)*L38 -> 16.264 | M46: =AVERAGE($R46:$S46)*M38 -> 16.416 | N46: =AVERAGE($R46:$S46)*N38 -> 16.72 | O46: =AVERAGE($R46:$S46)*O38 -> 17.024 | R46: =HLOOKUP($G46&"_"&R$44,fuel_prices!$B$10:$I$11,2,FALSE) -> 13.7 | S46: =HLOOKUP($G46&"_"&S$44,fuel_prices!$B$10:$I$11,2,FALSE) -> 16.7
A47: 5 | B47: =VLOOKUP(E47,$AK$9:$AL$15,2,FALSE)&"."&VLOOKUP(D47,$AH$9:$AI$19,2,FALSE) -> b 2 deg (50%).gTS24c | C47: 39 | D47: =D36 -> ts24_clu | E47: =E46 -> C4 | G47: Oil | H47: =G47 -> Oil | I47: =AVERAGE($R47:$S47)*I39 -> 53 | J47: =AVERAGE($R47:$S47)*J39 -> 53.53 | K47: =AVERAGE($R47:$S47)*K39 -> 58.83 | L47: =AVERAGE($R47:$S47)*L39 -> 53.53 | M47: =AVERAGE($R47:$S47)*M39 -> 53.53 | N47: =AVERAGE($R47:$S47)*N39 -> 55.12 | O47: =AVERAGE($R47:$S47)*O39 -> 60.42 | R47: =HLOOKUP($G47&"_"&R$44,fuel_prices!$B$10:$I$11,2,FALSE) -> 48 | S47: =HLOOKUP($G47&"_"&S$44,fuel_prices!$B$10:$I$11,2,FALSE) -> 58
A48: 5 | B48: =VLOOKUP(E48,$AK$9:$AL$15,2,FALSE)&"."&VLOOKUP(D48,$AH$9:$AI$19,2,FALSE) -> b 2 deg (50%).fTS48c | C48: 40 | D48: =D37 -> ts48_clu | E48: =E47 -> C4 | G48: Bioenergy | H48: =G48 -> Bioenergy | I48: =AVERAGE($R48:$S48)*I40 -> 28 | J48: =AVERAGE($R48:$S48)*J40 -> 26.88 | K48: =AVERAGE($R48:$S48)*K40 -> 29.12 | L48: =AVERAGE($R48:$S48)*L40 -> 29.12 | M48: =AVERAGE($R48:$S48)*M40 -> 27.44 | N48: =AVERAGE($R48:$S48)*N40 -> 27.72 | O48: =AVERAGE($R48:$S48)*O40 -> 28 | R48: =HLOOKUP($G48&"_"&R$44,fuel_prices!$B$10:$I$11,2,FALSE) -> 24 | S48: =HLOOKUP($G48&"_"&S$44,fuel_prices!$B$10:$I$11,2,FALSE) -> 32
A49: 5 | B49: =VLOOKUP(E49,$AK$9:$AL$15,2,FALSE)&"."&VLOOKUP(D49,$AH$9:$AI$19,2,FALSE) -> b 2 deg (50%).c15d | C49: 41 | D49: =D38 -> s5p5v5_d | E49: =E48 -> C4
A50: 5 | B50: =VLOOKUP(E50,$AK$9:$AL$15,2,FALSE)&"."&VLOOKUP(D50,$AH$9:$AI$19,2,FALSE) -> b 2 deg (50%).f1d | C50: 42 | D50: =D39 -> s1_d | E50: =E49 -> C4
A51: 5 | B51: =VLOOKUP(E51,$AK$9:$AL$15,2,FALSE)&"."&VLOOKUP(D51,$AH$9:$AI$19,2,FALSE) -> b 2 deg (50%).jAnn | C51: 43 | D51: =D40 -> ts_annual | E51: =E50 -> C4
A52: 5 | B52: =VLOOKUP(E52,$AK$9:$AL$15,2,FALSE)&"."&VLOOKUP(D52,$AH$9:$AI$19,2,FALSE) -> b 2 deg (50%).iTS12 | C52: 44 | D52: =D41 -> ts_12 | E52: =E51 -> C4
A53: 5 | B53: =VLOOKUP(E53,$AK$9:$AL$15,2,FALSE)&"."&VLOOKUP(D53,$AH$9:$AI$19,2,FALSE) -> a 3 deg.e3d | C53: 45 | D53: =D42 -> s1p1v1_d | E53: C7
A54: 5 | B54: =VLOOKUP(E54,$AK$9:$AL$15,2,FALSE)&"."&VLOOKUP(D54,$AH$9:$AI$19,2,FALSE) -> a 3 deg.d9d | C54: 46 | D54: =D43 -> s3p3v3_d | E54: =E53 -> C7
A55: 5 | B55: =VLOOKUP(E55,$AK$9:$AL$15,2,FALSE)&"."&VLOOKUP(D55,$AH$9:$AI$19,2,FALSE) -> a 3 deg.b2w | C55: 47 | D55: =D44 -> s2_w | E55: =E54 -> C7
A56: 5 | B56: =VLOOKUP(E56,$AK$9:$AL$15,2,FALSE)&"."&VLOOKUP(D56,$AH$9:$AI$19,2,FALSE) -> a 3 deg.a2w2d | C56: 48 | D56: =D45 -> s2_w_p2_d | E56: =E55 -> C7
A57: 5 | B57: =VLOOKUP(E57,$AK$9:$AL$15,2,FALSE)&"."&VLOOKUP(D57,$AH$9:$AI$19,2,FALSE) -> a 3 deg.hTS12c | C57: 49 | D57: =D46 -> ts12_clu | E57: =E56 -> C7
A58: 5 | B58: =VLOOKUP(E58,$AK$9:$AL$15,2,FALSE)&"."&VLOOKUP(D58,$AH$9:$AI$19,2,FALSE) -> a 3 deg.gTS24c | C58: 50 | D58: =D47 -> ts24_clu | E58: =E57 -> C7
A59: 5 | B59: =VLOOKUP(E59,$AK$9:$AL$15,2,FALSE)&"."&VLOOKUP(D59,$AH$9:$AI$19,2,FALSE) -> a 3 deg.fTS48c | C59: 51 | D59: =D48 -> ts48_clu | E59: =E58 -> C7
A60: 5 | B60: =VLOOKUP(E60,$AK$9:$AL$15,2,FALSE)&"."&VLOOKUP(D60,$AH$9:$AI$19,2,FALSE) -> a 3 deg.c15d | C60: 52 | D60: =D49 -> s5p5v5_d | E60: =E59 -> C7
A61: 5 | B61: =VLOOKUP(E61,$AK$9:$AL$15,2,FALSE)&"."&VLOOKUP(D61,$AH$9:$AI$19,2,FALSE) -> a 3 deg.f1d | C61: 53 | D61: =D50 -> s1_d | E61: =E60 -> C7
A62: 5 | B62: =VLOOKUP(E62,$AK$9:$AL$15,2,FALSE)&"."&VLOOKUP(D62,$AH$9:$AI$19,2,FALSE) -> a 3 deg.jAnn | C62: 54 | D62: =D51 -> ts_annual | E62: =E61 -> C7
A63: 5 | B63: =VLOOKUP(E63,$AK$9:$AL$15,2,FALSE)&"."&VLOOKUP(D63,$AH$9:$AI$19,2,FALSE) -> a 3 deg.iTS12 | C63: 55 | D63: =D52 -> ts_12 | E63: =E62 -> C7

Sheet fuel_prices
A9: Fuel Prices
A10: iso | B10: gas_low | C10: gas_high | D10: coal_low | E10: coal_high | F10: oil_low | G10: oil_high | H10: bioenergy_low | I10: bioenergy_high | J10: Notes
A11: DEU | B11: 29.1 | C11: 41.1 | D11: 13.7 | E11: 16.7 | F11: 48 | G11: 58 | H11: 24 | I11: 32 | J11: TTF gas hub, imported coal via ARA

Sheet iea_data
A9: IEA Baseline Data
A10: iso | B10: year | C10: industry_twh | D10: buildings_agri_twh | E10: nonroad_transport_twh | F10: road_transport_twh | G10: imports_twh | H10: exports_twh | I10: total_production_twh
A11: DEU | B11: 2000 | C11: 296.72 | D11: 255.95 | E11: 15.91 | F11: 0 | G11: 45.13 | H11: -42.08 | I11: 572.31
A12: DEU | B12: 2001 | C12: 302.91 | D12: 259.64 | E12: 16.4 | F12: 0 | G12: 45.78 | H12: -42.12 | I12: 581.89
A13: DEU | B13: 2002 | C13: 297.21 | D13: 271.74 | E13: 16.19 | F13: 0 | G13: 48.37 | H13: -38.37 | I13: 581.95
A14: DEU | B14: 2003 | C14: 299.03 | D14: 281.33 | E14: 13.04 | F14: 0.02 | G14: 49.11 | H14: -52.38 | I14: 604.68
A15: DEU | B15: 2004 | C15: 306.79 | D15: 281.62 | E15: 12.88 | F15: 0.02 | G15: 48.19 | H15: -50.81 | I15: 612.36
A16: DEU | B16: 2005 | C16: 312.43 | D16: 278.71 | E16: 13.12 | F16: 0.02 | G16: 56.86 | H16: -61.43 | I16: 616.34
A17: DEU | B17: 2006 | C17: 312.93 | D17: 283.65 | E17: 12.67 | F17: 0.02 | G17: 48.46 | H17: -65.44 | I17: 633.35
A18: DEU | B18: 2007 | C18: 320.33 | D18: 277.98 | E18: 12.22 | F18: 0.02 | G18: 45.95 | H18: -62.51 | I18: 634.44
A19: DEU | B19: 2008 | C19: 315.16 | D19: 281.69 | E19: 11.09 | F19: 0.02 | G19: 41.67 | H19: -61.77 | I19: 635.2
A20: DEU | B20: 2009 | C20: 276.39 | D20: 283.85 | E20: 11.58 | F20: 0.02 | G20: 41.86 | H20: -54.13 | I20: 590.82
A21: DEU | B21: 2010 | C21: 301.16 | D21: 291.42 | E21: 12.06 | F21: 0.02 | G21: 42.96 | H21: -57.92 | I21: 626.72
A22: DEU | B22: 2011 | C22: 306.11 | D22: 278.54 | E22: 12.08 | F22: 0.02 | G22: 51 | H22: -54.77 | I22: 607.28
... A33: DEU | B33: 2022 | C33: 269.71 | D33: 256.96 | E33: 10.69 | F33: 2.45 | G33: 49.33 | H33: -76.59 | I33: 574.31

Sheet ar6_r10
A9: AR6 Scenario Drivers
A10: Category | B10: Region | C10: Year | D10: count | E10: mean | F10: median | G10: std | H10: min | I10: max | J10: q25 | K10: q75 | L10: category_description | M10: attribute
A11: C1 | B11: R10EUROPE | C11: 2020 | D11: 60 | E11: 8.68 | F11: 6.87 | G11: 10.43 | H11: 0 | I11: 55.17 | J11: 0 | K11: 13.64 | L11: Limit warming to 1.5°C (>50%) with no or limited overshoot | M11: CO2 price
A12: C1 | B12: R10EUROPE | C12: 2025 | D12: 60 | E12: 190.52 | F12: 181.51 | G12: 136.23 | H12: 1.81 | I12: 626.48 | J12: 115.48 | K12: 238.58 | L12: Limit warming to 1.5°C (>50%) with no or limited overshoot | M12: CO2 price
A13: C1 | B13: R10EUROPE | C13: 2030 | D13: 60 | E13: 268.18 | F13: 241.69 | G13: 134.29 | H13: 1.27 | I13: 673.46 | J13: 182.47 | K13: 329.7 | L13: Limit warming to 1.5°C (>50%) with no or limited overshoot | M13: CO2 price
A14: C1 | B14: R10EUROPE | C14: 2035 | D14: 60 | E14: 363.27 | F14: 339.03 | G14: 173.79 | H14: 14.37 | I14: 859.53 | J14: 227.05 | K14: 483.38 | L14: Limit warming to 1.5°C (>50%) with no or limited overshoot | M14: CO2 price
A15: C1 | B15: R10EUROPE | C15: 2040 | D15: 60 | E15: 471.65 | F15: 410.28 | G15: 224.31 | H15: 162.1 | I15: 1097.01 | J15: 298.63 | K15: 622.14 | L15: Limit warming to 1.5°C (>50%) with no or limited overshoot | M15: CO2 price
A16: C1 | B16: R10EUROPE | C16: 2045 | D16: 60 | E16: 565.69 | F16: 494.2 | G16: 256.15 | H16: 193.42 | I16: 1269.88 | J16: 352.78 | K16: 748.01 | L16: Limit warming to 1.5°C (>50%) with no or limited overshoot | M16: CO2 price
A17: C1 | B17: R10EUROPE | C17: 2050 | D17: 60 | E17: 647.44 | F17: 635.43 | G17: 273.56 | H17: 209.76 | I17: 1170.26 | J17: 409.79 | K17: 887.68 | L17: Limit warming to 1.5°C (>50%) with no or limited overshoot | M17: CO2 price
A18: C2 | B18: R10EUROPE | C18: 2020 | D18: 86 | E18: 6.44 | F18: 0 | G18: 8.34 | H18: 0 | I18: 24.5 | J18: 0 | K18: 12.68 | L18: Limit warming to 1.5°C (>67%) with high overshoot | M18: CO2 price
A19: C2 | B19: R10EUROPE | C19: 2025 | D19: 75 | E19: 63.21 | F19: 44.89 | G19: 56.62 | H19: 3.21 | I19: 273 | J19: 27.09 | K19: 77.31 | L19: Limit warming to 1.5°C (>67%) with high overshoot | M19: CO2 price
A20: C2 | B20: R10EUROPE | C20: 2030 | D20: 86 | E20: 85.48 | F20: 63.36 | G20: 73.46 | H20: 0 | I20: 409.5 | J20: 50 | K20: 111.1 | L20: Limit warming to 1.5°C (>67%) with high overshoot | M20: CO2 price
A21: C2 | B21: R10EUROPE | C21: 2035 | D21: 75 | E21: 208.71 | F21: 154.82 | G21: 291.78 | H21: 60.83 | I21: 2037.12 | J21: 93.79 | K21: 206.26 | L21: Limit warming to 1.5°C (>67%) with high overshoot | M21: CO2 price
A22: C2 | B22: R10EUROPE | C22: 2040 | D22: 86 | E22: 253.33 | F22: 172.09 | G22: 359.35 | H22: 0 | I22: 2600 | J22: 119.07 | K22: 259.4 | L22: Limit warming to 1.5°C (>67%) with high overshoot | M22: CO2 price
... A221: C1 | B221: R10EUROPE | C221: 2020 | D221: 33 | E221: 1 | F221: 1 | G221: 0 | H221: 1 | I221: 1 | J221: 1 | K221: 1 | L221: Limit warming to 1.5°C (>50%) with no or limited overshoot | M221: Gas price
A222: C1 | B222: R10EUROPE | C222: 2025 | D222: 34 | E222: 65535 | F222: 2.42 | H222: 1.18 | I222: 65535 | J222: 2.01 | K222: 2.75 | L222: Limit warming to 1.5°C (>50%) with no or limited overshoot | M222: Gas price
A223: C1 | B223: R10EUROPE | C223: 2030 | D223: 34 | E223: 65535 | F223: 3.1 | H223: 1.71 | I223: 65535 | J223: 2.38 | K223: 3.46 | L223: Limit warming to 1.5°C (>50%) with no or limited overshoot | M223: Gas price
A224: C1 | B224: R10EUROPE | C224: 2035 | D224: 34 | E224: 65535 | F224: 3.54 | H224: 1.91 | I224: 65535 | J224: 2.66 | K224: 4.16 | L224: Limit warming to 1.5°C (>50%) with no or limited overshoot | M224: Gas price
A225: C1 | B225: R10EUROPE | C225: 2040 | D225: 34 | E225: 65535 | F225: 4.1 | H225: 2.27 | I225: 65535 | J225: 2.96 | K225: 4.52 | L225: Limit warming to 1.5°C (>50%) with no or limited overshoot | M225: Gas price
A226: C1 | B226: R10EUROPE | C226: 2045 | D226: 34 | E226: 65535 | F226: 3.86 | H226: 2.54 | I226: 65535 | J226: 3.3 | K226: 4.89 | L226: Limit warming to 1.5°C (>50%) with no or limited overshoot | M226: Gas price
A227: C1 | B227: R10EUROPE | C227: 2050 | D227: 34 | E227: 65535 | F227: 3.59 | H227: 2.73 | I227: 65535 | J227: 3.07 | K227: 4.06 | L227: Limit warming to 1.5°C (>50%) with no or limited overshoot | M227: Gas price
A228: C2 | B228: R10EUROPE | C228: 2020 | D228: 43 | E228: 1 | F228: 1 | G228: 0 | H228: 1 | I228: 1 | J228: 1 | K228: 1 | L228: Limit warming to 1.5°C (>67%) with high overshoot | M228: Gas price
A229: C2 | B229: R10EUROPE | C229: 2025 | D229: 44 | E229: 65535 | F229: 1.22 | H229: 0 | I229: 65535 | J229: 1.13 | K229: 1.35 | L229: Limit warming to 1.5°C (>67%) with high overshoot | M229: Gas price
A230: C2 | B230: R10EUROPE | C230: 2030 | D230: 44 | E230: 65535 | F230: 1.5 | H230: 0 | I230: 65535 | J230: 1.31 | K230: 1.83 | L230: Limit warming to 1.5°C (>67%) with high overshoot | M230: Gas price
A231: C2 | B231: R10EUROPE | C231: 2035 | D231: 44 | E231: 65535 | F231: 2.12 | H231: 0 | I231: 65535 | J231: 1.68 | K231: 2.46 | L231: Limit warming to 1.5°C (>67%) with high overshoot | M231: Gas price
A232: C2 | B232: R10EUROPE | C232: 2040 | D232: 44 | E232: 65535 | F232: 2.5 | H232: 0 | I232: 65535 | J232: 2 | K232: 2.94 | L232: Limit warming to 1.5°C (>67%) with high overshoot | M232: Gas price
A233: C2 | B233: R10EUROPE | C233: 2045 | D233: 44 | E233: 65535 | F233: 2.79 | H233: 0 | I233: 65535 | J233: 2.08 | K233: 3.44 | L233: Limit warming to 1.5°C (>67%) with high overshoot | M233: Gas price
A234: C2 | B234: R10EUROPE | C234: 2050 | D234: 44 | E234: 65535 | F234: 2.95 | H234: 0 | I234: 65535 | J234: 2.49 | K234: 3.78 | L234: Limit warming to 1.5°C (>67%) with high overshoot | M234: Gas price
A235: C3 | B235: R10EUROPE | C235: 2020 | D235: 103 | E235: 1 | F235: 1 | G235: 0 | H235: 1 | I235: 1 | J235: 1 | K235: 1 | L235: Limit warming to 2°C (>67%) with higher action post-2030 | M235: Gas price
A236: C3 | B236: R10EUROPE | C236: 2025 | D236: 112 | E236: 65535 | F236: 1.41 | H236: 0.98 | I236: 65535 | J236: 1.23 | K236: 1.96 | L236: Limit warming to 2°C (>67%) with higher action post-2030 | M236: Gas price
A237: C3 | B237: R10EUROPE | C237: 2030 | D237: 112 | E237: 65535 | F237: 2.04 | H237: 1.05 | I237: 65535 | J237: 1.52 | K237: 2.55 | L237: Limit warming to 2°C (>67%) with higher action post-2030 | M237: Gas price
A238: C3 | B238: R10EUROPE | C238: 2035 | D238: 112 | E238: 65535 | F238: 2.4 | H238: 1.05 | I238: 65535 | J238: 1.71 | K238: 3.14 | L238: Limit warming to 2°C (>67%) with higher action post-2030 | M238: Gas price
A239: C3 | B239: R10EUROPE | C239: 2040 | D239: 112 | E239: 65535 | F239: 2.6 | H239: 1.06 | I239: 65535 | J239: 1.85 | K239: 3.74 | L239: Limit warming to 2°C (>67%) with higher action post-2030 | M239: Gas price
A240: C3 | B240: R10EUROPE | C240: 2045 | D240: 112 | E240: 65535 | F240: 2.85 | H240: 1.08 | I240: 65535 | J240: 2 | K240: 4.28 | L240: Limit warming to 2°C (>67%) with higher action post-2030 | M240: Gas price
A241: C3 | B241: R10EUROPE | C241: 2050 | D241: 112 | E241: 65535 | F241: 2.97 | H241: 0 | I241: 65535 | J241: 2.15 | K241: 4.51 | L241: Limit warming to 2°C (>67%) with higher action post-2030 | M241: Gas price
A242: C4 | B242: R10EUROPE | C242: 2020 | D242: 27 | E242: 1 | F242: 1 | G242: 0 | H242: 1 | I242: 1 | J242: 1 | K242: 1 | L242: Limit warming to 2°C (>50%) with immediate action | M242: Gas price
A243: C4 | B243: R10EUROPE | C243: 2025 | D243: 27 | E243: 1.33 | F243: 1.31 | G243: 0.18 | H243: 1.06 | I243: 1.66 | J243: 1.22 | K243: 1.45 | L243: Limit warming to 2°C (>50%) with immediate action | M243: Gas price
A244: C4 | B244: R10EUROPE | C244: 2030 | D244: 27 | E244: 1.84 | F244: 2.02 | G244: 0.28 | H244: 1.24 | I244: 2.17 | J244: 1.52 | K244: 2.07 | L244: Limit warming to 2°C (>50%) with immediate action | M244: Gas price
A245: C4 | B245: R10EUROPE | C245: 2035 | D245: 27 | E245: 1.84 | F245: 1.96 | G245: 0.41 | H245: 1.19 | I245: 2.46 | J245: 1.42 | K245: 2.11 | L245: Limit warming to 2°C (>50%) with immediate action | M245: Gas price
A246: C4 | B246: R10EUROPE | C246: 2040 | D246: 27 | E246: 2.12 | F246: 2.22 | G246: 0.47 | H246: 1.41 | I246: 2.78 | J246: 1.54 | K246: 2.43 | L246: Limit warming to 2°C (>50%) with immediate action | M246: Gas price
A247: C4 | B247: R10EUROPE | C247: 2045 | D247: 27 | E247: 2.31 | F247: 2.39 | G247: 0.62 | H247: 1.34 | I247: 3.22 | J247: 1.67 | K247: 2.74 | L247: Limit warming to 2°C (>50%) with immediate action | M247: Gas price
A248: C4 | B248: R10EUROPE | C248: 2050 | D248: 27 | E248: 2.48 | F248: 2.52 | G248: 0.71 | H248: 1.52 | I248: 3.64 | J248: 1.84 | K248: 3.04 | L248: Limit warming to 2°C (>50%) with immediate action | M248: Gas price
A249: C7 | B249: R10EUROPE | C249: 2020 | D249: 42 | E249: 1 | F249: 1 | G249: 0 | H249: 1 | I249: 1 | J249: 1 | K249: 1 | L249: Likely above 3°C warming with limited mitigation | M249: Gas price
A250: C7 | B250: R10EUROPE | C250: 2025 | D250: 42 | E250: 1.09 | F250: 1.07 | G250: 0.13 | H250: 0.91 | I250: 1.5 | J250: 1.02 | K250: 1.15 | L250: Likely above 3°C warming with limited mitigation | M250: Gas price
A251: C7 | B251: R10EUROPE | C251: 2030 | D251: 42 | E251: 1.37 | F251: 1.24 | G251: 0.32 | H251: 1.01 | I251: 2.14 | J251: 1.15 | K251: 1.53 | L251: Likely above 3°C warming with limited mitigation | M251: Gas price
A252: C7 | B252: R10EUROPE | C252: 2035 | D252: 42 | E252: 1.19 | F252: 1.15 | G252: 0.17 | H252: 1.01 | I252: 1.69 | J252: 1.07 | K252: 1.22 | L252: Likely above 3°C warming with limited mitigation | M252: Gas price
A253: C7 | B253: R10EUROPE | C253: 2040 | D253: 42 | E253: 1.27 | F253: 1.25 | G253: 0.16 | H253: 1.04 | I253: 1.78 | J253: 1.16 | K253: 1.31 | L253: Likely above 3°C warming with limited mitigation | M253: Gas price
... A256: C1 | B256: R10EUROPE | C256: 2020 | D256: 49 | E256: 1 | F256: 1 | G256: 0 | H256: 1 | I256: 1 | J256: 1 | K256: 1 | L256: Limit warming to 1.5°C (>50%) with no or limited overshoot | M256: Oil price
A257: C1 | B257: R10EUROPE | C257: 2025 | D257: 50 | E257: 65535 | F257: 1.1 | H257: -4.33 | I257: 65535 | J257: 0.81 | K257: 1.5 | L257: Limit warming to 1.5°C (>50%) with no or limited overshoot | M257: Oil price
A258: C1 | B258: R10EUROPE | C258: 2030 | D258: 50 | E258: 65535 | F258: 1.77 | H258: -6.1 | I258: 65535 | J258: 1.27 | K258: 2.54 | L258: Limit warming to 1.5°C (>50%) with no or limited overshoot | M258: Oil price
A259: C1 | B259: R10EUROPE | C259: 2035 | D259: 50 | E259: 65535 | F259: 1.87 | H259: -6.86 | I259: 65535 | J259: 1.15 | K259: 2.77 | L259: Limit warming to 1.5°C (>50%) with no or limited overshoot | M259: Oil price
A260: C1 | B260: R10EUROPE | C260: 2040 | D260: 50 | E260: 65535 | F260: 1.96 | H260: -9.21 | I260: 65535 | J260: 1.31 | K260: 3.39 | L260: Limit warming to 1.5°C (>50%) with no or limited overshoot | M260: Oil price
A261: C1 | B261: R10EUROPE | C261: 2045 | D261: 50 | E261: 65535 | F261: 2.13 | H261: -6.95 | I261: 65535 | J261: 1.6 | K261: 3.41 | L261: Limit warming to 1.5°C (>50%) with no or limited overshoot | M261: Oil price
A262: C1 | B262: R10EUROPE | C262: 2050 | D262: 50 | E262: 65535 | F262: 2 | H262: -10.07 | I262: 65535 | J262: 1.55 | K262: 4.63 | L262: Limit warming to 1.5°C (>50%) with no or limited overshoot | M262: Oil price
A263: C2 | B263: R10EUROPE | C263: 2020 | D263: 62 | E263: 1 | F263: 1 | G263: 0 | H263: 1 | I263: 1 | J263: 1 | K263: 1 | L263: Limit warming to 1.5°C (>67%) with high overshoot | M263: Oil price
A264: C2 | B264: R10EUROPE | C264: 2025 | D264: 52 | E264: 65535 | F264: 0.61 | H264: 0 | I264: 65535 | J264: 0.53 | K264: 0.89 | L264: Limit warming to 1.5°C (>67%) with high overshoot | M264: Oil price
A265: C2 | B265: R10EUROPE | C265: 2030 | D265: 63 | E265: 65535 | F265: 1.07 | H265: 0 | I265: 65535 | J265: 0.6 | K265: 1.55 | L265: Limit warming to 1.5°C (>67%) with high overshoot | M265: Oil price
A266: C2 | B266: R10EUROPE | C266: 2035 | D266: 52 | E266: 65535 | F266: 1.09 | H266: 0 | I266: 65535 | J266: 0.6 | K266: 1.76 | L266: Limit warming to 1.5°C (>67%) with high overshoot | M266: Oil price
A267: C2 | B267: R10EUROPE | C267: 2040 | D267: 63 | E267: 65535 | F267: 1.25 | H267: 0 | I267: 65535 | J267: 0.87 | K267: 1.91 | L267: Limit warming to 1.5°C (>67%) with high overshoot | M267: Oil price
A268: C2 | B268: R10EUROPE | C268: 2045 | D268: 52 | E268: 65535 | F268: 1.35 | H268: 0 | I268: 65535 | J268: 0.78 | K268: 1.89 | L268: Limit warming to 1.5°C (>67%) with high overshoot | M268: Oil price
A269: C2 | B269: R10EUROPE | C269: 2050 | D269: 63 | E269: 65535 | F269: 1.62 | H269: -2.31 | I269: 65535 | J269: 0.61 | K269: 2.16 | L269: Limit warming to 1.5°C (>67%) with high overshoot | M269: Oil price
A270: C3 | B270: R10EUROPE | C270: 2020 | D270: 157 | E270: 1 | F270: 1 | G270: 0 | H270: 1 | I270: 1 | J270: 1 | K270: 1 | L270: Limit warming to 2°C (>67%) with higher action post-2030 | M270: Oil price
A271: C3 | B271: R10EUROPE | C271: 2025 | D271: 163 | E271: 65535 | F271: 0.75 | H271: 0.46 | I271: 65535 | J271: 0.54 | K271: 1.24 | L271: Limit warming to 2°C (>67%) with higher action post-2030 | M271: Oil price
A272: C3 | B272: R10EUROPE | C272: 2030 | D272: 166 | E272: 65535 | F272: 1.15 | H272: 0.51 | I272: 65535 | J272: 0.74 | K272: 1.65 | L272: Limit warming to 2°C (>67%) with higher action post-2030 | M272: Oil price
A273: C3 | B273: R10EUROPE | C273: 2035 | D273: 163 | E273: 65535 | F273: 1.21 | H273: -0.95 | I273: 65535 | J273: 0.88 | K273: 2.11 | L273: Limit warming to 2°C (>67%) with higher action post-2030 | M273: Oil price
A274: C3 | B274: R10EUROPE | C274: 2040 | D274: 166 | E274: 65535 | F274: 1.28 | H274: -1.8 | I274: 65535 | J274: 0.89 | K274: 2.43 | L274: Limit warming to 2°C (>67%) with higher action post-2030 | M274: Oil price
A275: C3 | B275: R10EUROPE | C275: 2045 | D275: 163 | E275: 65535 | F275: 1.48 | H275: -5.93 | I275: 65535 | J275: 1.08 | K275: 2.75 | L275: Limit warming to 2°C (>67%) with higher action post-2030 | M275: Oil price
A276: C3 | B276: R10EUROPE | C276: 2050 | D276: 166 | E276: 65535 | F276: 1.59 | H276: -5.35 | I276: 65535 | J276: 0.97 | K276: 2.91 | L276: Limit warming to 2°C (>67%) with higher action post-2030 | M276: Oil price
A277: C4 | B277: R10EUROPE | C277: 2020 | D277: 52 | E277: 1 | F277: 1 | G277: 0 | H277: 1 | I277: 1 | J277: 1 | K277: 1 | L277: Limit warming to 2°C (>50%) with immediate action | M277: Oil price
A278: C4 | B278: R10EUROPE | C278: 2025 | D278: 52 | E278: 0.89 | F278: 0.6 | G278: 0.38 | H278: 0.45 | I278: 1.39 | J278: 0.53 | K278: 1.25 | L278: Limit warming to 2°C (>50%) with immediate action | M278: Oil price
A279: C4 | B279: R10EUROPE | C279: 2030 | D279: 52 | E279: 1.06 | F279: 0.63 | G279: 0.52 | H279: 0.5 | I279: 1.81 | J279: 0.59 | K279: 1.65 | L279: Limit warming to 2°C (>50%) with immediate action | M279: Oil price
A280: C4 | B280: R10EUROPE | C280: 2035 | D280: 52 | E280: 1.09 | F280: 0.69 | G280: 0.56 | H280: 0.53 | I280: 2.74 | J280: 0.62 | K280: 1.55 | L280: Limit warming to 2°C (>50%) with immediate action | M280: Oil price
A281: C4 | B281: R10EUROPE | C281: 2040 | D281: 52 | E281: 1.2 | F281: 0.79 | G281: 0.67 | H281: 0.59 | I281: 3.56 | J281: 0.63 | K281: 1.75 | L281: Limit warming to 2°C (>50%) with immediate action | M281: Oil price
A282: C4 | B282: R10EUROPE | C282: 2045 | D282: 52 | E282: 1.32 | F282: 0.84 | G282: 0.77 | H282: 0.6 | I282: 4.16 | J282: 0.7 | K282: 1.9 | L282: Limit warming to 2°C (>50%) with immediate action | M282: Oil price
A283: C4 | B283: R10EUROPE | C283: 2050 | D283: 52 | E283: 1.4 | F283: 0.94 | G283: 0.85 | H283: 0.61 | I283: 4.67 | J283: 0.71 | K283: 2.06 | L283: Limit warming to 2°C (>50%) with immediate action | M283: Oil price
A284: C7 | B284: R10EUROPE | C284: 2020 | D284: 43 | E284: 1 | F284: 1 | G284: 0 | H284: 1 | I284: 1 | J284: 1 | K284: 1 | L284: Likely above 3°C warming with limited mitigation | M284: Oil price
A285: C7 | B285: R10EUROPE | C285: 2025 | D285: 43 | E285: 0.93 | F285: 1.01 | G285: 0.45 | H285: 0.38 | I285: 2.73 | J285: 0.62 | K285: 1.09 | L285: Likely above 3°C warming with limited mitigation | M285: Oil price
A286: C7 | B286: R10EUROPE | C286: 2030 | D286: 43 | E286: 1.15 | F286: 1.11 | G286: 0.46 | H286: 0.58 | I286: 3.14 | J286: 0.99 | K286: 1.17 | L286: Likely above 3°C warming with limited mitigation | M286: Oil price
A287: C7 | B287: R10EUROPE | C287: 2035 | D287: 43 | E287: 1.07 | F287: 1.01 | G287: 0.42 | H287: 0.63 | I287: 2.83 | J287: 0.78 | K287: 1.2 | L287: Likely above 3°C warming with limited mitigation | M287: Oil price
A288: C7 | B288: R10EUROPE | C288: 2040 | D288: 43 | E288: 1.09 | F288: 1.01 | G288: 0.46 | H288: 0.67 | I288: 3.23 | J288: 0.82 | K288: 1.23 | L288: Likely above 3°C warming with limited mitigation | M288: Oil price
... A360: C7 | B360: R10EUROPE | C360: 2050 | D360: 10 | E360: 1 | F360: 1 | G360: 0.07 | H360: 0.85 | I360: 1.09 | J360: 0.97 | K360: 1.06 | L360: Likely above 3°C warming with limited mitigation | M360: Biomass price

Sheet ev_charging_uc
A10: =IFERROR(Veda!D5,"ts_12") -> s2_w | C10: day_night | D10: s1p1v1_d | F10: day_night | G10: s3p3v3_d | I10: day_night | J10: s2_w | L10: day_night | M10: s2_w_p2_d | O10: day_night | P10: ts12_clu | R10: day_night | S10: ts24_clu | U10: day_night | V10: ts48_clu | X10: day_night | Y10: s5p5v5_d | AA10: day_night | AB10: s1_d | AD10: day_night | AE10: ts_annual | AG10: day_night | AH10: ts_12
C11: D | D11: S2b0314h09,S2b0314h15,S2c0316h14,S3aH3,S2b0314h10,S2d1006h16,S3aH2,S2b0314h13,S2c0316h15,S2c0316h17,S2d1006h08,S2b0314h17,S3aH8,S4aH5,S2aH8,S2c0316h10,S2d1006h10,S2d1006h11,S4aH2,S1aH6,S2d1006h17,S3aH7,S1aH4,S2aH2,S2c0316h08,S2d1006h07,S2d1006h09,S4aH6,S2aH7,S2b0314h14,S2d1006h13,S3aH4,S4aH3,S4aH4,S1aH3,S2b0314h08,S2c0316h11,S2c0316h16,S2d1006h18,S2c0316h18,S2d1006h12,S2aH6,S2b0314h07,S3aH5,S1aH5,S2aH4,S2aH5,S2b0314h12,S1aH2,S1aH7,S2aH3,S2c0316h09,S2c0316h13,S2d1006h14,S3aH6,S4aH7,S2b0314h11,S2b0314h16,S2c0316h12,S2d1006h15,S4aH8,S1aH8,S2b0314h18,S2c0316h07 | F11: D | G11: S1b0131h09,S2d0316h12,S3h0918h15,S4i1006h07,S5aH4,S6aH3,S6aH4,S1b0131h13,S2c0314h10,S2d0316h07,S2e0317h09,S3f0721h09,S3f0721h14,S3f0721h17,S3g0728h07,S3h0918h07,S3h0918h08,S4i1006h10,S5j1115h14,S6aH7,S1b0131h07,S1b0131h11,S2aH6,S2c0314h11,S2d0316h09,S3aH5,S3g0728h13,S3g0728h15,S4i1006h09,S5aH3,S1b0131h17,S2c0314h12,S2c0314h14,S2d0316h15,S2e0317h07,S3f0721h11,S3f0721h13,S3f0721h18,S4aH5,S4i1006h11,S5j1115h08,S5j1115h09,S1aH3,S1b0131h10,S1b0131h14,S2e0317h08,S3h0918h13,S3h0918h17,S1b0131h18,S2c0314h18,S2d0316h16,S2e0317h16,S3aH3,S3f0721h10,S4i1006h15,S5j1115h07,S5j1115h10,S2c0314h13,S2d0316h10,S2d0316h18,S2e0317h10,S2e0317h12,S3h0918h14,S1b0131h12,S2d0316h08,S2d0316h13,S2d0316h14,S3f0721h12,S4aH2,S4i1006h08,S4i1006h18,S5j1115h11,S5j1115h12,S5j1115h17,S1b0131h16,S2c0314h07,S2c0314h08,S3aH2,S4i1006h17,S5j1115h13,S1aH5,S1b0131h08,S2aH4,S2aH5,S2d0316h17,S3f0721h15,S3g0728h14,S3h0918h09,S5aH2,S5aH5,S5j1115h18,S6aH2,S2aH7,S2e0317h14,S3aH4,S3f0721h16,S3g0728h16,S3h0918h10,S4aH3,S4aH4,S4i1006h14,S1aH2,S1aH7,S2aH3,S2c0314h09,S2e0317h11,S2e0317h18,S3aH6,S3g0728h17,S3h0918h12,S4aH7,S4i1006h13,S5aH6,S5aH7,S6aH6,S2c0314h16,S2c0314h17,S2d0316h11,S2e0317h13,S2e0317h15,S3aH7,S3g0728h08,S3g0728h09,S3g0728h18,S3h0918h11,S5j1115h16,S1b0131h15,S2e0317h17,S3g0728h10,S3h0918h18,S4i1006h16,S6aH5,S1aH6,S2c0314h15,S3h0918h16,S4i1006h12,S5j1115h15,S1aH4,S2aH2,S3f0721h07,S3f0721h08,S3g0728h11,S3g0728h12,S4aH6 | I11: D | J11: S3b0910h13,S3b0910h14,S3b0911h16,S3b0912h18,S3b0913h16,S3b0915h11,S3b0916h14,S3b0916h18,S4aH5,S5c1122h08,S5c1122h18,S5c1124h08,S5c1124h11,S5c1124h12,S1aH2,S1aH7,S2aH3,S3aH6,S3b0910h12,S3b0911h10,S3b0914h18,S3b0915h10,S4aH7,S5aH6,S5aH7,S5c1119h15,S5c1119h17,S5c1122h10,S5c1122h11,S5c1124h10,S6aH6,S1aH5,S2aH4,S2aH5,S3b0910h11,S3b0913h13,S3b0914h14,S3b0916h15,S3b0916h17,S5aH2,S5aH5,S5c1119h13,S5c1125h12,S6aH2,S3aH3,S3b0910h16,S3b0911h07,S3b0914h10,S3b0915h15,S3b0915h17,S5c1119h08,S5c1119h18,S5c1120h18,S5c1121h11,S5c1121h15,S5c1122h07,S5c1123h16,S5c1125h17,S3b0911h17,S3b0912h09,S3b0913h14,S3b0914h07,S3b0916h08,S3b0916h10,S4aH2,S5c1119h10,S5c1122h15,S5c1123h12,S5c1123h18,S5c1125h08,S5c1125h18,S3b0913h15,S3b0915h14,S5c1119h16,S5c1120h11,S5c1121h12,S5c1121h13,S5c1121h16,S5c1122h14,S5c1124h15,S5c1124h17,S5c1125h10,S5c1125h15,S6aH5,S3b0911h12,S3b0912h11,S3b0912h12,S3b0912h13,S3b0915h18,S3b0916h16,S5aH4,S5c1121h09,S5c1122h09,S5c1123h17,S5c1125h13,S6aH3,S6aH4,S3aH2,S3b0911h13,S3b0913h11,S3b0914h13,S5c1120h10,S5c1124h09,S1aH3,S3b0911h09,S3b0911h14,S3b0912h07,S3b0915h09,S5c1120h08,S5c1122h13,S5c1123h11,S5c1125h07,S3b0910h15,S3b0912h15,S3b0913h18,S3b0914h08,S3b0914h11,S3b0915h16,S3b0916h11,S5c1119h12,S5c1120h15,S5c1120h17,S5c1121h10,S5c1123h13,S5c1125h11,S2aH7,S3aH4,S3b0910h10,S3b0911h08,S3b0911h15,S3b0912h10,S3b0912h16,S3b0913h09,S3b0914h09,S3b0914h12,S4aH3,S4aH4,S5c1119h09,S5c1120h16,S5c1121h14,S5c1123h09,S5c1123h10,S5c1124h13,S5c1125h09,S1aH6,S3b0910h09,S3b0910h18,S3b0912h08,S3b0912h17,S5c1119h11,S5c1120h07,S5c1121h07,S5c1121h08,S5c1122h12,S5c1122h17,S5c1123h08,S5c1124h07,S5c1124h14,S5c1125h16,S3aH7,S3b0913h07,S3b0915h08,S3b0916h12,S5c1119h07,S5c1120h13,S5c1125h14,S2aH6,S3aH5,S3b0910h17,S3b0912h14,S3b0913h17,S3b0914h16,S5aH3,S5c1120h14,S5c1122h16,S5c1123h15,S1aH4,S2aH2,S3b0910h07,S3b0913h08,S3b0913h12,S3b0914h15,S3b0914h17,S3b0915h07,S3b0915h12,S3b0915h13,S4aH6,S5c1119h14,S5c1120h09,S5c1120h12,S5c1121h17,S5c1123h14,S5c1124h16,S3b0910h08,S3b0911h11,S3b0911h18,S3b0913h10,S3b0916h07,S3b0916h09,S3b0916h13,S5c1121h18,S5c1123h07,S5c1124h18,S6aH7 | L11: D | M11: S2b0316h10,S2c0317h09,S3d0911h14,S3d0912h08,S3d0916h10,S4aH2,S5e1119h09,S5e1119h15,S5e1121h09,S5e1123h10,S5e1125h12,S2b0316h12,S3d0910h11,S3d0910h14,S3d0910h17,S3d0911h08,S3d0911h12,S3d0914h15,S3d0915h10,S3d0915h11,S3d0916h14,S5e1119h08,S5e1122h17,S5e1124h13,S5e1125h11,S5e1125h16,S6aH5,S2aH6,S2c0317h17,S3aH5,S3d0911h15,S3d0912h12,S3d0912h13,S3d0912h17,S3d0912h18,S3d0913h13,S3d0915h14,S3d0915h18,S5aH3,S5e1119h17,S5e1122h11,S5e1122h16,S5e1123h18,S5e1124h18,S2b0316h13,S2b0316h15,S2b0316h18,S2c0317h10,S3aH2,S3d0912h11,S3d0913h17,S3d0914h08,S5e1120h12,S5e1121h14,S5e1122h10,S5e1123h11,S5e1123h17,S5e1124h12,S2b0316h07,S2c0317h08,S3d0910h16,S3d0913h09,S3d0913h10,S3d0914h11,S3d0916h15,S3d0916h16,S5aH4,S5e1119h12,S5e1120h15,S5e1121h15,S5e1121h17,S5e1122h07,S5e1125h07,S6aH3,S6aH4,S2c0317h14,S2c0317h18,S3d0910h12,S3d0910h13,S3d0911h10,S3d0911h17,S3d0911h18,S3d0913h12,S3d0915h16,S4aH5,S5e1120h09,S5e1121h10,S5e1122h08,S5e1123h15,S5e1124h17,S5e1125h10,S2b0316h16,S3aH3,S3d0915h09,S3d0916h09,S5e1119h10,S5e1119h11,S5e1120h13,S5e1120h14,S5e1120h18,S5e1121h08,S5e1122h15,S5e1124h08,S5e1125h08,S1aH2,S1aH7,S2aH3,S3aH6,S3d0913h16,S3d0914h07,S3d0914h12,S3d0914h17,S3d0916h13,S3d0916h17,S3d0916h18,S4aH7,S5aH6,S5aH7,S5e1121h07,S5e1121h12,S5e1122h18,S5e1123h07,S5e1124h09,S6aH6,S2b0316h09,S3d0911h09,S3d0914h10,S3d0914h18,S3d0915h17,S5e1120h10,S5e1122h14,S1aH3,S3d0910h08,S3d0910h10,S3d0912h15,S3d0912h16,S3d0915h15,S3d0916h08,S3d0916h11,S5e1120h11,S5e1122h12,S5e1123h12,S1aH6,S2c0317h13,S2c0317h15,S3d0911h11,S3d0913h15,S3d0916h07,S3d0916h12,S5e1119h07,S5e1120h07,S5e1120h08,S5e1121h13,S5e1121h16,S5e1124h16,S5e1125h18,S3d0911h13,S3d0914h09,S5e1120h16,S5e1121h11,S5e1123h16,S5e1124h10,S6aH7,S1aH4,S2aH2,S2b0316h08,S3d0910h09,S3d0912h14,S3d0913h14,S3d0914h13,S3d0914h14,S4aH6,S5e1119h13,S5e1124h15,S2aH7,S2b0316h11,S2b0316h17,S2c0317h11,S3aH4,S3d0910h18,S3d0912h07,S3d0912h10,S3d0914h16,S4aH3,S4aH4,S5e1119h14,S5e1122h09,S5e1123h09,S5e1123h13,S5e1124h07,S5e1125h14,S2c0317h16,S3aH7,S3d0910h07,S3d0910h15,S3d0911h07,S3d0911h16,S3d0915h12,S3d0915h13,S5e1120h17,S5e1122h13,S5e1125h13,S1aH5,S2aH4,S2aH5,S2b0316h14,S2c0317h07,S2c0317h12,S3d0912h09,S3d0913h07,S3d0913h08,S3d0913h11,S3d0913h18,S3d0915h07,S3d0915h08,S5aH2,S5aH5,S5e1119h16,S5e1119h18,S5e1121h18,S5e1123h08,S5e1123h14,S5e1124h11,S5e1124h14,S5e1125h09,S5e1125h15,S5e1125h17,S6aH2 | O11: D | P11: S3aH2,S3aH4,S1aH3,S1aH2,S2aH3,S3aH3,S2aH4,S1aH4,S2aH2 | R11: D | S11: S2aH8,S4aH2,S2aH6,S3aH5,S3aH2,S3aH7,S1aH3,S3aH8,S4aH5,S1aH2,S1aH7,S2aH3,S3aH6,S4aH7,S4aH8,S3aH3,S1aH6,S1aH8,S1aH5,S2aH4,S2aH5,S1aH4,S2aH2,S4aH6,S2aH7,S3aH4,S4aH3,S4aH4 | U11: D | V11: S4aH5,S3aH7,S1aH6,S1aH2,S1aH7,S2aH3,S3aH6,S4aH7,S5aH6,S5aH7,S6aH6,S1aH4,S2aH2,S4aH6,S1aH5,S2aH4,S2aH5,S5aH2,S5aH5,S6aH2,S4aH2,S6aH7,S1aH3,S6aH5,S2aH7,S3aH4,S4aH3,S4aH4,S3aH2,S2aH6,S3aH5,S5aH3,S3aH3,S5aH4,S6aH3,S6aH4 | X11: D | Y11: S1b0107h09,S1c0131h09,S2e0308h15,S2f0314h08,S2f0314h13,S2i0401h07,S2i0401h18,S3aH7,S3j0721h11,S5o1115h09,S5o1115h12,S5o1115h15,S1c0131h15,S2d0307h16,S2e0308h08,S2g0316h08,S2g0316h11,S2h0317h16,S2i0401h13,S3aH2,S3j0721h07,S3k0722h07,S3k0722h13,S3k0722h14,S3l0728h09,S3l0728h12,S3m0918h08,S3m0918h10,S4n1006h07,S4n1006h10,S4n1006h12,S4n1006h13,S5o1115h13,S5p1123h14,S1b0107h07,S1c0131h08,S2e0308h12,S2f0314h07,S2f0314h14,S2g0316h12,S2h0317h08,S3aH3,S3k0722h15,S3m0918h11,S4n1006h11,S1aH2,S1aH7,S2aH3,S2e0308h13,S2f0314h15,S2g0316h15,S3aH6,S3j0721h16,S3l0728h14,S4aH7,S5aH6,S5aH7,S5o1115h07,S5p1123h13,S5p1123h15,S5p1123h18,S6aH6,S1b0107h10,S1c0131h12,S2d0307h07,S2g0316h18,S2h0317h18,S3j0721h17,S6aH7,S2aH7,S2d0307h09,S2d0307h10,S2d0307h14,S2e0308h16,S2i0401h12,S3aH4,S3k0722h10,S3k0722h16,S3m0918h15,S4aH3,S4aH4,S1b0107h15,S1c0131h07,S2f0314h18,S2i0401h16,S3k0722h12,S4aH5,S4n1006h09,S1c0131h11,S2d0307h08,S2f0314h17,S2g0316h17,S2h0317h10,S2h0317h15,S3j0721h14,S3k0722h18,S3l0728h07,S3l0728h10,S3l0728h17,S5p1123h08,S1aH5,S1b0107h17,S2aH4,S2aH5,S2e0308h10,S2f0314h10,S2g0316h09,S2g0316h14,S2h0317h13,S3k0722h17,S3l0728h11,S3l0728h13,S3l0728h15,S3m0918h12,S3m0918h17,S4n1006h16,S5aH2,S5aH5,S5o1115h08,S6aH2,S1aH4,S1c0131h10,S2aH2,S2h0317h09,S2h0317h17,S3l0728h18,S3m0918h09,S3m0918h16,S4aH6,S5p1123h12,S1aH3,S2d0307h12,S2e0308h14,S2f0314h09,S2f0314h12,S2f0314h16,S2i0401h11,S3j0721h18,S3k0722h09,S3m0918h18,S4n1006h15,S1aH6,S2e0308h09,S2g0316h07,S2i0401h14,S3k0722h11,S3m0918h07,S5p1123h11,S1c0131h14,S1c0131h17,S2aH6,S2h0317h11,S3aH5,S3j0721h09,S3k0722h08,S4n1006h14,S5aH3,S5o1115h11,S5p1123h07,S5p1123h17,S1b0107h12,S1b0107h13,S1c0131h18,S2d0307h17,S2e0308h07,S2g0316h13,S2h0317h07,S2h0317h14,S2i0401h17,S3j0721h10,S4n1006h08,S5o1115h10,S5o1115h17,S5o1115h18,S5p1123h09,S5p1123h10,S5p1123h16,S6aH5,S1b0107h18,S1c0131h16,S2d0307h13,S2e0308h11,S2e0308h18,S2f0314h11,S2h0317h12,S2i0401h10,S3j0721h13,S3l0728h08,S3l0728h16,S3m0918h14,S4aH2,S4n1006h18,S5o1115h14,S1b0107h08,S1b0107h11,S1b0107h14,S1b0107h16,S1c0131h13,S2d0307h11,S2d0307h15,S2d0307h18,S2e0308h17,S2g0316h10,S2g0316h16,S2i0401h08,S2i0401h09,S2i0401h15,S3j0721h08,S3j0721h12,S3j0721h15,S3m0918h13,S4n1006h17,S5aH4,S5o1115h16,S6aH3,S6aH4 | AA11: D | AB11: S1aH3,S2b1006h09,S2b1006h07,S3aH3,S1aH4,S2aH2,S2b1006h14,S4aH6,S1aH8,S2b1006h13,S2b1006h15,S2b1006h17,S4aH8,S3aH2,S2aH7,S3aH4,S4aH3,S4aH4,S2b1006h10,S2b1006h16,S3aH8,S4aH5,S2aH8,S4aH2,S1aH6,S2b1006h08,S2b1006h18,S1aH2,S1aH7,S2aH3,S2b1006h11,S3aH6,S4aH7,S2aH6,S3aH5,S2b1006h12,S3aH7,S1aH5,S2aH4,S2aH5 | AD11: D | AE11: AllSaAllH | AG11: D | AH11: SaD,FaD,FaP,SaP,RaP,RaD,WaP,WaD
C12: N | D12: S2b0314h05,S2c0316h01,S2d1006h05,S2c0316h24,S2c0316h21,S2c0316h22,S2b0314h19,S2aH1,S2aH9,S2b0314h21,S2b0314h23,S2d1006h20,S2c0316h03,S2c0316h06,S2d1006h22,S2d1006h21,S1aH9,S2b0314h01,S2b0314h24,S2c0316h04,S2c0316h05,S2d1006h06,S2d1006h19,S4aH1,S2b0314h22,S2c0316h19,S2d1006h02,S3aH9,S2b0314h04,S1aH1,S2b0314h02,S2b0314h06,S2b0314h20,S2c0316h20,S2d1006h03,S2d1006h24,S2d1006h01,S2d1006h23,S2c0316h23,S2d1006h04,S2b0314h03,S2c0316h02,S3aH1,S4aH9 | F12: N | G12: S2e0317h23,S3f0721h24,S3g0728h04,S3h0918h24,S1b0131h02,S2c0314h04,S2d0316h04,S2e0317h01,S3aH1,S3f0721h03,S3h0918h04,S3h0918h05,S3h0918h06,S4i1006h03,S1aH8,S3f0721h21,S5aH1,S1b0131h06,S2c0314h22,S2c0314h24,S2d0316h20,S3f0721h23,S3g0728h01,S5j1115h23,S1b0131h01,S1b0131h21,S2d0316h21,S3h0918h23,S2d0316h06,S2e0317h03,S2e0317h04,S3f0721h01,S3g0728h03,S3g0728h19,S3h0918h20,S3h0918h21,S5j1115h03,S5j1115h04,S1aH1,S1b0131h04,S2d0316h22,S2e0317h20,S3f0721h02,S3h0918h19,S3h0918h22,S5j1115h06,S5j1115h22,S1b0131h22,S1b0131h23,S2aH1,S2c0314h03,S2c0314h20,S4i1006h02,S4i1006h04,S4i1006h05,S5aH8,S1b0131h20,S3aH8,S3g0728h22,S4i1006h21,S4i1006h23,S1b0131h05,S2c0314h06,S2d0316h23,S3f0721h22,S4i1006h06,S4i1006h19,S4i1006h20,S1b0131h03,S2e0317h24,S3f0721h04,S3f0721h06,S3g0728h24,S5j1115h20,S1b0131h24,S2c0314h05,S2c0314h19,S2d0316h02,S2d0316h24,S2e0317h06,S2e0317h21,S3f0721h20,S3g0728h20,S3h0918h01,S3h0918h02,S3h0918h03,S5j1115h05,S5j1115h21,S1b0131h19,S2aH8,S2c0314h23,S2d0316h19,S3g0728h05,S3g0728h21,S5j1115h01,S2d0316h01,S2e0317h02,S2e0317h19,S2e0317h22,S4aH8,S4i1006h24,S5j1115h19,S2c0314h01,S2c0314h21,S3f0721h05,S4i1006h22,S6aH8,S2c0314h02,S2d0316h03,S2d0316h05,S2e0317h05,S3f0721h19,S3g0728h02,S3g0728h06,S3g0728h23,S4aH1,S4i1006h01,S5j1115h02,S5j1115h24,S6aH1 | I12: N | J12: S3b0910h03,S3b0910h21,S3b0914h01,S3b0915h06,S3b0916h21,S5c1119h23,S5c1121h03,S5c1122h22,S5c1124h03,S5c1124h06,S3b0910h06,S3b0914h03,S3b0914h19,S3b0915h21,S3b0916h01,S3b0916h06,S5c1119h05,S5c1119h24,S5c1120h19,S5c1121h05,S5c1121h23,S5c1123h01,S5c1124h02,S3b0911h04,S3b0914h02,S3b0914h21,S3b0915h03,S3b0915h23,S3b0916h02,S3b0916h23,S5c1120h21,S5c1122h01,S5c1122h24,S5c1125h03,S5c1125h23,S3b0910h01,S3b0912h02,S3b0912h24,S5c1119h20,S5c1120h01,S5c1122h04,S5c1123h06,S2aH1,S3b0911h05,S3b0911h23,S3b0912h22,S3b0913h19,S5aH8,S5c1120h03,S5c1120h04,S5c1121h02,S5c1123h23,S5c1125h05,S5c1125h19,S5c1125h21,S3b0912h19,S3b0914h04,S3b0915h04,S4aH8,S5c1119h19,S5c1119h21,S5c1120h24,S5c1122h05,S5c1122h21,S5c1123h02,S5c1123h22,S5c1124h24,S5c1125h20,S3b0910h04,S3b0910h20,S3b0911h01,S3b0911h20,S3b0912h03,S3b0912h05,S3b0912h21,S5c1120h22,S5c1122h03,S3aH8,S3b0910h19,S3b0911h06,S3b0913h02,S3b0914h05,S5c1119h02,S5c1119h06,S5c1121h01,S5c1121h20,S5c1124h20,S5c1125h06,S3b0912h06,S3b0914h24,S3b0915h02,S3b0916h04,S3b0916h19,S3b0916h24,S5c1120h05,S5c1122h02,S5c1122h19,S5c1123h03,S5c1123h20,S5c1125h02,S1aH1,S3b0910h24,S3b0911h02,S3b0912h04,S3b0913h20,S3b0916h03,S5c1120h20,S5c1121h04,S5c1122h06,S3b0911h19,S3b0912h01,S3b0912h23,S3b0913h23,S3b0914h06,S3b0915h24,S5c1122h20,S5c1124h23,S3b0910h23,S3b0911h21,S3b0913h03,S3b0913h22,S3b0914h23,S3b0915h20,S3b0915h22,S5c1120h06,S5c1123h04,S6aH8,S2aH8,S3b0910h22,S3b0911h24,S3b0913h21,S3b0913h24,S3b0914h20,S3b0916h05,S5c1119h04,S5c1119h22,S5c1123h24,S5c1125h24,S1aH8,S3b0912h20,S3b0915h01,S3b0916h22,S5aH1,S5c1119h01,S5c1120h23,S5c1121h21,S5c1123h19,S5c1124h01,S5c1125h01,S5c1125h04,S3b0913h04,S3b0913h06,S3b0914h22,S3b0915h05,S3b0915h19,S3b0916h20,S4aH1,S5c1121h19,S5c1122h23,S5c1123h05,S5c1125h22,S6aH1,S3aH1,S3b0910h02,S3b0910h05,S3b0911h03,S3b0911h22,S3b0913h01,S3b0913h05,S5c1119h03,S5c1120h02,S5c1121h06,S5c1121h22,S5c1121h24,S5c1123h21,S5c1124h04,S5c1124h05,S5c1124h19,S5c1124h21,S5c1124h22 | L12: N | M12: S2aH1,S3d0916h02,S3d0916h04,S3d0916h23,S5aH8,S5e1119h03,S5e1119h20,S5e1120h05,S5e1121h02,S2c0317h23,S2c0317h24,S3d0911h21,S3d0913h01,S3d0913h04,S3d0913h19,S3d0913h23,S3d0913h24,S3d0914h05,S4aH8,S5e1122h05,S5e1122h19,S5e1125h23,S1aH8,S3d0910h03,S3d0910h06,S3d0910h20,S3d0912h01,S3d0913h06,S3d0914h24,S3d0916h21,S5aH1,S5e1119h04,S5e1120h06,S5e1120h20,S5e1121h19,S5e1121h20,S5e1123h21,S5e1123h24,S5e1124h03,S5e1125h20,S2c0317h21,S3aH8,S3d0910h21,S3d0911h23,S3d0913h02,S3d0913h20,S3d0915h01,S3d0915h02,S3d0916h24,S2b0316h02,S2b0316h03,S2c0317h04,S2c0317h22,S3d0910h05,S3d0910h19,S3d0911h02,S3d0912h20,S3d0914h20,S3d0914h22,S3d0915h04,S3d0915h06,S3d0915h23,S3d0916h03,S3d0916h19,S5e1120h04,S5e1121h01,S5e1121h03,S5e1122h24,S5e1124h01,S5e1124h19,S5e1124h23,S2b0316h01,S2b0316h06,S3d0910h24,S3d0911h01,S3d0912h24,S3d0914h23,S3d0915h05,S5e1119h05,S5e1121h22,S5e1124h21,S5e1125h04,S3d0910h01,S3d0910h04,S3d0911h04,S3d0911h06,S3d0913h22,S3d0914h02,S3d0914h03,S5e1120h03,S5e1120h19,S5e1120h23,S5e1122h01,S5e1123h01,S5e1123h05,S2b0316h20,S2c0317h19,S3d0911h22,S3d0912h06,S3d0914h21,S5e1120h24,S5e1122h04,S5e1123h22,S5e1124h24,S1aH1,S2c0317h05,S3d0910h23,S3d0912h23,S3d0913h05,S3d0914h01,S3d0915h03,S3d0915h19,S5e1119h22,S5e1121h23,S5e1122h02,S5e1122h03,S5e1122h06,S5e1124h04,S5e1125h01,S2b0316h21,S2c0317h02,S3d0911h05,S3d0912h04,S3d0912h19,S3d0913h21,S3d0915h20,S3d0915h24,S3d0916h06,S5e1120h01,S5e1120h22,S5e1121h04,S5e1121h06,S5e1121h24,S5e1123h03,S5e1123h06,S5e1124h20,S5e1124h22,S3d0912h22,S3d0913h03,S3d0915h22,S5e1120h02,S5e1123h04,S5e1125h24,S6aH8,S2b0316h05,S2b0316h22,S2b0316h24,S2c0317h06,S3aH1,S3d0910h02,S3d0912h02,S3d0912h03,S3d0916h05,S5e1122h23,S5e1123h02,S5e1123h20,S5e1123h23,S5e1124h05,S5e1124h06,S5e1125h06,S5e1125h22,S2b0316h19,S2b0316h23,S2c0317h03,S3d0911h20,S3d0916h20,S4aH1,S5e1121h05,S5e1121h21,S5e1122h22,S6aH1,S3d0912h21,S3d0914h06,S3d0914h19,S3d0915h21,S5e1119h24,S5e1122h20,S5e1125h03,S5e1125h05,S2aH8,S2b0316h04,S3d0911h03,S3d0911h19,S3d0916h01,S5e1119h19,S5e1119h23,S5e1120h21,S5e1123h19,S5e1125h21,S2c0317h01,S2c0317h20,S3d0910h22,S3d0911h24,S3d0912h05,S3d0914h04,S3d0916h22,S5e1119h01,S5e1119h02,S5e1119h06,S5e1119h21,S5e1122h21,S5e1124h02,S5e1125h02,S5e1125h19 | O12: N | P12: S1aH5,S2aH5,S3aH1,S3aH5,S2aH1,S1aH1 | R12: N | S12: S2aH1,S2aH9,S1aH1,S3aH1,S4aH9,S1aH9,S4aH1,S3aH9 | U12: N | V12: S2aH8,S6aH8,S4aH1,S6aH1,S1aH1,S2aH1,S5aH8,S3aH1,S4aH8,S3aH8,S1aH8,S5aH1 | X12: N | Y12: S1b0107h02,S1b0107h06,S2aH8,S2d0307h02,S2d0307h04,S2g0316h03,S3l0728h06,S3m0918h06,S4n1006h03,S5p1123h06,S5p1123h20,S1c0131h01,S1c0131h19,S2d0307h24,S2e0308h20,S2f0314h21,S2g0316h20,S2h0317h01,S2h0317h02,S2h0317h20,S2h0317h21,S2h0317h24,S3aH8,S3k0722h02,S5o1115h05,S5o1115h19,S5p1123h03,S1c0131h23,S2f0314h05,S2i0401h02,S2i0401h19,S3l0728h01,S3l0728h02,S5o1115h04,S5o1115h06,S5p1123h04,S2e0308h21,S2h0317h22,S3l0728h22,S3m0918h01,S3m0918h20,S4n1006h22,S5o1115h21,S5o1115h22,S2d0307h05,S2d0307h19,S2e0308h19,S2f0314h03,S2f0314h22,S2g0316h22,S2i0401h21,S3aH1,S3j0721h06,S3k0722h01,S4n1006h24,S5o1115h01,S5o1115h20,S1b0107h19,S1b0107h22,S1b0107h24,S2d0307h21,S2e0308h02,S2e0308h05,S2f0314h06,S2f0314h23,S2g0316h23,S2h0317h04,S2i0401h06,S3j0721h21,S3k0722h05,S3k0722h19,S3l0728h21,S3m0918h22,S4n1006h05,S5p1123h24,S1c0131h21,S2e0308h06,S2g0316h02,S3j0721h03,S3j0721h05,S3j0721h22,S3k0722h04,S4n1006h21,S5p1123h01,S1aH1,S1b0107h04,S2e0308h03,S2f0314h04,S2i0401h03,S3j0721h02,S3k0722h03,S3k0722h20,S3k0722h22,S3k0722h23,S4n1006h20,S1b0107h20,S1c0131h03,S2d0307h03,S2g0316h06,S3j0721h01,S3l0728h03,S3l0728h23,S4n1006h01,S4n1006h19,S1b0107h05,S2d0307h06,S2g0316h01,S2i0401h22,S3j0721h24,S4aH1,S4n1006h04,S5p1123h22,S6aH1,S1c0131h22,S2d0307h01,S2g0316h05,S2g0316h24,S2h0317h05,S2i0401h01,S2i0401h20,S3j0721h20,S3j0721h23,S3l0728h20,S3m0918h21,S3m0918h23,S4n1006h02,S5o1115h24,S1b0107h03,S2e0308h04,S2e0308h23,S2f0314h02,S2f0314h24,S2g0316h04,S2h0317h03,S3j0721h04,S3k0722h06,S6aH8,S1aH8,S1b0107h01,S1c0131h05,S1c0131h20,S2d0307h20,S2d0307h23,S2g0316h19,S2i0401h04,S2i0401h05,S3j0721h19,S3k0722h24,S3l0728h24,S5aH1,S5p1123h05,S5p1123h21,S1b0107h21,S1c0131h02,S2e0308h22,S2e0308h24,S2f0314h01,S2f0314h19,S2h0317h06,S2h0317h19,S2h0317h23,S2i0401h23,S3l0728h04,S3m0918h02,S3m0918h04,S3m0918h19,S4aH8,S4n1006h06,S4n1006h23,S5o1115h02,S5o1115h03,S5p1123h19,S5p1123h23,S1b0107h23,S1c0131h06,S1c0131h24,S2aH1,S2d0307h22,S2f0314h20,S3l0728h05,S3l0728h19,S3m0918h05,S3m0918h24,S5aH8,S5o1115h23,S5p1123h02,S1c0131h04,S2e0308h01,S2g0316h21,S2i0401h24,S3k0722h21,S3m0918h03 | AA12: N | AB12: S2b1006h01,S2b1006h22,S2b1006h03,S1aH9,S2b1006h23,S4aH1,S2b1006h04,S2b1006h24,S3aH1,S4aH9,S1aH1,S2b1006h19,S2b1006h02,S2b1006h21,S2b1006h06,S3aH9,S2aH1,S2aH9,S2b1006h05,S2b1006h20 | AD12: N | AE12: AllSaAllH | AG12: N | AH12: FaP,SaP,FaN,RaP,WaP,SaN,WaN,RaN
I17: 0.75 | K17: share of charging at night
C18: ~UC_Sets: R_E: AllRegions
H21: =IF(H23=H24,"Not Required!","~UC_T: LO") -> ~UC_T: LO
C22: UC_N | D22: Pset_CI | E22: Pset_CO | F22: pset_pn | G22: Cset_CN | H22: TimeSlice | I22: UC_FLO | J22: UC_RHSRT | K22: UC_RHSRT~0
C23: UC_bev night chg limit | D23: ELC | E23: =G23 -> AuxStoIN | F23: *EV* | G23: AuxStoIN | H23: =HLOOKUP($A$10,$D$10:$CU$12,3,FALSE) -> S3b0910h03,S3b0910h21,S3b0914h01,S3b0915h06,S3b0916h21,S5c1119h23,S5c1121h03,S5c1122h22,S5c1124h03,S5c1124h06,S3b0910h06,S3b0914h03,S3b0914h19,S3b0915h21,S3b0916h01,S3b0916h06,S5c1119h05,S5c1119h24,S5c1120h19,S5c1121h05,S5c1121h23,S5c1123h01,S5c1124h02,S3b0911h04,S3b0914h02,S3b0914h21,S3b0915h03,S3b0915h23,S3b0916h02,S3b0916h23,S5c1120h21,S5c1122h01,S5c1122h24,S5c1125h03,S5c1125h23,S3b0910h01,S3b0912h02,S3b0912h24,S5c1119h20,S5c1120h01,S5c1122h04,S5c1123h06,S2aH1,S3b0911h05,S3b0911h23,S3b0912h22,S3b0913h19,S5aH8,S5c1120h03,S5c1120h04,S5c1121h02,S5c1123h23,S5c1125h05,S5c1125h19,S5c1125h21,S3b0912h19,S3b0914h04,S3b0915h04,S4aH8,S5c1119h19,S5c1119h21,S5c1120h24,S5c1122h05,S5c1122h21,S5c1123h02,S5c1123h22,S5c1124h24,S5c1125h20,S3b0910h04,S3b0910h20,S3b0911h01,S3b0911h20,S3b0912h03,S3b0912h05,S3b0912h21,S5c1120h22,S5c1122h03,S3aH8,S3b0910h19,S3b0911h06,S3b0913h02,S3b0914h05,S5c1119h02,S5c1119h06,S5c1121h01,S5c1121h20,S5c1124h20,S5c1125h06,S3b0912h06,S3b0914h24,S3b0915h02,S3b0916h04,S3b0916h19,S3b0916h24,S5c1120h05,S5c1122h02,S5c1122h19,S5c1123h03,S5c1123h20,S5c1125h02,S1aH1,S3b0910h24,S3b0911h02,S3b0912h04,S3b0913h20,S3b0916h03,S5c1120h20,S5c1121h04,S5c1122h06,S3b0911h19,S3b0912h01,S3b0912h23,S3b0913h23,S3b0914h06,S3b0915h24,S5c1122h20,S5c1124h23,S3b0910h23,S3b0911h21,S3b0913h03,S3b0913h22,S3b0914h23,S3b0915h20,S3b0915h22,S5c1120h06,S5c1123h04,S6aH8,S2aH8,S3b0910h22,S3b0911h24,S3b0913h21,S3b0913h24,S3b0914h20,S3b0916h05,S5c1119h04,S5c1119h22,S5c1123h24,S5c1125h24,S1aH8,S3b0912h20,S3b0915h01,S3b0916h22,S5aH1,S5c1119h01,S5c1120h23,S5c1121h21,S5c1123h19,S5c1124h01,S5c1125h01,S5c1125h04,S3b0913h04,S3b0913h06,S3b0914h22,S3b0915h05,S3b0915h19,S3b0916h20,S4aH1,S5c1121h19,S5c1122h23,S5c1123h05,S5c1125h22,S6aH1,S3aH1,S3b0910h02,S3b0910h05,S3b0911h03,S3b0911h22,S3b0913h01,S3b0913h05,S5c1119h03,S5c1120h02,S5c1121h06,S5c1121h22,S5c1121h24,S5c1123h21,S5c1124h04,S5c1124h05,S5c1124h19,S5c1124h21,S5c1124h22 | I23: =1+I24 -> 0.25 | J23: 0 | K23: 3 | M23: night
D24: ELC | E24: =G24 -> AuxStoIN | F24: *EV* | G24: AuxStoIN | H24: =HLOOKUP($A$10,$D$10:$CU$12,2,FALSE) -> S3b0910h13,S3b0910h14,S3b0911h16,S3b0912h18,S3b0913h16,S3b0915h11,S3b0916h14,S3b0916h18,S4aH5,S5c1122h08,S5c1122h18,S5c1124h08,S5c1124h11,S5c1124h12,S1aH2,S1aH7,S2aH3,S3aH6,S3b0910h12,S3b0911h10,S3b0914h18,S3b0915h10,S4aH7,S5aH6,S5aH7,S5c1119h15,S5c1119h17,S5c1122h10,S5c1122h11,S5c1124h10,S6aH6,S1aH5,S2aH4,S2aH5,S3b0910h11,S3b0913h13,S3b0914h14,S3b0916h15,S3b0916h17,S5aH2,S5aH5,S5c1119h13,S5c1125h12,S6aH2,S3aH3,S3b0910h16,S3b0911h07,S3b0914h10,S3b0915h15,S3b0915h17,S5c1119h08,S5c1119h18,S5c1120h18,S5c1121h11,S5c1121h15,S5c1122h07,S5c1123h16,S5c1125h17,S3b0911h17,S3b0912h09,S3b0913h14,S3b0914h07,S3b0916h08,S3b0916h10,S4aH2,S5c1119h10,S5c1122h15,S5c1123h12,S5c1123h18,S5c1125h08,S5c1125h18,S3b0913h15,S3b0915h14,S5c1119h16,S5c1120h11,S5c1121h12,S5c1121h13,S5c1121h16,S5c1122h14,S5c1124h15,S5c1124h17,S5c1125h10,S5c1125h15,S6aH5,S3b0911h12,S3b0912h11,S3b0912h12,S3b0912h13,S3b0915h18,S3b0916h16,S5aH4,S5c1121h09,S5c1122h09,S5c1123h17,S5c1125h13,S6aH3,S6aH4,S3aH2,S3b0911h13,S3b0913h11,S3b0914h13,S5c1120h10,S5c1124h09,S1aH3,S3b0911h09,S3b0911h14,S3b0912h07,S3b0915h09,S5c1120h08,S5c1122h13,S5c1123h11,S5c1125h07,S3b0910h15,S3b0912h15,S3b0913h18,S3b0914h08,S3b0914h11,S3b0915h16,S3b0916h11,S5c1119h12,S5c1120h15,S5c1120h17,S5c1121h10,S5c1123h13,S5c1125h11,S2aH7,S3aH4,S3b0910h10,S3b0911h08,S3b0911h15,S3b0912h10,S3b0912h16,S3b0913h09,S3b0914h09,S3b0914h12,S4aH3,S4aH4,S5c1119h09,S5c1120h16,S5c1121h14,S5c1123h09,S5c1123h10,S5c1124h13,S5c1125h09,S1aH6,S3b0910h09,S3b0910h18,S3b0912h08,S3b0912h17,S5c1119h11,S5c1120h07,S5c1121h07,S5c1121h08,S5c1122h12,S5c1122h17,S5c1123h08,S5c1124h07,S5c1124h14,S5c1125h16,S3aH7,S3b0913h07,S3b0915h08,S3b0916h12,S5c1119h07,S5c1120h13,S5c1125h14,S2aH6,S3aH5,S3b0910h17,S3b0912h14,S3b0913h17,S3b0914h16,S5aH3,S5c1120h14,S5c1122h16,S5c1123h15,S1aH4,S2aH2,S3b0910h07,S3b0913h08,S3b0913h12,S3b0914h15,S3b0914h17,S3b0915h07,S3b0915h12,S3b0915h13,S4aH6,S5c1119h14,S5c1120h09,S5c1120h12,S5c1121h17,S5c1123h14,S5c1124h16,S3b0910h08,S3b0911h11,S3b0911h18,S3b0913h10,S3b0916h07,S3b0916h09,S3b0916h13,S5c1121h18,S5c1123h07,S5c1124h18,S6aH7 | I24: =-$I$17 -> -0.75 | M24: day

Sheet s1p1v1_d
C9: =IF(A11="x","DeActivated","~TimeSlices") -> DeActivated | I9: =IF(A11="x","DeActivated","~TFM_DINS-AT") -> DeActivated | N9: =IF(A11="x","DeActivated","~TFM_DINS-AT") -> DeActivated | S9: =IF(A11="x","DeActivated","~TFM_DINS-AT") -> DeActivated | X9: =IF(A11="x","DeActivated","~TFM_DINS-AT") -> DeActivated | AC9: =IF(A11="x","DeActivated","~TFM_DINS-AT") -> DeActivated | AG9: =IF(A11="x","DeActivated","~TFM_DINS-AT") -> DeActivated | AK9: =IF(A11="x","DeActivated","~TFM_INS-AT") -> DeActivated
A10: s1p1v1_d | C10: season | D10: weekly | E10: daynite | F10: wparent | G10: dparent | I10: commodity | J10: timeslice | K10: com_fr | L10: process | N10: commodity | O10: timeslice | P10: com_fr | Q10: process | S10: commodity | T10: timeslice | U10: com_fr | V10: process | X10: g_yrfr | Y10: com_fr | Z10: timeslice | AA10: commodity | AC10: commodity | AD10: timeslice | AE10: com_fr | AG10: commodity | AH10: timeslice | AI10: com_pkflx | AK10: timeslice | AL10: ncap_afs | AM10: pset_ci
A11: =IFERROR(IF(Veda!D5=A10,"ok","x"),"") -> x | C11: S1 | D11: a | E11: 0314h01 | F11: S1,S2,S3,S4 | G11: b | I11: elc_spv-DEU | J11: S1aH1 | K11: 0 | L11: IMPNRGZ | N11: elc_won-DEU | O11: S1aH1 | P11: 0.044155048 | Q11: IMPNRGZ | S11: elc_wof-DEU | T11: S1aH1 | U11: 0.042330576 | V11: IMPNRGZ | X11: 0.040410959 | Y11: 0.0086444737 | Z11: S1aH1 | AA11: elc_roadtransport | AC11: elc_buildings | AD11: S1aH1 | AE11: 0.036138622 | AG11: ELC | AH11: S1aH1 | AI11: 0.20993759 | AK11: S4 | AL11: 0.084099425 | AM11: hydro
C12: S2 | D12: b | E12: 0314h02 | F12: S2 | G12: b | I12: elc_spv-DEU | J12: S1aH2 | K12: 0 | L12: IMPNRGZ | N12: elc_won-DEU | O12: S1aH2 | P12: 0.0074771969 | Q12: IMPNRGZ | S12: elc_wof-DEU | T12: S1aH2 | U12: 0.0070255051 | V12: IMPNRGZ | X12: 0.0067351598 | Y12: 0.0099743928 | Z12: S1aH2 | AA12: elc_roadtransport | AC12: elc_buildings | AD12: S1aH2 | AE12: 0.0085508495 | AG12: ELC | AH12: S1aH2 | AI12: 0.084513739 | AK12: S2 | AL12: 0.85866273 | AM12: hydro
C13: S3 | D13: c | E13: 0314h03 | F13: S2 | G13: b | I13: elc_spv-DEU | J13: S1aH3 | K13: 0.000212831 | L13: IMPNRGZ | N13: elc_won-DEU | O13: S1aH3 | P13: 0.0074860524 | Q13: IMPNRGZ | S13: elc_wof-DEU | T13: S1aH3 | U13: 0.0070289935 | V13: IMPNRGZ | X13: 0.0067351598 | Y13: 0.011245639 | Z13: S1aH3 | AA13: elc_roadtransport | AC13: elc_buildings | AD13: S1aH3 | AE13: 0.0089794169 | AG13: ELC | AH13: S1aH3 | AI13: 0.084639654 | AK13: S1 | AL13: 0.18244762 | AM13: hydro
C14: S4 | D14: d | E14: 0314h04 | F14: S2 | G14: b | I14: elc_spv-DEU | J14: S1aH4 | K14: 0.0025148697 | L14: IMPNRGZ | N14: elc_won-DEU | O14: S1aH4 | P14: 0.0074313732 | Q14: IMPNRGZ | S14: elc_wof-DEU | T14: S1aH4 | U14: 0.0070672308 | V14: IMPNRGZ | X14: 0.0067351598 | Y14: 0.0086053585 | Z14: S1aH4 | AA14: elc_roadtransport | AC14: elc_buildings | AD14: S1aH4 | AE14: 0.0093232259 | AG14: ELC | AH14: S1aH4 | AI14: 0.080333358 | AK14: S3 | AL14: 0.074790226 | AM14: hydro
E15: 0314h05 | G15: b | I15: elc_spv-DEU | J15: S1aH5 | K15: 0.054922726 | L15: IMPNRGZ | N15: elc_won-DEU | O15: S1aH5 | P15: 0.043114245 | Q15: IMPNRGZ | S15: elc_wof-DEU | T15: S1aH5 | U15: 0.042361322 | V15: IMPNRGZ | X15: 0.040410959 | Y15: 0.051201883 | Z15: S1aH5 | AA15: elc_roadtransport | AC15: elc_buildings | AD15: S1aH5 | AE15: 0.056354898 | AG15: ELC | AH15: S1aH5 | AI15: 0.085156904
E16: 0314h06 | G16: b | I16: elc_spv-DEU | J16: S1aH6 | K16: 0.0076359461 | L16: IMPNRGZ | N16: elc_won-DEU | O16: S1aH6 | P16: 0.0071388004 | Q16: IMPNRGZ | S16: elc_wof-DEU | T16: S1aH6 | U16: 0.0070873287 | V16: IMPNRGZ | X16: 0.0067351598 | Y16: 0.010169969 | Z16: S1aH6 | AA16: elc_roadtransport | AC16: elc_buildings | AD16: S1aH6 | AE16: 0.0094335916 | AG16: ELC | AH16: S1aH6 | AI16: 0.08311554
E17: 0314h07 | G17: b | I17: elc_spv-DEU | J17: S1aH7 | K17: 0.0048844499 | L17: IMPNRGZ | N17: elc_won-DEU | O17: S1aH7 | P17: 0.0071465471 | Q17: IMPNRGZ | S17: elc_wof-DEU | T17: S1aH7 | U17: 0.0071736353 | V17: IMPNRGZ | X17: 0.0067351598 | Y17: 0.013103614 | Z17: S1aH7 | AA17: elc_roadtransport | AC17: elc_buildings | AD17: S1aH7 | AE17: 0.0096263596 | AG17: ELC | AH17: S1aH7 | AI17: 0.079506795
E18: 0314h08 | G18: b | I18: elc_spv-DEU | J18: S1aH8 | K18: 0.0018062388 | L18: IMPNRGZ | N18: elc_won-DEU | O18: S1aH8 | P18: 0.0072770367 | Q18: IMPNRGZ | S18: elc_wof-DEU | T18: S1aH8 | U18: 0.0072869486 | V18: IMPNRGZ | X18: 0.0067351598 | Y18: 0.013103614 | Z18: S1aH8 | AA18: elc_roadtransport | AC18: elc_buildings | AD18: S1aH8 | AE18: 0.0096700817 | AG18: ELC | AH18: S1aH8 | AI18: 0.08056248
E19: 0314h09 | G19: b | I19: elc_spv-DEU | J19: S1aH9 | K19: 0.00012605487 | L19: IMPNRGZ | N19: elc_won-DEU | O19: S1aH9 | P19: 0.044361212 | Q19: IMPNRGZ | S19: elc_wof-DEU | T19: S1aH9 | U19: 0.043299573 | V19: IMPNRGZ | X19: 0.040410959 | Y19: 0.035594892 | Z19: S1aH9 | AA19: elc_roadtransport | AC19: elc_buildings | AD19: S1aH9 | AE19: 0.050177963 | AG19: ELC | AH19: S1aH9 | AI19: 0.18372288
E20: 0314h10 | G20: b | I20: elc_spv-DEU | J20: S2aH1 | K20: 0.008322983 | L20: IMPNRGZ | N20: elc_won-DEU | O20: S2aH1 | P20: 0.15112974 | Q20: IMPNRGZ | S20: elc_wof-DEU | T20: S2aH1 | U20: 0.15318679 | V20: IMPNRGZ | X20: 0.16575342 | Y20: 0.035456994 | Z20: S2aH1 | AA20: elc_roadtransport | AC20: elc_buildings | AD20: S2aH1 | AE20: 0.11031054 | AG20: ELC | AH20: S2aH1 | AI20: 0.42391859
E21: 0314h11 | G21: b | I21: elc_spv-DEU | J21: S2aH2 | K21: 0.024893195 | L21: IMPNRGZ | N21: elc_won-DEU | O21: S2aH2 | P21: 0.024420202 | Q21: IMPNRGZ | S21: elc_wof-DEU | T21: S2aH2 | U21: 0.025103081 | V21: IMPNRGZ | X21: 0.027625571 | Y21: 0.040911916 | Z21: S2aH2 | AA21: elc_roadtransport | AC21: elc_buildings | AD21: S2aH2 | AE21: 0.025949595 | AG21: ELC | AH21: S2aH2 | AI21: 0.30993023
E22: 0314h12 | G22: b | I22: elc_spv-DEU | J22: S2aH3 | K22: 0.044363807 | L22: IMPNRGZ | N22: elc_won-DEU | O22: S2aH3 | P22: 0.023848047 | Q22: IMPNRGZ | S22: elc_wof-DEU | T22: S2aH3 | U22: 0.025071265 | V22: IMPNRGZ | X22: 0.027625571 | Y22: 0.04612618 | Z22: S2aH3 | AA22: elc_roadtransport | AC22: elc_buildings | AD22: S2aH3 | AE22: 0.028476406 | AG22: ELC | AH22: S2aH3 | AI22: 0.28185593
E23: 0314h13 | G23: b | I23: elc_spv-DEU | J23: S2aH4 | K23: 0.061827369 | L23: IMPNRGZ | N23: elc_won-DEU | O23: S2aH4 | P23: 0.02349341 | Q23: IMPNRGZ | S23: elc_wof-DEU | T23: S2aH4 | U23: 0.025112709 | V23: IMPNRGZ | X23: 0.027625571 | Y23: 0.035296555 | Z23: S2aH4 | AA23: elc_roadtransport | AC23: elc_buildings | AD23: S2aH4 | AE23: 0.029894155 | AG23: ELC | AH23: S2aH4 | AI23: 0.26879431
E24: 0314h14 | G24: b | I24: elc_spv-DEU | J24: S2aH5 | K24: 0.49361831 | L24: IMPNRGZ | N24: elc_won-DEU | O24: S2aH5 | P24: 0.14336933 | Q24: IMPNRGZ | S24: elc_wof-DEU | T24: S2aH5 | U24: 0.14689469 | V24: IMPNRGZ | X24: 0.16575342 | Y24: 0.2100145 | Z24: S2aH5 | AA24: elc_roadtransport | AC24: elc_buildings | AD24: S2aH5 | AE24: 0.1787176 | AG24: ELC | AH24: S2aH5 | AI24: 0.26455734
E25: 0314h15 | G25: b | I25: elc_spv-DEU | J25: S2aH6 | K25: 0.073525463 | L25: IMPNRGZ | N25: elc_won-DEU | O25: S2aH6 | P25: 0.025172356 | Q25: IMPNRGZ | S25: elc_wof-DEU | T25: S2aH6 | U25: 0.025371782 | V25: IMPNRGZ | X25: 0.027625571 | Y25: 0.041714111 | Z25: S2aH6 | AA25: elc_roadtransport | AC25: elc_buildings | AD25: S2aH6 | AE25: 0.029447894 | AG25: ELC | AH25: S2aH6 | AI25: 0.27594163
E26: 0314h16 | G26: b | I26: elc_spv-DEU | J26: S2aH7 | K26: 0.061518167 | L26: IMPNRGZ | N26: elc_won-DEU | O26: S2aH7 | P26: 0.024779436 | Q26: IMPNRGZ | S26: elc_wof-DEU | T26: S2aH7 | U26: 0.025629966 | V26: IMPNRGZ | X26: 0.027625571 | Y26: 0.053747027 | Z26: S2aH7 | AA26: elc_roadtransport | AC26: elc_buildings | AD26: S2aH7 | AE26: 0.029559154 | AG26: ELC | AH26: S2aH7 | AI26: 0.28495403
... E91: H9 | G91: a | I91: elc_spv-DEU | J91: S2d1006h15 | K91: 0.00010325777 | L91: IMPNRGZ | N91: elc_won-DEU | O91: S2d1006h15 | P91: 1.8404622e-05 | Q91: IMPNRGZ | S91: elc_wof-DEU | T91: S2d1006h15 | U91: 2.61526e-05 | V91: IMPNRGZ | X91: 0.00011415525 | Y91: 0.00015049433 | Z91: S2d1006h15 | AA91: elc_roadtransport | AC91: elc_buildings | AD91: S2d1006h15 | AE91: 9.2876514e-05 | AG91: ELC | AH91: S2d1006h15 | AI91: 0
I92: elc_spv-DEU | J92: S2d1006h16 | K92: 8.9447506e-05 | L92: IMPNRGZ | N92: elc_won-DEU | O92: S2d1006h16 | P92: 1.88796e-05 | Q92: IMPNRGZ | S92: elc_wof-DEU | T92: S2d1006h16 | U92: 2.8225476e-05 | V92: IMPNRGZ | X92: 0.00011415525 | Y92: 0.00017237236 | Z92: S2d1006h16 | AA92: elc_roadtransport | AC92: elc_buildings | AD92: S2d1006h16 | AE92: 9.3160275e-05 | AG92: ELC | AH92: S2d1006h16 | AI92: 0
I93: elc_spv-DEU | J93: S2d1006h17 | K93: 6.0280175e-05 | L93: IMPNRGZ | N93: elc_won-DEU | O93: S2d1006h17 | P93: 2.0105462e-05 | Q93: IMPNRGZ | S93: elc_wof-DEU | T93: S2d1006h17 | U93: 3.017158e-05 | V93: IMPNRGZ | X93: 0.00011415525 | Y93: 0.00022209515 | Z93: S2d1006h17 | AA93: elc_roadtransport | AC93: elc_buildings | AD93: S2d1006h17 | AE93: 9.4490224e-05 | AG93: ELC | AH93: S2d1006h17 | AI93: 0
I94: elc_spv-DEU | J94: S2d1006h18 | K94: 3.3493744e-05 | L94: IMPNRGZ | N94: elc_won-DEU | O94: S2d1006h18 | P94: 1.9834157e-05 | Q94: IMPNRGZ | S94: elc_wof-DEU | T94: S2d1006h18 | U94: 3.3880317e-05 | V94: IMPNRGZ | X94: 0.00011415525 | Y94: 0.00022209515 | Z94: S2d1006h18 | AA94: elc_roadtransport | AC94: elc_buildings | AD94: S2d1006h18 | AE94: 9.4748188e-05 | AG94: ELC | AH94: S2d1006h18 | AI94: 0
I95: elc_spv-DEU | J95: S2d1006h19 | K95: 2.9970652e-06 | L95: IMPNRGZ | N95: elc_won-DEU | O95: S2d1006h19 | P95: 2.2973245e-05 | Q95: IMPNRGZ | S95: elc_wof-DEU | T95: S2d1006h19 | U95: 4.0033962e-05 | V95: IMPNRGZ | X95: 0.00011415525 | Y95: 0.00017237236 | Z95: S2d1006h19 | AA95: elc_roadtransport | AC95: elc_buildings | AD95: S2d1006h19 | AE95: 9.4794048e-05 | AG95: ELC | AH95: S2d1006h19 | AI95: 0
I96: elc_spv-DEU | J96: S2d1006h20 | K96: 0 | L96: IMPNRGZ | N96: elc_won-DEU | O96: S2d1006h20 | P96: 2.9371958e-05 | Q96: IMPNRGZ | S96: elc_wof-DEU | T96: S2d1006h20 | U96: 4.6030291e-05 | V96: IMPNRGZ | X96: 0.00011415525 | Y96: 0.00015579809 | Z96: S2d1006h20 | AA96: elc_roadtransport | AC96: elc_buildings | AD96: S2d1006h20 | AE96: 9.4928763e-05 | AG96: ELC | AH96: S2d1006h20 | AI96: 0
I97: elc_spv-DEU | J97: S2d1006h21 | K97: 0 | L97: IMPNRGZ | N97: elc_won-DEU | O97: S2d1006h21 | P97: 3.3904848e-05 | Q97: IMPNRGZ | S97: elc_wof-DEU | T97: S2d1006h21 | U97: 5.0388053e-05 | V97: IMPNRGZ | X97: 0.00011415525 | Y97: 0.00010939015 | Z97: S2d1006h21 | AA97: elc_roadtransport | AC97: elc_buildings | AD97: S2d1006h21 | AE97: 9.3249129e-05 | AG97: ELC | AH97: S2d1006h21 | AI97: 0
I98: elc_spv-DEU | J98: S2d1006h22 | K98: 0 | L98: IMPNRGZ | N98: elc_won-DEU | O98: S2d1006h22 | P98: 3.9185237e-05 | Q98: IMPNRGZ | S98: elc_wof-DEU | T98: S2d1006h22 | U98: 5.8974038e-05 | V98: IMPNRGZ | X98: 0.00011415525 | Y98: 7.9556473e-05 | Z98: S2d1006h22 | AA98: elc_roadtransport | AC98: elc_buildings | AD98: S2d1006h22 | AE98: 8.7966596e-05 | AG98: ELC | AH98: S2d1006h22 | AI98: 0
I99: elc_spv-DEU | J99: S2d1006h23 | K99: 0 | L99: IMPNRGZ | N99: elc_won-DEU | O99: S2d1006h23 | P99: 4.7913592e-05 | Q99: IMPNRGZ | S99: elc_wof-DEU | T99: S2d1006h23 | U99: 7.4289608e-05 | V99: IMPNRGZ | X99: 0.00011415525 | Y99: 5.6352501e-05 | Z99: S2d1006h23 | AA99: elc_roadtransport | AC99: elc_buildings | AD99: S2d1006h23 | AE99: 8.8551315e-05 | AG99: ELC | AH99: S2d1006h23 | AI99: 0
I100: elc_spv-DEU | J100: S2d1006h24 | K100: 0 | L100: IMPNRGZ | N100: elc_won-DEU | O100: S2d1006h24 | P100: 5.0412181e-05 | Q100: IMPNRGZ | S100: elc_wof-DEU | T100: S2d1006h24 | U100: 7.5977041e-05 | V100: IMPNRGZ | X100: 0.00011415525 | Y100: 2.9833677e-05 | Z100: S2d1006h24 | AA100: elc_roadtransport | AC100: elc_buildings | AD100: S2d1006h24 | AE100: 7.8390391e-05 | AG100: ELC | AH100: S2d1006h24 | AI100: 0
I101: elc_spv-DEU | J101: S3aH1 | K101: 0 | L101: IMPNRGZ | N101: elc_won-DEU | O101: S3aH1 | P101: 0.023270983 | Q101: IMPNRGZ | S101: elc_wof-DEU | T101: S3aH1 | U101: 0.023147018 | V101: IMPNRGZ | X101: 0.020547945 | Y101: 0.0043954951 | Z101: S3aH1 | AA101: elc_roadtransport | AC101: elc_buildings | AD101: S3aH1 | AE101: 0.015405648 | AG101: ELC | AH101: S3aH1 | AI101: 0.22402
I102: elc_spv-DEU | J102: S3aH2 | K102: 0 | L102: IMPNRGZ | N102: elc_won-DEU | O102: S3aH2 | P102: 0.0038521436 | Q102: IMPNRGZ | S102: elc_wof-DEU | T102: S3aH2 | U102: 0.0037017099 | V102: IMPNRGZ | X102: 0.0034246575 | Y102: 0.0050717251 | Z102: S3aH2 | AA102: elc_roadtransport | AC102: elc_buildings | AD102: S3aH2 | AE102: 0.0036545445 | AG102: ELC | AH102: S3aH2 | AI102: 0.11358643
I103: elc_spv-DEU | J103: S3aH3 | K103: 0.00010476133 | L103: IMPNRGZ | N103: elc_won-DEU | O103: S3aH3 | P103: 0.003848464 | Q103: IMPNRGZ | S103: elc_wof-DEU | T103: S3aH3 | U103: 0.0037344517 | V103: IMPNRGZ | X103: 0.0034246575 | Y103: 0.0057181215 | Z103: S3aH3 | AA103: elc_roadtransport | AC103: elc_buildings | AD103: S3aH3 | AE103: 0.0038592792 | AG103: ELC | AH103: S3aH3 | AI103: 0.096767771
... I118: elc_spv-DEU | J118: S4aH9 | K118: 0 | L118: IMPNRGZ | N118: elc_won-DEU | O118: S4aH9 | P118: 0.03317323 | Q118: IMPNRGZ | S118: elc_wof-DEU | T118: S4aH9 | U118: 0.030508743 | V118: IMPNRGZ | X118: 0.021232877 | Y118: 0.018702401 | Z118: S4aH9 | AA118: elc_roadtransport | AC118: elc_buildings | AD118: S4aH9 | AE118: 0.023135331 | AG118: ELC | AH118: S4aH9 | AI118: 0.17338769
AC119: elc_industry | AD119: S1aH1 | AE119: 0.03970732
AC120: elc_industry | AD120: S1aH2 | AE120: 0.0067596279
AC121: elc_industry | AD121: S1aH3 | AE121: 0.0067836594
AC122: elc_industry | AD122: S1aH4 | AE122: 0.0068029382
AC123: elc_industry | AD123: S1aH5 | AE123: 0.040840931
AC124: elc_industry | AD124: S1aH6 | AE124: 0.0068091269
AC125: elc_industry | AD125: S1aH7 | AE125: 0.0068199362
AC126: elc_industry | AD126: S1aH8 | AE126: 0.0068223879
AC127: elc_industry | AD127: S1aH9 | AE127: 0.040494564
AC128: elc_industry | AD128: S2aH1 | AE128: 0.16325776
AC129: elc_industry | AD129: S2aH2 | AE129: 0.0276338
AC130: elc_industry | AD130: S2aH3 | AE130: 0.027775489
... AC226: elc_industry | AD226: S4aH9 | AE226: 0.021248641

Sheet s3p3v3_d
C9: =IF(A11="x","DeActivated","~TimeSlices") -> DeActivated | I9: =IF(A11="x","DeActivated","~TFM_DINS-AT") -> DeActivated | N9: =IF(A11="x","DeActivated","~TFM_DINS-AT") -> DeActivated | S9: =IF(A11="x","DeActivated","~TFM_DINS-AT") -> DeActivated | X9: =IF(A11="x","DeActivated","~TFM_DINS-AT") -> DeActivated | AC9: =IF(A11="x","DeActivated","~TFM_DINS-AT") -> DeActivated | AG9: =IF(A11="x","DeActivated","~TFM_DINS-AT") -> DeActivated | AK9: =IF(A11="x","DeActivated","~TFM_INS-AT") -> DeActivated
A10: s3p3v3_d | C10: season | D10: weekly | E10: daynite | F10: wparent | G10: dparent | I10: commodity | J10: timeslice | K10: com_fr | L10: process | N10: commodity | O10: timeslice | P10: com_fr | Q10: process | S10: commodity | T10: timeslice | U10: com_fr | V10: process | X10: g_yrfr | Y10: com_fr | Z10: timeslice | AA10: commodity | AC10: commodity | AD10: timeslice | AE10: com_fr | AG10: commodity | AH10: timeslice | AI10: com_pkflx | AK10: timeslice | AL10: ncap_afs | AM10: pset_ci
A11: =IFERROR(IF(Veda!D5=A10,"ok","x"),"") -> x | C11: S1 | D11: a | E11: 0131h01 | F11: S1,S2,S3,S4,S5,S6 | G11: b | I11: elc_spv-DEU | J11: S1aH1 | K11: 0 | L11: IMPNRGZ | N11: elc_won-DEU | O11: S1aH1 | P11: 0.042498303 | Q11: IMPNRGZ | S11: elc_wof-DEU | T11: S1aH1 | U11: 0.041270326 | V11: IMPNRGZ | X11: 0.039726027 | Y11: 0.0084979572 | Z11: S1aH1 | AA11: elc_roadtransport | AC11: elc_buildings | AD11: S1aH1 | AE11: 0.035562653 | AG11: ELC | AH11: S1aH1 | AI11: 0.20925643 | AK11: S1 | AL11: 0.18244762 | AM11: hydro
C12: S2 | D12: b | E12: 0131h02 | F12: S1 | G12: b | I12: elc_spv-DEU | J12: S1aH2 | K12: 0 | L12: IMPNRGZ | N12: elc_won-DEU | O12: S1aH2 | P12: 0.0072034862 | Q12: IMPNRGZ | S12: elc_wof-DEU | T12: S1aH2 | U12: 0.0068022629 | V12: IMPNRGZ | X12: 0.0066210046 | Y12: 0.0098053353 | Z12: S1aH2 | AA12: elc_roadtransport | AC12: elc_buildings | AD12: S1aH2 | AE12: 0.0084034429 | AG12: ELC | AH12: S1aH2 | AI12: 0.084701941 | AK12: S4 | AL12: 0.09081218 | AM12: hydro
C13: S3 | D13: c | E13: 0131h03 | F13: S2 | G13: b | I13: elc_spv-DEU | J13: S1aH3 | K13: 0.000212831 | L13: IMPNRGZ | N13: elc_won-DEU | O13: S1aH3 | P13: 0.0072125695 | Q13: IMPNRGZ | S13: elc_wof-DEU | T13: S1aH3 | U13: 0.0068057513 | V13: IMPNRGZ | X13: 0.0066210046 | Y13: 0.011055035 | Z13: S1aH3 | AA13: elc_roadtransport | AC13: elc_buildings | AD13: S1aH3 | AE13: 0.0088193987 | AG13: ELC | AH13: S1aH3 | AI13: 0.085238267 | AK13: S2 | AL13: 0.32525199 | AM13: hydro
C14: S4 | D14: d | E14: 0131h04 | F14: S2 | G14: b | I14: elc_spv-DEU | J14: S1aH4 | K14: 0.0024401687 | L14: IMPNRGZ | N14: elc_won-DEU | O14: S1aH4 | P14: 0.0071597974 | Q14: IMPNRGZ | S14: elc_wof-DEU | T14: S1aH4 | U14: 0.0068492182 | V14: IMPNRGZ | X14: 0.0066210046 | Y14: 0.0084595049 | Z14: S1aH4 | AA14: elc_roadtransport | AC14: elc_buildings | AD14: S1aH4 | AE14: 0.0091612299 | AG14: ELC | AH14: S1aH4 | AI14: 0.080624193 | AK14: S6 | AL14: 0.084099425 | AM14: hydro
C15: S5 | D15: e | E15: 0131h05 | F15: S2 | G15: b | I15: elc_spv-DEU | J15: S1aH5 | K15: 0.061035615 | L15: IMPNRGZ | N15: elc_won-DEU | O15: S1aH5 | P15: 0.048312418 | Q15: IMPNRGZ | S15: elc_wof-DEU | T15: S1aH5 | U15: 0.047886866 | V15: IMPNRGZ | X15: 0.046347032 | Y15: 0.060331651 | Z15: S1aH5 | AA15: elc_roadtransport | AC15: elc_buildings | AD15: S1aH5 | AE15: 0.064657313 | AG15: ELC | AH15: S1aH5 | AI15: 0.085892017 | AK15: S5 | AL15: 0.074790226 | AM15: hydro
C16: S6 | D16: f | E16: 0131h06 | F16: S3 | G16: b | I16: elc_spv-DEU | J16: S1aH6 | K16: 0.0047932032 | L16: IMPNRGZ | N16: elc_won-DEU | O16: S1aH6 | P16: 0.006868141 | Q16: IMPNRGZ | S16: elc_wof-DEU | T16: S1aH6 | U16: 0.0069505266 | V16: IMPNRGZ | X16: 0.0066210046 | Y16: 0.012881519 | Z16: S1aH6 | AA16: elc_roadtransport | AC16: elc_buildings | AD16: S1aH6 | AE16: 0.0094636242 | AG16: ELC | AH16: S1aH6 | AI16: 0.079465889 | AK16: S3 | AL16: 0.44259855 | AM16: hydro
D17: g | E17: 0131h07 | F17: S3 | G17: b | I17: elc_spv-DEU | J17: S1aH7 | K17: 0.0017858554 | L17: IMPNRGZ | N17: elc_won-DEU | O17: S1aH7 | P17: 0.0069984369 | Q17: IMPNRGZ | S17: elc_wof-DEU | T17: S1aH7 | U17: 0.0070637211 | V17: IMPNRGZ | X17: 0.0066210046 | Y17: 0.012881519 | Z17: S1aH7 | AA17: elc_roadtransport | AC17: elc_buildings | AD17: S1aH7 | AE17: 0.0095073749 | AG17: ELC | AH17: S1aH7 | AI17: 0.08046481
D18: h | E18: 0131h08 | F18: S3 | G18: b | I18: elc_spv-DEU | J18: S1aH8 | K18: 0.00012605487 | L18: IMPNRGZ | N18: elc_won-DEU | O18: S1aH8 | P18: 0.042698665 | Q18: IMPNRGZ | S18: elc_wof-DEU | T18: S1aH8 | U18: 0.041960988 | V18: IMPNRGZ | X18: 0.039726027 | Y18: 0.034991589 | Z18: S1aH8 | AA18: elc_roadtransport | AC18: elc_buildings | AD18: S1aH8 | AE18: 0.049358819 | AG18: ELC | AH18: S1aH8 | AI18: 0.18324839
D19: i | E19: 0131h09 | F19: S4 | G19: b | I19: elc_spv-DEU | J19: S1b0131h01 | K19: 0 | L19: IMPNRGZ | N19: elc_won-DEU | O19: S1b0131h01 | P19: 0.00027729086 | Q19: IMPNRGZ | S19: elc_wof-DEU | T19: S1b0131h01 | U19: 0.00018377806 | V19: IMPNRGZ | X19: 0.00011415525 | Y19: 2.1546545e-05 | Z19: S1b0131h01 | AA19: elc_roadtransport | AC19: elc_buildings | AD19: S1b0131h01 | AE19: 9.270963e-05 | AG19: ELC | AH19: S1b0131h01 | AI19: 0
D20: j | E20: 0131h10 | F20: S5 | G20: b | I20: elc_spv-DEU | J20: S1b0131h02 | K20: 0 | L20: IMPNRGZ | N20: elc_won-DEU | O20: S1b0131h02 | P20: 0.00027622229 | Q20: IMPNRGZ | S20: elc_wof-DEU | T20: S1b0131h02 | U20: 0.00013652428 | V20: IMPNRGZ | X20: 0.00011415525 | Y20: 1.4916839e-05 | Z20: S1b0131h02 | AA20: elc_roadtransport | AC20: elc_buildings | AD20: S1b0131h02 | AE20: 8.850768e-05 | AG20: ELC | AH20: S1b0131h02 | AI20: 0
E21: 0131h11 | G21: b | I21: elc_spv-DEU | J21: S1b0131h03 | K21: 0 | L21: IMPNRGZ | N21: elc_won-DEU | O21: S1b0131h03 | P21: 0.00027622229 | Q21: IMPNRGZ | S21: elc_wof-DEU | T21: S1b0131h03 | U21: 0.00016814186 | V21: IMPNRGZ | X21: 0.00011415525 | Y21: 1.6574265e-05 | Z21: S1b0131h03 | AA21: elc_roadtransport | AC21: elc_buildings | AD21: S1b0131h03 | AE21: 8.8218187e-05 | AG21: ELC | AH21: S1b0131h03 | AI21: 0
E22: 0131h12 | G22: b | I22: elc_spv-DEU | J22: S1b0131h04 | K22: 0 | L22: IMPNRGZ | N22: elc_won-DEU | O22: S1b0131h04 | P22: 0.00027557127 | Q22: IMPNRGZ | S22: elc_wof-DEU | T22: S1b0131h04 | U22: 0.00016995603 | V22: IMPNRGZ | X22: 0.00011415525 | Y22: 1.4585353e-05 | Z22: S1b0131h04 | AA22: elc_roadtransport | AC22: elc_buildings | AD22: S1b0131h04 | AE22: 8.8218187e-05 | AG22: ELC | AH22: S1b0131h04 | AI22: 0
E23: 0131h13 | G23: b | I23: elc_spv-DEU | J23: S1b0131h05 | K23: 0 | L23: IMPNRGZ | N23: elc_won-DEU | O23: S1b0131h05 | P23: 0.00027557127 | Q23: IMPNRGZ | S23: elc_wof-DEU | T23: S1b0131h05 | U23: 0.00019319761 | V23: IMPNRGZ | X23: 0.00011415525 | Y23: 2.1215059e-05 | Z23: S1b0131h05 | AA23: elc_roadtransport | AC23: elc_buildings | AD23: S1b0131h05 | AE23: 9.5902654e-05 | AG23: ELC | AH23: S1b0131h05 | AI23: 0
E24: 0131h14 | G24: b | I24: elc_spv-DEU | J24: S1b0131h06 | K24: 0 | L24: IMPNRGZ | N24: elc_won-DEU | O24: S1b0131h06 | P24: 0.00027586692 | Q24: IMPNRGZ | S24: elc_wof-DEU | T24: S1b0131h06 | U24: 0.00020865131 | V24: IMPNRGZ | X24: 0.00011415525 | Y24: 5.7678443e-05 | Z24: S1b0131h06 | AA24: elc_roadtransport | AC24: elc_buildings | AD24: S1b0131h06 | AE24: 0.00012241278 | AG24: ELC | AH24: S1b0131h06 | AI24: 0
E25: 0131h15 | G25: b | I25: elc_spv-DEU | J25: S1b0131h07 | K25: 0 | L25: IMPNRGZ | N25: elc_won-DEU | O25: S1b0131h07 | P25: 0.00027371071 | Q25: IMPNRGZ | S25: elc_wof-DEU | T25: S1b0131h07 | U25: 0.00022324221 | V25: IMPNRGZ | X25: 0.00011415525 | Y25: 0.0001690575 | Z25: S1b0131h07 | AA25: elc_roadtransport | AC25: elc_buildings | AD25: S1b0131h07 | AE25: 0.00014740664 | AG25: ELC | AH25: S1b0131h07 | AI25: 0
E26: 0131h16 | G26: b | I26: elc_spv-DEU | J26: S1b0131h08 | K26: 0 | L26: IMPNRGZ | N26: elc_won-DEU | O26: S1b0131h08 | P26: 0.0002734829 | Q26: IMPNRGZ | S26: elc_wof-DEU | T26: S1b0131h08 | U26: 0.00022324221 | V26: IMPNRGZ | X26: 0.00011415525 | Y26: 0.00019060405 | Z26: S1b0131h08 | AA26: elc_roadtransport | AC26: elc_buildings | AD26: S1b0131h08 | AE26: 0.00016001822 | AG26: ELC | AH26: S1b0131h08 | AI26: 0
E27: 0131h17 | G27: b | I27: elc_spv-DEU | J27: S1b0131h09 | K27: 7.470099e-05 | L27: IMPNRGZ | N27: elc_won-DEU | O27: S1b0131h09 | P27: 0.00027157583 | Q27: IMPNRGZ | S27: elc_wof-DEU | T27: S1b0131h09 | U27: 0.00021801267 | V27: IMPNRGZ | X27: 0.00011415525 | Y27: 0.00014585353 | Z27: S1b0131h09 | AA27: elc_roadtransport | AC27: elc_buildings | AD27: S1b0131h09 | AE27: 0.00016199595 | AG27: ELC | AH27: S1b0131h09 | AI27: 0
E28: 0131h18 | G28: b | I28: elc_spv-DEU | J28: S1b0131h10 | K28: 0.0001706197 | L28: IMPNRGZ | N28: elc_won-DEU | O28: S1b0131h10 | P28: 0.0002732112 | Q28: IMPNRGZ | S28: elc_wof-DEU | T28: S1b0131h10 | U28: 0.00022274874 | V28: IMPNRGZ | X28: 0.00011415525 | Y28: 0.00014452759 | Z28: S1b0131h10 | AA28: elc_roadtransport | AC28: elc_buildings | AD28: S1b0131h10 | AE28: 0.00016164053 | AG28: ELC | AH28: S1b0131h10 | AI28: 0
E29: 0131h19 | G29: b | I29: elc_spv-DEU | J29: S1b0131h11 | K29: 0.00022169456 | L29: IMPNRGZ | N29: elc_won-DEU | O29: S1b0131h11 | P29: 0.00027604781 | Q29: IMPNRGZ | S29: elc_wof-DEU | T29: S1b0131h11 | U29: 0.00022314558 | V29: IMPNRGZ | X29: 0.00011415525 | Y29: 0.00014088125 | Z29: S1b0131h11 | AA29: elc_roadtransport | AC29: elc_buildings | AD29: S1b0131h11 | AE29: 0.00016164626 | AG29: ELC | AH29: S1b0131h11 | AI29: 0
E30: 0131h20 | G30: b | I30: elc_spv-DEU | J30: S1b0131h12 | K30: 0.00025603166 | L30: IMPNRGZ | N30: elc_won-DEU | O30: S1b0131h12 | P30: 0.0002776288 | Q30: IMPNRGZ | S30: elc_wof-DEU | T30: S1b0131h12 | U30: 0.00022316983 | V30: IMPNRGZ | X30: 0.00011415525 | Y30: 0.00014054977 | Z30: S1b0131h12 | AA30: elc_roadtransport | AC30: elc_buildings | AD30: S1b0131h12 | AE30: 0.00016148862 | AG30: ELC | AH30: S1b0131h12 | AI30: 0
E31: 0131h21 | G31: b | I31: elc_spv-DEU | J31: S1b0131h13 | K31: 0.00023785728 | L31: IMPNRGZ | N31: elc_won-DEU | O31: S1b0131h13 | P31: 0.00027833053 | Q31: IMPNRGZ | S31: elc_wof-DEU | T31: S1b0131h13 | U31: 0.00022322073 | V31: IMPNRGZ | X31: 0.00011415525 | Y31: 0.00014253868 | Z31: S1b0131h13 | AA31: elc_roadtransport | AC31: elc_buildings | AD31: S1b0131h13 | AE31: 0.00016171219 | AG31: ELC | AH31: S1b0131h13 | AI31: 0
E32: 0131h22 | G32: b | I32: elc_spv-DEU | J32: S1b0131h14 | K32: 0.00023886956 | L32: IMPNRGZ | N32: elc_won-DEU | O32: S1b0131h14 | P32: 0.00027835892 | Q32: IMPNRGZ | S32: elc_wof-DEU | T32: S1b0131h14 | U32: 0.0002231862 | V32: IMPNRGZ | X32: 0.00011415525 | Y32: 0.0001488369 | Z32: S1b0131h14 | AA32: elc_roadtransport | AC32: elc_buildings | AD32: S1b0131h14 | AE32: 0.00016171219 | AG32: ELC | AH32: S1b0131h14 | AI32: 0
... E234: H8 | G234: a | I234: elc_spv-DEU | J234: S4i1006h24 | K234: 0 | L234: IMPNRGZ | N234: elc_won-DEU | O234: S4i1006h24 | P234: 5.0412181e-05 | Q234: IMPNRGZ | S234: elc_wof-DEU | T234: S4i1006h24 | U234: 7.5977041e-05 | V234: IMPNRGZ | X234: 0.00011415525 | Y234: 2.9833677e-05 | Z234: S4i1006h24 | AA234: elc_roadtransport | AC234: elc_buildings | AD234: S4i1006h24 | AE234: 7.8390391e-05 | AG234: ELC | AH234: S4i1006h24 | AI234: 0
I235: elc_spv-DEU | J235: S5aH1 | K235: 0 | L235: IMPNRGZ | N235: elc_won-DEU | O235: S5aH1 | P235: 0.023200133 | Q235: IMPNRGZ | S235: elc_wof-DEU | T235: S5aH1 | U235: 0.022927476 | V235: IMPNRGZ | X235: 0.019863014 | Y235: 0.0042489786 | Z235: S5aH1 | AA235: elc_roadtransport | AC235: elc_buildings | AD235: S5aH1 | AE235: 0.014877044 | AG235: ELC | AH235: S5aH1 | AI235: 0.22462721
I236: elc_spv-DEU | J236: S5aH2 | K236: 0 | L236: IMPNRGZ | N236: elc_won-DEU | O236: S5aH2 | P236: 0.0038441028 | Q236: IMPNRGZ | S236: elc_wof-DEU | T236: S5aH2 | U236: 0.0036863679 | V236: IMPNRGZ | X236: 0.0033105023 | Y236: 0.0049026676 | Z236: S5aH2 | AA236: elc_roadtransport | AC236: elc_buildings | AD236: S5aH2 | AE236: 0.0035190845 | AG236: ELC | AH236: S5aH2 | AI236: 0.1160741
I237: elc_spv-DEU | J237: S5aH3 | K237: 0.00010476133 | L237: IMPNRGZ | N237: elc_won-DEU | O237: S5aH3 | P237: 0.0038399973 | Q237: IMPNRGZ | S237: elc_wof-DEU | T237: S5aH3 | U237: 0.0037158214 | V237: IMPNRGZ | X237: 0.0033105023 | Y237: 0.0055275174 | Z237: S5aH3 | AA237: elc_roadtransport | AC237: elc_buildings | AD237: S5aH3 | AE237: 0.0037166765 | AG237: ELC | AH237: S5aH3 | AI237: 0.099196441
I238: elc_spv-DEU | J238: S5aH4 | K238: 0.0012240571 | L238: IMPNRGZ | N238: elc_won-DEU | O238: S5aH4 | P238: 0.0038036064 | Q238: IMPNRGZ | S238: elc_wof-DEU | T238: S5aH4 | U238: 0.0037470078 | V238: IMPNRGZ | X238: 0.0033105023 | Y238: 0.0042297525 | Z238: S5aH4 | AA238: elc_roadtransport | AC238: elc_buildings | AD238: S5aH4 | AE238: 0.00391745 | AG238: ELC | AH238: S5aH4 | AI238: 0.10020573
I239: elc_spv-DEU | J239: S5aH5 | K239: 0.025112083 | L239: IMPNRGZ | N239: elc_won-DEU | O239: S5aH5 | P239: 0.024919717 | Q239: IMPNRGZ | S239: elc_wof-DEU | T239: S5aH5 | U239: 0.025962125 | V239: IMPNRGZ | X239: 0.023173516 | Y239: 0.030165826 | Z239: S5aH5 | AA239: elc_roadtransport | AC239: elc_buildings | AD239: S5aH5 | AE239: 0.02748943 | AG239: ELC | AH239: S5aH5 | AI239: 0.10811368
I240: elc_spv-DEU | J240: S5aH6 | K240: 0.0013822813 | L240: IMPNRGZ | N240: elc_won-DEU | O240: S5aH6 | P240: 0.003522987 | Q240: IMPNRGZ | S240: elc_wof-DEU | T240: S5aH6 | U240: 0.0036449221 | V240: IMPNRGZ | X240: 0.0033105023 | Y240: 0.0064407594 | Z240: S5aH6 | AA240: elc_roadtransport | AC240: elc_buildings | AD240: S5aH6 | AE240: 0.0040120312 | AG240: ELC | AH240: S5aH6 | AI240: 0.084614653
I241: elc_spv-DEU | J241: S5aH7 | K241: 8.1893094e-05 | L241: IMPNRGZ | N241: elc_won-DEU | O241: S5aH7 | P241: 0.0035485224 | Q241: IMPNRGZ | S241: elc_wof-DEU | T241: S5aH7 | U241: 0.003658758 | V241: IMPNRGZ | X241: 0.0033105023 | Y241: 0.0064407594 | Z241: S5aH7 | AA241: elc_roadtransport | AC241: elc_buildings | AD241: S5aH7 | AE241: 0.0040433738 | AG241: ELC | AH241: S5aH7 | AI241: 0.08527935
I242: elc_spv-DEU | J242: S5aH8 | K242: 0 | L242: IMPNRGZ | N242: elc_won-DEU | O242: S5aH8 | P242: 0.021418187 | Q242: IMPNRGZ | S242: elc_wof-DEU | T242: S5aH8 | U242: 0.022312779 | V242: IMPNRGZ | X242: 0.019863014 | Y242: 0.017495794 | Z242: S5aH8 | AA242: elc_roadtransport | AC242: elc_buildings | AD242: S5aH8 | AE242: 0.020961368 | AG242: ELC | AH242: S5aH8 | AI242: 0.19074256
I243: elc_spv-DEU | J243: S5j1115h01 | K243: 0 | L243: IMPNRGZ | N243: elc_won-DEU | O243: S5j1115h01 | P243: 1.8019032e-05 | Q243: IMPNRGZ | S243: elc_wof-DEU | T243: S5j1115h01 | U243: 5.7253963e-05 | V243: IMPNRGZ | X243: 0.00011415525 | Y243: 2.1546545e-05 | Z243: S5j1115h01 | AA243: elc_roadtransport | AC243: elc_buildings | AD243: S5j1115h01 | AE243: 8.5165544e-05 | AG243: ELC | AH243: S5j1115h01 | AI243: 0
I244: elc_spv-DEU | J244: S5j1115h02 | K244: 0 | L244: IMPNRGZ | N244: elc_won-DEU | O244: S5j1115h02 | P244: 1.2744314e-05 | Q244: IMPNRGZ | S244: elc_wof-DEU | T244: S5j1115h02 | U244: 4.6083289e-05 | V244: IMPNRGZ | X244: 0.00011415525 | Y244: 1.4916839e-05 | Z244: S5j1115h02 | AA244: elc_roadtransport | AC244: elc_buildings | AD244: S5j1115h02 | AE244: 8.1144169e-05 | AG244: ELC | AH244: S5j1115h02 | AI244: 0
I245: elc_spv-DEU | J245: S5j1115h03 | K245: 0 | L245: IMPNRGZ | N245: elc_won-DEU | O245: S5j1115h03 | P245: 9.3806803e-06 | Q245: IMPNRGZ | S245: elc_wof-DEU | T245: S5j1115h03 | U245: 3.8022059e-05 | V245: IMPNRGZ | X245: 0.00011415525 | Y245: 1.6574265e-05 | Z245: S5j1115h03 | AA245: elc_roadtransport | AC245: elc_buildings | AD245: S5j1115h03 | AE245: 8.0714229e-05 | AG245: ELC | AH245: S5j1115h03 | AI245: 0
I246: elc_spv-DEU | J246: S5j1115h04 | K246: 0 | L246: IMPNRGZ | N246: elc_won-DEU | O246: S5j1115h04 | P246: 9.589311e-06 | Q246: IMPNRGZ | S246: elc_wof-DEU | T246: S5j1115h04 | U246: 3.4182073e-05 | V246: IMPNRGZ | X246: 0.00011415525 | Y246: 1.4585353e-05 | Z246: S5j1115h04 | AA246: elc_roadtransport | AC246: elc_buildings | AD246: S5j1115h04 | AE246: 8.0714229e-05 | AG246: ELC | AH246: S5j1115h04 | AI246: 0
... I274: elc_spv-DEU | J274: S6aH8 | K274: 0 | L274: IMPNRGZ | N274: elc_won-DEU | O274: S6aH8 | P274: 0.03317323 | Q274: IMPNRGZ | S274: elc_wof-DEU | T274: S6aH8 | U274: 0.030508743 | V274: IMPNRGZ | X274: 0.021232877 | Y274: 0.018702401 | Z274: S6aH8 | AA274: elc_roadtransport | AC274: elc_buildings | AD274: S6aH8 | AE274: 0.023135331 | AG274: ELC | AH274: S6aH8 | AI274: 0.17338769
AC275: elc_industry | AD275: S1aH1 | AE275: 0.039037301
AC276: elc_industry | AD276: S1aH2 | AE276: 0.0066450751
AC277: elc_industry | AD277: S1aH3 | AE277: 0.0066683995
AC278: elc_industry | AD278: S1aH4 | AE278: 0.0066875674
AC279: elc_industry | AD279: S1aH5 | AE279: 0.046842618
AC280: elc_industry | AD280: S1aH6 | AE280: 0.0067045239
AC281: elc_industry | AD281: S1aH7 | AE281: 0.0067069772
AC282: elc_industry | AD282: S1aH8 | AE282: 0.039810909
AC283: elc_industry | AD283: S1b0131h01 | AE283: 0.00011148565
AC284: elc_industry | AD284: S1b0131h02 | AE284: 0.00011125003
AC285: elc_industry | AD285: S1b0131h03 | AE285: 0.0001112338
AC286: elc_industry | AD286: S1b0131h04 | AE286: 0.0001112338
... AC538: elc_industry | AD538: S6aH8 | AE538: 0.021248641

Sheet s2_w
C9: =IF(A11="x","DeActivated","~TimeSlices") -> ~TimeSlices | I9: =IF(A11="x","DeActivated","~TFM_DINS-AT") -> ~TFM_DINS-AT | N9: =IF(A11="x","DeActivated","~TFM_DINS-AT") -> ~TFM_DINS-AT | S9: =IF(A11="x","DeActivated","~TFM_DINS-AT") -> ~TFM_DINS-AT | X9: =IF(A11="x","DeActivated","~TFM_DINS-AT") -> ~TFM_DINS-AT | AC9: =IF(A11="x","DeActivated","~TFM_DINS-AT") -> ~TFM_DINS-AT | AG9: =IF(A11="x","DeActivated","~TFM_DINS-AT") -> ~TFM_DINS-AT | AK9: =IF(A11="x","DeActivated","~TFM_INS-AT") -> ~TFM_INS-AT
A10: s2_w | C10: season | D10: weekly | E10: daynite | F10: wparent | G10: dparent | I10: commodity | J10: timeslice | K10: com_fr | L10: process | N10: commodity | O10: timeslice | P10: com_fr | Q10: process | S10: commodity | T10: timeslice | U10: com_fr | V10: process | X10: g_yrfr | Y10: com_fr | Z10: timeslice | AA10: commodity | AC10: commodity | AD10: timeslice | AE10: com_fr | AG10: commodity | AH10: timeslice | AI10: com_pkflx | AK10: timeslice | AL10: ncap_afs | AM10: pset_ci
A11: =IFERROR(IF(Veda!D5=A10,"ok","x"),"") -> ok | C11: S1 | D11: a | E11: 0910h01 | F11: S1,S2,S3,S4,S5,S6 | G11: b | I11: elc_spv-DEU | J11: S1aH1 | K11: 0 | L11: IMPNRGZ | N11: elc_won-DEU | O11: S1aH1 | P11: 0.044155048 | Q11: IMPNRGZ | S11: elc_wof-DEU | T11: S1aH1 | U11: 0.042330576 | V11: IMPNRGZ | X11: 0.040410959 | Y11: 0.0086444737 | Z11: S1aH1 | AA11: elc_roadtransport | AC11: elc_buildings | AD11: S1aH1 | AE11: 0.036138622 | AG11: ELC | AH11: S1aH1 | AI11: 0.20993759 | AK11: S4 | AL11: 0.09081218 | AM11: hydro
C12: S2 | D12: b | E12: 0910h02 | F12: S3 | G12: b | I12: elc_spv-DEU | J12: S1aH2 | K12: 0 | L12: IMPNRGZ | N12: elc_won-DEU | O12: S1aH2 | P12: 0.0074771969 | Q12: IMPNRGZ | S12: elc_wof-DEU | T12: S1aH2 | U12: 0.0070255051 | V12: IMPNRGZ | X12: 0.0067351598 | Y12: 0.0099743928 | Z12: S1aH2 | AA12: elc_roadtransport | AC12: elc_buildings | AD12: S1aH2 | AE12: 0.0085508495 | AG12: ELC | AH12: S1aH2 | AI12: 0.084513739 | AK12: S2 | AL12: 0.32525199 | AM12: hydro
C13: S3 | D13: c | E13: 0910h03 | F13: S5 | G13: b | I13: elc_spv-DEU | J13: S1aH3 | K13: 0.000212831 | L13: IMPNRGZ | N13: elc_won-DEU | O13: S1aH3 | P13: 0.0074860524 | Q13: IMPNRGZ | S13: elc_wof-DEU | T13: S1aH3 | U13: 0.0070289935 | V13: IMPNRGZ | X13: 0.0067351598 | Y13: 0.011245639 | Z13: S1aH3 | AA13: elc_roadtransport | AC13: elc_buildings | AD13: S1aH3 | AE13: 0.0089794169 | AG13: ELC | AH13: S1aH3 | AI13: 0.084639654 | AK13: S5 | AL13: 0.074790226 | AM13: hydro
C14: S4 | E14: 0910h04 | G14: b | I14: elc_spv-DEU | J14: S1aH4 | K14: 0.0025148697 | L14: IMPNRGZ | N14: elc_won-DEU | O14: S1aH4 | P14: 0.0074313732 | Q14: IMPNRGZ | S14: elc_wof-DEU | T14: S1aH4 | U14: 0.0070672308 | V14: IMPNRGZ | X14: 0.0067351598 | Y14: 0.0086053585 | Z14: S1aH4 | AA14: elc_roadtransport | AC14: elc_buildings | AD14: S1aH4 | AE14: 0.0093232259 | AG14: ELC | AH14: S1aH4 | AI14: 0.080333358 | AK14: S1 | AL14: 0.18244762 | AM14: hydro
C15: S5 | E15: 0910h05 | G15: b | I15: elc_spv-DEU | J15: S1aH5 | K15: 0.062558672 | L15: IMPNRGZ | N15: elc_won-DEU | O15: S1aH5 | P15: 0.050253046 | Q15: IMPNRGZ | S15: elc_wof-DEU | T15: S1aH5 | U15: 0.049448651 | V15: IMPNRGZ | X15: 0.047146119 | Y15: 0.061371852 | Z15: S1aH5 | AA15: elc_roadtransport | AC15: elc_buildings | AD15: S1aH5 | AE15: 0.06578849 | AG15: ELC | AH15: S1aH5 | AI15: 0.085727726 | AK15: S6 | AL15: 0.084099425 | AM15: hydro
C16: S6 | E16: 0910h06 | G16: b | I16: elc_spv-DEU | J16: S1aH6 | K16: 0.0048844499 | L16: IMPNRGZ | N16: elc_won-DEU | O16: S1aH6 | P16: 0.0071465471 | Q16: IMPNRGZ | S16: elc_wof-DEU | T16: S1aH6 | U16: 0.0071736353 | V16: IMPNRGZ | X16: 0.0067351598 | Y16: 0.013103614 | Z16: S1aH6 | AA16: elc_roadtransport | AC16: elc_buildings | AD16: S1aH6 | AE16: 0.0096263596 | AG16: ELC | AH16: S1aH6 | AI16: 0.079506795 | AK16: S3 | AL16: 0.44259855 | AM16: hydro
E17: 0910h07 | G17: b | I17: elc_spv-DEU | J17: S1aH7 | K17: 0.0018062388 | L17: IMPNRGZ | N17: elc_won-DEU | O17: S1aH7 | P17: 0.0072770367 | Q17: IMPNRGZ | S17: elc_wof-DEU | T17: S1aH7 | U17: 0.0072869486 | V17: IMPNRGZ | X17: 0.0067351598 | Y17: 0.013103614 | Z17: S1aH7 | AA17: elc_roadtransport | AC17: elc_buildings | AD17: S1aH7 | AE17: 0.0096700817 | AG17: ELC | AH17: S1aH7 | AI17: 0.08056248
E18: 0910h08 | G18: b | I18: elc_spv-DEU | J18: S1aH8 | K18: 0.00012605487 | L18: IMPNRGZ | N18: elc_won-DEU | O18: S1aH8 | P18: 0.044361212 | Q18: IMPNRGZ | S18: elc_wof-DEU | T18: S1aH8 | U18: 0.043299573 | V18: IMPNRGZ | X18: 0.040410959 | Y18: 0.035594892 | Z18: S1aH8 | AA18: elc_roadtransport | AC18: elc_buildings | AD18: S1aH8 | AE18: 0.050177963 | AG18: ELC | AH18: S1aH8 | AI18: 0.18372288
E19: 0910h09 | G19: b | I19: elc_spv-DEU | J19: S2aH1 | K19: 0.0017390279 | L19: IMPNRGZ | N19: elc_won-DEU | O19: S2aH1 | P19: 0.06188247 | Q19: IMPNRGZ | S19: elc_wof-DEU | T19: S2aH1 | U19: 0.06185124 | V19: IMPNRGZ | X19: 0.063013699 | Y19: 0.013479518 | Z19: S2aH1 | AA19: elc_roadtransport | AC19: elc_buildings | AD19: S2aH1 | AE19: 0.048274932 | AG19: ELC | AH19: S2aH1 | AI19: 0.33558919
E20: 0910h10 | G20: b | I20: elc_spv-DEU | J20: S2aH2 | K20: 0.0071998476 | L20: IMPNRGZ | N20: elc_won-DEU | O20: S2aH2 | P20: 0.0099325686 | Q20: IMPNRGZ | S20: elc_wof-DEU | T20: S2aH2 | U20: 0.0098742654 | V20: IMPNRGZ | X20: 0.010502283 | Y20: 0.01555329 | Z20: S2aH2 | AA20: elc_roadtransport | AC20: elc_buildings | AD20: S2aH2 | AE20: 0.011243068 | AG20: ELC | AH20: S2aH2 | AI20: 0.22037966
E21: 0910h11 | G21: b | I21: elc_spv-DEU | J21: S2aH3 | K21: 0.014772071 | L21: IMPNRGZ | N21: elc_won-DEU | O21: S2aH3 | P21: 0.0095234392 | Q21: IMPNRGZ | S21: elc_wof-DEU | T21: S2aH3 | U21: 0.0097755877 | V21: IMPNRGZ | X21: 0.010502283 | Y21: 0.017535573 | Z21: S2aH3 | AA21: elc_roadtransport | AC21: elc_buildings | AD21: S2aH3 | AE21: 0.012174998 | AG21: ELC | AH21: S2aH3 | AI21: 0.20003363
E22: 0910h12 | G22: b | I22: elc_spv-DEU | J22: S2aH4 | K22: 0.022157748 | L22: IMPNRGZ | N22: elc_won-DEU | O22: S2aH4 | P22: 0.0093649021 | Q22: IMPNRGZ | S22: elc_wof-DEU | T22: S2aH4 | U22: 0.0097490723 | V22: IMPNRGZ | X22: 0.010502283 | Y22: 0.013418525 | Z22: S2aH4 | AA22: elc_roadtransport | AC22: elc_buildings | AD22: S2aH4 | AE22: 0.012643748 | AG22: ELC | AH22: S2aH4 | AI22: 0.19389875
E23: 0910h13 | G23: b | I23: elc_spv-DEU | J23: S2aH5 | K23: 0.21001706 | L23: IMPNRGZ | N23: elc_won-DEU | O23: S2aH5 | P23: 0.067740983 | Q23: IMPNRGZ | S23: elc_wof-DEU | T23: S2aH5 | U23: 0.066930712 | V23: IMPNRGZ | X23: 0.073515982 | Y23: 0.095698481 | Z23: S2aH5 | AA23: elc_roadtransport | AC23: elc_buildings | AD23: S2aH5 | AE23: 0.087021023 | AG23: ELC | AH23: S2aH5 | AI23: 0.20247823
E24: 0910h14 | G24: b | I24: elc_spv-DEU | J24: S2aH6 | K24: 0.02178332 | L24: IMPNRGZ | N24: elc_won-DEU | O24: S2aH6 | P24: 0.0099304589 | Q24: IMPNRGZ | S24: elc_wof-DEU | T24: S2aH6 | U24: 0.010058574 | V24: IMPNRGZ | X24: 0.010502283 | Y24: 0.020432754 | Z24: S2aH6 | AA24: elc_roadtransport | AC24: elc_buildings | AD24: S2aH6 | AE24: 0.012428239 | AG24: ELC | AH24: S2aH6 | AI24: 0.21380075
E25: 0910h15 | G25: b | I25: elc_spv-DEU | J25: S2aH7 | K25: 0.015835242 | L25: IMPNRGZ | N25: elc_won-DEU | O25: S2aH7 | P25: 0.0097268952 | Q25: IMPNRGZ | S25: elc_wof-DEU | T25: S2aH7 | U25: 0.010171744 | V25: IMPNRGZ | X25: 0.010502283 | Y25: 0.020432754 | Z25: S2aH7 | AA25: elc_roadtransport | AC25: elc_buildings | AD25: S2aH7 | AE25: 0.012512785 | AG25: ELC | AH25: S2aH7 | AI25: 0.21138101
E26: 0910h16 | G26: b | I26: elc_spv-DEU | J26: S2aH8 | K26: 0.012017929 | L26: IMPNRGZ | N26: elc_won-DEU | O26: S2aH8 | P26: 0.063091175 | Q26: IMPNRGZ | S26: elc_wof-DEU | T26: S2aH8 | U26: 0.06288401 | V26: IMPNRGZ | X26: 0.063013699 | Y26: 0.055503899 | Z26: S2aH8 | AA26: elc_roadtransport | AC26: elc_buildings | AD26: S2aH8 | AE26: 0.064729606 | AG26: ELC | AH26: S2aH8 | AI26: 0.32204143
E27: 0910h17 | G27: b | I27: elc_spv-DEU | J27: S3aH1 | K27: 0.0065839551 | L27: IMPNRGZ | N27: elc_won-DEU | O27: S3aH1 | P27: 0.058647423 | Q27: IMPNRGZ | S27: elc_wof-DEU | T27: S3aH1 | U27: 0.059825315 | V27: IMPNRGZ | X27: 0.078767123 | Y27: 0.016849398 | Z27: S3aH1 | AA27: elc_roadtransport | AC27: elc_buildings | AD27: S3aH1 | AE27: 0.047217916 | AG27: ELC | AH27: S3aH1 | AI27: 0.20863528
E28: 0910h18 | G28: b | I28: elc_spv-DEU | J28: S3aH2 | K28: 0.017465699 | L28: IMPNRGZ | N28: elc_won-DEU | O28: S3aH2 | P28: 0.0092746525 | Q28: IMPNRGZ | S28: elc_wof-DEU | T28: S3aH2 | U28: 0.010004309 | V28: IMPNRGZ | X28: 0.013127854 | Y28: 0.019441613 | Z28: S3aH2 | AA28: elc_roadtransport | AC28: elc_buildings | AD28: S3aH2 | AE28: 0.011096224 | AG28: ELC | AH28: S3aH2 | AI28: 0.11533476
... E354: H8 | G354: a | I354: elc_spv-DEU | J354: S5c1124h16 | K354: 4.9172719e-05 | L354: IMPNRGZ | N354: elc_won-DEU | O354: S5c1124h16 | P354: 0.00015232963 | Q354: IMPNRGZ | S354: elc_wof-DEU | T354: S5c1124h16 | U354: 0.00016956958 | V354: IMPNRGZ | X354: 0.00011415525 | Y354: 0.00017237236 | Z354: S5c1124h16 | AA354: elc_roadtransport | AC354: elc_buildings | AD354: S5c1124h16 | AE354: 0.00012089645 | AG354: ELC | AH354: S5c1124h16 | AI354: 0
I355: elc_spv-DEU | J355: S5c1124h17 | K355: 1.6237275e-05 | L355: IMPNRGZ | N355: elc_won-DEU | O355: S5c1124h17 | P355: 0.00014189091 | Q355: IMPNRGZ | S355: elc_wof-DEU | T355: S5c1124h17 | U355: 0.00016214213 | V355: IMPNRGZ | X355: 0.00011415525 | Y355: 0.00022209515 | Z355: S5c1124h17 | AA355: elc_roadtransport | AC355: elc_buildings | AD355: S5c1124h17 | AE355: 0.00012891054 | AG355: ELC | AH355: S5c1124h17 | AI355: 0
I356: elc_spv-DEU | J356: S5c1124h18 | K356: 0 | L356: IMPNRGZ | N356: elc_won-DEU | O356: S5c1124h18 | P356: 0.00012995533 | Q356: IMPNRGZ | S356: elc_wof-DEU | T356: S5c1124h18 | U356: 0.00014992499 | V356: IMPNRGZ | X356: 0.00011415525 | Y356: 0.00022209515 | Z356: S5c1124h18 | AA356: elc_roadtransport | AC356: elc_buildings | AD356: S5c1124h18 | AE356: 0.00013070196 | AG356: ELC | AH356: S5c1124h18 | AI356: 0
I357: elc_spv-DEU | J357: S5c1124h19 | K357: 0 | L357: IMPNRGZ | N357: elc_won-DEU | O357: S5c1124h19 | P357: 0.00011878304 | Q357: IMPNRGZ | S357: elc_wof-DEU | T357: S5c1124h19 | U357: 0.00013944771 | V357: IMPNRGZ | X357: 0.00011415525 | Y357: 0.00017237236 | Z357: S5c1124h19 | AA357: elc_roadtransport | AC357: elc_buildings | AD357: S5c1124h19 | AE357: 0.00013238733 | AG357: ELC | AH357: S5c1124h19 | AI357: 0
I358: elc_spv-DEU | J358: S5c1124h20 | K358: 0 | L358: IMPNRGZ | N358: elc_won-DEU | O358: S5c1124h20 | P358: 0.00010687391 | Q358: IMPNRGZ | S358: elc_wof-DEU | T358: S5c1124h20 | U358: 0.00012957895 | V358: IMPNRGZ | X358: 0.00011415525 | Y358: 0.00015579809 | Z358: S5c1124h20 | AA358: elc_roadtransport | AC358: elc_buildings | AD358: S5c1124h20 | AE358: 0.00012963284 | AG358: ELC | AH358: S5c1124h20 | AI358: 0
I359: elc_spv-DEU | J359: S5c1124h21 | K359: 0 | L359: IMPNRGZ | N359: elc_won-DEU | O359: S5c1124h21 | P359: 9.5911845e-05 | Q359: IMPNRGZ | S359: elc_wof-DEU | T359: S5c1124h21 | U359: 0.00012769416 | V359: IMPNRGZ | X359: 0.00011415525 | Y359: 0.00010939015 | Z359: S5c1124h21 | AA359: elc_roadtransport | AC359: elc_buildings | AD359: S5c1124h21 | AE359: 0.00012504681 | AG359: ELC | AH359: S5c1124h21 | AI359: 0
I360: elc_spv-DEU | J360: S5c1124h22 | K360: 0 | L360: IMPNRGZ | N360: elc_won-DEU | O360: S5c1124h22 | P360: 8.9328347e-05 | Q360: IMPNRGZ | S360: elc_wof-DEU | T360: S5c1124h22 | U360: 0.0001321348 | V360: IMPNRGZ | X360: 0.00011415525 | Y360: 7.9556473e-05 | Z360: S5c1124h22 | AA360: elc_roadtransport | AC360: elc_buildings | AD360: S5c1124h22 | AE360: 0.00011654546 | AG360: ELC | AH360: S5c1124h22 | AI360: 0
I361: elc_spv-DEU | J361: S5c1124h23 | K361: 0 | L361: IMPNRGZ | N361: elc_won-DEU | O361: S5c1124h23 | P361: 8.807419e-05 | Q361: IMPNRGZ | S361: elc_wof-DEU | T361: S5c1124h23 | U361: 0.00014013312 | V361: IMPNRGZ | X361: 0.00011415525 | Y361: 5.6352501e-05 | Z361: S5c1124h23 | AA361: elc_roadtransport | AC361: elc_buildings | AD361: S5c1124h23 | AE361: 0.00010865462 | AG361: ELC | AH361: S5c1124h23 | AI361: 0
I362: elc_spv-DEU | J362: S5c1124h24 | K362: 0 | L362: IMPNRGZ | N362: elc_won-DEU | O362: S5c1124h24 | P362: 9.1189591e-05 | Q362: IMPNRGZ | S362: elc_wof-DEU | T362: S5c1124h24 | U362: 0.00015548225 | V362: IMPNRGZ | X362: 0.00011415525 | Y362: 2.9833677e-05 | Z362: S5c1124h24 | AA362: elc_roadtransport | AC362: elc_buildings | AD362: S5c1124h24 | AE362: 9.3262754e-05 | AG362: ELC | AH362: S5c1124h24 | AI362: 0
I363: elc_spv-DEU | J363: S5c1125h01 | K363: 0 | L363: IMPNRGZ | N363: elc_won-DEU | O363: S5c1125h01 | P363: 9.3198649e-05 | Q363: IMPNRGZ | S363: elc_wof-DEU | T363: S5c1125h01 | U363: 0.00017411394 | V363: IMPNRGZ | X363: 0.00011415525 | Y363: 2.1546545e-05 | Z363: S5c1125h01 | AA363: elc_roadtransport | AC363: elc_buildings | AD363: S5c1125h01 | AE363: 8.8605067e-05 | AG363: ELC | AH363: S5c1125h01 | AI363: 0
I364: elc_spv-DEU | J364: S5c1125h02 | K364: 0 | L364: IMPNRGZ | N364: elc_won-DEU | O364: S5c1125h02 | P364: 9.3452687e-05 | Q364: IMPNRGZ | S364: elc_wof-DEU | T364: S5c1125h02 | U364: 0.00018144418 | V364: IMPNRGZ | X364: 0.00011415525 | Y364: 1.4916839e-05 | Z364: S5c1125h02 | AA364: elc_roadtransport | AC364: elc_buildings | AD364: S5c1125h02 | AE364: 8.7401234e-05 | AG364: ELC | AH364: S5c1125h02 | AI364: 0
I365: elc_spv-DEU | J365: S5c1125h03 | K365: 0 | L365: IMPNRGZ | N365: elc_won-DEU | O365: S5c1125h03 | P365: 9.3300206e-05 | Q365: IMPNRGZ | S365: elc_wof-DEU | T365: S5c1125h03 | U365: 0.00018371944 | V365: IMPNRGZ | X365: 0.00011415525 | Y365: 1.6574265e-05 | Z365: S5c1125h03 | AA365: elc_roadtransport | AC365: elc_buildings | AD365: S5c1125h03 | AE365: 8.9513674e-05 | AG365: ELC | AH365: S5c1125h03 | AI365: 0
I366: elc_spv-DEU | J366: S5c1125h04 | K366: 0 | L366: IMPNRGZ | N366: elc_won-DEU | O366: S5c1125h04 | P366: 9.6414341e-05 | Q366: IMPNRGZ | S366: elc_wof-DEU | T366: S5c1125h04 | U366: 0.00018294913 | V366: IMPNRGZ | X366: 0.00011415525 | Y366: 1.4585353e-05 | Z366: S5c1125h04 | AA366: elc_roadtransport | AC366: elc_buildings | AD366: S5c1125h04 | AE366: 8.9513674e-05 | AG366: ELC | AH366: S5c1125h04 | AI366: 0
... I394: elc_spv-DEU | J394: S6aH8 | K394: 0 | L394: IMPNRGZ | N394: elc_won-DEU | O394: S6aH8 | P394: 0.03317323 | Q394: IMPNRGZ | S394: elc_wof-DEU | T394: S6aH8 | U394: 0.030508743 | V394: IMPNRGZ | X394: 0.021232877 | Y394: 0.018702401 | Z394: S6aH8 | AA394: elc_roadtransport | AC394: elc_buildings | AD394: S6aH8 | AE394: 0.023135331 | AG394: ELC | AH394: S6aH8 | AI394: 0.17338769
AC395: elc_industry | AD395: S1aH1 | AE395: 0.03970732
AC396: elc_industry | AD396: S1aH2 | AE396: 0.0067596279
AC397: elc_industry | AD397: S1aH3 | AE397: 0.0067836594
AC398: elc_industry | AD398: S1aH4 | AE398: 0.0068029382
AC399: elc_industry | AD399: S1aH5 | AE399: 0.047650057
AC400: elc_industry | AD400: S1aH6 | AE400: 0.0068199362
AC401: elc_industry | AD401: S1aH7 | AE401: 0.0068223879
AC402: elc_industry | AD402: S1aH8 | AE402: 0.040494564
AC403: elc_industry | AD403: S2aH1 | AE403: 0.062073489
AC404: elc_industry | AD404: S2aH2 | AE404: 0.010524864
AC405: elc_industry | AD405: S2aH3 | AE405: 0.010577121
AC406: elc_industry | AD406: S2aH4 | AE406: 0.010603406
... AC778: elc_industry | AD778: S6aH8 | AE778: 0.021248641

Sheet s2_w_p2_d
C9: =IF(A11="x","DeActivated","~TimeSlices") -> DeActivated | I9: =IF(A11="x","DeActivated","~TFM_DINS-AT") -> DeActivated | N9: =IF(A11="x","DeActivated","~TFM_DINS-AT") -> DeActivated | S9: =IF(A11="x","DeActivated","~TFM_DINS-AT") -> DeActivated | X9: =IF(A11="x","DeActivated","~TFM_DINS-AT") -> DeActivated | AC9: =IF(A11="x","DeActivated","~TFM_DINS-AT") -> DeActivated | AG9: =IF(A11="x","DeActivated","~TFM_DINS-AT") -> DeActivated | AK9: =IF(A11="x","DeActivated","~TFM_INS-AT") -> DeActivated
A10: s2_w_p2_d | C10: season | D10: weekly | E10: daynite | F10: wparent | G10: dparent | I10: commodity | J10: timeslice | K10: com_fr | L10: process | N10: commodity | O10: timeslice | P10: com_fr | Q10: process | S10: commodity | T10: timeslice | U10: com_fr | V10: process | X10: g_yrfr | Y10: com_fr | Z10: timeslice | AA10: commodity | AC10: commodity | AD10: timeslice | AE10: com_fr | AG10: commodity | AH10: timeslice | AI10: com_pkflx | AK10: timeslice | AL10: ncap_afs | AM10: pset_ci
A11: =IFERROR(IF(Veda!D5=A10,"ok","x"),"") -> x | C11: S1 | D11: a | E11: 0316h01 | F11: S1,S2,S3,S4,S5,S6 | G11: b | I11: elc_spv-DEU | J11: S1aH1 | K11: 0 | L11: IMPNRGZ | N11: elc_won-DEU | O11: S1aH1 | P11: 0.044155048 | Q11: IMPNRGZ | S11: elc_wof-DEU | T11: S1aH1 | U11: 0.042330576 | V11: IMPNRGZ | X11: 0.040410959 | Y11: 0.0086444737 | Z11: S1aH1 | AA11: elc_roadtransport | AC11: elc_buildings | AD11: S1aH1 | AE11: 0.036138622 | AG11: ELC | AH11: S1aH1 | AI11: 0.20993759 | AK11: S4 | AL11: 0.09081218 | AM11: hydro
C12: S2 | D12: b | E12: 0316h02 | F12: S2 | G12: b | I12: elc_spv-DEU | J12: S1aH2 | K12: 0 | L12: IMPNRGZ | N12: elc_won-DEU | O12: S1aH2 | P12: 0.0074771969 | Q12: IMPNRGZ | S12: elc_wof-DEU | T12: S1aH2 | U12: 0.0070255051 | V12: IMPNRGZ | X12: 0.0067351598 | Y12: 0.0099743928 | Z12: S1aH2 | AA12: elc_roadtransport | AC12: elc_buildings | AD12: S1aH2 | AE12: 0.0085508495 | AG12: ELC | AH12: S1aH2 | AI12: 0.084513739 | AK12: S5 | AL12: 0.074790226 | AM12: hydro
C13: S3 | D13: c | E13: 0316h03 | F13: S2 | G13: b | I13: elc_spv-DEU | J13: S1aH3 | K13: 0.000212831 | L13: IMPNRGZ | N13: elc_won-DEU | O13: S1aH3 | P13: 0.0074860524 | Q13: IMPNRGZ | S13: elc_wof-DEU | T13: S1aH3 | U13: 0.0070289935 | V13: IMPNRGZ | X13: 0.0067351598 | Y13: 0.011245639 | Z13: S1aH3 | AA13: elc_roadtransport | AC13: elc_buildings | AD13: S1aH3 | AE13: 0.0089794169 | AG13: ELC | AH13: S1aH3 | AI13: 0.084639654 | AK13: S6 | AL13: 0.084099425 | AM13: hydro
C14: S4 | D14: d | E14: 0316h04 | F14: S3 | G14: b | I14: elc_spv-DEU | J14: S1aH4 | K14: 0.0025148697 | L14: IMPNRGZ | N14: elc_won-DEU | O14: S1aH4 | P14: 0.0074313732 | Q14: IMPNRGZ | S14: elc_wof-DEU | T14: S1aH4 | U14: 0.0070672308 | V14: IMPNRGZ | X14: 0.0067351598 | Y14: 0.0086053585 | Z14: S1aH4 | AA14: elc_roadtransport | AC14: elc_buildings | AD14: S1aH4 | AE14: 0.0093232259 | AG14: ELC | AH14: S1aH4 | AI14: 0.080333358 | AK14: S3 | AL14: 0.44259855 | AM14: hydro
C15: S5 | D15: e | E15: 0316h05 | F15: S5 | G15: b | I15: elc_spv-DEU | J15: S1aH5 | K15: 0.062558672 | L15: IMPNRGZ | N15: elc_won-DEU | O15: S1aH5 | P15: 0.050253046 | Q15: IMPNRGZ | S15: elc_wof-DEU | T15: S1aH5 | U15: 0.049448651 | V15: IMPNRGZ | X15: 0.047146119 | Y15: 0.061371852 | Z15: S1aH5 | AA15: elc_roadtransport | AC15: elc_buildings | AD15: S1aH5 | AE15: 0.06578849 | AG15: ELC | AH15: S1aH5 | AI15: 0.085727726 | AK15: S1 | AL15: 0.18244762 | AM15: hydro
C16: S6 | E16: 0316h06 | G16: b | I16: elc_spv-DEU | J16: S1aH6 | K16: 0.0048844499 | L16: IMPNRGZ | N16: elc_won-DEU | O16: S1aH6 | P16: 0.0071465471 | Q16: IMPNRGZ | S16: elc_wof-DEU | T16: S1aH6 | U16: 0.0071736353 | V16: IMPNRGZ | X16: 0.0067351598 | Y16: 0.013103614 | Z16: S1aH6 | AA16: elc_roadtransport | AC16: elc_buildings | AD16: S1aH6 | AE16: 0.0096263596 | AG16: ELC | AH16: S1aH6 | AI16: 0.079506795 | AK16: S2 | AL16: 0.32525199 | AM16: hydro
E17: 0316h07 | G17: b | I17: elc_spv-DEU | J17: S1aH7 | K17: 0.0018062388 | L17: IMPNRGZ | N17: elc_won-DEU | O17: S1aH7 | P17: 0.0072770367 | Q17: IMPNRGZ | S17: elc_wof-DEU | T17: S1aH7 | U17: 0.0072869486 | V17: IMPNRGZ | X17: 0.0067351598 | Y17: 0.013103614 | Z17: S1aH7 | AA17: elc_roadtransport | AC17: elc_buildings | AD17: S1aH7 | AE17: 0.0096700817 | AG17: ELC | AH17: S1aH7 | AI17: 0.08056248
E18: 0316h08 | G18: b | I18: elc_spv-DEU | J18: S1aH8 | K18: 0.00012605487 | L18: IMPNRGZ | N18: elc_won-DEU | O18: S1aH8 | P18: 0.044361212 | Q18: IMPNRGZ | S18: elc_wof-DEU | T18: S1aH8 | U18: 0.043299573 | V18: IMPNRGZ | X18: 0.040410959 | Y18: 0.035594892 | Z18: S1aH8 | AA18: elc_roadtransport | AC18: elc_buildings | AD18: S1aH8 | AE18: 0.050177963 | AG18: ELC | AH18: S1aH8 | AI18: 0.18372288
E19: 0316h09 | G19: b | I19: elc_spv-DEU | J19: S2aH1 | K19: 0.0017390279 | L19: IMPNRGZ | N19: elc_won-DEU | O19: S2aH1 | P19: 0.059146628 | Q19: IMPNRGZ | S19: elc_wof-DEU | T19: S2aH1 | U19: 0.059374597 | V19: IMPNRGZ | X19: 0.061643836 | Y19: 0.013186485 | Z19: S2aH1 | AA19: elc_roadtransport | AC19: elc_buildings | AD19: S2aH1 | AE19: 0.047041832 | AG19: ELC | AH19: S2aH1 | AI19: 0.33797202
E20: 0316h10 | G20: b | I20: elc_spv-DEU | J20: S2aH2 | K20: 0.0071998476 | L20: IMPNRGZ | N20: elc_won-DEU | O20: S2aH2 | P20: 0.0094416779 | Q20: IMPNRGZ | S20: elc_wof-DEU | T20: S2aH2 | U20: 0.0094527216 | V20: IMPNRGZ | X20: 0.010273973 | Y20: 0.015215175 | Z20: S2aH2 | AA20: elc_roadtransport | AC20: elc_buildings | AD20: S2aH2 | AE20: 0.011002583 | AG20: ELC | AH20: S2aH2 | AI20: 0.21998135
E21: 0316h11 | G21: b | I21: elc_spv-DEU | J21: S2aH3 | K21: 0.014507055 | L21: IMPNRGZ | N21: elc_won-DEU | O21: S2aH3 | P21: 0.009027753 | Q21: IMPNRGZ | S21: elc_wof-DEU | T21: S2aH3 | U21: 0.0093518488 | V21: IMPNRGZ | X21: 0.010273973 | Y21: 0.017154364 | Z21: S2aH3 | AA21: elc_roadtransport | AC21: elc_buildings | AD21: S2aH3 | AE21: 0.01190174 | AG21: ELC | AH21: S2aH3 | AI21: 0.20041284
E22: 0316h12 | G22: b | I22: elc_spv-DEU | J22: S2aH4 | K22: 0.02157785 | L22: IMPNRGZ | N22: elc_won-DEU | O22: S2aH4 | P22: 0.0088735639 | Q22: IMPNRGZ | S22: elc_wof-DEU | T22: S2aH4 | U22: 0.0093241106 | V22: IMPNRGZ | X22: 0.010273973 | Y22: 0.013126818 | Z22: S2aH4 | AA22: elc_roadtransport | AC22: elc_buildings | AD22: S2aH4 | AE22: 0.012356282 | AG22: ELC | AH22: S2aH4 | AI22: 0.19450286
E23: 0316h13 | G23: b | I23: elc_spv-DEU | J23: S2aH5 | K23: 0.20442559 | L23: IMPNRGZ | N23: elc_won-DEU | O23: S2aH5 | P23: 0.064488458 | Q23: IMPNRGZ | S23: elc_wof-DEU | T23: S2aH5 | U23: 0.063960615 | V23: IMPNRGZ | X23: 0.071917808 | Y23: 0.093618079 | Z23: S2aH5 | AA23: elc_roadtransport | AC23: elc_buildings | AD23: S2aH5 | AE23: 0.085001302 | AG23: ELC | AH23: S2aH5 | AI23: 0.20343147
E24: 0316h14 | G24: b | I24: elc_spv-DEU | J24: S2aH6 | K24: 0.021291592 | L24: IMPNRGZ | N24: elc_won-DEU | O24: S2aH6 | P24: 0.0094367299 | Q24: IMPNRGZ | S24: elc_wof-DEU | T24: S2aH6 | U24: 0.0096242707 | V24: IMPNRGZ | X24: 0.010273973 | Y24: 0.019988564 | Z24: S2aH6 | AA24: elc_roadtransport | AC24: elc_buildings | AD24: S2aH6 | AE24: 0.012130956 | AG24: ELC | AH24: S2aH6 | AI24: 0.21529467
E25: 0316h15 | G25: b | I25: elc_spv-DEU | J25: S2aH7 | K25: 0.015517882 | L25: IMPNRGZ | N25: elc_won-DEU | O25: S2aH7 | P25: 0.009207508 | Q25: IMPNRGZ | S25: elc_wof-DEU | T25: S2aH7 | U25: 0.0097328069 | V25: IMPNRGZ | X25: 0.010273973 | Y25: 0.019988564 | Z25: S2aH7 | AA25: elc_roadtransport | AC25: elc_buildings | AD25: S2aH7 | AE25: 0.012213298 | AG25: ELC | AH25: S2aH7 | AI25: 0.2128878
E26: 0316h16 | G26: b | I26: elc_spv-DEU | J26: S2aH8 | K26: 0.011888551 | L26: IMPNRGZ | N26: elc_won-DEU | O26: S2aH8 | P26: 0.059846958 | Q26: IMPNRGZ | S26: elc_wof-DEU | T26: S2aH8 | U26: 0.060216169 | V26: IMPNRGZ | X26: 0.061643836 | Y26: 0.054297293 | Z26: S2aH8 | AA26: elc_roadtransport | AC26: elc_buildings | AD26: S2aH8 | AE26: 0.063079108 | AG26: ELC | AH26: S2aH8 | AI26: 0.32476925
E27: 0316h17 | G27: b | I27: elc_spv-DEU | J27: S2b0316h01 | K27: 0 | L27: IMPNRGZ | N27: elc_won-DEU | O27: S2b0316h01 | P27: 0.00015832986 | Q27: IMPNRGZ | S27: elc_wof-DEU | T27: S2b0316h01 | U27: 0.00018569212 | V27: IMPNRGZ | X27: 0.00011415525 | Y27: 2.1546545e-05 | Z27: S2b0316h01 | AA27: elc_roadtransport | AC27: elc_buildings | AD27: S2b0316h01 | AE27: 0.00010839772 | AG27: ELC | AH27: S2b0316h01 | AI27: 0
E28: 0316h18 | G28: b | I28: elc_spv-DEU | J28: S2b0316h02 | K28: 0 | L28: IMPNRGZ | N28: elc_won-DEU | O28: S2b0316h02 | P28: 0.00017059377 | Q28: IMPNRGZ | S28: elc_wof-DEU | T28: S2b0316h02 | U28: 0.00018793491 | V28: IMPNRGZ | X28: 0.00011415525 | Y28: 1.4916839e-05 | Z28: S2b0316h02 | AA28: elc_roadtransport | AC28: elc_buildings | AD28: S2b0316h02 | AE28: 0.00010711077 | AG28: ELC | AH28: S2b0316h02 | AI28: 0
... E402: H8 | G402: a | I402: elc_spv-DEU | J402: S5e1124h16 | K402: 4.9172719e-05 | L402: IMPNRGZ | N402: elc_won-DEU | O402: S5e1124h16 | P402: 0.00015232963 | Q402: IMPNRGZ | S402: elc_wof-DEU | T402: S5e1124h16 | U402: 0.00016956958 | V402: IMPNRGZ | X402: 0.00011415525 | Y402: 0.00017237236 | Z402: S5e1124h16 | AA402: elc_roadtransport | AC402: elc_buildings | AD402: S5e1124h16 | AE402: 0.00012089645 | AG402: ELC | AH402: S5e1124h16 | AI402: 0
I403: elc_spv-DEU | J403: S5e1124h17 | K403: 1.6237275e-05 | L403: IMPNRGZ | N403: elc_won-DEU | O403: S5e1124h17 | P403: 0.00014189091 | Q403: IMPNRGZ | S403: elc_wof-DEU | T403: S5e1124h17 | U403: 0.00016214213 | V403: IMPNRGZ | X403: 0.00011415525 | Y403: 0.00022209515 | Z403: S5e1124h17 | AA403: elc_roadtransport | AC403: elc_buildings | AD403: S5e1124h17 | AE403: 0.00012891054 | AG403: ELC | AH403: S5e1124h17 | AI403: 0
I404: elc_spv-DEU | J404: S5e1124h18 | K404: 0 | L404: IMPNRGZ | N404: elc_won-DEU | O404: S5e1124h18 | P404: 0.00012995533 | Q404: IMPNRGZ | S404: elc_wof-DEU | T404: S5e1124h18 | U404: 0.00014992499 | V404: IMPNRGZ | X404: 0.00011415525 | Y404: 0.00022209515 | Z404: S5e1124h18 | AA404: elc_roadtransport | AC404: elc_buildings | AD404: S5e1124h18 | AE404: 0.00013070196 | AG404: ELC | AH404: S5e1124h18 | AI404: 0
I405: elc_spv-DEU | J405: S5e1124h19 | K405: 0 | L405: IMPNRGZ | N405: elc_won-DEU | O405: S5e1124h19 | P405: 0.00011878304 | Q405: IMPNRGZ | S405: elc_wof-DEU | T405: S5e1124h19 | U405: 0.00013944771 | V405: IMPNRGZ | X405: 0.00011415525 | Y405: 0.00017237236 | Z405: S5e1124h19 | AA405: elc_roadtransport | AC405: elc_buildings | AD405: S5e1124h19 | AE405: 0.00013238733 | AG405: ELC | AH405: S5e1124h19 | AI405: 0
I406: elc_spv-DEU | J406: S5e1124h20 | K406: 0 | L406: IMPNRGZ | N406: elc_won-DEU | O406: S5e1124h20 | P406: 0.00010687391 | Q406: IMPNRGZ | S406: elc_wof-DEU | T406: S5e1124h20 | U406: 0.00012957895 | V406: IMPNRGZ | X406: 0.00011415525 | Y406: 0.00015579809 | Z406: S5e1124h20 | AA406: elc_roadtransport | AC406: elc_buildings | AD406: S5e1124h20 | AE406: 0.00012963284 | AG406: ELC | AH406: S5e1124h20 | AI406: 0
I407: elc_spv-DEU | J407: S5e1124h21 | K407: 0 | L407: IMPNRGZ | N407: elc_won-DEU | O407: S5e1124h21 | P407: 9.5911845e-05 | Q407: IMPNRGZ | S407: elc_wof-DEU | T407: S5e1124h21 | U407: 0.00012769416 | V407: IMPNRGZ | X407: 0.00011415525 | Y407: 0.00010939015 | Z407: S5e1124h21 | AA407: elc_roadtransport | AC407: elc_buildings | AD407: S5e1124h21 | AE407: 0.00012504681 | AG407: ELC | AH407: S5e1124h21 | AI407: 0
I408: elc_spv-DEU | J408: S5e1124h22 | K408: 0 | L408: IMPNRGZ | N408: elc_won-DEU | O408: S5e1124h22 | P408: 8.9328347e-05 | Q408: IMPNRGZ | S408: elc_wof-DEU | T408: S5e1124h22 | U408: 0.0001321348 | V408: IMPNRGZ | X408: 0.00011415525 | Y408: 7.9556473e-05 | Z408: S5e1124h22 | AA408: elc_roadtransport | AC408: elc_buildings | AD408: S5e1124h22 | AE408: 0.00011654546 | AG408: ELC | AH408: S5e1124h22 | AI408: 0
I409: elc_spv-DEU | J409: S5e1124h23 | K409: 0 | L409: IMPNRGZ | N409: elc_won-DEU | O409: S5e1124h23 | P409: 8.807419e-05 | Q409: IMPNRGZ | S409: elc_wof-DEU | T409: S5e1124h23 | U409: 0.00014013312 | V409: IMPNRGZ | X409: 0.00011415525 | Y409: 5.6352501e-05 | Z409: S5e1124h23 | AA409: elc_roadtransport | AC409: elc_buildings | AD409: S5e1124h23 | AE409: 0.00010865462 | AG409: ELC | AH409: S5e1124h23 | AI409: 0
I410: elc_spv-DEU | J410: S5e1124h24 | K410: 0 | L410: IMPNRGZ | N410: elc_won-DEU | O410: S5e1124h24 | P410: 9.1189591e-05 | Q410: IMPNRGZ | S410: elc_wof-DEU | T410: S5e1124h24 | U410: 0.00015548225 | V410: IMPNRGZ | X410: 0.00011415525 | Y410: 2.9833677e-05 | Z410: S5e1124h24 | AA410: elc_roadtransport | AC410: elc_buildings | AD410: S5e1124h24 | AE410: 9.3262754e-05 | AG410: ELC | AH410: S5e1124h24 | AI410: 0
I411: elc_spv-DEU | J411: S5e1125h01 | K411: 0 | L411: IMPNRGZ | N411: elc_won-DEU | O411: S5e1125h01 | P411: 9.3198649e-05 | Q411: IMPNRGZ | S411: elc_wof-DEU | T411: S5e1125h01 | U411: 0.00017411394 | V411: IMPNRGZ | X411: 0.00011415525 | Y411: 2.1546545e-05 | Z411: S5e1125h01 | AA411: elc_roadtransport | AC411: elc_buildings | AD411: S5e1125h01 | AE411: 8.8605067e-05 | AG411: ELC | AH411: S5e1125h01 | AI411: 0
I412: elc_spv-DEU | J412: S5e1125h02 | K412: 0 | L412: IMPNRGZ | N412: elc_won-DEU | O412: S5e1125h02 | P412: 9.3452687e-05 | Q412: IMPNRGZ | S412: elc_wof-DEU | T412: S5e1125h02 | U412: 0.00018144418 | V412: IMPNRGZ | X412: 0.00011415525 | Y412: 1.4916839e-05 | Z412: S5e1125h02 | AA412: elc_roadtransport | AC412: elc_buildings | AD412: S5e1125h02 | AE412: 8.7401234e-05 | AG412: ELC | AH412: S5e1125h02 | AI412: 0
I413: elc_spv-DEU | J413: S5e1125h03 | K413: 0 | L413: IMPNRGZ | N413: elc_won-DEU | O413: S5e1125h03 | P413: 9.3300206e-05 | Q413: IMPNRGZ | S413: elc_wof-DEU | T413: S5e1125h03 | U413: 0.00018371944 | V413: IMPNRGZ | X413: 0.00011415525 | Y413: 1.6574265e-05 | Z413: S5e1125h03 | AA413: elc_roadtransport | AC413: elc_buildings | AD413: S5e1125h03 | AE413: 8.9513674e-05 | AG413: ELC | AH413: S5e1125h03 | AI413: 0
I414: elc_spv-DEU | J414: S5e1125h04 | K414: 0 | L414: IMPNRGZ | N414: elc_won-DEU | O414: S5e1125h04 | P414: 9.6414341e-05 | Q414: IMPNRGZ | S414: elc_wof-DEU | T414: S5e1125h04 | U414: 0.00018294913 | V414: IMPNRGZ | X414: 0.00011415525 | Y414: 1.4585353e-05 | Z414: S5e1125h04 | AA414: elc_roadtransport | AC414: elc_buildings | AD414: S5e1125h04 | AE414: 8.9513674e-05 | AG414: ELC | AH414: S5e1125h04 | AI414: 0
... I442: elc_spv-DEU | J442: S6aH8 | K442: 0 | L442: IMPNRGZ | N442: elc_won-DEU | O442: S6aH8 | P442: 0.03317323 | Q442: IMPNRGZ | S442: elc_wof-DEU | T442: S6aH8 | U442: 0.030508743 | V442: IMPNRGZ | X442: 0.021232877 | Y442: 0.018702401 | Z442: S6aH8 | AA442: elc_roadtransport | AC442: elc_buildings | AD442: S6aH8 | AE442: 0.023135331 | AG442: ELC | AH442: S6aH8 | AI442: 0.17338769
AC443: elc_industry | AD443: S1aH1 | AE443: 0.03970732
AC444: elc_industry | AD444: S1aH2 | AE444: 0.0067596279
AC445: elc_industry | AD445: S1aH3 | AE445: 0.0067836594
AC446: elc_industry | AD446: S1aH4 | AE446: 0.0068029382
AC447: elc_industry | AD447: S1aH5 | AE447: 0.047650057
AC448: elc_industry | AD448: S1aH6 | AE448: 0.0068199362
AC449: elc_industry | AD449: S1aH7 | AE449: 0.0068223879
AC450: elc_industry | AD450: S1aH8 | AE450: 0.040494564
AC451: elc_industry | AD451: S2aH1 | AE451: 0.060730281
AC452: elc_industry | AD452: S2aH2 | AE452: 0.010299036
AC453: elc_industry | AD453: S2aH3 | AE453: 0.010349455
AC454: elc_industry | AD454: S2aH4 | AE454: 0.010374943
... AC874: elc_industry | AD874: S6aH8 | AE874: 0.021248641

Sheet ts12_clu
C9: =IF(A11="x","DeActivated","~TimeSlices") -> DeActivated | I9: =IF(A11="x","DeActivated","~TFM_DINS-AT") -> DeActivated | N9: =IF(A11="x","DeActivated","~TFM_DINS-AT") -> DeActivated | S9: =IF(A11="x","DeActivated","~TFM_DINS-AT") -> DeActivated | X9: =IF(A11="x","DeActivated","~TFM_DINS-AT") -> DeActivated | AC9: =IF(A11="x","DeActivated","~TFM_DINS-AT") -> DeActivated | AG9: =IF(A11="x","DeActivated","~TFM_DINS-AT") -> DeActivated | AK9: =IF(A11="x","DeActivated","~TFM_INS-AT") -> DeActivated
A10: ts12_clu | C10: season | D10: weekly | E10: daynite | F10: wparent | G10: dparent | I10: commodity | J10: timeslice | K10: com_fr | L10: process | N10: commodity | O10: timeslice | P10: com_fr | Q10: process | S10: commodity | T10: timeslice | U10: com_fr | V10: process | X10: g_yrfr | Y10: com_fr | Z10: timeslice | AA10: commodity | AC10: commodity | AD10: timeslice | AE10: com_fr | AG10: commodity | AH10: timeslice | AI10: com_pkflx | AK10: timeslice | AL10: ncap_afs | AM10: pset_ci
A11: =IFERROR(IF(Veda!D5=A10,"ok","x"),"") -> x | C11: S1 | D11: a | E11: H1 | F11: S1,S2,S3 | G11: a | I11: elc_spv-DEU | J11: S1aH1 | K11: 0.078107991 | L11: IMPNRGZ | N11: elc_won-DEU | O11: S1aH1 | P11: 0.26060889 | Q11: IMPNRGZ | S11: elc_wof-DEU | T11: S1aH1 | U11: 0.26200197 | V11: IMPNRGZ | X11: 0.27762557 | Y11: 0.15387813 | Z11: S1aH1 | AA11: elc_roadtransport | AC11: elc_buildings | AD11: S1aH1 | AE11: 0.22088888 | AG11: ELC | AH11: S1aH1 | AI11: 0.47476111 | AK11: S1 | AL11: 1.0411103 | AM11: hydro
C12: S2 | E12: H2 | G12: a | I12: elc_spv-DEU | J12: S1aH2 | K12: 0.065003517 | L12: IMPNRGZ | N12: elc_won-DEU | O12: S1aH2 | P12: 0.031206119 | Q12: IMPNRGZ | S12: elc_wof-DEU | T12: S1aH2 | U12: 0.032457151 | V12: IMPNRGZ | X12: 0.034703196 | Y12: 0.044339474 | Z12: S1aH2 | AA12: elc_roadtransport | AC12: elc_buildings | AD12: S1aH2 | AE12: 0.039639528 | AG12: ELC | AH12: S1aH2 | AI12: 0.23085979 | AK12: S2 | AL12: 0.074790226 | AM12: hydro
C13: S3 | E13: H3 | G13: a | I13: elc_spv-DEU | J13: S1aH3 | K13: 0.70334951 | L13: IMPNRGZ | N13: elc_won-DEU | O13: S1aH3 | P13: 0.25288972 | Q13: IMPNRGZ | S13: elc_wof-DEU | T13: S1aH3 | U13: 0.25668956 | V13: IMPNRGZ | X13: 0.27762557 | Y13: 0.38373799 | Z13: S1aH3 | AA13: elc_roadtransport | AC13: elc_buildings | AD13: S1aH3 | AE13: 0.31647814 | AG13: ELC | AH13: S1aH3 | AI13: 0.23992613 | AK13: S3 | AL13: 0.084099425 | AM13: hydro
E14: H4 | G14: a | I14: elc_spv-DEU | J14: S1aH4 | K14: 0.04815149 | L14: IMPNRGZ | N14: elc_won-DEU | O14: S1aH4 | P14: 0.031999507 | Q14: IMPNRGZ | S14: elc_wof-DEU | T14: S1aH4 | U14: 0.033289318 | V14: IMPNRGZ | X14: 0.034703196 | Y14: 0.067516926 | Z14: S1aH4 | AA14: elc_roadtransport | AC14: elc_buildings | AD14: S1aH4 | AE14: 0.039758948 | AG14: ELC | AH14: S1aH4 | AI14: 0.23882743
E15: H5 | G15: a | I15: elc_spv-DEU | J15: S1aH5 | K15: 0.043356925 | L15: IMPNRGZ | N15: elc_won-DEU | O15: S1aH5 | P15: 0.20205253 | Q15: IMPNRGZ | S15: elc_wof-DEU | T15: S1aH5 | U15: 0.20184096 | V15: IMPNRGZ | X15: 0.20821918 | Y15: 0.18340419 | Z15: S1aH5 | AA15: elc_roadtransport | AC15: elc_buildings | AD15: S1aH5 | AE15: 0.20556736 | AG15: ELC | AH15: S1aH5 | AI15: 0.35035779
I16: elc_spv-DEU | J16: S2aH1 | K16: 0.00010476133 | L16: IMPNRGZ | N16: elc_won-DEU | O16: S2aH1 | P16: 0.030971591 | Q16: IMPNRGZ | S16: elc_wof-DEU | T16: S2aH1 | U16: 0.030583179 | V16: IMPNRGZ | X16: 0.02739726 | Y16: 0.015185342 | Z16: S2aH1 | AA16: elc_roadtransport | AC16: elc_buildings | AD16: S2aH1 | AE16: 0.022919472 | AG16: ELC | AH16: S2aH1 | AI16: 0.29355901
I17: elc_spv-DEU | J17: S2aH2 | K17: 0.001253847 | L17: IMPNRGZ | N17: elc_won-DEU | O17: S2aH2 | P17: 0.0038119593 | Q17: IMPNRGZ | S17: elc_wof-DEU | T17: S2aH2 | U17: 0.0037651325 | V17: IMPNRGZ | X17: 0.0034246575 | Y17: 0.004375606 | Z17: S2aH2 | AA17: elc_roadtransport | AC17: elc_buildings | AD17: S2aH2 | AE17: 0.0040647792 | AG17: ELC | AH17: S2aH2 | AI17: 0.09820743
I18: elc_spv-DEU | J18: S2aH3 | K18: 0.027269792 | L18: IMPNRGZ | N18: elc_won-DEU | O18: S2aH3 | P18: 0.028562232 | Q18: IMPNRGZ | S18: elc_wof-DEU | T18: S2aH3 | U18: 0.029768828 | V18: IMPNRGZ | X18: 0.02739726 | Y18: 0.037868881 | Z18: S2aH3 | AA18: elc_roadtransport | AC18: elc_buildings | AD18: S2aH3 | AE18: 0.032669086 | AG18: ELC | AH18: S2aH3 | AI18: 0.10464559
I19: elc_spv-DEU | J19: S2aH4 | K19: 8.1893094e-05 | L19: IMPNRGZ | N19: elc_won-DEU | O19: S2aH4 | P19: 0.003574361 | Q19: IMPNRGZ | S19: elc_wof-DEU | T19: S2aH4 | U19: 0.0036848352 | V19: IMPNRGZ | X19: 0.0034246575 | Y19: 0.0066628546 | Z19: S2aH4 | AA19: elc_roadtransport | AC19: elc_buildings | AD19: S2aH4 | AE19: 0.0041914024 | AG19: ELC | AH19: S2aH4 | AI19: 0.083920126
I20: elc_spv-DEU | J20: S2aH5 | K20: 0 | L20: IMPNRGZ | N20: elc_won-DEU | O20: S2aH5 | P20: 0.021859368 | Q20: IMPNRGZ | S20: elc_wof-DEU | T20: S2aH5 | U20: 0.022846535 | V20: IMPNRGZ | X20: 0.020547945 | Y20: 0.018099098 | Z20: S2aH5 | AA20: elc_roadtransport | AC20: elc_buildings | AD20: S2aH5 | AE20: 0.021718542 | AG20: ELC | AH20: S2aH5 | AI20: 0.18965932
I21: elc_spv-DEU | J21: S3aH1 | K21: 0 | L21: IMPNRGZ | N21: elc_won-DEU | O21: S3aH1 | P21: 0.044111964 | Q21: IMPNRGZ | S21: elc_wof-DEU | T21: S3aH1 | U21: 0.041175687 | V21: IMPNRGZ | X21: 0.028310502 | Y21: 0.01569152 | Z21: S3aH1 | AA21: elc_roadtransport | AC21: elc_buildings | AD21: S3aH1 | AE21: 0.024942999 | AG21: ELC | AH21: S3aH1 | AI21: 0.26445798
I22: elc_spv-DEU | J22: S3aH2 | K22: 0.0010272097 | L22: IMPNRGZ | N22: elc_won-DEU | O22: S3aH2 | P22: 0.0057849963 | Q22: IMPNRGZ | S22: elc_wof-DEU | T22: S3aH2 | U22: 0.0052610554 | V22: IMPNRGZ | X22: 0.0035388128 | Y22: 0.0045214595 | Z22: S3aH2 | AA22: elc_roadtransport | AC22: elc_buildings | AD22: S3aH2 | AE22: 0.0043968657 | AG22: ELC | AH22: S3aH2 | AI22: 0.067503853
I23: elc_spv-DEU | J23: S3aH3 | K23: 0.032293067 | L23: IMPNRGZ | N23: elc_won-DEU | O23: S3aH3 | P23: 0.043835528 | Q23: IMPNRGZ | S23: elc_wof-DEU | T23: S3aH3 | U23: 0.041038865 | V23: IMPNRGZ | X23: 0.028310502 | Y23: 0.039131177 | Z23: S3aH3 | AA23: elc_roadtransport | AC23: elc_buildings | AD23: S3aH3 | AE23: 0.035142683 | AG23: ELC | AH23: S3aH3 | AI23: 0.084541024
I24: elc_spv-DEU | J24: S3aH4 | K24: 0 | L24: IMPNRGZ | N24: elc_won-DEU | O24: S3aH4 | P24: 0.0055579988 | Q24: IMPNRGZ | S24: elc_wof-DEU | T24: S3aH4 | U24: 0.0050881885 | V24: IMPNRGZ | X24: 0.0035388128 | Y24: 0.0068849497 | Z24: S3aH4 | AA24: elc_roadtransport | AC24: elc_buildings | AD24: S3aH4 | AE24: 0.0044859837 | AG24: ELC | AH24: S3aH4 | AI24: 0.07220472
I25: elc_spv-DEU | J25: S3aH5 | K25: 0 | L25: IMPNRGZ | N25: elc_won-DEU | O25: S3aH5 | P25: 0.03317323 | Q25: IMPNRGZ | S25: elc_wof-DEU | T25: S3aH5 | U25: 0.030508743 | V25: IMPNRGZ | X25: 0.021232877 | Y25: 0.018702401 | Z25: S3aH5 | AA25: elc_roadtransport | AC25: elc_buildings | AD25: S3aH5 | AE25: 0.023135331 | AG25: ELC | AH25: S3aH5 | AI25: 0.17338769
AC26: elc_industry | AD26: S1aH1 | AE26: 0.27462231
AC27: elc_industry | AD27: S1aH2 | AE27: 0.035002272
AC28: elc_industry | AD28: S1aH3 | AE28: 0.2799824
AC29: elc_industry | AD29: S1aH4 | AE29: 0.035008968
AC30: elc_industry | AD30: S1aH5 | AE30: 0.20820413
AC31: elc_industry | AD31: S2aH1 | AE31: 0.027089191
AC32: elc_industry | AD32: S2aH2 | AE32: 0.0034534291
AC33: elc_industry | AD33: S2aH3 | AE33: 0.027635892
AC34: elc_industry | AD34: S2aH4 | AE34: 0.0034605294
AC35: elc_industry | AD35: S2aH5 | AE35: 0.020570849
AC36: elc_industry | AD36: S3aH1 | AE36: 0.028000453
AC37: elc_industry | AD37: S3aH2 | AE37: 0.003571775
... AC40: elc_industry | AD40: S3aH5 | AE40: 0.021248641

Sheet ts24_clu
C9: =IF(A11="x","DeActivated","~TimeSlices") -> DeActivated | I9: =IF(A11="x","DeActivated","~TFM_DINS-AT") -> DeActivated | N9: =IF(A11="x","DeActivated","~TFM_DINS-AT") -> DeActivated | S9: =IF(A11="x","DeActivated","~TFM_DINS-AT") -> DeActivated | X9: =IF(A11="x","DeActivated","~TFM_DINS-AT") -> DeActivated | AC9: =IF(A11="x","DeActivated","~TFM_DINS-AT") -> DeActivated | AG9: =IF(A11="x","DeActivated","~TFM_DINS-AT") -> DeActivated | AK9: =IF(A11="x","DeActivated","~TFM_INS-AT") -> DeActivated
A10: ts24_clu | C10: season | D10: weekly | E10: daynite | F10: wparent | G10: dparent | I10: commodity | J10: timeslice | K10: com_fr | L10: process | N10: commodity | O10: timeslice | P10: com_fr | Q10: process | S10: commodity | T10: timeslice | U10: com_fr | V10: process | X10: g_yrfr | Y10: com_fr | Z10: timeslice | AA10: commodity | AC10: commodity | AD10: timeslice | AE10: com_fr | AG10: commodity | AH10: timeslice | AI10: com_pkflx | AK10: timeslice | AL10: ncap_afs | AM10: pset_ci
A11: =IFERROR(IF(Veda!D5=A10,"ok","x"),"") -> x | C11: S1 | D11: a | E11: H1 | F11: S1,S2,S3,S4 | G11: a | I11: elc_spv-DEU | J11: S1aH1 | K11: 0 | L11: IMPNRGZ | N11: elc_won-DEU | O11: S1aH1 | P11: 0.044155048 | Q11: IMPNRGZ | S11: elc_wof-DEU | T11: S1aH1 | U11: 0.042330576 | V11: IMPNRGZ | X11: 0.040410959 | Y11: 0.0086444737 | Z11: S1aH1 | AA11: elc_roadtransport | AC11: elc_buildings | AD11: S1aH1 | AE11: 0.036138622 | AG11: ELC | AH11: S1aH1 | AI11: 0.20993759 | AK11: S4 | AL11: 0.084099425 | AM11: hydro
C12: S2 | E12: H2 | G12: a | I12: elc_spv-DEU | J12: S1aH2 | K12: 0 | L12: IMPNRGZ | N12: elc_won-DEU | O12: S1aH2 | P12: 0.0074771969 | Q12: IMPNRGZ | S12: elc_wof-DEU | T12: S1aH2 | U12: 0.0070255051 | V12: IMPNRGZ | X12: 0.0067351598 | Y12: 0.0099743928 | Z12: S1aH2 | AA12: elc_roadtransport | AC12: elc_buildings | AD12: S1aH2 | AE12: 0.0085508495 | AG12: ELC | AH12: S1aH2 | AI12: 0.084513739 | AK12: S1 | AL12: 0.18244762 | AM12: hydro
C13: S3 | E13: H3 | G13: a | I13: elc_spv-DEU | J13: S1aH3 | K13: 0.000212831 | L13: IMPNRGZ | N13: elc_won-DEU | O13: S1aH3 | P13: 0.0074860524 | Q13: IMPNRGZ | S13: elc_wof-DEU | T13: S1aH3 | U13: 0.0070289935 | V13: IMPNRGZ | X13: 0.0067351598 | Y13: 0.011245639 | Z13: S1aH3 | AA13: elc_roadtransport | AC13: elc_buildings | AD13: S1aH3 | AE13: 0.0089794169 | AG13: ELC | AH13: S1aH3 | AI13: 0.084639654 | AK13: S2 | AL13: 0.85866273 | AM13: hydro
C14: S4 | E14: H4 | G14: a | I14: elc_spv-DEU | J14: S1aH4 | K14: 0.0025148697 | L14: IMPNRGZ | N14: elc_won-DEU | O14: S1aH4 | P14: 0.0074313732 | Q14: IMPNRGZ | S14: elc_wof-DEU | T14: S1aH4 | U14: 0.0070672308 | V14: IMPNRGZ | X14: 0.0067351598 | Y14: 0.0086053585 | Z14: S1aH4 | AA14: elc_roadtransport | AC14: elc_buildings | AD14: S1aH4 | AE14: 0.0093232259 | AG14: ELC | AH14: S1aH4 | AI14: 0.080333358 | AK14: S3 | AL14: 0.074790226 | AM14: hydro
E15: H5 | G15: a | I15: elc_spv-DEU | J15: S1aH5 | K15: 0.054922726 | L15: IMPNRGZ | N15: elc_won-DEU | O15: S1aH5 | P15: 0.043114245 | Q15: IMPNRGZ | S15: elc_wof-DEU | T15: S1aH5 | U15: 0.042361322 | V15: IMPNRGZ | X15: 0.040410959 | Y15: 0.051201883 | Z15: S1aH5 | AA15: elc_roadtransport | AC15: elc_buildings | AD15: S1aH5 | AE15: 0.056354898 | AG15: ELC | AH15: S1aH5 | AI15: 0.085156904
E16: H6 | G16: a | I16: elc_spv-DEU | J16: S1aH6 | K16: 0.0076359461 | L16: IMPNRGZ | N16: elc_won-DEU | O16: S1aH6 | P16: 0.0071388004 | Q16: IMPNRGZ | S16: elc_wof-DEU | T16: S1aH6 | U16: 0.0070873287 | V16: IMPNRGZ | X16: 0.0067351598 | Y16: 0.010169969 | Z16: S1aH6 | AA16: elc_roadtransport | AC16: elc_buildings | AD16: S1aH6 | AE16: 0.0094335916 | AG16: ELC | AH16: S1aH6 | AI16: 0.08311554
E17: H7 | G17: a | I17: elc_spv-DEU | J17: S1aH7 | K17: 0.0048844499 | L17: IMPNRGZ | N17: elc_won-DEU | O17: S1aH7 | P17: 0.0071465471 | Q17: IMPNRGZ | S17: elc_wof-DEU | T17: S1aH7 | U17: 0.0071736353 | V17: IMPNRGZ | X17: 0.0067351598 | Y17: 0.013103614 | Z17: S1aH7 | AA17: elc_roadtransport | AC17: elc_buildings | AD17: S1aH7 | AE17: 0.0096263596 | AG17: ELC | AH17: S1aH7 | AI17: 0.079506795
E18: H8 | G18: a | I18: elc_spv-DEU | J18: S1aH8 | K18: 0.0018062388 | L18: IMPNRGZ | N18: elc_won-DEU | O18: S1aH8 | P18: 0.0072770367 | Q18: IMPNRGZ | S18: elc_wof-DEU | T18: S1aH8 | U18: 0.0072869486 | V18: IMPNRGZ | X18: 0.0067351598 | Y18: 0.013103614 | Z18: S1aH8 | AA18: elc_roadtransport | AC18: elc_buildings | AD18: S1aH8 | AE18: 0.0096700817 | AG18: ELC | AH18: S1aH8 | AI18: 0.08056248
E19: H9 | G19: a | I19: elc_spv-DEU | J19: S1aH9 | K19: 0.00012605487 | L19: IMPNRGZ | N19: elc_won-DEU | O19: S1aH9 | P19: 0.044361212 | Q19: IMPNRGZ | S19: elc_wof-DEU | T19: S1aH9 | U19: 0.043299573 | V19: IMPNRGZ | X19: 0.040410959 | Y19: 0.035594892 | Z19: S1aH9 | AA19: elc_roadtransport | AC19: elc_buildings | AD19: S1aH9 | AE19: 0.050177963 | AG19: ELC | AH19: S1aH9 | AI19: 0.18372288
I20: elc_spv-DEU | J20: S2aH1 | K20: 0.008322983 | L20: IMPNRGZ | N20: elc_won-DEU | O20: S2aH1 | P20: 0.15264405 | Q20: IMPNRGZ | S20: elc_wof-DEU | T20: S2aH1 | U20: 0.15487933 | V20: IMPNRGZ | X20: 0.16780822 | Y20: 0.035896543 | Z20: S2aH1 | AA20: elc_roadtransport | AC20: elc_buildings | AD20: S2aH1 | AE20: 0.11202694 | AG20: ELC | AH20: S2aH1 | AI20: 0.42199429
I21: elc_spv-DEU | J21: S2aH2 | K21: 0.024893195 | L21: IMPNRGZ | N21: elc_won-DEU | O21: S2aH2 | P21: 0.024709004 | Q21: IMPNRGZ | S21: elc_wof-DEU | T21: S2aH2 | U21: 0.025385683 | V21: IMPNRGZ | X21: 0.027968037 | Y21: 0.041419089 | Z21: S2aH2 | AA21: elc_roadtransport | AC21: elc_buildings | AD21: S2aH2 | AE21: 0.026314781 | AG21: ELC | AH21: S2aH2 | AI21: 0.30883747
I22: elc_spv-DEU | J22: S2aH3 | K22: 0.044678982 | L22: IMPNRGZ | N22: elc_won-DEU | O22: S2aH3 | P22: 0.024137541 | Q22: IMPNRGZ | S22: elc_wof-DEU | T22: S2aH3 | U22: 0.025351885 | V22: IMPNRGZ | X22: 0.027968037 | Y22: 0.046697992 | Z22: S2aH3 | AA22: elc_roadtransport | AC22: elc_buildings | AD22: S2aH3 | AE22: 0.028878272 | AG22: ELC | AH22: S2aH3 | AI22: 0.28070553
I23: elc_spv-DEU | J23: S2aH4 | K23: 0.062488647 | L23: IMPNRGZ | N23: elc_won-DEU | O23: S2aH4 | P23: 0.023774745 | Q23: IMPNRGZ | S23: elc_wof-DEU | T23: S2aH4 | U23: 0.025389921 | V23: IMPNRGZ | X23: 0.027968037 | Y23: 0.035734116 | Z23: S2aH4 | AA23: elc_roadtransport | AC23: elc_buildings | AD23: S2aH4 | AE23: 0.030316302 | AG23: ELC | AH23: S2aH4 | AI23: 0.26762129
I24: elc_spv-DEU | J24: S2aH5 | K24: 0.49933687 | L24: IMPNRGZ | N24: elc_won-DEU | O24: S2aH5 | P24: 0.14495427 | Q24: IMPNRGZ | S24: elc_wof-DEU | T24: S2aH5 | U24: 0.14852829 | V24: IMPNRGZ | X24: 0.16780822 | Y24: 0.21261799 | Z24: S2aH5 | AA24: elc_roadtransport | AC24: elc_buildings | AD24: S2aH5 | AE24: 0.18121984 | AG24: ELC | AH24: S2aH5 | AI24: 0.26347702
I25: elc_spv-DEU | J25: S2aH6 | K25: 0.074382313 | L25: IMPNRGZ | N25: elc_won-DEU | O25: S2aH6 | P25: 0.025464959 | Q25: IMPNRGZ | S25: elc_wof-DEU | T25: S2aH6 | U25: 0.025641958 | V25: IMPNRGZ | X25: 0.027968037 | Y25: 0.042231228 | Z25: S2aH6 | AA25: elc_roadtransport | AC25: elc_buildings | AD25: S2aH6 | AE25: 0.029861416 | AG25: ELC | AH25: S2aH6 | AI25: 0.27482775
I26: elc_spv-DEU | J26: S2aH7 | K26: 0.062187203 | L26: IMPNRGZ | N26: elc_won-DEU | O26: S2aH7 | P26: 0.0250709 | Q26: IMPNRGZ | S26: elc_wof-DEU | T26: S2aH7 | U26: 0.025897018 | V26: IMPNRGZ | X26: 0.027968037 | Y26: 0.054413312 | Z26: S2aH7 | AA26: elc_roadtransport | AC26: elc_buildings | AD26: S2aH7 | AE26: 0.029982035 | AG26: ELC | AH26: S2aH7 | AI26: 0.28363761
I27: elc_spv-DEU | J27: S2aH8 | K27: 0.046345252 | L27: IMPNRGZ | N27: elc_won-DEU | O27: S2aH8 | P27: 0.02472247 | Q27: IMPNRGZ | S27: elc_wof-DEU | T27: S2aH8 | U27: 0.026002369 | V27: IMPNRGZ | X27: 0.027968037 | Y27: 0.054413312 | Z27: S2aH8 | AA27: elc_roadtransport | AC27: elc_buildings | AD27: S2aH8 | AE27: 0.030088866 | AG27: ELC | AH27: S2aH8 | AI27: 0.28368776
I28: elc_spv-DEU | J28: S2aH9 | K28: 0.04323087 | L28: IMPNRGZ | N28: elc_won-DEU | O28: S2aH9 | P28: 0.15769132 | Q28: IMPNRGZ | S28: elc_wof-DEU | T28: S2aH9 | U28: 0.15854138 | V28: IMPNRGZ | X28: 0.16780822 | Y28: 0.1478093 | Z28: S2aH9 | AA28: elc_roadtransport | AC28: elc_buildings | AD28: S2aH9 | AE28: 0.1553894 | AG28: ELC | AH28: S2aH9 | AI28: 0.39676576
I29: elc_spv-DEU | J29: S3aH1 | K29: 0 | L29: IMPNRGZ | N29: elc_won-DEU | O29: S3aH1 | P29: 0.023270983 | Q29: IMPNRGZ | S29: elc_wof-DEU | T29: S3aH1 | U29: 0.023147018 | V29: IMPNRGZ | X29: 0.020547945 | Y29: 0.0043954951 | Z29: S3aH1 | AA29: elc_roadtransport | AC29: elc_buildings | AD29: S3aH1 | AE29: 0.015405648 | AG29: ELC | AH29: S3aH1 | AI29: 0.22402
I30: elc_spv-DEU | J30: S3aH2 | K30: 0 | L30: IMPNRGZ | N30: elc_won-DEU | O30: S3aH2 | P30: 0.0038521436 | Q30: IMPNRGZ | S30: elc_wof-DEU | T30: S3aH2 | U30: 0.0037017099 | V30: IMPNRGZ | X30: 0.0034246575 | Y30: 0.0050717251 | Z30: S3aH2 | AA30: elc_roadtransport | AC30: elc_buildings | AD30: S3aH2 | AE30: 0.0036545445 | AG30: ELC | AH30: S3aH2 | AI30: 0.11358643
I31: elc_spv-DEU | J31: S3aH3 | K31: 0.00010476133 | L31: IMPNRGZ | N31: elc_won-DEU | O31: S3aH3 | P31: 0.003848464 | Q31: IMPNRGZ | S31: elc_wof-DEU | T31: S3aH3 | U31: 0.0037344517 | V31: IMPNRGZ | X31: 0.0034246575 | Y31: 0.0057181215 | Z31: S3aH3 | AA31: elc_roadtransport | AC31: elc_buildings | AD31: S3aH3 | AE31: 0.0038592792 | AG31: ELC | AH31: S3aH3 | AI31: 0.096767771
... I46: elc_spv-DEU | J46: S4aH9 | K46: 0 | L46: IMPNRGZ | N46: elc_won-DEU | O46: S4aH9 | P46: 0.03317323 | Q46: IMPNRGZ | S46: elc_wof-DEU | T46: S4aH9 | U46: 0.030508743 | V46: IMPNRGZ | X46: 0.021232877 | Y46: 0.018702401 | Z46: S4aH9 | AA46: elc_roadtransport | AC46: elc_buildings | AD46: S4aH9 | AE46: 0.023135331 | AG46: ELC | AH46: S4aH9 | AI46: 0.17338769
AC47: elc_industry | AD47: S1aH1 | AE47: 0.03970732
AC48: elc_industry | AD48: S1aH2 | AE48: 0.0067596279
AC49: elc_industry | AD49: S1aH3 | AE49: 0.0067836594
AC50: elc_industry | AD50: S1aH4 | AE50: 0.0068029382
AC51: elc_industry | AD51: S1aH5 | AE51: 0.040840931
AC52: elc_industry | AD52: S1aH6 | AE52: 0.0068091269
AC53: elc_industry | AD53: S1aH7 | AE53: 0.0068199362
AC54: elc_industry | AD54: S1aH8 | AE54: 0.0068223879
AC55: elc_industry | AD55: S1aH9 | AE55: 0.040494564
AC56: elc_industry | AD56: S2aH1 | AE56: 0.16527805
AC57: elc_industry | AD57: S2aH2 | AE57: 0.027974952
AC58: elc_industry | AD58: S2aH3 | AE58: 0.028118697
... AC82: elc_industry | AD82: S4aH9 | AE82: 0.021248641

Sheet ts48_clu
C9: =IF(A11="x","DeActivated","~TimeSlices") -> DeActivated | I9: =IF(A11="x","DeActivated","~TFM_DINS-AT") -> DeActivated | N9: =IF(A11="x","DeActivated","~TFM_DINS-AT") -> DeActivated | S9: =IF(A11="x","DeActivated","~TFM_DINS-AT") -> DeActivated | X9: =IF(A11="x","DeActivated","~TFM_DINS-AT") -> DeActivated | AC9: =IF(A11="x","DeActivated","~TFM_DINS-AT") -> DeActivated | AG9: =IF(A11="x","DeActivated","~TFM_DINS-AT") -> DeActivated | AK9: =IF(A11="x","DeActivated","~TFM_INS-AT") -> DeActivated
A10: ts48_clu | C10: season | D10: weekly | E10: daynite | F10: wparent | G10: dparent | I10: commodity | J10: timeslice | K10: com_fr | L10: process | N10: commodity | O10: timeslice | P10: com_fr | Q10: process | S10: commodity | T10: timeslice | U10: com_fr | V10: process | X10: g_yrfr | Y10: com_fr | Z10: timeslice | AA10: commodity | AC10: commodity | AD10: timeslice | AE10: com_fr | AG10: commodity | AH10: timeslice | AI10: com_pkflx | AK10: timeslice | AL10: ncap_afs | AM10: pset_ci
A11: =IFERROR(IF(Veda!D5=A10,"ok","x"),"") -> x | C11: S1 | D11: a | E11: H1 | F11: S1,S2,S3,S4,S5,S6 | G11: a | I11: elc_spv-DEU | J11: S1aH1 | K11: 0 | L11: IMPNRGZ | N11: elc_won-DEU | O11: S1aH1 | P11: 0.044155048 | Q11: IMPNRGZ | S11: elc_wof-DEU | T11: S1aH1 | U11: 0.042330576 | V11: IMPNRGZ | X11: 0.040410959 | Y11: 0.0086444737 | Z11: S1aH1 | AA11: elc_roadtransport | AC11: elc_buildings | AD11: S1aH1 | AE11: 0.036138622 | AG11: ELC | AH11: S1aH1 | AI11: 0.20993759 | AK11: S1 | AL11: 0.18244762 | AM11: hydro
C12: S2 | E12: H2 | G12: a | I12: elc_spv-DEU | J12: S1aH2 | K12: 0 | L12: IMPNRGZ | N12: elc_won-DEU | O12: S1aH2 | P12: 0.0074771969 | Q12: IMPNRGZ | S12: elc_wof-DEU | T12: S1aH2 | U12: 0.0070255051 | V12: IMPNRGZ | X12: 0.0067351598 | Y12: 0.0099743928 | Z12: S1aH2 | AA12: elc_roadtransport | AC12: elc_buildings | AD12: S1aH2 | AE12: 0.0085508495 | AG12: ELC | AH12: S1aH2 | AI12: 0.084513739 | AK12: S4 | AL12: 0.09081218 | AM12: hydro
C13: S3 | E13: H3 | G13: a | I13: elc_spv-DEU | J13: S1aH3 | K13: 0.000212831 | L13: IMPNRGZ | N13: elc_won-DEU | O13: S1aH3 | P13: 0.0074860524 | Q13: IMPNRGZ | S13: elc_wof-DEU | T13: S1aH3 | U13: 0.0070289935 | V13: IMPNRGZ | X13: 0.0067351598 | Y13: 0.011245639 | Z13: S1aH3 | AA13: elc_roadtransport | AC13: elc_buildings | AD13: S1aH3 | AE13: 0.0089794169 | AG13: ELC | AH13: S1aH3 | AI13: 0.084639654 | AK13: S2 | AL13: 0.32525199 | AM13: hydro
C14: S4 | E14: H4 | G14: a | I14: elc_spv-DEU | J14: S1aH4 | K14: 0.0025148697 | L14: IMPNRGZ | N14: elc_won-DEU | O14: S1aH4 | P14: 0.0074313732 | Q14: IMPNRGZ | S14: elc_wof-DEU | T14: S1aH4 | U14: 0.0070672308 | V14: IMPNRGZ | X14: 0.0067351598 | Y14: 0.0086053585 | Z14: S1aH4 | AA14: elc_roadtransport | AC14: elc_buildings | AD14: S1aH4 | AE14: 0.0093232259 | AG14: ELC | AH14: S1aH4 | AI14: 0.080333358 | AK14: S5 | AL14: 0.074790226 | AM14: hydro
C15: S5 | E15: H5 | G15: a | I15: elc_spv-DEU | J15: S1aH5 | K15: 0.062558672 | L15: IMPNRGZ | N15: elc_won-DEU | O15: S1aH5 | P15: 0.050253046 | Q15: IMPNRGZ | S15: elc_wof-DEU | T15: S1aH5 | U15: 0.049448651 | V15: IMPNRGZ | X15: 0.047146119 | Y15: 0.061371852 | Z15: S1aH5 | AA15: elc_roadtransport | AC15: elc_buildings | AD15: S1aH5 | AE15: 0.06578849 | AG15: ELC | AH15: S1aH5 | AI15: 0.085727726 | AK15: S6 | AL15: 0.084099425 | AM15: hydro
C16: S6 | E16: H6 | G16: a | I16: elc_spv-DEU | J16: S1aH6 | K16: 0.0048844499 | L16: IMPNRGZ | N16: elc_won-DEU | O16: S1aH6 | P16: 0.0071465471 | Q16: IMPNRGZ | S16: elc_wof-DEU | T16: S1aH6 | U16: 0.0071736353 | V16: IMPNRGZ | X16: 0.0067351598 | Y16: 0.013103614 | Z16: S1aH6 | AA16: elc_roadtransport | AC16: elc_buildings | AD16: S1aH6 | AE16: 0.0096263596 | AG16: ELC | AH16: S1aH6 | AI16: 0.079506795 | AK16: S3 | AL16: 0.44259855 | AM16: hydro
E17: H7 | G17: a | I17: elc_spv-DEU | J17: S1aH7 | K17: 0.0018062388 | L17: IMPNRGZ | N17: elc_won-DEU | O17: S1aH7 | P17: 0.0072770367 | Q17: IMPNRGZ | S17: elc_wof-DEU | T17: S1aH7 | U17: 0.0072869486 | V17: IMPNRGZ | X17: 0.0067351598 | Y17: 0.013103614 | Z17: S1aH7 | AA17: elc_roadtransport | AC17: elc_buildings | AD17: S1aH7 | AE17: 0.0096700817 | AG17: ELC | AH17: S1aH7 | AI17: 0.08056248
E18: H8 | G18: a | I18: elc_spv-DEU | J18: S1aH8 | K18: 0.00012605487 | L18: IMPNRGZ | N18: elc_won-DEU | O18: S1aH8 | P18: 0.044361212 | Q18: IMPNRGZ | S18: elc_wof-DEU | T18: S1aH8 | U18: 0.043299573 | V18: IMPNRGZ | X18: 0.040410959 | Y18: 0.035594892 | Z18: S1aH8 | AA18: elc_roadtransport | AC18: elc_buildings | AD18: S1aH8 | AE18: 0.050177963 | AG18: ELC | AH18: S1aH8 | AI18: 0.18372288
I19: elc_spv-DEU | J19: S2aH1 | K19: 0.0017390279 | L19: IMPNRGZ | N19: elc_won-DEU | O19: S2aH1 | P19: 0.06188247 | Q19: IMPNRGZ | S19: elc_wof-DEU | T19: S2aH1 | U19: 0.06185124 | V19: IMPNRGZ | X19: 0.063013699 | Y19: 0.013479518 | Z19: S2aH1 | AA19: elc_roadtransport | AC19: elc_buildings | AD19: S2aH1 | AE19: 0.048274932 | AG19: ELC | AH19: S2aH1 | AI19: 0.33558919
I20: elc_spv-DEU | J20: S2aH2 | K20: 0.0071998476 | L20: IMPNRGZ | N20: elc_won-DEU | O20: S2aH2 | P20: 0.0099325686 | Q20: IMPNRGZ | S20: elc_wof-DEU | T20: S2aH2 | U20: 0.0098742654 | V20: IMPNRGZ | X20: 0.010502283 | Y20: 0.01555329 | Z20: S2aH2 | AA20: elc_roadtransport | AC20: elc_buildings | AD20: S2aH2 | AE20: 0.011243068 | AG20: ELC | AH20: S2aH2 | AI20: 0.22037966
I21: elc_spv-DEU | J21: S2aH3 | K21: 0.014772071 | L21: IMPNRGZ | N21: elc_won-DEU | O21: S2aH3 | P21: 0.0095234392 | Q21: IMPNRGZ | S21: elc_wof-DEU | T21: S2aH3 | U21: 0.0097755877 | V21: IMPNRGZ | X21: 0.010502283 | Y21: 0.017535573 | Z21: S2aH3 | AA21: elc_roadtransport | AC21: elc_buildings | AD21: S2aH3 | AE21: 0.012174998 | AG21: ELC | AH21: S2aH3 | AI21: 0.20003363
I22: elc_spv-DEU | J22: S2aH4 | K22: 0.022157748 | L22: IMPNRGZ | N22: elc_won-DEU | O22: S2aH4 | P22: 0.0093649021 | Q22: IMPNRGZ | S22: elc_wof-DEU | T22: S2aH4 | U22: 0.0097490723 | V22: IMPNRGZ | X22: 0.010502283 | Y22: 0.013418525 | Z22: S2aH4 | AA22: elc_roadtransport | AC22: elc_buildings | AD22: S2aH4 | AE22: 0.012643748 | AG22: ELC | AH22: S2aH4 | AI22: 0.19389875
I23: elc_spv-DEU | J23: S2aH5 | K23: 0.21001706 | L23: IMPNRGZ | N23: elc_won-DEU | O23: S2aH5 | P23: 0.067740983 | Q23: IMPNRGZ | S23: elc_wof-DEU | T23: S2aH5 | U23: 0.066930712 | V23: IMPNRGZ | X23: 0.073515982 | Y23: 0.095698481 | Z23: S2aH5 | AA23: elc_roadtransport | AC23: elc_buildings | AD23: S2aH5 | AE23: 0.087021023 | AG23: ELC | AH23: S2aH5 | AI23: 0.20247823
I24: elc_spv-DEU | J24: S2aH6 | K24: 0.02178332 | L24: IMPNRGZ | N24: elc_won-DEU | O24: S2aH6 | P24: 0.0099304589 | Q24: IMPNRGZ | S24: elc_wof-DEU | T24: S2aH6 | U24: 0.010058574 | V24: IMPNRGZ | X24: 0.010502283 | Y24: 0.020432754 | Z24: S2aH6 | AA24: elc_roadtransport | AC24: elc_buildings | AD24: S2aH6 | AE24: 0.012428239 | AG24: ELC | AH24: S2aH6 | AI24: 0.21380075
I25: elc_spv-DEU | J25: S2aH7 | K25: 0.015835242 | L25: IMPNRGZ | N25: elc_won-DEU | O25: S2aH7 | P25: 0.0097268952 | Q25: IMPNRGZ | S25: elc_wof-DEU | T25: S2aH7 | U25: 0.010171744 | V25: IMPNRGZ | X25: 0.010502283 | Y25: 0.020432754 | Z25: S2aH7 | AA25: elc_roadtransport | AC25: elc_buildings | AD25: S2aH7 | AE25: 0.012512785 | AG25: ELC | AH25: S2aH7 | AI25: 0.21138101
I26: elc_spv-DEU | J26: S2aH8 | K26: 0.012017929 | L26: IMPNRGZ | N26: elc_won-DEU | O26: S2aH8 | P26: 0.063091175 | Q26: IMPNRGZ | S26: elc_wof-DEU | T26: S2aH8 | U26: 0.06288401 | V26: IMPNRGZ | X26: 0.063013699 | Y26: 0.055503899 | Z26: S2aH8 | AA26: elc_roadtransport | AC26: elc_buildings | AD26: S2aH8 | AE26: 0.064729606 | AG26: ELC | AH26: S2aH8 | AI26: 0.32204143
I27: elc_spv-DEU | J27: S3aH1 | K27: 0.0065839551 | L27: IMPNRGZ | N27: elc_won-DEU | O27: S3aH1 | P27: 0.061852165 | Q27: IMPNRGZ | S27: elc_wof-DEU | T27: S3aH1 | U27: 0.063544932 | V27: IMPNRGZ | X27: 0.083561644 | Y27: 0.017875013 | Z27: S3aH1 | AA27: elc_roadtransport | AC27: elc_buildings | AD27: S3aH1 | AE27: 0.050093012 | AG27: ELC | AH27: S3aH1 | AI27: 0.20863082
I28: elc_spv-DEU | J28: S3aH2 | K28: 0.017637314 | L28: IMPNRGZ | N28: elc_won-DEU | O28: S3aH2 | P28: 0.0097901113 | Q28: IMPNRGZ | S28: elc_wof-DEU | T28: S3aH2 | U28: 0.010598095 | V28: IMPNRGZ | X28: 0.013926941 | Y28: 0.020625016 | Z28: S3aH2 | AA28: elc_roadtransport | AC28: elc_buildings | AD28: S3aH2 | AE28: 0.01178597 | AG28: ELC | AH28: S3aH2 | AI28: 0.11463779
I29: elc_spv-DEU | J29: S3aH3 | K29: 0.028171095 | L29: IMPNRGZ | N29: elc_won-DEU | O29: S3aH3 | P29: 0.0096185838 | Q29: IMPNRGZ | S29: elc_wof-DEU | T29: S3aH3 | U29: 0.010707451 | V29: IMPNRGZ | X29: 0.013926941 | Y29: 0.023253694 | Z29: S3aH3 | AA29: elc_roadtransport | AC29: elc_buildings | AD29: S3aH3 | AE29: 0.013080465 | AG29: ELC | AH29: S3aH3 | AI29: 0.10824262
I30: elc_spv-DEU | J30: S3aH4 | K30: 0.036435889 | L30: IMPNRGZ | N30: elc_won-DEU | O30: S3aH4 | P30: 0.0095701218 | Q30: IMPNRGZ | S30: elc_wof-DEU | T30: S3aH4 | U30: 0.010811181 | V30: IMPNRGZ | X30: 0.013926941 | Y30: 0.017794131 | Z30: S3aH4 | AA30: elc_roadtransport | AC30: elc_buildings | AD30: S3aH4 | AE30: 0.013934765 | AG30: ELC | AH30: S3aH4 | AI30: 0.087572699
... I58: elc_spv-DEU | J58: S6aH8 | K58: 0 | L58: IMPNRGZ | N58: elc_won-DEU | O58: S6aH8 | P58: 0.03317323 | Q58: IMPNRGZ | S58: elc_wof-DEU | T58: S6aH8 | U58: 0.030508743 | V58: IMPNRGZ | X58: 0.021232877 | Y58: 0.018702401 | Z58: S6aH8 | AA58: elc_roadtransport | AC58: elc_buildings | AD58: S6aH8 | AE58: 0.023135331 | AG58: ELC | AH58: S6aH8 | AI58: 0.17338769
AC59: elc_industry | AD59: S1aH1 | AE59: 0.03970732
AC60: elc_industry | AD60: S1aH2 | AE60: 0.0067596279
AC61: elc_industry | AD61: S1aH3 | AE61: 0.0067836594
AC62: elc_industry | AD62: S1aH4 | AE62: 0.0068029382
AC63: elc_industry | AD63: S1aH5 | AE63: 0.047650057
AC64: elc_industry | AD64: S1aH6 | AE64: 0.0068199362
AC65: elc_industry | AD65: S1aH7 | AE65: 0.0068223879
AC66: elc_industry | AD66: S1aH8 | AE66: 0.040494564
AC67: elc_industry | AD67: S2aH1 | AE67: 0.062073489
AC68: elc_industry | AD68: S2aH2 | AE68: 0.010524864
AC69: elc_industry | AD69: S2aH3 | AE69: 0.010577121
AC70: elc_industry | AD70: S2aH4 | AE70: 0.010603406
... AC106: elc_industry | AD106: S6aH8 | AE106: 0.021248641

Sheet s5p5v5_d
C9: =IF(A11="x","DeActivated","~TimeSlices") -> DeActivated | I9: =IF(A11="x","DeActivated","~TFM_DINS-AT") -> DeActivated | N9: =IF(A11="x","DeActivated","~TFM_DINS-AT") -> DeActivated | S9: =IF(A11="x","DeActivated","~TFM_DINS-AT") -> DeActivated | X9: =IF(A11="x","DeActivated","~TFM_DINS-AT") -> DeActivated | AC9: =IF(A11="x","DeActivated","~TFM_DINS-AT") -> DeActivated | AG9: =IF(A11="x","DeActivated","~TFM_DINS-AT") -> DeActivated | AK9: =IF(A11="x","DeActivated","~TFM_INS-AT") -> DeActivated
A10: s5p5v5_d | C10: season | D10: weekly | E10: daynite | F10: wparent | G10: dparent | I10: commodity | J10: timeslice | K10: com_fr | L10: process | N10: commodity | O10: timeslice | P10: com_fr | Q10: process | S10: commodity | T10: timeslice | U10: com_fr | V10: process | X10: g_yrfr | Y10: com_fr | Z10: timeslice | AA10: commodity | AC10: commodity | AD10: timeslice | AE10: com_fr | AG10: commodity | AH10: timeslice | AI10: com_pkflx | AK10: timeslice | AL10: ncap_afs | AM10: pset_ci
A11: =IFERROR(IF(Veda!D5=A10,"ok","x"),"") -> x | C11: S1 | D11: a | E11: 0107h01 | F11: S1,S2,S3,S4,S5,S6 | G11: b | I11: elc_spv-DEU | J11: S1aH1 | K11: 0 | L11: IMPNRGZ | N11: elc_won-DEU | O11: S1aH1 | P11: 0.042400541 | Q11: IMPNRGZ | S11: elc_wof-DEU | T11: S1aH1 | U11: 0.041175573 | V11: IMPNRGZ | X11: 0.039041096 | Y11: 0.0083514407 | Z11: S1aH1 | AA11: elc_roadtransport | AC11: elc_buildings | AD11: S1aH1 | AE11: 0.034981777 | AG11: ELC | AH11: S1aH1 | AI11: 0.20864315 | AK11: S1 | AL11: 0.18244762 | AM11: hydro
C12: S2 | D12: b | E12: 0107h02 | F12: S1 | G12: b | I12: elc_spv-DEU | J12: S1aH2 | K12: 0 | L12: IMPNRGZ | N12: elc_won-DEU | O12: S1aH2 | P12: 0.0071942428 | Q12: IMPNRGZ | S12: elc_wof-DEU | T12: S1aH2 | U12: 0.0067908956 | V12: IMPNRGZ | X12: 0.0065068493 | Y12: 0.0096362778 | Z12: S1aH2 | AA12: elc_roadtransport | AC12: elc_buildings | AD12: S1aH2 | AE12: 0.0082516423 | AG12: ELC | AH12: S1aH2 | AI12: 0.085255587 | AK12: S4 | AL12: 0.09081218 | AM12: hydro
C13: S3 | D13: c | E13: 0107h03 | F13: S1 | G13: b | I13: elc_spv-DEU | J13: S1aH3 | K13: 0.000212831 | L13: IMPNRGZ | N13: elc_won-DEU | O13: S1aH3 | P13: 0.0072018938 | Q13: IMPNRGZ | S13: elc_wof-DEU | T13: S1aH3 | U13: 0.0067909639 | V13: IMPNRGZ | X13: 0.0065068493 | Y13: 0.010864431 | Z13: S1aH3 | AA13: elc_roadtransport | AC13: elc_buildings | AD13: S1aH3 | AE13: 0.0086562161 | AG13: ELC | AH13: S1aH3 | AI13: 0.08610954 | AK13: S2 | AL13: 0.32525199 | AM13: hydro
C14: S4 | D14: d | E14: 0107h04 | F14: S2 | G14: b | I14: elc_spv-DEU | J14: S1aH4 | K14: 0.0024349797 | L14: IMPNRGZ | N14: elc_won-DEU | O14: S1aH4 | P14: 0.0071485544 | Q14: IMPNRGZ | S14: elc_wof-DEU | T14: S1aH4 | U14: 0.0068325885 | V14: IMPNRGZ | X14: 0.0065068493 | Y14: 0.0083136514 | Z14: S1aH4 | AA14: elc_roadtransport | AC14: elc_buildings | AD14: S1aH4 | AE14: 0.0089956827 | AG14: ELC | AH14: S1aH4 | AI14: 0.081198984 | AK14: S6 | AL14: 0.084099425 | AM14: hydro
C15: S5 | D15: e | E15: 0107h05 | F15: S2 | G15: b | I15: elc_spv-DEU | J15: S1aH5 | K15: 0.06068264 | L15: IMPNRGZ | N15: elc_won-DEU | O15: S1aH5 | P15: 0.048173155 | Q15: IMPNRGZ | S15: elc_wof-DEU | T15: S1aH5 | U15: 0.047575816 | V15: IMPNRGZ | X15: 0.045547945 | Y15: 0.05929145 | Z15: S1aH5 | AA15: elc_roadtransport | AC15: elc_buildings | AD15: S1aH5 | AE15: 0.06351038 | AG15: ELC | AH15: S1aH5 | AI15: 0.086235395 | AK15: S5 | AL15: 0.074790226 | AM15: hydro
C16: S6 | D16: f | E16: 0107h06 | F16: S2 | G16: b | I16: elc_spv-DEU | J16: S1aH6 | K16: 0.0047803795 | L16: IMPNRGZ | N16: elc_won-DEU | O16: S1aH6 | P16: 0.0068324552 | Q16: IMPNRGZ | S16: elc_wof-DEU | T16: S1aH6 | U16: 0.006875116 | V16: IMPNRGZ | X16: 0.0065068493 | Y16: 0.012659424 | Z16: S1aH6 | AA16: elc_roadtransport | AC16: elc_buildings | AD16: S1aH6 | AE16: 0.0092977502 | AG16: ELC | AH16: S1aH6 | AI16: 0.079659915 | AK16: S3 | AL16: 0.44259855 | AM16: hydro
D17: g | E17: 0107h07 | F17: S2 | G17: b | I17: elc_spv-DEU | J17: S1aH7 | K17: 0.0017858554 | L17: IMPNRGZ | N17: elc_won-DEU | O17: S1aH7 | P17: 0.0069557768 | Q17: IMPNRGZ | S17: elc_wof-DEU | T17: S1aH7 | U17: 0.0069835144 | V17: IMPNRGZ | X17: 0.0065068493 | Y17: 0.012659424 | Z17: S1aH7 | AA17: elc_roadtransport | AC17: elc_buildings | AD17: S1aH7 | AE17: 0.0093415295 | AG17: ELC | AH17: S1aH7 | AI17: 0.08059958
D18: h | E18: 0107h08 | F18: S2 | G18: b | I18: elc_spv-DEU | J18: S1aH8 | K18: 0.00012605487 | L18: IMPNRGZ | N18: elc_won-DEU | O18: S1aH8 | P18: 0.042287395 | Q18: IMPNRGZ | S18: elc_wof-DEU | T18: S1aH8 | U18: 0.041292898 | V18: IMPNRGZ | X18: 0.039041096 | Y18: 0.034388285 | Z18: S1aH8 | AA18: elc_roadtransport | AC18: elc_buildings | AD18: S1aH8 | AE18: 0.048520225 | AG18: ELC | AH18: S1aH8 | AI18: 0.18304984
D19: i | E19: 0107h09 | F19: S2 | G19: b | I19: elc_spv-DEU | J19: S1b0107h01 | K19: 0 | L19: IMPNRGZ | N19: elc_won-DEU | O19: S1b0107h01 | P19: 2.2975113e-05 | Q19: IMPNRGZ | S19: elc_wof-DEU | T19: S1b0107h01 | U19: 2.5401948e-05 | V19: IMPNRGZ | X19: 0.00011415525 | Y19: 2.1546545e-05 | Z19: S1b0107h01 | AA19: elc_roadtransport | AC19: elc_buildings | AD19: S1b0107h01 | AE19: 9.270963e-05 | AG19: ELC | AH19: S1b0107h01 | AI19: 0
D20: j | E20: 0107h10 | F20: S3 | G20: b | I20: elc_spv-DEU | J20: S1b0107h02 | K20: 0 | L20: IMPNRGZ | N20: elc_won-DEU | O20: S1b0107h02 | P20: 2.0001573e-05 | Q20: IMPNRGZ | S20: elc_wof-DEU | T20: S1b0107h02 | U20: 1.8425327e-05 | V20: IMPNRGZ | X20: 0.00011415525 | Y20: 1.4916839e-05 | Z20: S1b0107h02 | AA20: elc_roadtransport | AC20: elc_buildings | AD20: S1b0107h02 | AE20: 8.850768e-05 | AG20: ELC | AH20: S1b0107h02 | AI20: 0
D21: k | E21: 0107h11 | F21: S3 | G21: b | I21: elc_spv-DEU | J21: S1b0107h03 | K21: 0 | L21: IMPNRGZ | N21: elc_won-DEU | O21: S1b0107h03 | P21: 1.5251003e-05 | Q21: IMPNRGZ | S21: elc_wof-DEU | T21: S1b0107h03 | U21: 1.373309e-05 | V21: IMPNRGZ | X21: 0.00011415525 | Y21: 1.6574265e-05 | Z21: S1b0107h03 | AA21: elc_roadtransport | AC21: elc_buildings | AD21: S1b0107h03 | AE21: 8.8218187e-05 | AG21: ELC | AH21: S1b0107h03 | AI21: 0
D22: l | E22: 0107h12 | F22: S3 | G22: b | I22: elc_spv-DEU | J22: S1b0107h04 | K22: 0 | L22: IMPNRGZ | N22: elc_won-DEU | O22: S1b0107h04 | P22: 1.4093236e-05 | Q22: IMPNRGZ | S22: elc_wof-DEU | T22: S1b0107h04 | U22: 1.4820298e-05 | V22: IMPNRGZ | X22: 0.00011415525 | Y22: 1.4585353e-05 | Z22: S1b0107h04 | AA22: elc_roadtransport | AC22: elc_buildings | AD22: S1b0107h04 | AE22: 8.8519145e-05 | AG22: ELC | AH22: S1b0107h04 | AI22: 0
D23: m | E23: 0107h13 | F23: S3 | G23: b | I23: elc_spv-DEU | J23: S1b0107h05 | K23: 0 | L23: IMPNRGZ | N23: elc_won-DEU | O23: S1b0107h05 | P23: 1.422115e-05 | Q23: IMPNRGZ | S23: elc_wof-DEU | T23: S1b0107h05 | U23: 1.2930459e-05 | V23: IMPNRGZ | X23: 0.00011415525 | Y23: 2.1215059e-05 | Z23: S1b0107h05 | AA23: elc_roadtransport | AC23: elc_buildings | AD23: S1b0107h05 | AE23: 9.7006167e-05 | AG23: ELC | AH23: S1b0107h05 | AI23: 0
D24: n | E24: 0107h14 | F24: S4 | G24: b | I24: elc_spv-DEU | J24: S1b0107h06 | K24: 0 | L24: IMPNRGZ | N24: elc_won-DEU | O24: S1b0107h06 | P24: 1.1219615e-05 | Q24: IMPNRGZ | S24: elc_wof-DEU | T24: S1b0107h06 | U24: 9.4417728e-06 | V24: IMPNRGZ | X24: 0.00011415525 | Y24: 5.7678443e-05 | Z24: S1b0107h06 | AA24: elc_roadtransport | AC24: elc_buildings | AD24: S1b0107h06 | AE24: 0.00012591536 | AG24: ELC | AH24: S1b0107h06 | AI24: 0
D25: o | E25: 0107h15 | F25: S5 | G25: b | I25: elc_spv-DEU | J25: S1b0107h07 | K25: 0 | L25: IMPNRGZ | N25: elc_won-DEU | O25: S1b0107h07 | P25: 9.243382e-06 | Q25: IMPNRGZ | S25: elc_wof-DEU | T25: S1b0107h07 | U25: 1.1367384e-05 | V25: IMPNRGZ | X25: 0.00011415525 | Y25: 0.0001690575 | Z25: S1b0107h07 | AA25: elc_roadtransport | AC25: elc_buildings | AD25: S1b0107h07 | AE25: 0.00015180063 | AG25: ELC | AH25: S1b0107h07 | AI25: 0
D26: p | E26: 0107h16 | F26: S5 | G26: b | I26: elc_spv-DEU | J26: S1b0107h08 | K26: 0 | L26: IMPNRGZ | N26: elc_won-DEU | O26: S1b0107h08 | P26: 1.0675746e-05 | Q26: IMPNRGZ | S26: elc_wof-DEU | T26: S1b0107h08 | U26: 1.4787406e-05 | V26: IMPNRGZ | X26: 0.00011415525 | Y26: 0.00019060405 | Z26: S1b0107h08 | AA26: elc_roadtransport | AC26: elc_buildings | AD26: S1b0107h08 | AE26: 0.00016318258 | AG26: ELC | AH26: S1b0107h08 | AI26: 0
E27: 0107h17 | G27: b | I27: elc_spv-DEU | J27: S1b0107h09 | K27: 5.1889216e-06 | L27: IMPNRGZ | N27: elc_won-DEU | O27: S1b0107h09 | P27: 1.1243055e-05 | Q27: IMPNRGZ | S27: elc_wof-DEU | T27: S1b0107h09 | U27: 1.6629625e-05 | V27: IMPNRGZ | X27: 0.00011415525 | Y27: 0.00014585353 | Z27: S1b0107h09 | AA27: elc_roadtransport | AC27: elc_buildings | AD27: S1b0107h09 | AE27: 0.00016554726 | AG27: ELC | AH27: S1b0107h09 | AI27: 0
E28: 0107h18 | G28: b | I28: elc_spv-DEU | J28: S1b0107h10 | K28: 1.6605149e-05 | L28: IMPNRGZ | N28: elc_won-DEU | O28: S1b0107h10 | P28: 1.3246016e-05 | Q28: IMPNRGZ | S28: elc_wof-DEU | T28: S1b0107h10 | U28: 2.1775783e-05 | V28: IMPNRGZ | X28: 0.00011415525 | Y28: 0.00014452759 | Z28: S1b0107h10 | AA28: elc_roadtransport | AC28: elc_buildings | AD28: S1b0107h10 | AE28: 0.00016518897 | AG28: ELC | AH28: S1b0107h10 | AI28: 0
E29: 0107h19 | G29: b | I29: elc_spv-DEU | J29: S1b0107h11 | K29: 3.7670821e-05 | L29: IMPNRGZ | N29: elc_won-DEU | O29: S1b0107h11 | P29: 1.0119192e-05 | Q29: IMPNRGZ | S29: elc_wof-DEU | T29: S1b0107h11 | U29: 1.7313953e-05 | V29: IMPNRGZ | X29: 0.00011415525 | Y29: 0.00014088125 | Z29: S1b0107h11 | AA29: elc_roadtransport | AC29: elc_buildings | AD29: S1b0107h11 | AE29: 0.00016456126 | AG29: ELC | AH29: S1b0107h11 | AI29: 0
E30: 0107h20 | G30: b | I30: elc_spv-DEU | J30: S1b0107h12 | K30: 5.9592621e-05 | L30: IMPNRGZ | N30: elc_won-DEU | O30: S1b0107h12 | P30: 1.3257935e-05 | Q30: IMPNRGZ | S30: elc_wof-DEU | T30: S1b0107h12 | U30: 2.6678551e-05 | V30: IMPNRGZ | X30: 0.00011415525 | Y30: 0.00014054977 | Z30: S1b0107h12 | AA30: elc_roadtransport | AC30: elc_buildings | AD30: S1b0107h12 | AE30: 0.00016436635 | AG30: ELC | AH30: S1b0107h12 | AI30: 0
E31: 0107h21 | G31: b | I31: elc_spv-DEU | J31: S1b0107h13 | K31: 6.5698069e-05 | L31: IMPNRGZ | N31: elc_won-DEU | O31: S1b0107h13 | P31: 2.0790973e-05 | Q31: IMPNRGZ | S31: elc_wof-DEU | T31: S1b0107h13 | U31: 4.5057629e-05 | V31: IMPNRGZ | X31: 0.00011415525 | Y31: 0.00014253868 | Z31: S1b0107h13 | AA31: elc_roadtransport | AC31: elc_buildings | AD31: S1b0107h13 | AE31: 0.00016377877 | AG31: ELC | AH31: S1b0107h13 | AI31: 0
E32: 0107h22 | G32: b | I32: elc_spv-DEU | J32: S1b0107h14 | K32: 7.5040506e-05 | L32: IMPNRGZ | N32: elc_won-DEU | O32: S1b0107h14 | P32: 2.6072045e-05 | Q32: IMPNRGZ | S32: elc_wof-DEU | T32: S1b0107h14 | U32: 5.7387903e-05 | V32: IMPNRGZ | X32: 0.00011415525 | Y32: 0.0001488369 | Z32: S1b0107h14 | AA32: elc_roadtransport | AC32: elc_buildings | AD32: S1b0107h14 | AE32: 0.00016171219 | AG32: ELC | AH32: S1b0107h14 | AI32: 0
E33: 0107h23 | G33: b | I33: elc_spv-DEU | J33: S1b0107h15 | K33: 5.6402649e-05 | L33: IMPNRGZ | N33: elc_won-DEU | O33: S1b0107h15 | P33: 2.5936087e-05 | Q33: IMPNRGZ | S33: elc_wof-DEU | T33: S1b0107h15 | U33: 6.7943712e-05 | V33: IMPNRGZ | X33: 0.00011415525 | Y33: 0.00015049433 | Z33: S1b0107h15 | AA33: elc_roadtransport | AC33: elc_buildings | AD33: S1b0107h15 | AE33: 0.00016273545 | AG33: ELC | AH33: S1b0107h15 | AI33: 0
E34: 0107h24 | G34: b | I34: elc_spv-DEU | J34: S1b0107h16 | K34: 4.1964816e-05 | L34: IMPNRGZ | N34: elc_won-DEU | O34: S1b0107h16 | P34: 2.9841117e-05 | Q34: IMPNRGZ | S34: elc_wof-DEU | T34: S1b0107h16 | U34: 7.4891692e-05 | V34: IMPNRGZ | X34: 0.00011415525 | Y34: 0.00017237236 | Z34: S1b0107h16 | AA34: elc_roadtransport | AC34: elc_buildings | AD34: S1b0107h16 | AE34: 0.00016458992 | AG34: ELC | AH34: S1b0107h16 | AI34: 0
E35: 0131h01 | G35: c | I35: elc_spv-DEU | J35: S1b0107h17 | K35: 1.2823677e-05 | L35: IMPNRGZ | N35: elc_won-DEU | O35: S1b0107h17 | P35: 3.5685853e-05 | Q35: IMPNRGZ | S35: elc_wof-DEU | T35: S1b0107h17 | U35: 7.5410582e-05 | V35: IMPNRGZ | X35: 0.00011415525 | Y35: 0.00022209515 | Z35: S1b0107h17 | AA35: elc_roadtransport | AC35: elc_buildings | AD35: S1b0107h17 | AE35: 0.00016587401 | AG35: ELC | AH35: S1b0107h17 | AI35: 0
E36: 0131h02 | G36: c | I36: elc_spv-DEU | J36: S1b0107h18 | K36: 0 | L36: IMPNRGZ | N36: elc_won-DEU | O36: S1b0107h18 | P36: 4.2660174e-05 | Q36: IMPNRGZ | S36: elc_wof-DEU | T36: S1b0107h18 | U36: 8.0206676e-05 | V36: IMPNRGZ | X36: 0.00011415525 | Y36: 0.00022209515 | Z36: S1b0107h18 | AA36: elc_roadtransport | AC36: elc_buildings | AD36: S1b0107h18 | AE36: 0.00016584535 | AG36: ELC | AH36: S1b0107h18 | AI36: 0
E37: 0131h03 | G37: c | I37: elc_spv-DEU | J37: S1b0107h19 | K37: 0 | L37: IMPNRGZ | N37: elc_won-DEU | O37: S1b0107h19 | P37: 5.0385922e-05 | Q37: IMPNRGZ | S37: elc_wof-DEU | T37: S1b0107h19 | U37: 9.2589064e-05 | V37: IMPNRGZ | X37: 0.00011415525 | Y37: 0.00017237236 | Z37: S1b0107h19 | AA37: elc_roadtransport | AC37: elc_buildings | AD37: S1b0107h19 | AE37: 0.00016647879 | AG37: ELC | AH37: S1b0107h19 | AI37: 0
E38: 0131h04 | G38: c | I38: elc_spv-DEU | J38: S1b0107h20 | K38: 0 | L38: IMPNRGZ | N38: elc_won-DEU | O38: S1b0107h20 | P38: 5.5971635e-05 | Q38: IMPNRGZ | S38: elc_wof-DEU | T38: S1b0107h20 | U38: 0.00010379554 | V38: IMPNRGZ | X38: 0.00011415525 | Y38: 0.00015579809 | Z38: S1b0107h20 | AA38: elc_roadtransport | AC38: elc_buildings | AD38: S1b0107h20 | AE38: 0.0001616348 | AG38: ELC | AH38: S1b0107h20 | AI38: 0
... E378: H8 | G378: a | I378: elc_spv-DEU | J378: S5o1115h16 | K378: 6.7171779e-05 | L378: IMPNRGZ | N378: elc_won-DEU | O378: S5o1115h16 | P378: 1.7571404e-05 | Q378: IMPNRGZ | S378: elc_wof-DEU | T378: S5o1115h16 | U378: 2.2033457e-05 | V378: IMPNRGZ | X378: 0.00011415525 | Y378: 0.00017237236 | Z378: S5o1115h16 | AA378: elc_roadtransport | AC378: elc_buildings | AD378: S5o1115h16 | AE378: 0.00014481833 | AG378: ELC | AH378: S5o1115h16 | AI378: 0
I379: elc_spv-DEU | J379: S5o1115h17 | K379: 3.1609441e-05 | L379: IMPNRGZ | N379: elc_won-DEU | O379: S5o1115h17 | P379: 1.9858933e-05 | Q379: IMPNRGZ | S379: elc_wof-DEU | T379: S5o1115h17 | U379: 2.1439408e-05 | V379: IMPNRGZ | X379: 0.00011415525 | Y379: 0.00022209515 | Z379: S5o1115h17 | AA379: elc_roadtransport | AC379: elc_buildings | AD379: S5o1115h17 | AE379: 0.00014742091 | AG379: ELC | AH379: S5o1115h17 | AI379: 0
I380: elc_spv-DEU | J380: S5o1115h18 | K380: 0 | L380: IMPNRGZ | N380: elc_won-DEU | O380: S5o1115h18 | P380: 2.5838541e-05 | Q380: IMPNRGZ | S380: elc_wof-DEU | T380: S5o1115h18 | U380: 2.6077201e-05 | V380: IMPNRGZ | X380: 0.00011415525 | Y380: 0.00022209515 | Z380: S5o1115h18 | AA380: elc_roadtransport | AC380: elc_buildings | AD380: S5o1115h18 | AE380: 0.00014802855 | AG380: ELC | AH380: S5o1115h18 | AI380: 0
I381: elc_spv-DEU | J381: S5o1115h19 | K381: 0 | L381: IMPNRGZ | N381: elc_won-DEU | O381: S5o1115h19 | P381: 3.738815e-05 | Q381: IMPNRGZ | S381: elc_wof-DEU | T381: S5o1115h19 | U381: 4.0527989e-05 | V381: IMPNRGZ | X381: 0.00011415525 | Y381: 0.00017237236 | Z381: S5o1115h19 | AA381: elc_roadtransport | AC381: elc_buildings | AD381: S5o1115h19 | AE381: 0.00014837537 | AG381: ELC | AH381: S5o1115h19 | AI381: 0
I382: elc_spv-DEU | J382: S5o1115h20 | K382: 0 | L382: IMPNRGZ | N382: elc_won-DEU | O382: S5o1115h20 | P382: 5.1777395e-05 | Q382: IMPNRGZ | S382: elc_wof-DEU | T382: S5o1115h20 | U382: 5.5981469e-05 | V382: IMPNRGZ | X382: 0.00011415525 | Y382: 0.00015579809 | Z382: S5o1115h20 | AA382: elc_roadtransport | AC382: elc_buildings | AD382: S5o1115h20 | AE382: 0.00014465496 | AG382: ELC | AH382: S5o1115h20 | AI382: 0
I383: elc_spv-DEU | J383: S5o1115h21 | K383: 0 | L383: IMPNRGZ | N383: elc_won-DEU | O383: S5o1115h21 | P383: 6.7190782e-05 | Q383: IMPNRGZ | S383: elc_wof-DEU | T383: S5o1115h21 | U383: 7.6912905e-05 | V383: IMPNRGZ | X383: 0.00011415525 | Y383: 0.00010939015 | Z383: S5o1115h21 | AA383: elc_roadtransport | AC383: elc_buildings | AD383: S5o1115h21 | AE383: 0.00013588704 | AG383: ELC | AH383: S5o1115h21 | AI383: 0
I384: elc_spv-DEU | J384: S5o1115h22 | K384: 0 | L384: IMPNRGZ | N384: elc_won-DEU | O384: S5o1115h22 | P384: 8.3135798e-05 | Q384: IMPNRGZ | S384: elc_wof-DEU | T384: S5o1115h22 | U384: 0.00010144673 | V384: IMPNRGZ | X384: 0.00011415525 | Y384: 7.9556473e-05 | Z384: S5o1115h22 | AA384: elc_roadtransport | AC384: elc_buildings | AD384: S5o1115h22 | AE384: 0.00012316367 | AG384: ELC | AH384: S5o1115h22 | AI384: 0
I385: elc_spv-DEU | J385: S5o1115h23 | K385: 0 | L385: IMPNRGZ | N385: elc_won-DEU | O385: S5o1115h23 | P385: 9.4590204e-05 | Q385: IMPNRGZ | S385: elc_wof-DEU | T385: S5o1115h23 | U385: 0.00011777228 | V385: IMPNRGZ | X385: 0.00011415525 | Y385: 5.6352501e-05 | Z385: S5o1115h23 | AA385: elc_roadtransport | AC385: elc_buildings | AD385: S5o1115h23 | AE385: 0.00011354161 | AG385: ELC | AH385: S5o1115h23 | AI385: 0
I386: elc_spv-DEU | J386: S5o1115h24 | K386: 0 | L386: IMPNRGZ | N386: elc_won-DEU | O386: S5o1115h24 | P386: 0.00010709809 | Q386: IMPNRGZ | S386: elc_wof-DEU | T386: S5o1115h24 | U386: 0.00014111428 | V386: IMPNRGZ | X386: 0.00011415525 | Y386: 2.9833677e-05 | Z386: S5o1115h24 | AA386: elc_roadtransport | AC386: elc_buildings | AD386: S5o1115h24 | AE386: 9.1551592e-05 | AG386: ELC | AH386: S5o1115h24 | AI386: 0
I387: elc_spv-DEU | J387: S5p1123h01 | K387: 0 | L387: IMPNRGZ | N387: elc_won-DEU | O387: S5p1123h01 | P387: 6.4987387e-05 | Q387: IMPNRGZ | S387: elc_wof-DEU | T387: S5p1123h01 | U387: 6.2036344e-05 | V387: IMPNRGZ | X387: 0.00011415525 | Y387: 2.1546545e-05 | Z387: S5p1123h01 | AA387: elc_roadtransport | AC387: elc_buildings | AD387: S5p1123h01 | AE387: 8.2508513e-05 | AG387: ELC | AH387: S5p1123h01 | AI387: 0
I388: elc_spv-DEU | J388: S5p1123h02 | K388: 0 | L388: IMPNRGZ | N388: elc_won-DEU | O388: S5p1123h02 | P388: 6.4903059e-05 | Q388: IMPNRGZ | S388: elc_wof-DEU | T388: S5p1123h02 | U388: 5.4732086e-05 | V388: IMPNRGZ | X388: 0.00011415525 | Y388: 1.4916839e-05 | Z388: S5p1123h02 | AA388: elc_roadtransport | AC388: elc_buildings | AD388: S5p1123h02 | AE388: 7.7696048e-05 | AG388: ELC | AH388: S5p1123h02 | AI388: 0
I389: elc_spv-DEU | J389: S5p1123h03 | K389: 0 | L389: IMPNRGZ | N389: elc_won-DEU | O389: S5p1123h03 | P389: 6.7654573e-05 | Q389: IMPNRGZ | S389: elc_wof-DEU | T389: S5p1123h03 | U389: 4.5876981e-05 | V389: IMPNRGZ | X389: 0.00011415525 | Y389: 1.6574265e-05 | Z389: S5p1123h03 | AA389: elc_roadtransport | AC389: elc_buildings | AD389: S5p1123h03 | AE389: 7.6391895e-05 | AG389: ELC | AH389: S5p1123h03 | AI389: 0
I390: elc_spv-DEU | J390: S5p1123h04 | K390: 0 | L390: IMPNRGZ | N390: elc_won-DEU | O390: S5p1123h04 | P390: 6.9073716e-05 | Q390: IMPNRGZ | S390: elc_wof-DEU | T390: S5p1123h04 | U390: 3.6405734e-05 | V390: IMPNRGZ | X390: 0.00011415525 | Y390: 1.4585353e-05 | Z390: S5p1123h04 | AA390: elc_roadtransport | AC390: elc_buildings | AD390: S5p1123h04 | AE390: 7.6391895e-05 | AG390: ELC | AH390: S5p1123h04 | AI390: 0
... I418: elc_spv-DEU | J418: S6aH8 | K418: 0 | L418: IMPNRGZ | N418: elc_won-DEU | O418: S6aH8 | P418: 0.03317323 | Q418: IMPNRGZ | S418: elc_wof-DEU | T418: S6aH8 | U418: 0.030508743 | V418: IMPNRGZ | X418: 0.021232877 | Y418: 0.018702401 | Z418: S6aH8 | AA418: elc_roadtransport | AC418: elc_buildings | AD418: S6aH8 | AE418: 0.023135331 | AG418: ELC | AH418: S6aH8 | AI418: 0.17338769
AC419: elc_industry | AD419: S1aH1 | AE419: 0.038367007
AC420: elc_industry | AD420: S1aH2 | AE420: 0.006530276
AC421: elc_industry | AD421: S1aH3 | AE421: 0.0065529621
AC422: elc_industry | AD422: S1aH4 | AE422: 0.0065719974
AC423: elc_industry | AD423: S1aH5 | AE423: 0.046034296
AC424: elc_industry | AD424: S1aH6 | AE424: 0.0065889356
AC425: elc_industry | AD425: S1aH7 | AE425: 0.0065913905
AC426: elc_industry | AD426: S1aH8 | AE426: 0.039126164
AC427: elc_industry | AD427: S1b0107h01 | AE427: 0.00011148565
AC428: elc_industry | AD428: S1b0107h02 | AE428: 0.00011125003
AC429: elc_industry | AD429: S1b0107h03 | AE429: 0.0001112338
AC430: elc_industry | AD430: S1b0107h04 | AE430: 0.00011125067
... AC826: elc_industry | AD826: S6aH8 | AE826: 0.021248641

Sheet s1_d
C9: =IF(A11="x","DeActivated","~TimeSlices") -> DeActivated | I9: =IF(A11="x","DeActivated","~TFM_DINS-AT") -> DeActivated | N9: =IF(A11="x","DeActivated","~TFM_DINS-AT") -> DeActivated | S9: =IF(A11="x","DeActivated","~TFM_DINS-AT") -> DeActivated | X9: =IF(A11="x","DeActivated","~TFM_DINS-AT") -> DeActivated | AC9: =IF(A11="x","DeActivated","~TFM_DINS-AT") -> DeActivated | AG9: =IF(A11="x","DeActivated","~TFM_DINS-AT") -> DeActivated | AK9: =IF(A11="x","DeActivated","~TFM_INS-AT") -> DeActivated
A10: s1_d | C10: season | D10: weekly | E10: daynite | F10: wparent | G10: dparent | I10: commodity | J10: timeslice | K10: com_fr | L10: process | N10: commodity | O10: timeslice | P10: com_fr | Q10: process | S10: commodity | T10: timeslice | U10: com_fr | V10: process | X10: g_yrfr | Y10: com_fr | Z10: timeslice | AA10: commodity | AC10: commodity | AD10: timeslice | AE10: com_fr | AG10: commodity | AH10: timeslice | AI10: com_pkflx | AK10: timeslice | AL10: ncap_afs | AM10: pset_ci
A11: =IFERROR(IF(Veda!D5=A10,"ok","x"),"") -> x | C11: S1 | D11: a | E11: 1006h01 | F11: S1,S2,S3,S4 | G11: b | I11: elc_spv-DEU | J11: S1aH1 | K11: 0 | L11: IMPNRGZ | N11: elc_won-DEU | O11: S1aH1 | P11: 0.044155048 | Q11: IMPNRGZ | S11: elc_wof-DEU | T11: S1aH1 | U11: 0.042330576 | V11: IMPNRGZ | X11: 0.040410959 | Y11: 0.0086444737 | Z11: S1aH1 | AA11: elc_roadtransport | AC11: elc_buildings | AD11: S1aH1 | AE11: 0.036138622 | AG11: ELC | AH11: S1aH1 | AI11: 0.20993759 | AK11: S4 | AL11: 0.084099425 | AM11: hydro
C12: S2 | D12: b | E12: 1006h02 | F12: S2 | G12: b | I12: elc_spv-DEU | J12: S1aH2 | K12: 0 | L12: IMPNRGZ | N12: elc_won-DEU | O12: S1aH2 | P12: 0.0074771969 | Q12: IMPNRGZ | S12: elc_wof-DEU | T12: S1aH2 | U12: 0.0070255051 | V12: IMPNRGZ | X12: 0.0067351598 | Y12: 0.0099743928 | Z12: S1aH2 | AA12: elc_roadtransport | AC12: elc_buildings | AD12: S1aH2 | AE12: 0.0085508495 | AG12: ELC | AH12: S1aH2 | AI12: 0.084513739 | AK12: S1 | AL12: 0.18244762 | AM12: hydro
C13: S3 | E13: 1006h03 | G13: b | I13: elc_spv-DEU | J13: S1aH3 | K13: 0.000212831 | L13: IMPNRGZ | N13: elc_won-DEU | O13: S1aH3 | P13: 0.0074860524 | Q13: IMPNRGZ | S13: elc_wof-DEU | T13: S1aH3 | U13: 0.0070289935 | V13: IMPNRGZ | X13: 0.0067351598 | Y13: 0.011245639 | Z13: S1aH3 | AA13: elc_roadtransport | AC13: elc_buildings | AD13: S1aH3 | AE13: 0.0089794169 | AG13: ELC | AH13: S1aH3 | AI13: 0.084639654 | AK13: S3 | AL13: 0.074790226 | AM13: hydro
C14: S4 | E14: 1006h04 | G14: b | I14: elc_spv-DEU | J14: S1aH4 | K14: 0.0025148697 | L14: IMPNRGZ | N14: elc_won-DEU | O14: S1aH4 | P14: 0.0074313732 | Q14: IMPNRGZ | S14: elc_wof-DEU | T14: S1aH4 | U14: 0.0070672308 | V14: IMPNRGZ | X14: 0.0067351598 | Y14: 0.0086053585 | Z14: S1aH4 | AA14: elc_roadtransport | AC14: elc_buildings | AD14: S1aH4 | AE14: 0.0093232259 | AG14: ELC | AH14: S1aH4 | AI14: 0.080333358 | AK14: S2 | AL14: 0.85866273 | AM14: hydro
E15: 1006h05 | G15: b | I15: elc_spv-DEU | J15: S1aH5 | K15: 0.054922726 | L15: IMPNRGZ | N15: elc_won-DEU | O15: S1aH5 | P15: 0.043114245 | Q15: IMPNRGZ | S15: elc_wof-DEU | T15: S1aH5 | U15: 0.042361322 | V15: IMPNRGZ | X15: 0.040410959 | Y15: 0.051201883 | Z15: S1aH5 | AA15: elc_roadtransport | AC15: elc_buildings | AD15: S1aH5 | AE15: 0.056354898 | AG15: ELC | AH15: S1aH5 | AI15: 0.085156904
E16: 1006h06 | G16: b | I16: elc_spv-DEU | J16: S1aH6 | K16: 0.0076359461 | L16: IMPNRGZ | N16: elc_won-DEU | O16: S1aH6 | P16: 0.0071388004 | Q16: IMPNRGZ | S16: elc_wof-DEU | T16: S1aH6 | U16: 0.0070873287 | V16: IMPNRGZ | X16: 0.0067351598 | Y16: 0.010169969 | Z16: S1aH6 | AA16: elc_roadtransport | AC16: elc_buildings | AD16: S1aH6 | AE16: 0.0094335916 | AG16: ELC | AH16: S1aH6 | AI16: 0.08311554
E17: 1006h07 | G17: b | I17: elc_spv-DEU | J17: S1aH7 | K17: 0.0048844499 | L17: IMPNRGZ | N17: elc_won-DEU | O17: S1aH7 | P17: 0.0071465471 | Q17: IMPNRGZ | S17: elc_wof-DEU | T17: S1aH7 | U17: 0.0071736353 | V17: IMPNRGZ | X17: 0.0067351598 | Y17: 0.013103614 | Z17: S1aH7 | AA17: elc_roadtransport | AC17: elc_buildings | AD17: S1aH7 | AE17: 0.0096263596 | AG17: ELC | AH17: S1aH7 | AI17: 0.079506795
E18: 1006h08 | G18: b | I18: elc_spv-DEU | J18: S1aH8 | K18: 0.0018062388 | L18: IMPNRGZ | N18: elc_won-DEU | O18: S1aH8 | P18: 0.0072770367 | Q18: IMPNRGZ | S18: elc_wof-DEU | T18: S1aH8 | U18: 0.0072869486 | V18: IMPNRGZ | X18: 0.0067351598 | Y18: 0.013103614 | Z18: S1aH8 | AA18: elc_roadtransport | AC18: elc_buildings | AD18: S1aH8 | AE18: 0.0096700817 | AG18: ELC | AH18: S1aH8 | AI18: 0.08056248
E19: 1006h09 | G19: b | I19: elc_spv-DEU | J19: S1aH9 | K19: 0.00012605487 | L19: IMPNRGZ | N19: elc_won-DEU | O19: S1aH9 | P19: 0.044361212 | Q19: IMPNRGZ | S19: elc_wof-DEU | T19: S1aH9 | U19: 0.043299573 | V19: IMPNRGZ | X19: 0.040410959 | Y19: 0.035594892 | Z19: S1aH9 | AA19: elc_roadtransport | AC19: elc_buildings | AD19: S1aH9 | AE19: 0.050177963 | AG19: ELC | AH19: S1aH9 | AI19: 0.18372288
E20: 1006h10 | G20: b | I20: elc_spv-DEU | J20: S2aH1 | K20: 0.008322983 | L20: IMPNRGZ | N20: elc_won-DEU | O20: S2aH1 | P20: 0.15252453 | Q20: IMPNRGZ | S20: elc_wof-DEU | T20: S2aH1 | U20: 0.15481638 | V20: IMPNRGZ | X20: 0.16712329 | Y20: 0.035750027 | Z20: S2aH1 | AA20: elc_roadtransport | AC20: elc_buildings | AD20: S2aH1 | AE20: 0.11165676 | AG20: ELC | AH20: S2aH1 | AI20: 0.42148986
E21: 1006h11 | G21: b | I21: elc_spv-DEU | J21: S2aH2 | K21: 0.024893195 | L21: IMPNRGZ | N21: elc_won-DEU | O21: S2aH2 | P21: 0.024698319 | Q21: IMPNRGZ | S21: elc_wof-DEU | T21: S2aH2 | U21: 0.025374949 | V21: IMPNRGZ | X21: 0.027853881 | Y21: 0.041250031 | Z21: S2aH2 | AA21: elc_roadtransport | AC21: elc_buildings | AD21: S2aH2 | AE21: 0.026240541 | AG21: ELC | AH21: S2aH2 | AI21: 0.30793959
E22: 1006h12 | G22: b | I22: elc_spv-DEU | J22: S2aH3 | K22: 0.044670286 | L22: IMPNRGZ | N22: elc_won-DEU | O22: S2aH3 | P22: 0.024127122 | Q22: IMPNRGZ | S22: elc_wof-DEU | T22: S2aH3 | U22: 0.025339558 | V22: IMPNRGZ | X22: 0.027853881 | Y22: 0.046507388 | Z22: S2aH3 | AA22: elc_roadtransport | AC22: elc_buildings | AD22: S2aH3 | AE22: 0.028791417 | AG22: ELC | AH22: S2aH3 | AI22: 0.27992551
E23: 1006h13 | G23: b | I23: elc_spv-DEU | J23: S2aH4 | K23: 0.062460625 | L23: IMPNRGZ | N23: elc_won-DEU | O23: S2aH4 | P23: 0.023764473 | Q23: IMPNRGZ | S23: elc_wof-DEU | T23: S2aH4 | U23: 0.025375163 | V23: IMPNRGZ | X23: 0.027853881 | Y23: 0.035588262 | Z23: S2aH4 | AA23: elc_roadtransport | AC23: elc_buildings | AD23: S2aH4 | AE23: 0.030222887 | AG23: ELC | AH23: S2aH4 | AI23: 0.26688725
E24: 1006h14 | G24: b | I24: elc_spv-DEU | J24: S2aH5 | K24: 0.49881738 | L24: IMPNRGZ | N24: elc_won-DEU | O24: S2aH5 | P24: 0.14488391 | Q24: IMPNRGZ | S24: elc_wof-DEU | T24: S2aH5 | U24: 0.1483971 | V24: IMPNRGZ | X24: 0.16712329 | Y24: 0.21175016 | Z24: S2aH5 | AA24: elc_roadtransport | AC24: elc_buildings | AD24: S2aH5 | AE24: 0.18065284 | AG24: ELC | AH24: S2aH5 | AI24: 0.26278132
E25: 1006h15 | G25: b | I25: elc_spv-DEU | J25: S2aH6 | K25: 0.074292866 | L25: IMPNRGZ | N25: elc_won-DEU | O25: S2aH6 | P25: 0.025446079 | Q25: IMPNRGZ | S25: elc_wof-DEU | T25: S2aH6 | U25: 0.025613733 | V25: IMPNRGZ | X25: 0.027853881 | Y25: 0.042058855 | Z25: S2aH6 | AA25: elc_roadtransport | AC25: elc_buildings | AD25: S2aH6 | AE25: 0.029768256 | AG25: ELC | AH25: S2aH6 | AI25: 0.27412256
E26: 1006h16 | G26: b | I26: elc_spv-DEU | J26: S2aH7 | K26: 0.062126923 | L26: IMPNRGZ | N26: elc_won-DEU | O26: S2aH7 | P26: 0.025050794 | Q26: IMPNRGZ | S26: elc_wof-DEU | T26: S2aH7 | U26: 0.025866846 | V26: IMPNRGZ | X26: 0.027853881 | Y26: 0.054191217 | Z26: S2aH7 | AA26: elc_roadtransport | AC26: elc_buildings | AD26: S2aH7 | AE26: 0.029887545 | AG26: ELC | AH26: S2aH7 | AI26: 0.28294995
... E43: H9 | G43: a | I43: elc_spv-DEU | J43: S2b1006h15 | K43: 0.00010325777 | L43: IMPNRGZ | N43: elc_won-DEU | O43: S2b1006h15 | P43: 1.8404622e-05 | Q43: IMPNRGZ | S43: elc_wof-DEU | T43: S2b1006h15 | U43: 2.61526e-05 | V43: IMPNRGZ | X43: 0.00011415525 | Y43: 0.00015049433 | Z43: S2b1006h15 | AA43: elc_roadtransport | AC43: elc_buildings | AD43: S2b1006h15 | AE43: 9.2876514e-05 | AG43: ELC | AH43: S2b1006h15 | AI43: 0
I44: elc_spv-DEU | J44: S2b1006h16 | K44: 8.9447506e-05 | L44: IMPNRGZ | N44: elc_won-DEU | O44: S2b1006h16 | P44: 1.88796e-05 | Q44: IMPNRGZ | S44: elc_wof-DEU | T44: S2b1006h16 | U44: 2.8225476e-05 | V44: IMPNRGZ | X44: 0.00011415525 | Y44: 0.00017237236 | Z44: S2b1006h16 | AA44: elc_roadtransport | AC44: elc_buildings | AD44: S2b1006h16 | AE44: 9.3160275e-05 | AG44: ELC | AH44: S2b1006h16 | AI44: 0
I45: elc_spv-DEU | J45: S2b1006h17 | K45: 6.0280175e-05 | L45: IMPNRGZ | N45: elc_won-DEU | O45: S2b1006h17 | P45: 2.0105462e-05 | Q45: IMPNRGZ | S45: elc_wof-DEU | T45: S2b1006h17 | U45: 3.017158e-05 | V45: IMPNRGZ | X45: 0.00011415525 | Y45: 0.00022209515 | Z45: S2b1006h17 | AA45: elc_roadtransport | AC45: elc_buildings | AD45: S2b1006h17 | AE45: 9.4490224e-05 | AG45: ELC | AH45: S2b1006h17 | AI45: 0
I46: elc_spv-DEU | J46: S2b1006h18 | K46: 3.3493744e-05 | L46: IMPNRGZ | N46: elc_won-DEU | O46: S2b1006h18 | P46: 1.9834157e-05 | Q46: IMPNRGZ | S46: elc_wof-DEU | T46: S2b1006h18 | U46: 3.3880317e-05 | V46: IMPNRGZ | X46: 0.00011415525 | Y46: 0.00022209515 | Z46: S2b1006h18 | AA46: elc_roadtransport | AC46: elc_buildings | AD46: S2b1006h18 | AE46: 9.4748188e-05 | AG46: ELC | AH46: S2b1006h18 | AI46: 0
I47: elc_spv-DEU | J47: S2b1006h19 | K47: 2.9970652e-06 | L47: IMPNRGZ | N47: elc_won-DEU | O47: S2b1006h19 | P47: 2.2973245e-05 | Q47: IMPNRGZ | S47: elc_wof-DEU | T47: S2b1006h19 | U47: 4.0033962e-05 | V47: IMPNRGZ | X47: 0.00011415525 | Y47: 0.00017237236 | Z47: S2b1006h19 | AA47: elc_roadtransport | AC47: elc_buildings | AD47: S2b1006h19 | AE47: 9.4794048e-05 | AG47: ELC | AH47: S2b1006h19 | AI47: 0
I48: elc_spv-DEU | J48: S2b1006h20 | K48: 0 | L48: IMPNRGZ | N48: elc_won-DEU | O48: S2b1006h20 | P48: 2.9371958e-05 | Q48: IMPNRGZ | S48: elc_wof-DEU | T48: S2b1006h20 | U48: 4.6030291e-05 | V48: IMPNRGZ | X48: 0.00011415525 | Y48: 0.00015579809 | Z48: S2b1006h20 | AA48: elc_roadtransport | AC48: elc_buildings | AD48: S2b1006h20 | AE48: 9.4928763e-05 | AG48: ELC | AH48: S2b1006h20 | AI48: 0
I49: elc_spv-DEU | J49: S2b1006h21 | K49: 0 | L49: IMPNRGZ | N49: elc_won-DEU | O49: S2b1006h21 | P49: 3.3904848e-05 | Q49: IMPNRGZ | S49: elc_wof-DEU | T49: S2b1006h21 | U49: 5.0388053e-05 | V49: IMPNRGZ | X49: 0.00011415525 | Y49: 0.00010939015 | Z49: S2b1006h21 | AA49: elc_roadtransport | AC49: elc_buildings | AD49: S2b1006h21 | AE49: 9.3249129e-05 | AG49: ELC | AH49: S2b1006h21 | AI49: 0
I50: elc_spv-DEU | J50: S2b1006h22 | K50: 0 | L50: IMPNRGZ | N50: elc_won-DEU | O50: S2b1006h22 | P50: 3.9185237e-05 | Q50: IMPNRGZ | S50: elc_wof-DEU | T50: S2b1006h22 | U50: 5.8974038e-05 | V50: IMPNRGZ | X50: 0.00011415525 | Y50: 7.9556473e-05 | Z50: S2b1006h22 | AA50: elc_roadtransport | AC50: elc_buildings | AD50: S2b1006h22 | AE50: 8.7966596e-05 | AG50: ELC | AH50: S2b1006h22 | AI50: 0
I51: elc_spv-DEU | J51: S2b1006h23 | K51: 0 | L51: IMPNRGZ | N51: elc_won-DEU | O51: S2b1006h23 | P51: 4.7913592e-05 | Q51: IMPNRGZ | S51: elc_wof-DEU | T51: S2b1006h23 | U51: 7.4289608e-05 | V51: IMPNRGZ | X51: 0.00011415525 | Y51: 5.6352501e-05 | Z51: S2b1006h23 | AA51: elc_roadtransport | AC51: elc_buildings | AD51: S2b1006h23 | AE51: 8.8551315e-05 | AG51: ELC | AH51: S2b1006h23 | AI51: 0
I52: elc_spv-DEU | J52: S2b1006h24 | K52: 0 | L52: IMPNRGZ | N52: elc_won-DEU | O52: S2b1006h24 | P52: 5.0412181e-05 | Q52: IMPNRGZ | S52: elc_wof-DEU | T52: S2b1006h24 | U52: 7.5977041e-05 | V52: IMPNRGZ | X52: 0.00011415525 | Y52: 2.9833677e-05 | Z52: S2b1006h24 | AA52: elc_roadtransport | AC52: elc_buildings | AD52: S2b1006h24 | AE52: 7.8390391e-05 | AG52: ELC | AH52: S2b1006h24 | AI52: 0
I53: elc_spv-DEU | J53: S3aH1 | K53: 0 | L53: IMPNRGZ | N53: elc_won-DEU | O53: S3aH1 | P53: 0.023270983 | Q53: IMPNRGZ | S53: elc_wof-DEU | T53: S3aH1 | U53: 0.023147018 | V53: IMPNRGZ | X53: 0.020547945 | Y53: 0.0043954951 | Z53: S3aH1 | AA53: elc_roadtransport | AC53: elc_buildings | AD53: S3aH1 | AE53: 0.015405648 | AG53: ELC | AH53: S3aH1 | AI53: 0.22402
I54: elc_spv-DEU | J54: S3aH2 | K54: 0 | L54: IMPNRGZ | N54: elc_won-DEU | O54: S3aH2 | P54: 0.0038521436 | Q54: IMPNRGZ | S54: elc_wof-DEU | T54: S3aH2 | U54: 0.0037017099 | V54: IMPNRGZ | X54: 0.0034246575 | Y54: 0.0050717251 | Z54: S3aH2 | AA54: elc_roadtransport | AC54: elc_buildings | AD54: S3aH2 | AE54: 0.0036545445 | AG54: ELC | AH54: S3aH2 | AI54: 0.11358643
I55: elc_spv-DEU | J55: S3aH3 | K55: 0.00010476133 | L55: IMPNRGZ | N55: elc_won-DEU | O55: S3aH3 | P55: 0.003848464 | Q55: IMPNRGZ | S55: elc_wof-DEU | T55: S3aH3 | U55: 0.0037344517 | V55: IMPNRGZ | X55: 0.0034246575 | Y55: 0.0057181215 | Z55: S3aH3 | AA55: elc_roadtransport | AC55: elc_buildings | AD55: S3aH3 | AE55: 0.0038592792 | AG55: ELC | AH55: S3aH3 | AI55: 0.096767771
... I70: elc_spv-DEU | J70: S4aH9 | K70: 0 | L70: IMPNRGZ | N70: elc_won-DEU | O70: S4aH9 | P70: 0.03317323 | Q70: IMPNRGZ | S70: elc_wof-DEU | T70: S4aH9 | U70: 0.030508743 | V70: IMPNRGZ | X70: 0.021232877 | Y70: 0.018702401 | Z70: S4aH9 | AA70: elc_roadtransport | AC70: elc_buildings | AD70: S4aH9 | AE70: 0.023135331 | AG70: ELC | AH70: S4aH9 | AI70: 0.17338769
AC71: elc_industry | AD71: S1aH1 | AE71: 0.03970732
AC72: elc_industry | AD72: S1aH2 | AE72: 0.0067596279
AC73: elc_industry | AD73: S1aH3 | AE73: 0.0067836594
AC74: elc_industry | AD74: S1aH4 | AE74: 0.0068029382
AC75: elc_industry | AD75: S1aH5 | AE75: 0.040840931
AC76: elc_industry | AD76: S1aH6 | AE76: 0.0068091269
AC77: elc_industry | AD77: S1aH7 | AE77: 0.0068199362
AC78: elc_industry | AD78: S1aH8 | AE78: 0.0068223879
AC79: elc_industry | AD79: S1aH9 | AE79: 0.040494564
AC80: elc_industry | AD80: S2aH1 | AE80: 0.16460731
AC81: elc_industry | AD81: S2aH2 | AE81: 0.027862458
AC82: elc_industry | AD82: S2aH3 | AE82: 0.028005496
... AC130: elc_industry | AD130: S4aH9 | AE130: 0.021248641

Sheet ts_annual
C9: =IF(A11="x","DeActivated","~TimeSlices") -> DeActivated | I9: =IF(A11="x","DeActivated","~TFM_DINS-AT") -> DeActivated | N9: =IF(A11="x","DeActivated","~TFM_DINS-AT") -> DeActivated | S9: =IF(A11="x","DeActivated","~TFM_DINS-AT") -> DeActivated | X9: =IF(A11="x","DeActivated","~TFM_DINS-AT") -> DeActivated | AC9: =IF(A11="x","DeActivated","~TFM_DINS-AT") -> DeActivated | AG9: =IF(A11="x","DeActivated","~TFM_DINS-AT") -> DeActivated | AK9: =IF(A11="x","DeActivated","~TFM_INS-AT") -> DeActivated
A10: ts_annual | C10: season | D10: weekly | E10: daynite | F10: wparent | G10: dparent | I10: commodity | J10: timeslice | K10: com_fr | L10: process | N10: commodity | O10: timeslice | P10: com_fr | Q10: process | S10: commodity | T10: timeslice | U10: com_fr | V10: process | X10: g_yrfr | Y10: com_fr | Z10: timeslice | AA10: commodity | AC10: commodity | AD10: timeslice | AE10: com_fr | AG10: commodity | AH10: timeslice | AI10: com_pkflx | AK10: timeslice | AL10: ncap_afs | AM10: pset_ci
A11: =IFERROR(IF(Veda!D5=A10,"ok","x"),"") -> x | C11: AllS | D11: a | E11: AllH | F11: AllS | G11: a | I11: elc_spv-DEU | J11: AllSaAllH | K11: 1 | L11: IMPNRGZ | N11: elc_won-DEU | O11: AllSaAllH | P11: 1 | Q11: IMPNRGZ | S11: elc_wof-DEU | T11: AllSaAllH | U11: 1 | V11: IMPNRGZ | X11: 1 | Y11: 1 | Z11: AllSaAllH | AA11: elc_roadtransport | AC11: elc_buildings | AD11: AllSaAllH | AE11: 1 | AG11: ELC | AH11: AllSaAllH | AI11: 0.34111766 | AK11: AllS | AL11: 1.2 | AM11: hydro
AC12: elc_industry | AD12: AllSaAllH | AE12: 1

Sheet ts_12
C9: =IF(A11="x","DeActivated","~TimeSlices") -> DeActivated | I9: =IF(A11="x","DeActivated","~TFM_DINS-AT") -> DeActivated | N9: =IF(A11="x","DeActivated","~TFM_DINS-AT") -> DeActivated | S9: =IF(A11="x","DeActivated","~TFM_DINS-AT") -> DeActivated | X9: =IF(A11="x","DeActivated","~TFM_DINS-AT") -> DeActivated | AC9: =IF(A11="x","DeActivated","~TFM_DINS-AT") -> DeActivated | AG9: =IF(A11="x","DeActivated","~TFM_DINS-AT") -> DeActivated | AK9: =IF(A11="x","DeActivated","~TFM_INS-AT") -> DeActivated
A10: ts_12 | C10: season | D10: weekly | E10: daynite | F10: wparent | G10: dparent | I10: commodity | J10: timeslice | K10: com_fr | L10: process | N10: commodity | O10: timeslice | P10: com_fr | Q10: process | S10: commodity | T10: timeslice | U10: com_fr | V10: process | X10: g_yrfr | Y10: com_fr | Z10: timeslice | AA10: commodity | AC10: commodity | AD10: timeslice | AE10: com_fr | AG10: commodity | AH10: timeslice | AI10: com_pkflx | AK10: timeslice | AL10: ncap_afs | AM10: pset_ci
A11: =IFERROR(IF(Veda!D5=A10,"ok","x"),"") -> x | C11: F | D11: a | E11: D | F11: W,R,S,F | G11: a | I11: elc_spv-DEU | J11: FaD | K11: 0.16500571 | L11: IMPNRGZ | N11: elc_won-DEU | O11: FaD | P11: 0.12302736 | Q11: IMPNRGZ | S11: elc_wof-DEU | T11: FaD | U11: 0.12323583 | V11: IMPNRGZ | X11: 0.11426941 | Y11: 0.16087081 | Z11: FaD | AA11: elc_roadtransport | AC11: elc_buildings | AD11: FaD | AE11: 0.12154186 | AG11: ELC | AH11: FaD | AI11: 0.17884373 | AK11: F | AL11: 0.26274737 | AM11: hydro
C12: R | E12: N | G12: a | I12: elc_spv-DEU | J12: FaN | K12: 0.00022477564 | L12: IMPNRGZ | N12: elc_won-DEU | O12: FaN | P12: 0.12827554 | Q12: IMPNRGZ | S12: elc_wof-DEU | T12: FaN | U12: 0.12778639 | V12: IMPNRGZ | X12: 0.11426941 | Y12: 0.052547713 | Z12: FaN | AA12: elc_roadtransport | AC12: elc_buildings | AD12: FaN | AE12: 0.08852719 | AG12: ELC | AH12: FaN | AI12: 0.36727282 | AK12: W | AL12: 0.26654705 | AM12: hydro
C13: S | E13: P | G13: a | I13: elc_spv-DEU | J13: FaP | K13: 0.0086502666 | L13: IMPNRGZ | N13: elc_won-DEU | O13: FaP | P13: 0.02274123 | Q13: IMPNRGZ | S13: elc_wof-DEU | T13: FaP | U13: 0.022743572 | V13: IMPNRGZ | X13: 0.020776256 | Y13: 0.035896543 | Z13: FaP | AA13: elc_roadtransport | AC13: elc_buildings | AD13: FaP | AE13: 0.022637574 | AG13: ELC | AH13: FaP | AI13: 0.16609837 | AK13: S | AL13: 0.34545359 | AM13: hydro
C14: W | I14: elc_spv-DEU | J14: RaD | K14: 0.27593004 | L14: IMPNRGZ | N14: elc_won-DEU | O14: RaD | P14: 0.10649235 | Q14: IMPNRGZ | S14: elc_wof-DEU | T14: RaD | U14: 0.10638821 | V14: IMPNRGZ | X14: 0.11552511 | Y14: 0.16263862 | Z14: RaD | AA14: elc_roadtransport | AC14: elc_buildings | AD14: RaD | AE14: 0.13551108 | AG14: ELC | AH14: RaD | AI14: 0.220248 | AK14: R | AL14: 0.32525199 | AM14: hydro
I15: elc_spv-DEU | J15: RaN | K15: 0.0048536203 | L15: IMPNRGZ | N15: elc_won-DEU | O15: RaN | P15: 0.11496552 | Q15: IMPNRGZ | S15: elc_wof-DEU | T15: RaN | U15: 0.11440973 | V15: IMPNRGZ | X15: 0.11552511 | Y15: 0.053125161 | Z15: RaN | AA15: elc_roadtransport | AC15: elc_buildings | AD15: RaN | AE15: 0.10048264 | AG15: ELC | AH15: RaN | AI15: 0.41879867
I16: elc_spv-DEU | J16: RaP | K16: 0.024738579 | L16: IMPNRGZ | N16: elc_won-DEU | O16: RaP | P16: 0.019735016 | Q16: IMPNRGZ | S16: elc_wof-DEU | T16: RaP | U16: 0.020497263 | V16: IMPNRGZ | X16: 0.021004566 | Y16: 0.036291011 | Z16: RaP | AA16: elc_roadtransport | AC16: elc_buildings | AD16: RaP | AE16: 0.025034685 | AG16: ELC | AH16: RaP | AI16: 0.21176347
I17: elc_spv-DEU | J17: SaD | K17: 0.35565985 | L17: IMPNRGZ | N17: elc_won-DEU | O17: SaD | P17: 0.078666505 | Q17: IMPNRGZ | S17: elc_wof-DEU | T17: SaD | U17: 0.087540837 | V17: IMPNRGZ | X17: 0.11552511 | Y17: 0.16263862 | Z17: SaD | AA17: elc_roadtransport | AC17: elc_buildings | AD17: SaD | AE17: 0.1137674 | AG17: ELC | AH17: SaD | AI17: 0.11652663
I18: elc_spv-DEU | J18: SaN | K18: 0.018191854 | L18: IMPNRGZ | N18: elc_won-DEU | O18: SaN | P18: 0.083545599 | Q18: IMPNRGZ | S18: elc_wof-DEU | T18: SaN | U18: 0.087354511 | V18: IMPNRGZ | X18: 0.11552511 | Y18: 0.053125161 | Z18: SaN | AA18: elc_roadtransport | AC18: elc_buildings | AD18: SaN | AE18: 0.081319196 | AG18: ELC | AH18: SaN | AI18: 0.26664325
I19: elc_spv-DEU | J19: SaP | K19: 0.041321902 | L19: IMPNRGZ | N19: elc_won-DEU | O19: SaP | P19: 0.014499645 | Q19: IMPNRGZ | S19: elc_wof-DEU | T19: SaP | U19: 0.016310003 | V19: IMPNRGZ | X19: 0.021004566 | Y19: 0.036291011 | Z19: SaP | AA19: elc_roadtransport | AC19: elc_buildings | AD19: SaP | AE19: 0.020819514 | AG19: ELC | AH19: SaP | AI19: 0.082939888
I20: elc_spv-DEU | J20: WaD | K20: 0.1034911 | L20: IMPNRGZ | N20: elc_won-DEU | O20: WaD | P20: 0.14078983 | Q20: IMPNRGZ | S20: elc_wof-DEU | T20: WaD | U20: 0.13443943 | V20: IMPNRGZ | X20: 0.1130137 | Y20: 0.159103 | Z20: WaD | AA20: elc_roadtransport | AC20: elc_buildings | AD20: WaD | AE20: 0.1500805 | AG20: ELC | AH20: WaD | AI20: 0.13042024
I21: elc_spv-DEU | J21: WaN | K21: 0 | L21: IMPNRGZ | N21: elc_won-DEU | O21: WaN | P21: 0.14141007 | Q21: IMPNRGZ | S21: elc_wof-DEU | T21: WaN | U21: 0.13452126 | V21: IMPNRGZ | X21: 0.1130137 | Y21: 0.051970266 | Z21: WaN | AA21: elc_roadtransport | AC21: elc_buildings | AD21: WaN | AE21: 0.11194412 | AG21: ELC | AH21: WaN | AI21: 0.32342908
I22: elc_spv-DEU | J22: WaP | K22: 0.0019322937 | L22: IMPNRGZ | N22: elc_won-DEU | O22: WaP | P22: 0.025851321 | Q22: IMPNRGZ | S22: elc_wof-DEU | T22: WaP | U22: 0.02477296 | V22: IMPNRGZ | X22: 0.020547945 | Y22: 0.035502076 | Z22: WaP | AA22: elc_roadtransport | AC22: elc_buildings | AD22: WaP | AE22: 0.028334253 | AG22: ELC | AH22: WaP | AI22: 0.10802714
AC23: elc_industry | AD23: FaD | AE23: 0.11506316
AC24: elc_industry | AD24: FaN | AE24: 0.11321189
AC25: elc_industry | AD25: FaP | AE25: 0.020950802
AC26: elc_industry | AD26: RaD | AE26: 0.11643727
AC27: elc_industry | AD27: RaN | AE27: 0.11447309
AC28: elc_industry | AD28: RaP | AE28: 0.021192636
AC29: elc_industry | AD29: SaD | AE29: 0.1162666
AC30: elc_industry | AD30: SaN | AE30: 0.1144471
AC31: elc_industry | AD31: SaP | AE31: 0.021146926
AC32: elc_industry | AD32: WaD | AE32: 0.11407471
AC33: elc_industry | AD33: WaN | AE33: 0.11193625
AC34: elc_industry | AD34: WaP | AE34: 0.020799561
