Workbook

Sheet controller
G1: 1-8
D2: ="~Inputcell: "&_xlfn.TEXTJOIN(",",TRUE,B1:DZ1) -> ~Inputcell: 1-8
D3: 3
D5: =VLOOKUP(D3,$C$9:$E$16,2,FALSE) -> base | E5: =VLOOKUP(D3,$C$9:$E$16,3,FALSE) -> 200
B7: ~Scenmap
A8: priority | B8: scen | C8: case_no | D8: demand | E8: co2price
A9: 5 | B9: =_xlfn.TEXTJOIN(CHAR(183),TRUE,D9,TEXT(E9,"$000")) -> base·$000 | C9: 1 | D9: base | E9: 0
A10: 5 | B10: =_xlfn.TEXTJOIN(CHAR(183),TRUE,D10,TEXT(E10,"$000")) -> base·$100 | C10: =C9+1 -> 2 | D10: base | E10: 100
A11: 5 | B11: =_xlfn.TEXTJOIN(CHAR(183),TRUE,D11,TEXT(E11,"$000")) -> base·$200 | C11: =C10+1 -> 3 | D11: base | E11: 200
A12: 5 | B12: =_xlfn.TEXTJOIN(CHAR(183),TRUE,D12,TEXT(E12,"$000")) -> base·$300 | C12: =C11+1 -> 4 | D12: base | E12: 300
A13: 5 | B13: =_xlfn.TEXTJOIN(CHAR(183),TRUE,D13,TEXT(E13,"$000")) -> high·$000 | C13: =C12+1 -> 5 | D13: high | E13: =E9 -> 0
A14: 5 | B14: =_xlfn.TEXTJOIN(CHAR(183),TRUE,D14,TEXT(E14,"$000")) -> high·$100 | C14: =C13+1 -> 6 | D14: high | E14: =E10 -> 100
A15: 5 | B15: =_xlfn.TEXTJOIN(CHAR(183),TRUE,D15,TEXT(E15,"$000")) -> high·$200 | C15: =C14+1 -> 7 | D15: high | E15: =E11 -> 200
A16: 5 | B16: =_xlfn.TEXTJOIN(CHAR(183),TRUE,D16,TEXT(E16,"$000")) -> high·$300 | C16: =C15+1 -> 8 | D16: high | E16: =E12 -> 300
A17: 5

Sheet Veda
A1: POL
A2: R10EUROPE | F2: CO2 price | I2: demand
F3: 300 | G3: C2 | I3: base | J3: C4
F4: 200 | G4: C3 | I4: high | J4: C1
F5: 100 | G5: C4
F6: 0 | G6: C7
AH8: bio price multiplier
N9: IEA | AF9: C1 | AG9: e 1.5 deg no OS | AH9: 5
N10: 2022 | AF10: C2 | AG10: d 1.5 deg OS | AH10: 4
N11: =SUMIFS(iea_data!I3:I9999,iea_data!$B$3:$B$9999,$N$10,iea_data!$A$3:A$9999,$A$1)+O30-O31 -> 176.97 | O11: base-year generation (TWh) | AF11: C3 | AG11: c 2 deg (67%) | AH11: 3
N12: =SUMIFS(iea_data!L3:L9999,iea_data!$B$3:$B$9999,$N$10,iea_data!$A$3:A$9999,$A$1) -> 9.769 | AF12: C4 | AG12: b 2 deg (50%) | AH12: 3
N13: =SUMIFS(iea_data!M3:M9999,iea_data!$B$3:$B$9999,$N$10,iea_data!$A$3:A$9999,$A$1) -> 55.513 | AF13: C7 | AG13: a 3 deg | AH13: 1.5
B15: Electricity growth relative to 2020 | C15: =VLOOKUP(controller!$D$5,$I$3:$J$5,2,FALSE) -> C4 | D15: =SUMIFS(ar6_r10!$F$2:$F$99999,ar6_r10!$A$2:$A$99999,$C$15,ar6_r10!$C$2:$C$99999,D$18,ar6_r10!$M$2:$M$99999,$B15,ar6_r10!$B$2:$B$99999,$A$2) -> 1 | E15: =SUMIFS(ar6_r10!$F$2:$F$99999,ar6_r10!$A$2:$A$99999,$C$15,ar6_r10!$C$2:$C$99999,E$18,ar6_r10!$M$2:$M$99999,$B15,ar6_r10!$B$2:$B$99999,$A$2) -> 1.05 | F15: =SUMIFS(ar6_r10!$F$2:$F$99999,ar6_r10!$A$2:$A$99999,$C$15,ar6_r10!$C$2:$C$99999,F$18,ar6_r10!$M$2:$M$99999,$B15,ar6_r10!$B$2:$B$99999,$A$2) -> 1.17 | G15: =SUMIFS(ar6_r10!$F$2:$F$99999,ar6_r10!$A$2:$A$99999,$C$15,ar6_r10!$C$2:$C$99999,G$18,ar6_r10!$M$2:$M$99999,$B15,ar6_r10!$B$2:$B$99999,$A$2) -> 1.29 | H15: =SUMIFS(ar6_r10!$F$2:$F$99999,ar6_r10!$A$2:$A$99999,$C$15,ar6_r10!$C$2:$C$99999,H$18,ar6_r10!$M$2:$M$99999,$B15,ar6_r10!$B$2:$B$99999,$A$2) -> 1.42 | I15: =SUMIFS(ar6_r10!$F$2:$F$99999,ar6_r10!$A$2:$A$99999,$C$15,ar6_r10!$C$2:$C$99999,I$18,ar6_r10!$M$2:$M$99999,$B15,ar6_r10!$B$2:$B$99999,$A$2) -> 1.59 | J15: =SUMIFS(ar6_r10!$F$2:$F$99999,ar6_r10!$A$2:$A$99999,$C$15,ar6_r10!$C$2:$C$99999,J$18,ar6_r10!$M$2:$M$99999,$B15,ar6_r10!$B$2:$B$99999,$A$2) -> 1.73 | O15: =N11 -> 176.97 | P15: =$N$11*E15 -> 185.8185 | Q15: =$N$11*F15 -> 207.0549 | R15: =$N$11*G15 -> 228.2913 | S15: =$N$11*H15 -> 251.2974 | T15: =$N$11*I15 -> 281.3823 | U15: =$N$11*J15 -> 306.1581
B16: Heat growth relative to 2020 | D16: =SUMIFS(ar6_r10!$F$2:$F$99999,ar6_r10!$A$2:$A$99999,$C$15,ar6_r10!$C$2:$C$99999,D$18,ar6_r10!$M$2:$M$99999,$B16,ar6_r10!$B$2:$B$99999,$A$2) -> 1 | E16: =SUMIFS(ar6_r10!$F$2:$F$99999,ar6_r10!$A$2:$A$99999,$C$15,ar6_r10!$C$2:$C$99999,E$18,ar6_r10!$M$2:$M$99999,$B16,ar6_r10!$B$2:$B$99999,$A$2) -> 0.98 | F16: =SUMIFS(ar6_r10!$F$2:$F$99999,ar6_r10!$A$2:$A$99999,$C$15,ar6_r10!$C$2:$C$99999,F$18,ar6_r10!$M$2:$M$99999,$B16,ar6_r10!$B$2:$B$99999,$A$2) -> 0.96 | G16: =SUMIFS(ar6_r10!$F$2:$F$99999,ar6_r10!$A$2:$A$99999,$C$15,ar6_r10!$C$2:$C$99999,G$18,ar6_r10!$M$2:$M$99999,$B16,ar6_r10!$B$2:$B$99999,$A$2) -> 0.92 | H16: =SUMIFS(ar6_r10!$F$2:$F$99999,ar6_r10!$A$2:$A$99999,$C$15,ar6_r10!$C$2:$C$99999,H$18,ar6_r10!$M$2:$M$99999,$B16,ar6_r10!$B$2:$B$99999,$A$2) -> 0.84 | I16: =SUMIFS(ar6_r10!$F$2:$F$99999,ar6_r10!$A$2:$A$99999,$C$15,ar6_r10!$C$2:$C$99999,I$18,ar6_r10!$M$2:$M$99999,$B16,ar6_r10!$B$2:$B$99999,$A$2) -> 0.83 | J16: =SUMIFS(ar6_r10!$F$2:$F$99999,ar6_r10!$A$2:$A$99999,$C$15,ar6_r10!$C$2:$C$99999,J$18,ar6_r10!$M$2:$M$99999,$B16,ar6_r10!$B$2:$B$99999,$A$2) -> 0.8
N17: ="~TFM_INS-TS: region="&$A$1 -> ~TFM_INS-TS: region=POL
D18: 2020 | E18: =P18 -> 2025 | F18: =Q18 -> 2030 | G18: =R18 -> 2035 | H18: =S18 -> 2040 | I18: =T18 -> 2045 | J18: =U18 -> 2050 | N18: commodity | O18: 2022 | P18: 2025 | Q18: 2030 | R18: 2035 | S18: 2040 | T18: 2045 | U18: 2050 | V18: attribute
B19: Hydrogen as a share of electricity | D19: =SUMIFS(ar6_r10!$F$2:$F$99999,ar6_r10!$A$2:$A$99999,$C$15,ar6_r10!$C$2:$C$99999,D$18,ar6_r10!$M$2:$M$99999,$B19,ar6_r10!$B$2:$B$99999,$A$2) -> 0 | E19: =SUMIFS(ar6_r10!$F$2:$F$99999,ar6_r10!$A$2:$A$99999,$C$15,ar6_r10!$C$2:$C$99999,E$18,ar6_r10!$M$2:$M$99999,$B19,ar6_r10!$B$2:$B$99999,$A$2) -> 0 | F19: =SUMIFS(ar6_r10!$F$2:$F$99999,ar6_r10!$A$2:$A$99999,$C$15,ar6_r10!$C$2:$C$99999,F$18,ar6_r10!$M$2:$M$99999,$B19,ar6_r10!$B$2:$B$99999,$A$2) -> 0 | G19: =SUMIFS(ar6_r10!$F$2:$F$99999,ar6_r10!$A$2:$A$99999,$C$15,ar6_r10!$C$2:$C$99999,G$18,ar6_r10!$M$2:$M$99999,$B19,ar6_r10!$B$2:$B$99999,$A$2) -> 0 | H19: =SUMIFS(ar6_r10!$F$2:$F$99999,ar6_r10!$A$2:$A$99999,$C$15,ar6_r10!$C$2:$C$99999,H$18,ar6_r10!$M$2:$M$99999,$B19,ar6_r10!$B$2:$B$99999,$A$2) -> 0 | I19: =SUMIFS(ar6_r10!$F$2:$F$99999,ar6_r10!$A$2:$A$99999,$C$15,ar6_r10!$C$2:$C$99999,I$18,ar6_r10!$M$2:$M$99999,$B19,ar6_r10!$B$2:$B$99999,$A$2) -> 0 | J19: =SUMIFS(ar6_r10!$F$2:$F$99999,ar6_r10!$A$2:$A$99999,$C$15,ar6_r10!$C$2:$C$99999,J$18,ar6_r10!$M$2:$M$99999,$B19,ar6_r10!$B$2:$B$99999,$A$2) -> 0 | N19: hydrogen_allsect | O19: =D19*O$15 -> 0 | P19: =E19*P$15 -> 0 | Q19: =F19*Q$15 -> 0 | R19: =G19*R$15 -> 0 | S19: =H19*S$15 -> 0 | T19: =I19*T$15 -> 0 | U19: =J19*U$15 -> 0 | V19: demand
B20: Industry electricity share | D20: =SUMIFS(ar6_r10!$F$2:$F$99999,ar6_r10!$A$2:$A$99999,$C$15,ar6_r10!$C$2:$C$99999,D$18,ar6_r10!$M$2:$M$99999,$B20,ar6_r10!$B$2:$B$99999,$A$2) -> 0.37 | E20: =SUMIFS(ar6_r10!$F$2:$F$99999,ar6_r10!$A$2:$A$99999,$C$15,ar6_r10!$C$2:$C$99999,E$18,ar6_r10!$M$2:$M$99999,$B20,ar6_r10!$B$2:$B$99999,$A$2) -> 0.35 | F20: =SUMIFS(ar6_r10!$F$2:$F$99999,ar6_r10!$A$2:$A$99999,$C$15,ar6_r10!$C$2:$C$99999,F$18,ar6_r10!$M$2:$M$99999,$B20,ar6_r10!$B$2:$B$99999,$A$2) -> 0.34 | G20: =SUMIFS(ar6_r10!$F$2:$F$99999,ar6_r10!$A$2:$A$99999,$C$15,ar6_r10!$C$2:$C$99999,G$18,ar6_r10!$M$2:$M$99999,$B20,ar6_r10!$B$2:$B$99999,$A$2) -> 0.33 | H20: =SUMIFS(ar6_r10!$F$2:$F$99999,ar6_r10!$A$2:$A$99999,$C$15,ar6_r10!$C$2:$C$99999,H$18,ar6_r10!$M$2:$M$99999,$B20,ar6_r10!$B$2:$B$99999,$A$2) -> 0.3 | I20: =SUMIFS(ar6_r10!$F$2:$F$99999,ar6_r10!$A$2:$A$99999,$C$15,ar6_r10!$C$2:$C$99999,I$18,ar6_r10!$M$2:$M$99999,$B20,ar6_r10!$B$2:$B$99999,$A$2) -> 0.29 | J20: =SUMIFS(ar6_r10!$F$2:$F$99999,ar6_r10!$A$2:$A$99999,$C$15,ar6_r10!$C$2:$C$99999,J$18,ar6_r10!$M$2:$M$99999,$B20,ar6_r10!$B$2:$B$99999,$A$2) -> 0.3 | N20: elc_industry | O20: =D20*O$15 -> 65.4789 | P20: =E20*P$15 -> 65.036475 | Q20: =F20*Q$15 -> 70.398666 | R20: =G20*R$15 -> 75.336129 | S20: =H20*S$15 -> 75.38922 | T20: =I20*T$15 -> 81.600867 | U20: =J20*U$15 -> 91.84743 | V20: demand
B21: Residential and commercial electricity share | D21: =SUMIFS(ar6_r10!$F$2:$F$99999,ar6_r10!$A$2:$A$99999,$C$15,ar6_r10!$C$2:$C$99999,D$18,ar6_r10!$M$2:$M$99999,$B21,ar6_r10!$B$2:$B$99999,$A$2) -> 0.59 | E21: =SUMIFS(ar6_r10!$F$2:$F$99999,ar6_r10!$A$2:$A$99999,$C$15,ar6_r10!$C$2:$C$99999,E$18,ar6_r10!$M$2:$M$99999,$B21,ar6_r10!$B$2:$B$99999,$A$2) -> 0.59 | F21: =SUMIFS(ar6_r10!$F$2:$F$99999,ar6_r10!$A$2:$A$99999,$C$15,ar6_r10!$C$2:$C$99999,F$18,ar6_r10!$M$2:$M$99999,$B21,ar6_r10!$B$2:$B$99999,$A$2) -> 0.59 | G21: =SUMIFS(ar6_r10!$F$2:$F$99999,ar6_r10!$A$2:$A$99999,$C$15,ar6_r10!$C$2:$C$99999,G$18,ar6_r10!$M$2:$M$99999,$B21,ar6_r10!$B$2:$B$99999,$A$2) -> 0.58 | H21: =SUMIFS(ar6_r10!$F$2:$F$99999,ar6_r10!$A$2:$A$99999,$C$15,ar6_r10!$C$2:$C$99999,H$18,ar6_r10!$M$2:$M$99999,$B21,ar6_r10!$B$2:$B$99999,$A$2) -> 0.58 | I21: =SUMIFS(ar6_r10!$F$2:$F$99999,ar6_r10!$A$2:$A$99999,$C$15,ar6_r10!$C$2:$C$99999,I$18,ar6_r10!$M$2:$M$99999,$B21,ar6_r10!$B$2:$B$99999,$A$2) -> 0.56 | J21: =SUMIFS(ar6_r10!$F$2:$F$99999,ar6_r10!$A$2:$A$99999,$C$15,ar6_r10!$C$2:$C$99999,J$18,ar6_r10!$M$2:$M$99999,$B21,ar6_r10!$B$2:$B$99999,$A$2) -> 0.54 | N21: elc_buildings | O21: =D21*O$15 -> 104.4123 | P21: =E21*P$15 -> 109.63291 | Q21: =F21*Q$15 -> 122.16239 | R21: =G21*R$15 -> 132.40895 | S21: =H21*S$15 -> 145.75249 | T21: =I21*T$15 -> 157.57409 | U21: =J21*U$15 -> 165.32537 | V21: demand
B22: Transportation electricity share | D22: =SUMIFS(ar6_r10!$F$2:$F$99999,ar6_r10!$A$2:$A$99999,$C$15,ar6_r10!$C$2:$C$99999,D$18,ar6_r10!$M$2:$M$99999,$B22,ar6_r10!$B$2:$B$99999,$A$2) -> 0.03 | E22: =SUMIFS(ar6_r10!$F$2:$F$99999,ar6_r10!$A$2:$A$99999,$C$15,ar6_r10!$C$2:$C$99999,E$18,ar6_r10!$M$2:$M$99999,$B22,ar6_r10!$B$2:$B$99999,$A$2) -> 0.05 | F22: =SUMIFS(ar6_r10!$F$2:$F$99999,ar6_r10!$A$2:$A$99999,$C$15,ar6_r10!$C$2:$C$99999,F$18,ar6_r10!$M$2:$M$99999,$B22,ar6_r10!$B$2:$B$99999,$A$2) -> 0.04 | G22: =SUMIFS(ar6_r10!$F$2:$F$99999,ar6_r10!$A$2:$A$99999,$C$15,ar6_r10!$C$2:$C$99999,G$18,ar6_r10!$M$2:$M$99999,$B22,ar6_r10!$B$2:$B$99999,$A$2) -> 0.06 | H22: =SUMIFS(ar6_r10!$F$2:$F$99999,ar6_r10!$A$2:$A$99999,$C$15,ar6_r10!$C$2:$C$99999,H$18,ar6_r10!$M$2:$M$99999,$B22,ar6_r10!$B$2:$B$99999,$A$2) -> 0.07 | I22: =SUMIFS(ar6_r10!$F$2:$F$99999,ar6_r10!$A$2:$A$99999,$C$15,ar6_r10!$C$2:$C$99999,I$18,ar6_r10!$M$2:$M$99999,$B22,ar6_r10!$B$2:$B$99999,$A$2) -> 0.08 | J22: =SUMIFS(ar6_r10!$F$2:$F$99999,ar6_r10!$A$2:$A$99999,$C$15,ar6_r10!$C$2:$C$99999,J$18,ar6_r10!$M$2:$M$99999,$B22,ar6_r10!$B$2:$B$99999,$A$2) -> 0.08 | N22: elc_transport | O22: =D22*O$15 -> 5.3091 | P22: =O22 -> 5.3091 | Q22: =P22 -> 5.3091 | R22: =Q22 -> 5.3091 | S22: =R22 -> 5.3091 | T22: =S22 -> 5.3091 | U22: =T22 -> 5.3091 | V22: demand | X22: non-road transport demand assumed to be constant
N23: elc_roadtransport | O23: =O15-SUM(O20:O22) -> 1.7697 | P23: =P15-SUM(P20:P22) -> 5.84001 | Q23: =Q15-SUM(Q20:Q22) -> 9.184743 | R23: =R15-SUM(R20:R22) -> 15.237117 | S23: =S15-SUM(S20:S22) -> 24.846588 | T23: =T15-SUM(T20:T22) -> 36.898245 | U23: =U15-SUM(U20:U22) -> 43.676196 | V23: demand
N24: het_industry | O24: =N12 -> 9.769 | P24: =$N$12*E16 -> 9.57362 | Q24: =$N$12*F16 -> 9.37824 | R24: =$N$12*G16 -> 8.98748 | S24: =$N$12*H16 -> 8.20596 | T24: =$N$12*I16 -> 8.10827 | U24: =$N$12*J16 -> 7.8152 | V24: demand
N25: het_buildings | O25: =N13 -> 55.513 | P25: =$N$13*E16 -> 54.40274 | Q25: =$N$13*F16 -> 53.29248 | R25: =$N$13*G16 -> 51.07196 | S25: =$N$13*H16 -> 46.63092 | T25: =$N$13*I16 -> 46.07579 | U25: =$N$13*J16 -> 44.4104 | V25: demand
B26: CO2 price | C26: =VLOOKUP(controller!E5,$F$3:$G$6,2,FALSE) -> C3 | D26: 0 | E26: 0 | F26: =SUMIFS(ar6_r10!$F$2:$F$99999,ar6_r10!$A$2:$A$99999,$C$26,ar6_r10!$C$2:$C$99999,F$18,ar6_r10!$M$2:$M$99999,$B26,ar6_r10!$B$2:$B$99999,$A$2) -> 71.48 | G26: =SUMIFS(ar6_r10!$F$2:$F$99999,ar6_r10!$A$2:$A$99999,$C$26,ar6_r10!$C$2:$C$99999,G$18,ar6_r10!$M$2:$M$99999,$B26,ar6_r10!$B$2:$B$99999,$A$2) -> 104.42 | H26: =SUMIFS(ar6_r10!$F$2:$F$99999,ar6_r10!$A$2:$A$99999,$C$26,ar6_r10!$C$2:$C$99999,H$18,ar6_r10!$M$2:$M$99999,$B26,ar6_r10!$B$2:$B$99999,$A$2) -> 134.85 | I26: =SUMIFS(ar6_r10!$F$2:$F$99999,ar6_r10!$A$2:$A$99999,$C$26,ar6_r10!$C$2:$C$99999,I$18,ar6_r10!$M$2:$M$99999,$B26,ar6_r10!$B$2:$B$99999,$A$2) -> 178.1 | J26: =SUMIFS(ar6_r10!$F$2:$F$99999,ar6_r10!$A$2:$A$99999,$C$26,ar6_r10!$C$2:$C$99999,J$18,ar6_r10!$M$2:$M$99999,$B26,ar6_r10!$B$2:$B$99999,$A$2) -> 209.45 | N26: co2net | P26: 0 | Q26: =F26/1000 -> 0.07148 | R26: =G26/1000 -> 0.10442 | S26: =H26/1000 -> 0.13485 | T26: =I26/1000 -> 0.1781 | U26: =J26/1000 -> 0.20945 | V26: com_taxnet
N28: ="~TFM_INS-TS: region="&$A$1 -> ~TFM_INS-TS: region=POL
N29: process | O29: =O18 -> 2022 | P29: =P18 -> 2025 | Q29: =Q18 -> 2030 | R29: =R18 -> 2035 | S29: =S18 -> 2040 | T29: =T18 -> 2045 | U29: =U18 -> 2050 | V29: attribute | W29: limtype
L30: =SUMIFS(iea_data!G3:G9999,iea_data!$B$3:$B$9999,$N$10,iea_data!$A$3:A$9999,$A$1) -> 15.24 | N30: Trd_electricity import | O30: =L30 -> 15.24 | V30: ACT_BND | W30: FX
L31: =SUMIFS(iea_data!H3:H9999,iea_data!$B$3:$B$9999,$N$10,iea_data!$A$3:A$9999,$A$1) -> 16.91 | N31: Trd_electricity export | O31: =ABS(L31) -> 16.91 | V31: ACT_BND | W31: FX
B38: C7
B39: Gas Price | D39: =SUMIFS(ar6_r10!$F$2:$F$99999,ar6_r10!$A$2:$A$99999,$B$38,ar6_r10!$C$2:$C$99999,D$18,ar6_r10!$M$2:$M$99999,$B39,ar6_r10!$B$2:$B$99999,$A$2) -> 1 | E39: =SUMIFS(ar6_r10!$F$2:$F$99999,ar6_r10!$A$2:$A$99999,$B$38,ar6_r10!$C$2:$C$99999,E$18,ar6_r10!$M$2:$M$99999,$B39,ar6_r10!$B$2:$B$99999,$A$2) -> 1.07 | F39: =SUMIFS(ar6_r10!$F$2:$F$99999,ar6_r10!$A$2:$A$99999,$B$38,ar6_r10!$C$2:$C$99999,F$18,ar6_r10!$M$2:$M$99999,$B39,ar6_r10!$B$2:$B$99999,$A$2) -> 1.24 | G39: =SUMIFS(ar6_r10!$F$2:$F$99999,ar6_r10!$A$2:$A$99999,$B$38,ar6_r10!$C$2:$C$99999,G$18,ar6_r10!$M$2:$M$99999,$B39,ar6_r10!$B$2:$B$99999,$A$2) -> 1.15 | H39: =SUMIFS(ar6_r10!$F$2:$F$99999,ar6_r10!$A$2:$A$99999,$B$38,ar6_r10!$C$2:$C$99999,H$18,ar6_r10!$M$2:$M$99999,$B39,ar6_r10!$B$2:$B$99999,$A$2) -> 1.25 | I39: =SUMIFS(ar6_r10!$F$2:$F$99999,ar6_r10!$A$2:$A$99999,$B$38,ar6_r10!$C$2:$C$99999,I$18,ar6_r10!$M$2:$M$99999,$B39,ar6_r10!$B$2:$B$99999,$A$2) -> 1.17 | J39: =SUMIFS(ar6_r10!$F$2:$F$99999,ar6_r10!$A$2:$A$99999,$B$38,ar6_r10!$C$2:$C$99999,J$18,ar6_r10!$M$2:$M$99999,$B39,ar6_r10!$B$2:$B$99999,$A$2) -> 1.34
B40: Coal Price | D40: =SUMIFS(ar6_r10!$F$2:$F$99999,ar6_r10!$A$2:$A$99999,$B$38,ar6_r10!$C$2:$C$99999,D$18,ar6_r10!$M$2:$M$99999,$B40,ar6_r10!$B$2:$B$99999,$A$2) -> 1 | E40: =SUMIFS(ar6_r10!$F$2:$F$99999,ar6_r10!$A$2:$A$99999,$B$38,ar6_r10!$C$2:$C$99999,E$18,ar6_r10!$M$2:$M$99999,$B40,ar6_r10!$B$2:$B$99999,$A$2) -> 1.02 | F40: =SUMIFS(ar6_r10!$F$2:$F$99999,ar6_r10!$A$2:$A$99999,$B$38,ar6_r10!$C$2:$C$99999,F$18,ar6_r10!$M$2:$M$99999,$B40,ar6_r10!$B$2:$B$99999,$A$2) -> 1.06 | G40: =SUMIFS(ar6_r10!$F$2:$F$99999,ar6_r10!$A$2:$A$99999,$B$38,ar6_r10!$C$2:$C$99999,G$18,ar6_r10!$M$2:$M$99999,$B40,ar6_r10!$B$2:$B$99999,$A$2) -> 1.07 | H40: =SUMIFS(ar6_r10!$F$2:$F$99999,ar6_r10!$A$2:$A$99999,$B$38,ar6_r10!$C$2:$C$99999,H$18,ar6_r10!$M$2:$M$99999,$B40,ar6_r10!$B$2:$B$99999,$A$2) -> 1.08 | I40: =SUMIFS(ar6_r10!$F$2:$F$99999,ar6_r10!$A$2:$A$99999,$B$38,ar6_r10!$C$2:$C$99999,I$18,ar6_r10!$M$2:$M$99999,$B40,ar6_r10!$B$2:$B$99999,$A$2) -> 1.1 | J40: =SUMIFS(ar6_r10!$F$2:$F$99999,ar6_r10!$A$2:$A$99999,$B$38,ar6_r10!$C$2:$C$99999,J$18,ar6_r10!$M$2:$M$99999,$B40,ar6_r10!$B$2:$B$99999,$A$2) -> 1.12
B41: Oil Price | D41: =SUMIFS(ar6_r10!$F$2:$F$99999,ar6_r10!$A$2:$A$99999,$B$38,ar6_r10!$C$2:$C$99999,D$18,ar6_r10!$M$2:$M$99999,$B41,ar6_r10!$B$2:$B$99999,$A$2) -> 1 | E41: =SUMIFS(ar6_r10!$F$2:$F$99999,ar6_r10!$A$2:$A$99999,$B$38,ar6_r10!$C$2:$C$99999,E$18,ar6_r10!$M$2:$M$99999,$B41,ar6_r10!$B$2:$B$99999,$A$2) -> 1.01 | F41: =SUMIFS(ar6_r10!$F$2:$F$99999,ar6_r10!$A$2:$A$99999,$B$38,ar6_r10!$C$2:$C$99999,F$18,ar6_r10!$M$2:$M$99999,$B41,ar6_r10!$B$2:$B$99999,$A$2) -> 1.11 | G41: =SUMIFS(ar6_r10!$F$2:$F$99999,ar6_r10!$A$2:$A$99999,$B$38,ar6_r10!$C$2:$C$99999,G$18,ar6_r10!$M$2:$M$99999,$B41,ar6_r10!$B$2:$B$99999,$A$2) -> 1.01 | H41: =SUMIFS(ar6_r10!$F$2:$F$99999,ar6_r10!$A$2:$A$99999,$B$38,ar6_r10!$C$2:$C$99999,H$18,ar6_r10!$M$2:$M$99999,$B41,ar6_r10!$B$2:$B$99999,$A$2) -> 1.01 | I41: =SUMIFS(ar6_r10!$F$2:$F$99999,ar6_r10!$A$2:$A$99999,$B$38,ar6_r10!$C$2:$C$99999,I$18,ar6_r10!$M$2:$M$99999,$B41,ar6_r10!$B$2:$B$99999,$A$2) -> 1.04 | J41: =SUMIFS(ar6_r10!$F$2:$F$99999,ar6_r10!$A$2:$A$99999,$B$38,ar6_r10!$C$2:$C$99999,J$18,ar6_r10!$M$2:$M$99999,$B41,ar6_r10!$B$2:$B$99999,$A$2) -> 1.14
B42: Biomass Price | D42: =SUMIFS(ar6_r10!$F$2:$F$99999,ar6_r10!$A$2:$A$99999,$B$38,ar6_r10!$C$2:$C$99999,D$18,ar6_r10!$M$2:$M$99999,$B42,ar6_r10!$B$2:$B$99999,$A$2) -> 1 | E42: =SUMIFS(ar6_r10!$F$2:$F$99999,ar6_r10!$A$2:$A$99999,$B$38,ar6_r10!$C$2:$C$99999,E$18,ar6_r10!$M$2:$M$99999,$B42,ar6_r10!$B$2:$B$99999,$A$2) -> 0.96 | F42: =SUMIFS(ar6_r10!$F$2:$F$99999,ar6_r10!$A$2:$A$99999,$B$38,ar6_r10!$C$2:$C$99999,F$18,ar6_r10!$M$2:$M$99999,$B42,ar6_r10!$B$2:$B$99999,$A$2) -> 1.04 | G42: =SUMIFS(ar6_r10!$F$2:$F$99999,ar6_r10!$A$2:$A$99999,$B$38,ar6_r10!$C$2:$C$99999,G$18,ar6_r10!$M$2:$M$99999,$B42,ar6_r10!$B$2:$B$99999,$A$2) -> 1.04 | H42: =SUMIFS(ar6_r10!$F$2:$F$99999,ar6_r10!$A$2:$A$99999,$B$38,ar6_r10!$C$2:$C$99999,H$18,ar6_r10!$M$2:$M$99999,$B42,ar6_r10!$B$2:$B$99999,$A$2) -> 0.98 | I42: =SUMIFS(ar6_r10!$F$2:$F$99999,ar6_r10!$A$2:$A$99999,$B$38,ar6_r10!$C$2:$C$99999,I$18,ar6_r10!$M$2:$M$99999,$B42,ar6_r10!$B$2:$B$99999,$A$2) -> 0.99 | J42: =SUMIFS(ar6_r10!$F$2:$F$99999,ar6_r10!$A$2:$A$99999,$B$38,ar6_r10!$C$2:$C$99999,J$18,ar6_r10!$M$2:$M$99999,$B42,ar6_r10!$B$2:$B$99999,$A$2) -> 1
B45: ="~TFM_INS-TS: region="&$A$1&"; attribute=flo_cost;pset_pn=-IMP*Z" -> ~TFM_INS-TS: region=POL; attribute=flo_cost;pset_pn=-IMP*Z
B46: commodity | C46: pset_co | D46: 2022 | E46: =E18 -> 2025 | F46: =F18 -> 2030 | G46: =G18 -> 2035 | H46: =H18 -> 2040 | I46: =I18 -> 2045 | J46: =J18 -> 2050 | M46: low | N46: high
B47: Gas | C47: =B47 -> Gas | D47: =AVERAGE($M47:$N47)*D39 -> 33.4 | E47: =AVERAGE($M47:$N47)*E39 -> 35.738 | F47: =AVERAGE($M47:$N47)*F39 -> 41.416 | G47: =AVERAGE($M47:$N47)*G39 -> 38.41 | H47: =AVERAGE($M47:$N47)*H39 -> 41.75 | I47: =AVERAGE($M47:$N47)*I39 -> 39.078 | J47: =AVERAGE($M47:$N47)*J39 -> 44.756 | M47: =HLOOKUP($B47&"_"&M$46,fuel_prices!$B$10:$I$100,MATCH($A$1,fuel_prices!$A$10:$A$100,0),FALSE) -> 27.4 | N47: =HLOOKUP($B47&"_"&N$46,fuel_prices!$B$10:$I$100,MATCH($A$1,fuel_prices!$A$10:$A$100,0),FALSE) -> 39.4
B48: Coal | C48: =B48 -> Coal | D48: =AVERAGE($M48:$N48)*D40 -> 12.2 | E48: =AVERAGE($M48:$N48)*E40 -> 12.444 | F48: =AVERAGE($M48:$N48)*F40 -> 12.932 | G48: =AVERAGE($M48:$N48)*G40 -> 13.054 | H48: =AVERAGE($M48:$N48)*H40 -> 13.176 | I48: =AVERAGE($M48:$N48)*I40 -> 13.42 | J48: =AVERAGE($M48:$N48)*J40 -> 13.664 | M48: =HLOOKUP($B48&"_"&M$46,fuel_prices!$B$10:$I$100,MATCH($A$1,fuel_prices!$A$10:$A$100,0),FALSE) -> 10.7 | N48: =HLOOKUP($B48&"_"&N$46,fuel_prices!$B$10:$I$100,MATCH($A$1,fuel_prices!$A$10:$A$100,0),FALSE) -> 13.7
B49: Oil | C49: =B49 -> Oil | D49: =AVERAGE($M49:$N49)*D41 -> 53 | E49: =AVERAGE($M49:$N49)*E41 -> 53.53 | F49: =AVERAGE($M49:$N49)*F41 -> 58.83 | G49: =AVERAGE($M49:$N49)*G41 -> 53.53 | H49: =AVERAGE($M49:$N49)*H41 -> 53.53 | I49: =AVERAGE($M49:$N49)*I41 -> 55.12 | J49: =AVERAGE($M49:$N49)*J41 -> 60.42 | M49: =HLOOKUP($B49&"_"&M$46,fuel_prices!$B$10:$I$100,MATCH($A$1,fuel_prices!$A$10:$A$100,0),FALSE) -> 48 | N49: =HLOOKUP($B49&"_"&N$46,fuel_prices!$B$10:$I$100,MATCH($A$1,fuel_prices!$A$10:$A$100,0),FALSE) -> 58
B50: Bioenergy | C50: =B50 -> Bioenergy | D50: =AVERAGE($M50:$N50)*D42 -> 26 | J50: =VLOOKUP($C$15,$AF$9:$AH$16,3,FALSE)*D50 -> 78 | M50: =HLOOKUP($B50&"_"&M$46,fuel_prices!$B$10:$I$100,MATCH($A$1,fuel_prices!$A$10:$A$100,0),FALSE) -> 22 | N50: =HLOOKUP($B50&"_"&N$46,fuel_prices!$B$10:$I$100,MATCH($A$1,fuel_prices!$A$10:$A$100,0),FALSE) -> 30
A54: ~tfm_ins-ts: region=POL
A55: process | B55: limtype | C55: 2024 | D55: 2030 | E55: 2040 | F55: attribute
A56: Trd_electricity export | B56: lo | C56: 1.455 | D56: 1.881 | E56: 1.881 | F56: cap_bnd
A57: Trd_electricity import | B57: lo | C57: 1.8 | D57: 3.3 | E57: 3.3 | F57: cap_bnd

Sheet fuel_prices
A9: Fuel Prices
A10: iso | B10: gas_low | C10: gas_high | D10: coal_low | E10: coal_high | F10: oil_low | G10: oil_high | H10: bioenergy_low | I10: bioenergy_high | J10: Notes
A11: POL | B11: 27.4 | C11: 39.4 | D11: 10.7 | E11: 13.7 | F11: 48 | G11: 58 | H11: 22 | I11: 30 | J11: Pipeline gas, coal & forest resources

Sheet iea_data
A9: IEA Baseline Data
A10: iso | B10: year | C10: industry_twh | D10: buildings_agri_twh | E10: nonroad_transport_twh | F10: road_transport_twh | G10: imports_twh | H10: exports_twh | I10: total_production_twh | J10: chp_heat_twh | K10: heat_tfc_twh | L10: heat_industry_twh | M10: heat_buildings_twh
A11: POL | B11: 2015 | C11: 58.76 | D11: 75.23 | E11: 3.09 | F11: 0.02 | G11: 14.46 | H11: 14.79 | I11: 164.23 | J11: 51.51 | K11: 63.417 | L11: 7.577 | M11: 55.84
A12: POL | B12: 2016 | C12: 61.61 | D12: 78.34 | E12: 3.26 | F12: 0.02 | G12: 14.02 | H12: 12.02 | I12: 166.1 | J12: 52.508 | K12: 65.776 | L12: 7.808 | M12: 57.968
A13: POL | B13: 2017 | C13: 66.4 | D13: 77.92 | E13: 3.3 | F13: 0.03 | G13: 13.27 | H13: 10.98 | I13: 169.94 | J13: 54.638 | K13: 67.507 | L13: 8.249 | M13: 59.258
A14: POL | B14: 2018 | C14: 71.21 | D14: 80.58 | E14: 3.44 | F14: 0.03 | G14: 13.82 | H14: 8.12 | I14: 169.56 | J14: 53.701 | K14: 65.034 | L14: 9.587 | M14: 55.447
A15: POL | B15: 2019 | C15: 73.83 | D15: 80.32 | E15: 3.38 | F15: 0.03 | G15: 17.87 | H15: 7.25 | I15: 163.22 | J15: 52.757 | K15: 64.43 | L15: 9.652 | M15: 54.778
A16: POL | B16: 2020 | C16: 73.01 | D16: 79.84 | E16: 3.1 | F16: 0.07 | G16: 20.62 | H16: 7.36 | I16: 157.13 | J16: 51.827 | K16: 65.027 | L16: 9.819 | M16: 55.208
A17: POL | B17: 2021 | C17: 75.22 | D17: 83.99 | E17: 3.33 | F17: 0.06 | G17: 15.1 | H17: 14.21 | I17: 178.79 | J17: 54.496 | K17: 69.338 | L17: 10.542 | M17: 58.796
A18: POL | B18: 2022 | C18: 75.18 | D18: 83.17 | E18: 3.34 | F18: 0.17 | G18: 15.24 | H18: 16.91 | I18: 178.64 | J18: 50.324 | K18: 65.282 | L18: 9.769 | M18: 55.513
A19: POL | B19: 2023 | C19: 76.92 | D19: 79.83 | E19: 3.5 | F19: 0.23 | G19: 15.14 | H19: 11.4 | I19: 165.99 | J19: 49.043 | K19: 60.381 | L19: 8.346 | M19: 52.035
A20: POL | B20: 2024 | C20: 84.11 | D20: 82.19 | E20: 3.57 | F20: 0.37 | G20: 15.21 | H20: 13.25 | I20: 171.32 | J20: 47.503 | K20: 57.614 | L20: 8.082 | M20: 49.532

Sheet ar6_r10
A9: AR6 Scenario Drivers
A10: Category | B10: Region | C10: Year | D10: count | E10: mean | F10: median | G10: std | H10: min | I10: max | J10: q25 | K10: q75 | L10: category_description | M10: attribute
A11: C1 | B11: R10EUROPE | C11: 2020 | D11: 60 | E11: 8.68 | F11: 6.87 | G11: 10.43 | H11: 0 | I11: 55.17 | J11: 0 | K11: 13.64 | L11: Limit warming to 1.5°C (>50%) with no or limited overshoot | M11: CO2 price
A12: C1 | B12: R10EUROPE | C12: 2025 | D12: 60 | E12: 190.52 | F12: 181.51 | G12: 136.23 | H12: 1.81 | I12: 626.48 | J12: 115.48 | K12: 238.58 | L12: Limit warming to 1.5°C (>50%) with no or limited overshoot | M12: CO2 price
A13: C1 | B13: R10EUROPE | C13: 2030 | D13: 60 | E13: 268.18 | F13: 241.69 | G13: 134.29 | H13: 1.27 | I13: 673.46 | J13: 182.47 | K13: 329.7 | L13: Limit warming to 1.5°C (>50%) with no or limited overshoot | M13: CO2 price
A14: C1 | B14: R10EUROPE | C14: 2035 | D14: 60 | E14: 363.27 | F14: 339.03 | G14: 173.79 | H14: 14.37 | I14: 859.53 | J14: 227.05 | K14: 483.38 | L14: Limit warming to 1.5°C (>50%) with no or limited overshoot | M14: CO2 price
A15: C1 | B15: R10EUROPE | C15: 2040 | D15: 60 | E15: 471.65 | F15: 410.28 | G15: 224.31 | H15: 162.1 | I15: 1097.01 | J15: 298.63 | K15: 622.14 | L15: Limit warming to 1.5°C (>50%) with no or limited overshoot | M15: CO2 price
A16: C1 | B16: R10EUROPE | C16: 2045 | D16: 60 | E16: 565.69 | F16: 494.2 | G16: 256.15 | H16: 193.42 | I16: 1269.88 | J16: 352.78 | K16: 748.01 | L16: Limit warming to 1.5°C (>50%) with no or limited overshoot | M16: CO2 price
A17: C1 | B17: R10EUROPE | C17: 2050 | D17: 60 | E17: 647.44 | F17: 635.43 | G17: 273.56 | H17: 209.76 | I17: 1170.26 | J17: 409.79 | K17: 887.68 | L17: Limit warming to 1.5°C (>50%) with no or limited overshoot | M17: CO2 price
A18: C2 | B18: R10EUROPE | C18: 2020 | D18: 86 | E18: 6.44 | F18: 0 | G18: 8.34 | H18: 0 | I18: 24.5 | J18: 0 | K18: 12.68 | L18: Limit warming to 1.5°C (>67%) with high overshoot | M18: CO2 price
A19: C2 | B19: R10EUROPE | C19: 2025 | D19: 75 | E19: 63.21 | F19: 44.89 | G19: 56.62 | H19: 3.21 | I19: 273 | J19: 27.09 | K19: 77.31 | L19: Limit warming to 1.5°C (>67%) with high overshoot | M19: CO2 price
A20: C2 | B20: R10EUROPE | C20: 2030 | D20: 86 | E20: 85.48 | F20: 63.36 | G20: 73.46 | H20: 0 | I20: 409.5 | J20: 50 | K20: 111.1 | L20: Limit warming to 1.5°C (>67%) with high overshoot | M20: CO2 price
A21: C2 | B21: R10EUROPE | C21: 2035 | D21: 75 | E21: 208.71 | F21: 154.82 | G21: 291.78 | H21: 60.83 | I21: 2037.12 | J21: 93.79 | K21: 206.26 | L21: Limit warming to 1.5°C (>67%) with high overshoot | M21: CO2 price
A22: C2 | B22: R10EUROPE | C22: 2040 | D22: 86 | E22: 253.33 | F22: 172.09 | G22: 359.35 | H22: 0 | I22: 2600 | J22: 119.07 | K22: 259.4 | L22: Limit warming to 1.5°C (>67%) with high overshoot | M22: CO2 price
... A256: C1 | B256: R10EUROPE | C256: 2020 | D256: 33 | E256: 1 | F256: 1 | G256: 0 | H256: 1 | I256: 1 | J256: 1 | K256: 1 | L256: Limit warming to 1.5°C (>50%) with no or limited overshoot | M256: Gas price
A257: C1 | B257: R10EUROPE | C257: 2025 | D257: 34 | E257: #NUM! | F257: 2.42 | H257: 1.18 | I257: #NUM! | J257: 2.01 | K257: 2.75 | L257: Limit warming to 1.5°C (>50%) with no or limited overshoot | M257: Gas price
A258: C1 | B258: R10EUROPE | C258: 2030 | D258: 34 | E258: #NUM! | F258: 3.1 | H258: 1.71 | I258: #NUM! | J258: 2.38 | K258: 3.46 | L258: Limit warming to 1.5°C (>50%) with no or limited overshoot | M258: Gas price
A259: C1 | B259: R10EUROPE | C259: 2035 | D259: 34 | E259: #NUM! | F259: 3.54 | H259: 1.91 | I259: #NUM! | J259: 2.66 | K259: 4.16 | L259: Limit warming to 1.5°C (>50%) with no or limited overshoot | M259: Gas price
A260: C1 | B260: R10EUROPE | C260: 2040 | D260: 34 | E260: #NUM! | F260: 4.1 | H260: 2.27 | I260: #NUM! | J260: 2.96 | K260: 4.52 | L260: Limit warming to 1.5°C (>50%) with no or limited overshoot | M260: Gas price
A261: C1 | B261: R10EUROPE | C261: 2045 | D261: 34 | E261: #NUM! | F261: 3.86 | H261: 2.54 | I261: #NUM! | J261: 3.3 | K261: 4.89 | L261: Limit warming to 1.5°C (>50%) with no or limited overshoot | M261: Gas price
A262: C1 | B262: R10EUROPE | C262: 2050 | D262: 34 | E262: #NUM! | F262: 3.59 | H262: 2.73 | I262: #NUM! | J262: 3.07 | K262: 4.06 | L262: Limit warming to 1.5°C (>50%) with no or limited overshoot | M262: Gas price
A263: C2 | B263: R10EUROPE | C263: 2020 | D263: 43 | E263: 1 | F263: 1 | G263: 0 | H263: 1 | I263: 1 | J263: 1 | K263: 1 | L263: Limit warming to 1.5°C (>67%) with high overshoot | M263: Gas price
A264: C2 | B264: R10EUROPE | C264: 2025 | D264: 44 | E264: #NUM! | F264: 1.22 | H264: 0 | I264: #NUM! | J264: 1.13 | K264: 1.35 | L264: Limit warming to 1.5°C (>67%) with high overshoot | M264: Gas price
A265: C2 | B265: R10EUROPE | C265: 2030 | D265: 44 | E265: #NUM! | F265: 1.5 | H265: 0 | I265: #NUM! | J265: 1.31 | K265: 1.83 | L265: Limit warming to 1.5°C (>67%) with high overshoot | M265: Gas price
A266: C2 | B266: R10EUROPE | C266: 2035 | D266: 44 | E266: #NUM! | F266: 2.12 | H266: 0 | I266: #NUM! | J266: 1.68 | K266: 2.46 | L266: Limit warming to 1.5°C (>67%) with high overshoot | M266: Gas price
A267: C2 | B267: R10EUROPE | C267: 2040 | D267: 44 | E267: #NUM! | F267: 2.5 | H267: 0 | I267: #NUM! | J267: 2 | K267: 2.94 | L267: Limit warming to 1.5°C (>67%) with high overshoot | M267: Gas price
A268: C2 | B268: R10EUROPE | C268: 2045 | D268: 44 | E268: #NUM! | F268: 2.79 | H268: 0 | I268: #NUM! | J268: 2.08 | K268: 3.44 | L268: Limit warming to 1.5°C (>67%) with high overshoot | M268: Gas price
A269: C2 | B269: R10EUROPE | C269: 2050 | D269: 44 | E269: #NUM! | F269: 2.95 | H269: 0 | I269: #NUM! | J269: 2.49 | K269: 3.78 | L269: Limit warming to 1.5°C (>67%) with high overshoot | M269: Gas price
A270: C3 | B270: R10EUROPE | C270: 2020 | D270: 103 | E270: 1 | F270: 1 | G270: 0 | H270: 1 | I270: 1 | J270: 1 | K270: 1 | L270: Limit warming to 2°C (>67%) with higher action post-2030 | M270: Gas price
A271: C3 | B271: R10EUROPE | C271: 2025 | D271: 112 | E271: #NUM! | F271: 1.41 | H271: 0.98 | I271: #NUM! | J271: 1.23 | K271: 1.96 | L271: Limit warming to 2°C (>67%) with higher action post-2030 | M271: Gas price
A272: C3 | B272: R10EUROPE | C272: 2030 | D272: 112 | E272: #NUM! | F272: 2.04 | H272: 1.05 | I272: #NUM! | J272: 1.52 | K272: 2.55 | L272: Limit warming to 2°C (>67%) with higher action post-2030 | M272: Gas price
A273: C3 | B273: R10EUROPE | C273: 2035 | D273: 112 | E273: #NUM! | F273: 2.4 | H273: 1.05 | I273: #NUM! | J273: 1.71 | K273: 3.14 | L273: Limit warming to 2°C (>67%) with higher action post-2030 | M273: Gas price
A274: C3 | B274: R10EUROPE | C274: 2040 | D274: 112 | E274: #NUM! | F274: 2.6 | H274: 1.06 | I274: #NUM! | J274: 1.85 | K274: 3.74 | L274: Limit warming to 2°C (>67%) with higher action post-2030 | M274: Gas price
A275: C3 | B275: R10EUROPE | C275: 2045 | D275: 112 | E275: #NUM! | F275: 2.85 | H275: 1.08 | I275: #NUM! | J275: 2 | K275: 4.28 | L275: Limit warming to 2°C (>67%) with higher action post-2030 | M275: Gas price
A276: C3 | B276: R10EUROPE | C276: 2050 | D276: 112 | E276: #NUM! | F276: 2.97 | H276: 0 | I276: #NUM! | J276: 2.15 | K276: 4.51 | L276: Limit warming to 2°C (>67%) with higher action post-2030 | M276: Gas price
A277: C4 | B277: R10EUROPE | C277: 2020 | D277: 27 | E277: 1 | F277: 1 | G277: 0 | H277: 1 | I277: 1 | J277: 1 | K277: 1 | L277: Limit warming to 2°C (>50%) with immediate action | M277: Gas price
A278: C4 | B278: R10EUROPE | C278: 2025 | D278: 27 | E278: 1.33 | F278: 1.31 | G278: 0.18 | H278: 1.06 | I278: 1.66 | J278: 1.22 | K278: 1.45 | L278: Limit warming to 2°C (>50%) with immediate action | M278: Gas price
A279: C4 | B279: R10EUROPE | C279: 2030 | D279: 27 | E279: 1.84 | F279: 2.02 | G279: 0.28 | H279: 1.24 | I279: 2.17 | J279: 1.52 | K279: 2.07 | L279: Limit warming to 2°C (>50%) with immediate action | M279: Gas price
A280: C4 | B280: R10EUROPE | C280: 2035 | D280: 27 | E280: 1.84 | F280: 1.96 | G280: 0.41 | H280: 1.19 | I280: 2.46 | J280: 1.42 | K280: 2.11 | L280: Limit warming to 2°C (>50%) with immediate action | M280: Gas price
A281: C4 | B281: R10EUROPE | C281: 2040 | D281: 27 | E281: 2.12 | F281: 2.22 | G281: 0.47 | H281: 1.41 | I281: 2.78 | J281: 1.54 | K281: 2.43 | L281: Limit warming to 2°C (>50%) with immediate action | M281: Gas price
A282: C4 | B282: R10EUROPE | C282: 2045 | D282: 27 | E282: 2.31 | F282: 2.39 | G282: 0.62 | H282: 1.34 | I282: 3.22 | J282: 1.67 | K282: 2.74 | L282: Limit warming to 2°C (>50%) with immediate action | M282: Gas price
A283: C4 | B283: R10EUROPE | C283: 2050 | D283: 27 | E283: 2.48 | F283: 2.52 | G283: 0.71 | H283: 1.52 | I283: 3.64 | J283: 1.84 | K283: 3.04 | L283: Limit warming to 2°C (>50%) with immediate action | M283: Gas price
A284: C7 | B284: R10EUROPE | C284: 2020 | D284: 42 | E284: 1 | F284: 1 | G284: 0 | H284: 1 | I284: 1 | J284: 1 | K284: 1 | L284: Likely above 3°C warming with limited mitigation | M284: Gas price
A285: C7 | B285: R10EUROPE | C285: 2025 | D285: 42 | E285: 1.09 | F285: 1.07 | G285: 0.13 | H285: 0.91 | I285: 1.5 | J285: 1.02 | K285: 1.15 | L285: Likely above 3°C warming with limited mitigation | M285: Gas price
A286: C7 | B286: R10EUROPE | C286: 2030 | D286: 42 | E286: 1.37 | F286: 1.24 | G286: 0.32 | H286: 1.01 | I286: 2.14 | J286: 1.15 | K286: 1.53 | L286: Likely above 3°C warming with limited mitigation | M286: Gas price
A287: C7 | B287: R10EUROPE | C287: 2035 | D287: 42 | E287: 1.19 | F287: 1.15 | G287: 0.17 | H287: 1.01 | I287: 1.69 | J287: 1.07 | K287: 1.22 | L287: Likely above 3°C warming with limited mitigation | M287: Gas price
A288: C7 | B288: R10EUROPE | C288: 2040 | D288: 42 | E288: 1.27 | F288: 1.25 | G288: 0.16 | H288: 1.04 | I288: 1.78 | J288: 1.16 | K288: 1.31 | L288: Likely above 3°C warming with limited mitigation | M288: Gas price
... A291: C1 | B291: R10EUROPE | C291: 2020 | D291: 49 | E291: 1 | F291: 1 | G291: 0 | H291: 1 | I291: 1 | J291: 1 | K291: 1 | L291: Limit warming to 1.5°C (>50%) with no or limited overshoot | M291: Oil price
A292: C1 | B292: R10EUROPE | C292: 2025 | D292: 50 | E292: #NUM! | F292: 1.1 | H292: -4.33 | I292: #NUM! | J292: 0.81 | K292: 1.5 | L292: Limit warming to 1.5°C (>50%) with no or limited overshoot | M292: Oil price
A293: C1 | B293: R10EUROPE | C293: 2030 | D293: 50 | E293: #NUM! | F293: 1.77 | H293: -6.1 | I293: #NUM! | J293: 1.27 | K293: 2.54 | L293: Limit warming to 1.5°C (>50%) with no or limited overshoot | M293: Oil price
A294: C1 | B294: R10EUROPE | C294: 2035 | D294: 50 | E294: #NUM! | F294: 1.87 | H294: -6.86 | I294: #NUM! | J294: 1.15 | K294: 2.77 | L294: Limit warming to 1.5°C (>50%) with no or limited overshoot | M294: Oil price
A295: C1 | B295: R10EUROPE | C295: 2040 | D295: 50 | E295: #NUM! | F295: 1.96 | H295: -9.21 | I295: #NUM! | J295: 1.31 | K295: 3.39 | L295: Limit warming to 1.5°C (>50%) with no or limited overshoot | M295: Oil price
A296: C1 | B296: R10EUROPE | C296: 2045 | D296: 50 | E296: #NUM! | F296: 2.13 | H296: -6.95 | I296: #NUM! | J296: 1.6 | K296: 3.41 | L296: Limit warming to 1.5°C (>50%) with no or limited overshoot | M296: Oil price
A297: C1 | B297: R10EUROPE | C297: 2050 | D297: 50 | E297: #NUM! | F297: 2 | H297: -10.07 | I297: #NUM! | J297: 1.55 | K297: 4.63 | L297: Limit warming to 1.5°C (>50%) with no or limited overshoot | M297: Oil price
A298: C2 | B298: R10EUROPE | C298: 2020 | D298: 62 | E298: 1 | F298: 1 | G298: 0 | H298: 1 | I298: 1 | J298: 1 | K298: 1 | L298: Limit warming to 1.5°C (>67%) with high overshoot | M298: Oil price
A299: C2 | B299: R10EUROPE | C299: 2025 | D299: 52 | E299: #NUM! | F299: 0.61 | H299: 0 | I299: #NUM! | J299: 0.53 | K299: 0.89 | L299: Limit warming to 1.5°C (>67%) with high overshoot | M299: Oil price
A300: C2 | B300: R10EUROPE | C300: 2030 | D300: 63 | E300: #NUM! | F300: 1.07 | H300: 0 | I300: #NUM! | J300: 0.6 | K300: 1.55 | L300: Limit warming to 1.5°C (>67%) with high overshoot | M300: Oil price
A301: C2 | B301: R10EUROPE | C301: 2035 | D301: 52 | E301: #NUM! | F301: 1.09 | H301: 0 | I301: #NUM! | J301: 0.6 | K301: 1.76 | L301: Limit warming to 1.5°C (>67%) with high overshoot | M301: Oil price
A302: C2 | B302: R10EUROPE | C302: 2040 | D302: 63 | E302: #NUM! | F302: 1.25 | H302: 0 | I302: #NUM! | J302: 0.87 | K302: 1.91 | L302: Limit warming to 1.5°C (>67%) with high overshoot | M302: Oil price
A303: C2 | B303: R10EUROPE | C303: 2045 | D303: 52 | E303: #NUM! | F303: 1.35 | H303: 0 | I303: #NUM! | J303: 0.78 | K303: 1.89 | L303: Limit warming to 1.5°C (>67%) with high overshoot | M303: Oil price
A304: C2 | B304: R10EUROPE | C304: 2050 | D304: 63 | E304: #NUM! | F304: 1.62 | H304: -2.31 | I304: #NUM! | J304: 0.61 | K304: 2.16 | L304: Limit warming to 1.5°C (>67%) with high overshoot | M304: Oil price
A305: C3 | B305: R10EUROPE | C305: 2020 | D305: 157 | E305: 1 | F305: 1 | G305: 0 | H305: 1 | I305: 1 | J305: 1 | K305: 1 | L305: Limit warming to 2°C (>67%) with higher action post-2030 | M305: Oil price
A306: C3 | B306: R10EUROPE | C306: 2025 | D306: 163 | E306: #NUM! | F306: 0.75 | H306: 0.46 | I306: #NUM! | J306: 0.54 | K306: 1.24 | L306: Limit warming to 2°C (>67%) with higher action post-2030 | M306: Oil price
A307: C3 | B307: R10EUROPE | C307: 2030 | D307: 166 | E307: #NUM! | F307: 1.15 | H307: 0.51 | I307: #NUM! | J307: 0.74 | K307: 1.65 | L307: Limit warming to 2°C (>67%) with higher action post-2030 | M307: Oil price
A308: C3 | B308: R10EUROPE | C308: 2035 | D308: 163 | E308: #NUM! | F308: 1.21 | H308: -0.95 | I308: #NUM! | J308: 0.88 | K308: 2.11 | L308: Limit warming to 2°C (>67%) with higher action post-2030 | M308: Oil price
A309: C3 | B309: R10EUROPE | C309: 2040 | D309: 166 | E309: #NUM! | F309: 1.28 | H309: -1.8 | I309: #NUM! | J309: 0.89 | K309: 2.43 | L309: Limit warming to 2°C (>67%) with higher action post-2030 | M309: Oil price
A310: C3 | B310: R10EUROPE | C310: 2045 | D310: 163 | E310: #NUM! | F310: 1.48 | H310: -5.93 | I310: #NUM! | J310: 1.08 | K310: 2.75 | L310: Limit warming to 2°C (>67%) with higher action post-2030 | M310: Oil price
A311: C3 | B311: R10EUROPE | C311: 2050 | D311: 166 | E311: #NUM! | F311: 1.59 | H311: -5.35 | I311: #NUM! | J311: 0.97 | K311: 2.91 | L311: Limit warming to 2°C (>67%) with higher action post-2030 | M311: Oil price
A312: C4 | B312: R10EUROPE | C312: 2020 | D312: 52 | E312: 1 | F312: 1 | G312: 0 | H312: 1 | I312: 1 | J312: 1 | K312: 1 | L312: Limit warming to 2°C (>50%) with immediate action | M312: Oil price
A313: C4 | B313: R10EUROPE | C313: 2025 | D313: 52 | E313: 0.89 | F313: 0.6 | G313: 0.38 | H313: 0.45 | I313: 1.39 | J313: 0.53 | K313: 1.25 | L313: Limit warming to 2°C (>50%) with immediate action | M313: Oil price
A314: C4 | B314: R10EUROPE | C314: 2030 | D314: 52 | E314: 1.06 | F314: 0.63 | G314: 0.52 | H314: 0.5 | I314: 1.81 | J314: 0.59 | K314: 1.65 | L314: Limit warming to 2°C (>50%) with immediate action | M314: Oil price
A315: C4 | B315: R10EUROPE | C315: 2035 | D315: 52 | E315: 1.09 | F315: 0.69 | G315: 0.56 | H315: 0.53 | I315: 2.74 | J315: 0.62 | K315: 1.55 | L315: Limit warming to 2°C (>50%) with immediate action | M315: Oil price
A316: C4 | B316: R10EUROPE | C316: 2040 | D316: 52 | E316: 1.2 | F316: 0.79 | G316: 0.67 | H316: 0.59 | I316: 3.56 | J316: 0.63 | K316: 1.75 | L316: Limit warming to 2°C (>50%) with immediate action | M316: Oil price
A317: C4 | B317: R10EUROPE | C317: 2045 | D317: 52 | E317: 1.32 | F317: 0.84 | G317: 0.77 | H317: 0.6 | I317: 4.16 | J317: 0.7 | K317: 1.9 | L317: Limit warming to 2°C (>50%) with immediate action | M317: Oil price
A318: C4 | B318: R10EUROPE | C318: 2050 | D318: 52 | E318: 1.4 | F318: 0.94 | G318: 0.85 | H318: 0.61 | I318: 4.67 | J318: 0.71 | K318: 2.06 | L318: Limit warming to 2°C (>50%) with immediate action | M318: Oil price
A319: C7 | B319: R10EUROPE | C319: 2020 | D319: 43 | E319: 1 | F319: 1 | G319: 0 | H319: 1 | I319: 1 | J319: 1 | K319: 1 | L319: Likely above 3°C warming with limited mitigation | M319: Oil price
A320: C7 | B320: R10EUROPE | C320: 2025 | D320: 43 | E320: 0.93 | F320: 1.01 | G320: 0.45 | H320: 0.38 | I320: 2.73 | J320: 0.62 | K320: 1.09 | L320: Likely above 3°C warming with limited mitigation | M320: Oil price
A321: C7 | B321: R10EUROPE | C321: 2030 | D321: 43 | E321: 1.15 | F321: 1.11 | G321: 0.46 | H321: 0.58 | I321: 3.14 | J321: 0.99 | K321: 1.17 | L321: Likely above 3°C warming with limited mitigation | M321: Oil price
A322: C7 | B322: R10EUROPE | C322: 2035 | D322: 43 | E322: 1.07 | F322: 1.01 | G322: 0.42 | H322: 0.63 | I322: 2.83 | J322: 0.78 | K322: 1.2 | L322: Likely above 3°C warming with limited mitigation | M322: Oil price
A323: C7 | B323: R10EUROPE | C323: 2040 | D323: 43 | E323: 1.09 | F323: 1.01 | G323: 0.46 | H323: 0.67 | I323: 3.23 | J323: 0.82 | K323: 1.23 | L323: Likely above 3°C warming with limited mitigation | M323: Oil price
... A395: C7 | B395: R10EUROPE | C395: 2050 | D395: 10 | E395: 1 | F395: 1 | G395: 0.07 | H395: 0.85 | I395: 1.09 | J395: 0.97 | K395: 1.06 | L395: Likely above 3°C warming with limited mitigation | M395: Biomass price
