Workbook

Sheet Veda
G1: 1-25,36-60
D2: ="~Inputcell: "&_xlfn.TEXTJOIN(",",TRUE,G1:EE1) -> ~Inputcell: 1-25,36-60 | G2: 5 | H2: 6 | I2: 7 | J2: 9 | K2: 10 | L2: 11 | M2: 16 | N2: 17 | O2: 18 | P2: 20 | Q2: 21 | R2: 22 | S2: 27 | T2: 28 | U2: 29 | V2: 31 | W2: 32 | X2: 33 | Y2: 38 | Z2: 39 | AA2: 40 | AB2: 42 | AC2: 43 | AD2: 44 | AE2: 49 | AF2: 50 | AG2: 51 | AH2: 53 | AI2: 54 | AJ2: 55
D3: 3
D5: =VLOOKUP(D3,$C$9:$E$999,2,FALSE) -> ts_annual | E5: =VLOOKUP(D3,$C$9:$E$999,3,FALSE) -> C3
B7: ~Scenmap
A8: priority | B8: scen | C8: case_no | D8: timeslice | E8: climate | AM8: bio price multiplier
A9: 5 | B9: =VLOOKUP(E9,$AK$9:$AL$15,2,FALSE)&"."&VLOOKUP(D9,$AH$9:$AI$24,2,FALSE) -> e 1.5 deg no OS.kAnn | C9: 1 | D9: =VLOOKUP(AJ9,$AG$9:$AH$22,2,FALSE) -> ts_annual | E9: C1 | G9: Limit warming to 1.5°C (>50%) with no or limited overshoot | AG9: 1 | AH9: ts_annual | AI9: kAnn | AJ9: 1 | AK9: C1 | AL9: e 1.5 deg no OS | AM9: 5
A10: 5 | B10: =VLOOKUP(E10,$AK$9:$AL$15,2,FALSE)&"."&VLOOKUP(D10,$AH$9:$AI$24,2,FALSE) -> d 1.5 deg OS.kAnn | C10: =C9+1 -> 2 | D10: =VLOOKUP(AJ10,$AG$9:$AH$22,2,FALSE) -> ts_annual | E10: C2 | G10: Limit warming to 1.5°C (>67%) with high overshoot | S10: IEA | AG10: 2 | AH10: ts_12t | AI10: k12 | AJ10: 1 | AK10: C2 | AL10: d 1.5 deg OS | AM10: 4
A11: 5 | B11: =VLOOKUP(E11,$AK$9:$AL$15,2,FALSE)&"."&VLOOKUP(D11,$AH$9:$AI$24,2,FALSE) -> c 2 deg (67%).kAnn | C11: =C10+1 -> 3 | D11: =VLOOKUP(AJ11,$AG$9:$AH$22,2,FALSE) -> ts_annual | E11: C3 | G11: Limit warming to 2°C (>67%) with higher action post-2030 | S11: 2022 | AG11: 3 | AH11: ts_012 | AI11: j12 | AJ11: 1 | AK11: C3 | AL11: c 2 deg (67%) | AM11: 3
A12: 5 | B12: =VLOOKUP(E12,$AK$9:$AL$15,2,FALSE)&"."&VLOOKUP(D12,$AH$9:$AI$24,2,FALSE) -> b 2 deg (50%).kAnn | C12: =C11+1 -> 4 | D12: =VLOOKUP(AJ12,$AG$9:$AH$22,2,FALSE) -> ts_annual | E12: C4 | G12: Limit warming to 2°C (>50%) with immediate action | S12: =SUMIFS(iea_data!I3:I9999,iea_data!$B$3:$B$9999,Veda!$S$11)+T28-T29 -> 13.23 | T12: base-year generation (TWh) | AG12: 4 | AH12: ts_030 | AI12: i30 | AJ12: 1 | AK12: C4 | AL12: b 2 deg (50%) | AM12: 3
A13: 5 | B13: =VLOOKUP(E13,$AK$9:$AL$15,2,FALSE)&"."&VLOOKUP(D13,$AH$9:$AI$24,2,FALSE) -> a 3 deg.kAnn | C13: =C12+1 -> 5 | D13: =VLOOKUP(AJ13,$AG$9:$AH$22,2,FALSE) -> ts_annual | E13: C7 | G13: Likely above 3°C warming with limited mitigation | AG13: 5 | AH13: ts_048 | AI13: h48 | AJ13: 1 | AK13: C7 | AL13: a 3 deg | AM13: 1.5
A14: 5 | B14: =VLOOKUP(E14,$AK$9:$AL$15,2,FALSE)&"."&VLOOKUP(D14,$AH$9:$AI$24,2,FALSE) -> e 1.5 deg no OS.k12 | C14: =C13+1 -> 6 | D14: =VLOOKUP(AJ14,$AG$9:$AH$22,2,FALSE) -> ts_12t | E14: =E9 -> C1 | T14: =S12 -> 13.23 | U14: =$S$12*J15 -> 16.8021 | V14: =$S$12*K15 -> 22.2264 | W14: =$S$12*L15 -> 29.8998 | X14: =$S$12*M15 -> 38.6316 | Y14: =$S$12*N15 -> 59.2704 | Z14: =$S$12*O15 -> 79.5123 | AG14: 6 | AH14: ts_048P10 | AI14: h48P10 | AJ14: =AJ9+1 -> 2
A15: 5 | B15: =VLOOKUP(E15,$AK$9:$AL$15,2,FALSE)&"."&VLOOKUP(D15,$AH$9:$AI$24,2,FALSE) -> d 1.5 deg OS.k12 | C15: =C14+1 -> 7 | D15: =VLOOKUP(AJ15,$AG$9:$AH$22,2,FALSE) -> ts_12t | E15: =E10 -> C2 | G15: Electricity growth relative to 2020 | I15: =SUMIFS(ar6_r10!$F$2:$F$999,ar6_r10!$A$2:$A$999,Veda!$E$5,ar6_r10!$C$2:$C$999,Veda!I$17,ar6_r10!$M$2:$M$999,Veda!$G15) -> 1 | J15: =SUMIFS(ar6_r10!$F$2:$F$999,ar6_r10!$A$2:$A$999,Veda!$E$5,ar6_r10!$C$2:$C$999,Veda!J$17,ar6_r10!$M$2:$M$999,Veda!$G15) -> 1.27 | K15: =SUMIFS(ar6_r10!$F$2:$F$999,ar6_r10!$A$2:$A$999,Veda!$E$5,ar6_r10!$C$2:$C$999,Veda!K$17,ar6_r10!$M$2:$M$999,Veda!$G15) -> 1.68 | L15: =SUMIFS(ar6_r10!$F$2:$F$999,ar6_r10!$A$2:$A$999,Veda!$E$5,ar6_r10!$C$2:$C$999,Veda!L$17,ar6_r10!$M$2:$M$999,Veda!$G15) -> 2.26 | M15: =SUMIFS(ar6_r10!$F$2:$F$999,ar6_r10!$A$2:$A$999,Veda!$E$5,ar6_r10!$C$2:$C$999,Veda!M$17,ar6_r10!$M$2:$M$999,Veda!$G15) -> 2.92 | N15: =SUMIFS(ar6_r10!$F$2:$F$999,ar6_r10!$A$2:$A$999,Veda!$E$5,ar6_r10!$C$2:$C$999,Veda!N$17,ar6_r10!$M$2:$M$999,Veda!$G15) -> 4.48 | O15: =SUMIFS(ar6_r10!$F$2:$F$999,ar6_r10!$A$2:$A$999,Veda!$E$5,ar6_r10!$C$2:$C$999,Veda!O$17,ar6_r10!$M$2:$M$999,Veda!$G15) -> 6.01 | AG15: 7 | AH15: ts_048P90 | AI15: h48P90 | AJ15: =AJ10+1 -> 2
A16: 5 | B16: =VLOOKUP(E16,$AK$9:$AL$15,2,FALSE)&"."&VLOOKUP(D16,$AH$9:$AI$24,2,FALSE) -> c 2 deg (67%).k12 | C16: =C15+1 -> 8 | D16: =VLOOKUP(AJ16,$AG$9:$AH$22,2,FALSE) -> ts_12t | E16: =E11 -> C3 | S16: ~TFM_INS-TS | AG16: 8 | AH16: s1_d | AI16: g1d72 | AJ16: =AJ11+1 -> 2
A17: 5 | B17: =VLOOKUP(E17,$AK$9:$AL$15,2,FALSE)&"."&VLOOKUP(D17,$AH$9:$AI$24,2,FALSE) -> b 2 deg (50%).k12 | C17: =C16+1 -> 9 | D17: =VLOOKUP(AJ17,$AG$9:$AH$22,2,FALSE) -> ts_12t | E17: =E12 -> C4 | I17: 2020 | J17: =U17 -> 2025 | K17: =V17 -> 2030 | L17: =W17 -> 2035 | M17: =X17 -> 2040 | N17: =Y17 -> 2045 | O17: =Z17 -> 2050 | S17: commodity | T17: 2022 | U17: 2025 | V17: 2030 | W17: 2035 | X17: 2040 | Y17: 2045 | Z17: 2050 | AA17: attribute | AG17: 9 | AH17: s1v1_d | AI17: f2d96 | AJ17: =AJ12+1 -> 2
A18: 5 | B18: =VLOOKUP(E18,$AK$9:$AL$15,2,FALSE)&"."&VLOOKUP(D18,$AH$9:$AI$24,2,FALSE) -> a 3 deg.k12 | C18: =C17+1 -> 10 | D18: =VLOOKUP(AJ18,$AG$9:$AH$22,2,FALSE) -> ts_12t | E18: =E13 -> C7 | G18: Hydrogen as a share of electricity | I18: =SUMIFS(ar6_r10!$F$2:$F$999,ar6_r10!$A$2:$A$999,Veda!$E$5,ar6_r10!$C$2:$C$999,Veda!I$17,ar6_r10!$M$2:$M$999,Veda!$G18) -> 0 | J18: =SUMIFS(ar6_r10!$F$2:$F$999,ar6_r10!$A$2:$A$999,Veda!$E$5,ar6_r10!$C$2:$C$999,Veda!J$17,ar6_r10!$M$2:$M$999,Veda!$G18) -> 0 | K18: =SUMIFS(ar6_r10!$F$2:$F$999,ar6_r10!$A$2:$A$999,Veda!$E$5,ar6_r10!$C$2:$C$999,Veda!K$17,ar6_r10!$M$2:$M$999,Veda!$G18) -> 0 | L18: =SUMIFS(ar6_r10!$F$2:$F$999,ar6_r10!$A$2:$A$999,Veda!$E$5,ar6_r10!$C$2:$C$999,Veda!L$17,ar6_r10!$M$2:$M$999,Veda!$G18) -> 0.01 | M18: =SUMIFS(ar6_r10!$F$2:$F$999,ar6_r10!$A$2:$A$999,Veda!$E$5,ar6_r10!$C$2:$C$999,Veda!M$17,ar6_r10!$M$2:$M$999,Veda!$G18) -> 0.02 | N18: =SUMIFS(ar6_r10!$F$2:$F$999,ar6_r10!$A$2:$A$999,Veda!$E$5,ar6_r10!$C$2:$C$999,Veda!N$17,ar6_r10!$M$2:$M$999,Veda!$G18) -> 0.02 | O18: =SUMIFS(ar6_r10!$F$2:$F$999,ar6_r10!$A$2:$A$999,Veda!$E$5,ar6_r10!$C$2:$C$999,Veda!O$17,ar6_r10!$M$2:$M$999,Veda!$G18) -> 0.03 | S18: hydrogen_allsect | T18: =I18*T$14 -> 0 | U18: =J18*U$14 -> 0 | V18: =K18*V$14 -> 0 | W18: =L18*W$14 -> 0.298998 | X18: =M18*X$14 -> 0.772632 | Y18: =N18*Y$14 -> 1.185408 | Z18: =O18*Z$14 -> 2.385369 | AA18: demand | AG18: 10 | AH18: ts_096 | AI18: e96 | AJ18: =AJ13+1 -> 2
A19: 5 | B19: =VLOOKUP(E19,$AK$9:$AL$15,2,FALSE)&"."&VLOOKUP(D19,$AH$9:$AI$24,2,FALSE) -> e 1.5 deg no OS.j12 | C19: =C18+1 -> 11 | D19: =VLOOKUP(AJ19,$AG$9:$AH$22,2,FALSE) -> ts_012 | E19: =E14 -> C1 | G19: Industry electricity share | I19: =SUMIFS(ar6_r10!$F$2:$F$999,ar6_r10!$A$2:$A$999,Veda!$E$5,ar6_r10!$C$2:$C$999,Veda!I$17,ar6_r10!$M$2:$M$999,Veda!$G19) -> 0.49 | J19: =SUMIFS(ar6_r10!$F$2:$F$999,ar6_r10!$A$2:$A$999,Veda!$E$5,ar6_r10!$C$2:$C$999,Veda!J$17,ar6_r10!$M$2:$M$999,Veda!$G19) -> 0.45 | K19: =SUMIFS(ar6_r10!$F$2:$F$999,ar6_r10!$A$2:$A$999,Veda!$E$5,ar6_r10!$C$2:$C$999,Veda!K$17,ar6_r10!$M$2:$M$999,Veda!$G19) -> 0.43 | L19: =SUMIFS(ar6_r10!$F$2:$F$999,ar6_r10!$A$2:$A$999,Veda!$E$5,ar6_r10!$C$2:$C$999,Veda!L$17,ar6_r10!$M$2:$M$999,Veda!$G19) -> 0.42 | M19: =SUMIFS(ar6_r10!$F$2:$F$999,ar6_r10!$A$2:$A$999,Veda!$E$5,ar6_r10!$C$2:$C$999,Veda!M$17,ar6_r10!$M$2:$M$999,Veda!$G19) -> 0.4 | N19: =SUMIFS(ar6_r10!$F$2:$F$999,ar6_r10!$A$2:$A$999,Veda!$E$5,ar6_r10!$C$2:$C$999,Veda!N$17,ar6_r10!$M$2:$M$999,Veda!$G19) -> 0.41 | O19: =SUMIFS(ar6_r10!$F$2:$F$999,ar6_r10!$A$2:$A$999,Veda!$E$5,ar6_r10!$C$2:$C$999,Veda!O$17,ar6_r10!$M$2:$M$999,Veda!$G19) -> 0.38 | S19: elc_industry | T19: =I19*T$14 -> 6.4827 | U19: =J19*U$14 -> 7.560945 | V19: =K19*V$14 -> 9.557352 | W19: =L19*W$14 -> 12.557916 | X19: =M19*X$14 -> 15.45264 | Y19: =N19*Y$14 -> 24.300864 | Z19: =O19*Z$14 -> 30.214674 | AA19: demand | AG19: 11 | AH19: s1p1v1_d | AI19: d9d | AJ19: =AJ14+1 -> 3
A20: 5 | B20: =VLOOKUP(E20,$AK$9:$AL$15,2,FALSE)&"."&VLOOKUP(D20,$AH$9:$AI$24,2,FALSE) -> d 1.5 deg OS.j12 | C20: =C19+1 -> 12 | D20: =VLOOKUP(AJ20,$AG$9:$AH$22,2,FALSE) -> ts_012 | E20: =E15 -> C2 | G20: Residential and commercial electricity share | I20: =SUMIFS(ar6_r10!$F$2:$F$999,ar6_r10!$A$2:$A$999,Veda!$E$5,ar6_r10!$C$2:$C$999,Veda!I$17,ar6_r10!$M$2:$M$999,Veda!$G20) -> 0.49 | J20: =SUMIFS(ar6_r10!$F$2:$F$999,ar6_r10!$A$2:$A$999,Veda!$E$5,ar6_r10!$C$2:$C$999,Veda!J$17,ar6_r10!$M$2:$M$999,Veda!$G20) -> 0.52 | K20: =SUMIFS(ar6_r10!$F$2:$F$999,ar6_r10!$A$2:$A$999,Veda!$E$5,ar6_r10!$C$2:$C$999,Veda!K$17,ar6_r10!$M$2:$M$999,Veda!$G20) -> 0.54 | L20: =SUMIFS(ar6_r10!$F$2:$F$999,ar6_r10!$A$2:$A$999,Veda!$E$5,ar6_r10!$C$2:$C$999,Veda!L$17,ar6_r10!$M$2:$M$999,Veda!$G20) -> 0.51 | M20: =SUMIFS(ar6_r10!$F$2:$F$999,ar6_r10!$A$2:$A$999,Veda!$E$5,ar6_r10!$C$2:$C$999,Veda!M$17,ar6_r10!$M$2:$M$999,Veda!$G20) -> 0.51 | N20: =SUMIFS(ar6_r10!$F$2:$F$999,ar6_r10!$A$2:$A$999,Veda!$E$5,ar6_r10!$C$2:$C$999,Veda!N$17,ar6_r10!$M$2:$M$999,Veda!$G20) -> 0.48 | O20: =SUMIFS(ar6_r10!$F$2:$F$999,ar6_r10!$A$2:$A$999,Veda!$E$5,ar6_r10!$C$2:$C$999,Veda!O$17,ar6_r10!$M$2:$M$999,Veda!$G20) -> 0.47 | S20: elc_buildings | T20: =I20*T$14 -> 6.4827 | U20: =J20*U$14 -> 8.737092 | V20: =K20*V$14 -> 12.002256 | W20: =L20*W$14 -> 15.248898 | X20: =M20*X$14 -> 19.702116 | Y20: =N20*Y$14 -> 28.449792 | Z20: =O20*Z$14 -> 37.370781 | AA20: demand | AG20: 12 | AH20: s5p5v5_d | AI20: c15d | AJ20: =AJ15+1 -> 3
A21: 5 | B21: =VLOOKUP(E21,$AK$9:$AL$15,2,FALSE)&"."&VLOOKUP(D21,$AH$9:$AI$24,2,FALSE) -> c 2 deg (67%).j12 | C21: =C20+1 -> 13 | D21: =VLOOKUP(AJ21,$AG$9:$AH$22,2,FALSE) -> ts_012 | E21: =E16 -> C3 | G21: Transportation electricity share | I21: =SUMIFS(ar6_r10!$F$2:$F$999,ar6_r10!$A$2:$A$999,Veda!$E$5,ar6_r10!$C$2:$C$999,Veda!I$17,ar6_r10!$M$2:$M$999,Veda!$G21) -> 0.01 | J21: =SUMIFS(ar6_r10!$F$2:$F$999,ar6_r10!$A$2:$A$999,Veda!$E$5,ar6_r10!$C$2:$C$999,Veda!J$17,ar6_r10!$M$2:$M$999,Veda!$G21) -> 0.01 | K21: =SUMIFS(ar6_r10!$F$2:$F$999,ar6_r10!$A$2:$A$999,Veda!$E$5,ar6_r10!$C$2:$C$999,Veda!K$17,ar6_r10!$M$2:$M$999,Veda!$G21) -> 0.02 | L21: =SUMIFS(ar6_r10!$F$2:$F$999,ar6_r10!$A$2:$A$999,Veda!$E$5,ar6_r10!$C$2:$C$999,Veda!L$17,ar6_r10!$M$2:$M$999,Veda!$G21) -> 0.02 | M21: =SUMIFS(ar6_r10!$F$2:$F$999,ar6_r10!$A$2:$A$999,Veda!$E$5,ar6_r10!$C$2:$C$999,Veda!M$17,ar6_r10!$M$2:$M$999,Veda!$G21) -> 0.03 | N21: =SUMIFS(ar6_r10!$F$2:$F$999,ar6_r10!$A$2:$A$999,Veda!$E$5,ar6_r10!$C$2:$C$999,Veda!N$17,ar6_r10!$M$2:$M$999,Veda!$G21) -> 0.05 | O21: =SUMIFS(ar6_r10!$F$2:$F$999,ar6_r10!$A$2:$A$999,Veda!$E$5,ar6_r10!$C$2:$C$999,Veda!O$17,ar6_r10!$M$2:$M$999,Veda!$G21) -> 0.05 | S21: elc_transport | T21: =I21*T$14 -> 0.1323 | U21: =T21 -> 0.1323 | V21: =U21 -> 0.1323 | W21: =V21 -> 0.1323 | X21: =W21 -> 0.1323 | Y21: =X21 -> 0.1323 | Z21: =Y21 -> 0.1323 | AA21: demand | AC21: non-road transport demand assumed to be constant | AJ21: =AJ16+1 -> 3
A22: 5 | B22: =VLOOKUP(E22,$AK$9:$AL$15,2,FALSE)&"."&VLOOKUP(D22,$AH$9:$AI$24,2,FALSE) -> b 2 deg (50%).j12 | C22: =C21+1 -> 14 | D22: =VLOOKUP(AJ22,$AG$9:$AH$22,2,FALSE) -> ts_012 | E22: =E17 -> C4 | S22: elc_roadtransport | T22: =T14-SUM(T19:T21) -> 0.1323 | U22: =U14-SUM(U19:U21) -> 0.371763 | V22: =V14-SUM(V19:V21) -> 0.534492 | W22: =W14-SUM(W19:W21) -> 1.960686 | X22: =X14-SUM(X19:X21) -> 3.344544 | Y22: =Y14-SUM(Y19:Y21) -> 6.387444 | Z22: =Z14-SUM(Z19:Z21) -> 11.794545 | AA22: demand | AJ22: =AJ17+1 -> 3
A23: 5 | B23: =VLOOKUP(E23,$AK$9:$AL$15,2,FALSE)&"."&VLOOKUP(D23,$AH$9:$AI$24,2,FALSE) -> a 3 deg.j12 | C23: =C22+1 -> 15 | D23: =VLOOKUP(AJ23,$AG$9:$AH$22,2,FALSE) -> ts_012 | E23: =E18 -> C7 | S23: * | AJ23: =AJ18+1 -> 3
A24: 5 | B24: =VLOOKUP(E24,$AK$9:$AL$15,2,FALSE)&"."&VLOOKUP(D24,$AH$9:$AI$24,2,FALSE) -> e 1.5 deg no OS.i30 | C24: =C23+1 -> 16 | D24: =VLOOKUP(AJ24,$AG$9:$AH$22,2,FALSE) -> ts_030 | E24: =E19 -> C1 | G24: CO2 price | I24: 0 | J24: 0 | K24: =SUMIFS(ar6_r10!$F$2:$F$999,ar6_r10!$A$2:$A$999,Veda!$E$5,ar6_r10!$C$2:$C$999,Veda!K$17,ar6_r10!$M$2:$M$999,Veda!$G24) -> 48.97 | L24: =SUMIFS(ar6_r10!$F$2:$F$999,ar6_r10!$A$2:$A$999,Veda!$E$5,ar6_r10!$C$2:$C$999,Veda!L$17,ar6_r10!$M$2:$M$999,Veda!$G24) -> 87.7 | M24: =SUMIFS(ar6_r10!$F$2:$F$999,ar6_r10!$A$2:$A$999,Veda!$E$5,ar6_r10!$C$2:$C$999,Veda!M$17,ar6_r10!$M$2:$M$999,Veda!$G24) -> 122.55 | N24: =SUMIFS(ar6_r10!$F$2:$F$999,ar6_r10!$A$2:$A$999,Veda!$E$5,ar6_r10!$C$2:$C$999,Veda!N$17,ar6_r10!$M$2:$M$999,Veda!$G24) -> 179.54 | O24: =SUMIFS(ar6_r10!$F$2:$F$999,ar6_r10!$A$2:$A$999,Veda!$E$5,ar6_r10!$C$2:$C$999,Veda!O$17,ar6_r10!$M$2:$M$999,Veda!$G24) -> 211.71 | S24: co2net | U24: 0 | V24: =K24/1000 -> 0.04897 | W24: =L24/1000 -> 0.0877 | X24: =M24/1000 -> 0.12255 | Y24: =N24/1000 -> 0.17954 | Z24: =O24/1000 -> 0.21171 | AA24: com_taxnet | AJ24: =AJ19+1 -> 4
A25: 5 | B25: =VLOOKUP(E25,$AK$9:$AL$15,2,FALSE)&"."&VLOOKUP(D25,$AH$9:$AI$24,2,FALSE) -> d 1.5 deg OS.i30 | C25: =C24+1 -> 17 | D25: =VLOOKUP(AJ25,$AG$9:$AH$22,2,FALSE) -> ts_030 | E25: =E20 -> C2 | AJ25: =AJ20+1 -> 4
A26: 5 | B26: =VLOOKUP(E26,$AK$9:$AL$15,2,FALSE)&"."&VLOOKUP(D26,$AH$9:$AI$24,2,FALSE) -> c 2 deg (67%).i30 | C26: =C25+1 -> 18 | D26: =VLOOKUP(AJ26,$AG$9:$AH$22,2,FALSE) -> ts_030 | E26: =E21 -> C3 | S26: ~TFM_INS-TS | AJ26: =AJ21+1 -> 4
A27: 5 | B27: =VLOOKUP(E27,$AK$9:$AL$15,2,FALSE)&"."&VLOOKUP(D27,$AH$9:$AI$24,2,FALSE) -> b 2 deg (50%).i30 | C27: =C26+1 -> 19 | D27: =VLOOKUP(AJ27,$AG$9:$AH$22,2,FALSE) -> ts_030 | E27: =E22 -> C4 | S27: process | T27: =T17 -> 2022 | U27: =U17 -> 2025 | V27: =V17 -> 2030 | W27: =W17 -> 2035 | X27: =X17 -> 2040 | Y27: =Y17 -> 2045 | Z27: =Z17 -> 2050 | AA27: attribute | AB27: limtype | AJ27: =AJ22+1 -> 4
A28: 5 | B28: =VLOOKUP(E28,$AK$9:$AL$15,2,FALSE)&"."&VLOOKUP(D28,$AH$9:$AI$24,2,FALSE) -> a 3 deg.i30 | C28: =C27+1 -> 20 | D28: =VLOOKUP(AJ28,$AG$9:$AH$22,2,FALSE) -> ts_030 | E28: =E23 -> C7 | Q28: =SUMIFS(iea_data!G3:G9999,iea_data!$B$3:$B$9999,Veda!$S$11) -> 0.32 | S28: Trd_electricity import | T28: =Q28 -> 0.32 | AA28: ACT_BND | AB28: FX | AJ28: =AJ23+1 -> 4
A29: 5 | B29: =VLOOKUP(E29,$AK$9:$AL$15,2,FALSE)&"."&VLOOKUP(D29,$AH$9:$AI$24,2,FALSE) -> e 1.5 deg no OS.h48 | C29: =C28+1 -> 21 | D29: =VLOOKUP(AJ29,$AG$9:$AH$22,2,FALSE) -> ts_048 | E29: =E24 -> C1 | Q29: =SUMIFS(iea_data!H3:H9999,iea_data!$B$3:$B$9999,Veda!$S$11) -> -0.02 | S29: Trd_electricity export | T29: =-1*Q29 -> 0.02 | AA29: ACT_BND | AB29: FX | AJ29: =AJ24+1 -> 5
A30: 5 | B30: =VLOOKUP(E30,$AK$9:$AL$15,2,FALSE)&"."&VLOOKUP(D30,$AH$9:$AI$24,2,FALSE) -> d 1.5 deg OS.h48 | C30: =C29+1 -> 22 | D30: =VLOOKUP(AJ30,$AG$9:$AH$22,2,FALSE) -> ts_048 | E30: =E25 -> C2 | AJ30: =AJ25+1 -> 5
A31: 5 | B31: =VLOOKUP(E31,$AK$9:$AL$15,2,FALSE)&"."&VLOOKUP(D31,$AH$9:$AI$24,2,FALSE) -> c 2 deg (67%).h48 | C31: =C30+1 -> 23 | D31: =VLOOKUP(AJ31,$AG$9:$AH$22,2,FALSE) -> ts_048 | E31: =E26 -> C3 | AJ31: =AJ26+1 -> 5
A32: 5 | B32: =VLOOKUP(E32,$AK$9:$AL$15,2,FALSE)&"."&VLOOKUP(D32,$AH$9:$AI$24,2,FALSE) -> b 2 deg (50%).h48 | C32: =C31+1 -> 24 | D32: =VLOOKUP(AJ32,$AG$9:$AH$22,2,FALSE) -> ts_048 | E32: =E27 -> C4 | AJ32: =AJ27+1 -> 5
A33: 5 | B33: =VLOOKUP(E33,$AK$9:$AL$15,2,FALSE)&"."&VLOOKUP(D33,$AH$9:$AI$24,2,FALSE) -> a 3 deg.h48 | C33: =C32+1 -> 25 | D33: =VLOOKUP(AJ33,$AG$9:$AH$22,2,FALSE) -> ts_048 | E33: =E28 -> C7 | AJ33: =AJ28+1 -> 5
A34: 5 | B34: =VLOOKUP(E34,$AK$9:$AL$15,2,FALSE)&"."&VLOOKUP(D34,$AH$9:$AI$24,2,FALSE) -> e 1.5 deg no OS.h48P10 | C34: =C33+1 -> 26 | D34: =VLOOKUP(AJ34,$AG$9:$AH$22,2,FALSE) -> ts_048P10 | E34: =E29 -> C1 | AJ34: =AJ29+1 -> 6
A35: 5 | B35: =VLOOKUP(E35,$AK$9:$AL$15,2,FALSE)&"."&VLOOKUP(D35,$AH$9:$AI$24,2,FALSE) -> d 1.5 deg OS.h48P10 | C35: =C34+1 -> 27 | D35: =VLOOKUP(AJ35,$AG$9:$AH$22,2,FALSE) -> ts_048P10 | E35: =E30 -> C2 | AJ35: =AJ30+1 -> 6
A36: 5 | B36: =VLOOKUP(E36,$AK$9:$AL$15,2,FALSE)&"."&VLOOKUP(D36,$AH$9:$AI$24,2,FALSE) -> c 2 deg (67%).h48P10 | C36: =C35+1 -> 28 | D36: =VLOOKUP(AJ36,$AG$9:$AH$22,2,FALSE) -> ts_048P10 | E36: =E31 -> C3 | G36: C7 | AJ36: =AJ31+1 -> 6
A37: 5 | B37: =VLOOKUP(E37,$AK$9:$AL$15,2,FALSE)&"."&VLOOKUP(D37,$AH$9:$AI$24,2,FALSE) -> b 2 deg (50%).h48P10 | C37: =C36+1 -> 29 | D37: =VLOOKUP(AJ37,$AG$9:$AH$22,2,FALSE) -> ts_048P10 | E37: =E32 -> C4 | G37: Gas Price | I37: =SUMIFS(ar6_r10!$F$2:$F$999,ar6_r10!$A$2:$A$999,Veda!$G$36,ar6_r10!$C$2:$C$999,Veda!I$17,ar6_r10!$M$2:$M$999,Veda!$G37) -> 1 | J37: =SUMIFS(ar6_r10!$F$2:$F$999,ar6_r10!$A$2:$A$999,Veda!$G$36,ar6_r10!$C$2:$C$999,Veda!J$17,ar6_r10!$M$2:$M$999,Veda!$G37) -> 1.04 | K37: =SUMIFS(ar6_r10!$F$2:$F$999,ar6_r10!$A$2:$A$999,Veda!$G$36,ar6_r10!$C$2:$C$999,Veda!K$17,ar6_r10!$M$2:$M$999,Veda!$G37) -> 1.37 | L37: =SUMIFS(ar6_r10!$F$2:$F$999,ar6_r10!$A$2:$A$999,Veda!$G$36,ar6_r10!$C$2:$C$999,Veda!L$17,ar6_r10!$M$2:$M$999,Veda!$G37) -> 1.3 | M37: =SUMIFS(ar6_r10!$F$2:$F$999,ar6_r10!$A$2:$A$999,Veda!$G$36,ar6_r10!$C$2:$C$999,Veda!M$17,ar6_r10!$M$2:$M$999,Veda!$G37) -> 1.55 | N37: =SUMIFS(ar6_r10!$F$2:$F$999,ar6_r10!$A$2:$A$999,Veda!$G$36,ar6_r10!$C$2:$C$999,Veda!N$17,ar6_r10!$M$2:$M$999,Veda!$G37) -> 1.63 | O37: =SUMIFS(ar6_r10!$F$2:$F$999,ar6_r10!$A$2:$A$999,Veda!$G$36,ar6_r10!$C$2:$C$999,Veda!O$17,ar6_r10!$M$2:$M$999,Veda!$G37) -> 1.71 | AJ37: =AJ32+1 -> 6
A38: 5 | B38: =VLOOKUP(E38,$AK$9:$AL$15,2,FALSE)&"."&VLOOKUP(D38,$AH$9:$AI$24,2,FALSE) -> a 3 deg.h48P10 | C38: =C37+1 -> 30 | D38: =VLOOKUP(AJ38,$AG$9:$AH$22,2,FALSE) -> ts_048P10 | E38: =E33 -> C7 | G38: Coal Price | I38: =SUMIFS(ar6_r10!$F$2:$F$999,ar6_r10!$A$2:$A$999,Veda!$G$36,ar6_r10!$C$2:$C$999,Veda!I$17,ar6_r10!$M$2:$M$999,Veda!$G38) -> 1 | J38: =SUMIFS(ar6_r10!$F$2:$F$999,ar6_r10!$A$2:$A$999,Veda!$G$36,ar6_r10!$C$2:$C$999,Veda!J$17,ar6_r10!$M$2:$M$999,Veda!$G38) -> 1.08 | K38: =SUMIFS(ar6_r10!$F$2:$F$999,ar6_r10!$A$2:$A$999,Veda!$G$36,ar6_r10!$C$2:$C$999,Veda!K$17,ar6_r10!$M$2:$M$999,Veda!$G38) -> 1.2 | L38: =SUMIFS(ar6_r10!$F$2:$F$999,ar6_r10!$A$2:$A$999,Veda!$G$36,ar6_r10!$C$2:$C$999,Veda!L$17,ar6_r10!$M$2:$M$999,Veda!$G38) -> 1.34 | M38: =SUMIFS(ar6_r10!$F$2:$F$999,ar6_r10!$A$2:$A$999,Veda!$G$36,ar6_r10!$C$2:$C$999,Veda!M$17,ar6_r10!$M$2:$M$999,Veda!$G38) -> 1.52 | N38: =SUMIFS(ar6_r10!$F$2:$F$999,ar6_r10!$A$2:$A$999,Veda!$G$36,ar6_r10!$C$2:$C$999,Veda!N$17,ar6_r10!$M$2:$M$999,Veda!$G38) -> 1.46 | O38: =SUMIFS(ar6_r10!$F$2:$F$999,ar6_r10!$A$2:$A$999,Veda!$G$36,ar6_r10!$C$2:$C$999,Veda!O$17,ar6_r10!$M$2:$M$999,Veda!$G38) -> 1.57 | AJ38: =AJ33+1 -> 6
A39: 5 | B39: =VLOOKUP(E39,$AK$9:$AL$15,2,FALSE)&"."&VLOOKUP(D39,$AH$9:$AI$24,2,FALSE) -> e 1.5 deg no OS.h48P90 | C39: =C38+1 -> 31 | D39: =VLOOKUP(AJ39,$AG$9:$AH$22,2,FALSE) -> ts_048P90 | E39: =E34 -> C1 | G39: Oil Price | I39: =SUMIFS(ar6_r10!$F$2:$F$999,ar6_r10!$A$2:$A$999,Veda!$G$36,ar6_r10!$C$2:$C$999,Veda!I$17,ar6_r10!$M$2:$M$999,Veda!$G39) -> 1 | J39: =SUMIFS(ar6_r10!$F$2:$F$999,ar6_r10!$A$2:$A$999,Veda!$G$36,ar6_r10!$C$2:$C$999,Veda!J$17,ar6_r10!$M$2:$M$999,Veda!$G39) -> 1.15 | K39: =SUMIFS(ar6_r10!$F$2:$F$999,ar6_r10!$A$2:$A$999,Veda!$G$36,ar6_r10!$C$2:$C$999,Veda!K$17,ar6_r10!$M$2:$M$999,Veda!$G39) -> 1.6 | L39: =SUMIFS(ar6_r10!$F$2:$F$999,ar6_r10!$A$2:$A$999,Veda!$G$36,ar6_r10!$C$2:$C$999,Veda!L$17,ar6_r10!$M$2:$M$999,Veda!$G39) -> 1.33 | M39: =SUMIFS(ar6_r10!$F$2:$F$999,ar6_r10!$A$2:$A$999,Veda!$G$36,ar6_r10!$C$2:$C$999,Veda!M$17,ar6_r10!$M$2:$M$999,Veda!$G39) -> 1.47 | N39: =SUMIFS(ar6_r10!$F$2:$F$999,ar6_r10!$A$2:$A$999,Veda!$G$36,ar6_r10!$C$2:$C$999,Veda!N$17,ar6_r10!$M$2:$M$999,Veda!$G39) -> 1.61 | O39: =SUMIFS(ar6_r10!$F$2:$F$999,ar6_r10!$A$2:$A$999,Veda!$G$36,ar6_r10!$C$2:$C$999,Veda!O$17,ar6_r10!$M$2:$M$999,Veda!$G39) -> 1.77 | AJ39: =AJ34+1 -> 7
A40: 5 | B40: =VLOOKUP(E40,$AK$9:$AL$15,2,FALSE)&"."&VLOOKUP(D40,$AH$9:$AI$24,2,FALSE) -> d 1.5 deg OS.h48P90 | C40: =C39+1 -> 32 | D40: =VLOOKUP(AJ40,$AG$9:$AH$22,2,FALSE) -> ts_048P90 | E40: =E35 -> C2 | G40: Biomass Price | I40: =SUMIFS(ar6_r10!$F$2:$F$999,ar6_r10!$A$2:$A$999,Veda!$G$36,ar6_r10!$C$2:$C$999,Veda!I$17,ar6_r10!$M$2:$M$999,Veda!$G40) -> 1 | J40: =SUMIFS(ar6_r10!$F$2:$F$999,ar6_r10!$A$2:$A$999,Veda!$G$36,ar6_r10!$C$2:$C$999,Veda!J$17,ar6_r10!$M$2:$M$999,Veda!$G40) -> 0.84 | K40: =SUMIFS(ar6_r10!$F$2:$F$999,ar6_r10!$A$2:$A$999,Veda!$G$36,ar6_r10!$C$2:$C$999,Veda!K$17,ar6_r10!$M$2:$M$999,Veda!$G40) -> 0.79 | L40: =SUMIFS(ar6_r10!$F$2:$F$999,ar6_r10!$A$2:$A$999,Veda!$G$36,ar6_r10!$C$2:$C$999,Veda!L$17,ar6_r10!$M$2:$M$999,Veda!$G40) -> 0.82 | M40: =SUMIFS(ar6_r10!$F$2:$F$999,ar6_r10!$A$2:$A$999,Veda!$G$36,ar6_r10!$C$2:$C$999,Veda!M$17,ar6_r10!$M$2:$M$999,Veda!$G40) -> 0.86 | N40: =SUMIFS(ar6_r10!$F$2:$F$999,ar6_r10!$A$2:$A$999,Veda!$G$36,ar6_r10!$C$2:$C$999,Veda!N$17,ar6_r10!$M$2:$M$999,Veda!$G40) -> 0.88 | O40: =SUMIFS(ar6_r10!$F$2:$F$999,ar6_r10!$A$2:$A$999,Veda!$G$36,ar6_r10!$C$2:$C$999,Veda!O$17,ar6_r10!$M$2:$M$999,Veda!$G40) -> 0.9 | AJ40: =AJ35+1 -> 7
A41: 5 | B41: =VLOOKUP(E41,$AK$9:$AL$15,2,FALSE)&"."&VLOOKUP(D41,$AH$9:$AI$24,2,FALSE) -> c 2 deg (67%).h48P90 | C41: =C40+1 -> 33 | D41: =VLOOKUP(AJ41,$AG$9:$AH$22,2,FALSE) -> ts_048P90 | E41: =E36 -> C3 | AJ41: =AJ36+1 -> 7
A42: 5 | B42: =VLOOKUP(E42,$AK$9:$AL$15,2,FALSE)&"."&VLOOKUP(D42,$AH$9:$AI$24,2,FALSE) -> b 2 deg (50%).h48P90 | C42: =C41+1 -> 34 | D42: =VLOOKUP(AJ42,$AG$9:$AH$22,2,FALSE) -> ts_048P90 | E42: =E37 -> C4 | AJ42: =AJ37+1 -> 7
A43: 5 | B43: =VLOOKUP(E43,$AK$9:$AL$15,2,FALSE)&"."&VLOOKUP(D43,$AH$9:$AI$24,2,FALSE) -> a 3 deg.h48P90 | C43: =C42+1 -> 35 | D43: =VLOOKUP(AJ43,$AG$9:$AH$22,2,FALSE) -> ts_048P90 | E43: =E38 -> C7 | G43: ~TFM_INS-TS: attribute=flo_cost;pset_pn=-IMP*Z | AJ43: =AJ38+1 -> 7
A44: 5 | B44: =VLOOKUP(E44,$AK$9:$AL$15,2,FALSE)&"."&VLOOKUP(D44,$AH$9:$AI$24,2,FALSE) -> e 1.5 deg no OS.g1d72 | C44: =C43+1 -> 36 | D44: =VLOOKUP(AJ44,$AG$9:$AH$22,2,FALSE) -> s1_d | E44: =E39 -> C1 | G44: commodity | H44: pset_co | I44: 2022 | J44: =J17 -> 2025 | K44: =K17 -> 2030 | L44: =L17 -> 2035 | M44: =M17 -> 2040 | N44: =N17 -> 2045 | O44: =O17 -> 2050 | R44: low | S44: high | AJ44: =AJ39+1 -> 8
A45: 5 | B45: =VLOOKUP(E45,$AK$9:$AL$15,2,FALSE)&"."&VLOOKUP(D45,$AH$9:$AI$24,2,FALSE) -> d 1.5 deg OS.g1d72 | C45: =C44+1 -> 37 | D45: =VLOOKUP(AJ45,$AG$9:$AH$22,2,FALSE) -> s1_d | E45: =E40 -> C2 | G45: Gas | H45: =G45 -> Gas | I45: =AVERAGE($R45:$S45)*I37 -> 29.15 | J45: =AVERAGE($R45:$S45)*J37 -> 30.316 | K45: =AVERAGE($R45:$S45)*K37 -> 39.9355 | L45: =AVERAGE($R45:$S45)*L37 -> 37.895 | M45: =AVERAGE($R45:$S45)*M37 -> 45.1825 | N45: =AVERAGE($R45:$S45)*N37 -> 47.5145 | O45: =AVERAGE($R45:$S45)*O37 -> 49.8465 | R45: =HLOOKUP($G45&"_"&R$44,fuel_prices!$B$10:$I$11,2,FALSE) -> 24 | S45: =HLOOKUP($G45&"_"&S$44,fuel_prices!$B$10:$I$11,2,FALSE) -> 34.3 | AJ45: =AJ40+1 -> 8
A46: 5 | B46: =VLOOKUP(E46,$AK$9:$AL$15,2,FALSE)&"."&VLOOKUP(D46,$AH$9:$AI$24,2,FALSE) -> c 2 deg (67%).g1d72 | C46: =C45+1 -> 38 | D46: =VLOOKUP(AJ46,$AG$9:$AH$22,2,FALSE) -> s1_d | E46: =E41 -> C3 | G46: Coal | H46: =G46 -> Coal | I46: =AVERAGE($R46:$S46)*I38 -> 14.45 | J46: =AVERAGE($R46:$S46)*J38 -> 15.606 | K46: =AVERAGE($R46:$S46)*K38 -> 17.34 | L46: =AVERAGE($R46:$S46)*L38 -> 19.363 | M46: =AVERAGE($R46:$S46)*M38 -> 21.964 | N46: =AVERAGE($R46:$S46)*N38 -> 21.097 | O46: =AVERAGE($R46:$S46)*O38 -> 22.6865 | R46: =HLOOKUP($G46&"_"&R$44,fuel_prices!$B$10:$I$11,2,FALSE) -> 12.2 | S46: =HLOOKUP($G46&"_"&S$44,fuel_prices!$B$10:$I$11,2,FALSE) -> 16.7 | AJ46: =AJ41+1 -> 8
A47: 5 | B47: =VLOOKUP(E47,$AK$9:$AL$15,2,FALSE)&"."&VLOOKUP(D47,$AH$9:$AI$24,2,FALSE) -> b 2 deg (50%).g1d72 | C47: =C46+1 -> 39 | D47: =VLOOKUP(AJ47,$AG$9:$AH$22,2,FALSE) -> s1_d | E47: =E42 -> C4 | G47: Oil | H47: =G47 -> Oil | I47: =AVERAGE($R47:$S47)*I39 -> 50 | J47: =AVERAGE($R47:$S47)*J39 -> 57.5 | K47: =AVERAGE($R47:$S47)*K39 -> 80 | L47: =AVERAGE($R47:$S47)*L39 -> 66.5 | M47: =AVERAGE($R47:$S47)*M39 -> 73.5 | N47: =AVERAGE($R47:$S47)*N39 -> 80.5 | O47: =AVERAGE($R47:$S47)*O39 -> 88.5 | R47: =HLOOKUP($G47&"_"&R$44,fuel_prices!$B$10:$I$11,2,FALSE) -> 45 | S47: =HLOOKUP($G47&"_"&S$44,fuel_prices!$B$10:$I$11,2,FALSE) -> 55 | AJ47: =AJ42+1 -> 8
A48: 5 | B48: =VLOOKUP(E48,$AK$9:$AL$15,2,FALSE)&"."&VLOOKUP(D48,$AH$9:$AI$24,2,FALSE) -> a 3 deg.g1d72 | C48: =C47+1 -> 40 | D48: =VLOOKUP(AJ48,$AG$9:$AH$22,2,FALSE) -> s1_d | E48: =E43 -> C7 | G48: Bioenergy | H48: =G48 -> Bioenergy | I48: =AVERAGE($R48:$S48)*I40 -> 16 | O48: =VLOOKUP($E$5,$AK$9:$AM$15,3,FALSE)*I48 -> 48 | R48: =HLOOKUP($G48&"_"&R$44,fuel_prices!$B$10:$I$11,2,FALSE) -> 12 | S48: =HLOOKUP($G48&"_"&S$44,fuel_prices!$B$10:$I$11,2,FALSE) -> 20 | AJ48: =AJ43+1 -> 8
A49: 5 | B49: =VLOOKUP(E49,$AK$9:$AL$15,2,FALSE)&"."&VLOOKUP(D49,$AH$9:$AI$24,2,FALSE) -> e 1.5 deg no OS.f2d96 | C49: =C48+1 -> 41 | D49: =VLOOKUP(AJ49,$AG$9:$AH$22,2,FALSE) -> s1v1_d | E49: =E44 -> C1 | AJ49: =AJ44+1 -> 9
A50: 5 | B50: =VLOOKUP(E50,$AK$9:$AL$15,2,FALSE)&"."&VLOOKUP(D50,$AH$9:$AI$24,2,FALSE) -> d 1.5 deg OS.f2d96 | C50: =C49+1 -> 42 | D50: =VLOOKUP(AJ50,$AG$9:$AH$22,2,FALSE) -> s1v1_d | E50: =E45 -> C2 | AJ50: =AJ45+1 -> 9
A51: 5 | B51: =VLOOKUP(E51,$AK$9:$AL$15,2,FALSE)&"."&VLOOKUP(D51,$AH$9:$AI$24,2,FALSE) -> c 2 deg (67%).f2d96 | C51: =C50+1 -> 43 | D51: =VLOOKUP(AJ51,$AG$9:$AH$22,2,FALSE) -> s1v1_d | E51: =E46 -> C3 | AJ51: =AJ46+1 -> 9
A52: 5 | B52: =VLOOKUP(E52,$AK$9:$AL$15,2,FALSE)&"."&VLOOKUP(D52,$AH$9:$AI$24,2,FALSE) -> b 2 deg (50%).f2d96 | C52: =C51+1 -> 44 | D52: =VLOOKUP(AJ52,$AG$9:$AH$22,2,FALSE) -> s1v1_d | E52: =E47 -> C4 | AJ52: =AJ47+1 -> 9
A53: 5 | B53: =VLOOKUP(E53,$AK$9:$AL$15,2,FALSE)&"."&VLOOKUP(D53,$AH$9:$AI$24,2,FALSE) -> a 3 deg.f2d96 | C53: =C52+1 -> 45 | D53: =VLOOKUP(AJ53,$AG$9:$AH$22,2,FALSE) -> s1v1_d | E53: =E48 -> C7 | AJ53: =AJ48+1 -> 9
A54: 5 | B54: =VLOOKUP(E54,$AK$9:$AL$15,2,FALSE)&"."&VLOOKUP(D54,$AH$9:$AI$24,2,FALSE) -> e 1.5 deg no OS.e96 | C54: =C53+1 -> 46 | D54: =VLOOKUP(AJ54,$AG$9:$AH$22,2,FALSE) -> ts_096 | E54: =E49 -> C1 | AJ54: =AJ49+1 -> 10
A55: 5 | B55: =VLOOKUP(E55,$AK$9:$AL$15,2,FALSE)&"."&VLOOKUP(D55,$AH$9:$AI$24,2,FALSE) -> d 1.5 deg OS.e96 | C55: =C54+1 -> 47 | D55: =VLOOKUP(AJ55,$AG$9:$AH$22,2,FALSE) -> ts_096 | E55: =E50 -> C2 | AJ55: =AJ50+1 -> 10
A56: 5 | B56: =VLOOKUP(E56,$AK$9:$AL$15,2,FALSE)&"."&VLOOKUP(D56,$AH$9:$AI$24,2,FALSE) -> c 2 deg (67%).e96 | C56: =C55+1 -> 48 | D56: =VLOOKUP(AJ56,$AG$9:$AH$22,2,FALSE) -> ts_096 | E56: =E51 -> C3 | AJ56: =AJ51+1 -> 10
A57: 5 | B57: =VLOOKUP(E57,$AK$9:$AL$15,2,FALSE)&"."&VLOOKUP(D57,$AH$9:$AI$24,2,FALSE) -> b 2 deg (50%).e96 | C57: =C56+1 -> 49 | D57: =VLOOKUP(AJ57,$AG$9:$AH$22,2,FALSE) -> ts_096 | E57: =E52 -> C4 | AJ57: =AJ52+1 -> 10
A58: 5 | B58: =VLOOKUP(E58,$AK$9:$AL$15,2,FALSE)&"."&VLOOKUP(D58,$AH$9:$AI$24,2,FALSE) -> a 3 deg.e96 | C58: =C57+1 -> 50 | D58: =VLOOKUP(AJ58,$AG$9:$AH$22,2,FALSE) -> ts_096 | E58: =E53 -> C7 | AJ58: =AJ53+1 -> 10
A59: 5 | B59: =VLOOKUP(E59,$AK$9:$AL$15,2,FALSE)&"."&VLOOKUP(D59,$AH$9:$AI$24,2,FALSE) -> e 1.5 deg no OS.d9d | C59: =C58+1 -> 51 | D59: =VLOOKUP(AJ59,$AG$9:$AH$22,2,FALSE) -> s1p1v1_d | E59: =E54 -> C1 | AJ59: =AJ54+1 -> 11
A60: 5 | B60: =VLOOKUP(E60,$AK$9:$AL$15,2,FALSE)&"."&VLOOKUP(D60,$AH$9:$AI$24,2,FALSE) -> d 1.5 deg OS.d9d | C60: =C59+1 -> 52 | D60: =VLOOKUP(AJ60,$AG$9:$AH$22,2,FALSE) -> s1p1v1_d | E60: =E55 -> C2 | AJ60: =AJ55+1 -> 11
... A68: 5 | B68: =VLOOKUP(E68,$AK$9:$AL$15,2,FALSE)&"."&VLOOKUP(D68,$AH$9:$AI$24,2,FALSE) -> a 3 deg.c15d | C68: =C67+1 -> 60 | D68: =VLOOKUP(AJ68,$AG$9:$AH$22,2,FALSE) -> s5p5v5_d | E68: =E63 -> C7 | AJ68: =AJ63+1 -> 12
AJ69: =AJ64+1 -> 13
AJ70: =AJ65+1 -> 13
AJ71: =AJ66+1 -> 13
AJ72: =AJ67+1 -> 13
AJ73: =AJ68+1 -> 13
AJ74: =AJ69+1 -> 14
AJ75: =AJ70+1 -> 14
AJ76: =AJ71+1 -> 14
AJ77: =AJ72+1 -> 14
AJ78: =AJ73+1 -> 14

Sheet fuel_prices
A9: Fuel Prices
A10: iso | B10: gas_low | C10: gas_high | D10: coal_low | E10: coal_high | F10: oil_low | G10: oil_high | H10: bioenergy_low | I10: bioenergy_high | J10: Notes
A11: KEN | B11: 24 | C11: 34.3 | D11: 12.2 | E11: 16.7 | F11: 45 | G11: 55 | H11: 12 | I11: 20 | J11: Geothermal, agricultural residues

Sheet iea_data
A9: IEA Baseline Data
A10: iso | B10: year | C10: industry_twh | D10: buildings_agri_twh | E10: nonroad_transport_twh | F10: road_transport_twh | G10: imports_twh | H10: exports_twh | I10: total_production_twh
A11: KEN | B11: 2000 | C11: 3 | D11: 1.57 | E11: 0 | F11: 0 | G11: 0.2 | H11: 0 | I11: 4.01
A12: KEN | B12: 2001 | C12: 3.3 | D12: 1.67 | E12: 0 | F12: 0 | G12: 0.17 | H12: 0 | I12: 4.51
A13: KEN | B13: 2002 | C13: 3.54 | D13: 1.75 | E13: 0 | F13: 0 | G13: 0.22 | H13: 0 | I13: 4.67
A14: KEN | B14: 2003 | C14: 3.48 | D14: 1.49 | E14: 0 | F14: 0 | G14: 0.19 | H14: 0 | I14: 4.99
A15: KEN | B15: 2004 | C15: 3.74 | D15: 1.58 | E15: 0 | F15: 0 | G15: 0.16 | H15: 0 | I15: 5.34
A16: KEN | B16: 2005 | C16: 3.98 | D16: 1.69 | E16: 0 | F16: 0 | G16: 0.03 | H16: -0.02 | I16: 5.71
A17: KEN | B17: 2006 | C17: 4.22 | D17: 1.79 | E17: 0 | F17: 0 | G17: 0.01 | H17: -0.05 | I17: 6.05
A18: KEN | B18: 2007 | C18: 4.47 | D18: 1.88 | E18: 0 | F18: 0 | G18: 0.02 | H18: -0.06 | I18: 6.49
A19: KEN | B19: 2008 | C19: 4.3 | D19: 2.28 | E19: 0 | F19: 0 | G19: 0.02 | H19: -0.04 | I19: 6.62
A20: KEN | B20: 2009 | C20: 4.35 | D20: 2.33 | E20: 0 | F20: 0 | G20: 0.04 | H20: -0.03 | I20: 6.74
A21: KEN | B21: 2010 | C21: 4.51 | D21: 2.51 | E21: 0 | F21: 0 | G21: 0.03 | H21: -0.03 | I21: 7.16
A22: KEN | B22: 2011 | C22: 4.85 | D22: 2.8 | E22: 0 | F22: 0 | G22: 0.03 | H22: -0.04 | I22: 7.72
... A33: KEN | B33: 2022 | C33: 8.28 | D33: 5.05 | E33: 0 | F33: 0 | G33: 0.32 | H33: -0.02 | I33: 12.93

Sheet ar6_r10
A9: AR6 Scenario Drivers
A10: Category | B10: Region | C10: Year | D10: count | E10: mean | F10: median | G10: std | H10: min | I10: max | J10: q25 | K10: q75 | L10: category_description | M10: attribute
A11: C1 | B11: R10AFRICA | C11: 2020 | D11: 58 | E11: 4.4 | F11: 0.43 | G11: 5.71 | H11: 0 | I11: 15.58 | J11: 0 | K11: 8.31 | L11: Limit warming to 1.5°C (>50%) with no or limited overshoot | M11: CO2 price
A12: C1 | B12: R10AFRICA | C12: 2025 | D12: 58 | E12: 132.94 | F12: 113.94 | G12: 135.33 | H12: 13.36 | I12: 626.48 | J12: 28.22 | K12: 179.27 | L12: Limit warming to 1.5°C (>50%) with no or limited overshoot | M12: CO2 price
A13: C1 | B13: R10AFRICA | C13: 2030 | D13: 58 | E13: 191.57 | F13: 180.17 | G13: 130.46 | H13: 3.02 | I13: 673.46 | J13: 89.49 | K13: 241.69 | L13: Limit warming to 1.5°C (>50%) with no or limited overshoot | M13: CO2 price
A14: C1 | B14: R10AFRICA | C14: 2035 | D14: 58 | E14: 278.86 | F14: 243.45 | G14: 167.16 | H14: 9.51 | I14: 859.53 | J14: 142.95 | K14: 358.71 | L14: Limit warming to 1.5°C (>50%) with no or limited overshoot | M14: CO2 price
A15: C1 | B15: R10AFRICA | C15: 2040 | D15: 58 | E15: 397.63 | F15: 326.01 | G15: 215.59 | H15: 115.55 | I15: 1097.01 | J15: 239.53 | K15: 539.74 | L15: Limit warming to 1.5°C (>50%) with no or limited overshoot | M15: CO2 price
A16: C1 | B16: R10AFRICA | C16: 2045 | D16: 58 | E16: 527.26 | F16: 415.81 | G16: 250.01 | H16: 193.42 | I16: 1269.88 | J16: 353.85 | K16: 714.5 | L16: Limit warming to 1.5°C (>50%) with no or limited overshoot | M16: CO2 price
A17: C1 | B17: R10AFRICA | C17: 2050 | D17: 58 | E17: 649.79 | F17: 605.23 | G17: 268.91 | H17: 209.76 | I17: 1271.76 | J17: 451.31 | K17: 863.42 | L17: Limit warming to 1.5°C (>50%) with no or limited overshoot | M17: CO2 price
A18: C2 | B18: R10AFRICA | C18: 2020 | D18: 76 | E18: 1.95 | F18: 0 | G18: 3.61 | H18: 0 | I18: 15.58 | J18: 0 | K18: 0.55 | L18: Limit warming to 1.5°C (>67%) with high overshoot | M18: CO2 price
A19: C2 | B19: R10AFRICA | C19: 2025 | D19: 65 | E19: 42.95 | F19: 32.69 | G19: 45.96 | H19: 0 | I19: 174.97 | J19: 5.54 | K19: 61.39 | L19: Limit warming to 1.5°C (>67%) with high overshoot | M19: CO2 price
A20: C2 | B20: R10AFRICA | C20: 2030 | D20: 76 | E20: 55.8 | F20: 49.85 | G20: 54.52 | H20: 0 | I20: 221.93 | J20: 10.8 | K20: 78.77 | L20: Limit warming to 1.5°C (>67%) with high overshoot | M20: CO2 price
A21: C2 | B21: R10AFRICA | C21: 2035 | D21: 65 | E21: 217.07 | F21: 152.99 | G21: 316.2 | H21: 29.98 | I21: 2037.12 | J21: 95.06 | K21: 208.88 | L21: Limit warming to 1.5°C (>67%) with high overshoot | M21: CO2 price
A22: C2 | B22: R10AFRICA | C22: 2040 | D22: 76 | E22: 257.11 | F22: 191.71 | G22: 381.8 | H22: 0 | I22: 2600 | J22: 106.05 | K22: 261.57 | L22: Limit warming to 1.5°C (>67%) with high overshoot | M22: CO2 price
... A360: C7 | B360: R10AFRICA | C360: 2050 | D360: 7 | E360: 0.94 | F360: 0.9 | G360: 0.15 | H360: 0.84 | I360: 1.28 | J360: 0.87 | K360: 0.92 | L360: Likely above 3°C warming with limited mitigation | M360: Biomass price

Sheet ev_charging_uc
A10: =IFERROR(Veda!D5,"ts_12t") -> ts_annual | C10: day_night | D10: ts_012 | F10: day_night | G10: ts_030 | I10: day_night | J10: ts_048 | L10: day_night | M10: ts_048P10 | O10: day_night | P10: ts_048P90 | R10: day_night | S10: s1_d | U10: day_night | V10: s1v1_d | X10: day_night | Y10: ts_096 | AA10: day_night | AB10: s1p1v1_d | AD10: day_night | AE10: s5p5v5_d | AG10: day_night | AH10: ts_annual | AJ10: day_night | AK10: ts_12t
C11: D | D11: S01aH01,S02aH01,S03aH01 | F11: D | G11: S03aH03,S04aH02,S03aH02,S02aH03,S01aH02,S02aH02,S04aH03,S01aH03,S05aH02,S05aH03 | I11: D | J11: S02aH02,S03aH04,S06aH04,S02aH04,S01aH03,S05aH02,S05aH03,S02aH03,S03aH02,S05aH04,S06aH02,S06aH03,S04aH03,S04aH02,S01aH02,S04aH04,S01aH04,S03aH03 | L11: D | M11: S03aH03,S01aH04,S05aH04,S06aH02,S06aH03,S06aH04,S02aH03,S04aH03,S02aH02,S01aH02,S04aH04,S02aH04,S03aH02,S03aH04,S04aH02,S01aH03,S05aH02,S05aH03 | O11: D | P11: S06aH04,S03aH03,S01aH03,S05aH02,S05aH03,S02aH04,S02aH02,S02aH03,S01aH02,S04aH04,S03aH04,S04aH03,S03aH02,S04aH02,S01aH04,S05aH04,S06aH02,S06aH03 | R11: D | S11: S04b0620h15,S06aH04,S02aH04,S04b0620h13,S04b0620h16,S04aH02,S04aH03,S04b0620h10,S02aH02,S04b0620h14,S02aH03,S03aH04,S04b0620h09,S01aH03,S04b0620h11,S04b0620h12,S05aH02,S05aH03,S03aH02,S04b0620h08,S04b0620h17,S05aH04,S06aH02,S06aH03,S01aH04,S04b0620h18,S03aH03,S04b0620h07,S01aH02,S04aH04 | U11: D | V11: S03aH04,S04b0620h09,S03aH02,S02aH02,S04b0620h14,S04b0620h08,S04b0620h17,S04c1119h18,S05aH04,S06aH02,S06aH03,S04aH03,S04b0620h10,S04c1119h08,S03aH03,S04b0620h07,S04c1119h07,S01aH04,S04b0620h18,S04c1119h10,S04c1119h17,S01aH02,S04aH04,S02aH04,S04b0620h13,S04b0620h16,S02aH03,S04b0620h15,S04c1119h09,S06aH04,S04aH02,S04c1119h11,S04c1119h16,S04c1119h13,S04c1119h15,S01aH03,S04b0620h11,S04b0620h12,S04c1119h14,S05aH02,S05aH03,S04c1119h12 | X11: D | Y11: S02aH06,S03aH05,S05aH05,S06aH04,S03aH02,S07aH05,S04aH05,S02aH02,S06aH06,S01aH04,S07aH02,S07aH06,S04aH02,S01aH02,S04aH04,S03aH03,S02aH04,S02aH05,S01aH06,S02aH03,S07aH03,S01aH05,S03aH06,S06aH05,S04aH03,S07aH04,S01aH03,S05aH02,S05aH03,S05aH06,S04aH06,S05aH04,S06aH02,S06aH03,S03aH04 | AA11: D | AB11: S01aH02,S04aH04,S05d1119h07,S05d1119h10,S04aH03,S07aH04,S02aH02,S05c0620h09,S06aH06,S01aH06,S02aH03,S02b0223h12,S07aH03,S02aH04,S02aH05,S05c0620h11,S05c0620h15,S05d1119h12,S05d1119h14,S02b0223h18,S04aH06,S05aH04,S05d1119h13,S06aH02,S06aH03,S02b0223h11,S02b0223h16,S03aH03,S05c0620h10,S05c0620h14,S05c0620h17,S03aH02,S05c0620h18,S05d1119h18,S07aH05,S01aH03,S05aH02,S05aH03,S05aH06,S02b0223h07,S02b0223h14,S02b0223h15,S04aH02,S05d1119h17,S02aH06,S02b0223h08,S02b0223h13,S03aH05,S05aH05,S05d1119h15,S06aH04,S02b0223h09,S02b0223h10,S03aH04,S05c0620h12,S05d1119h08,S01aH05,S03aH06,S05c0620h07,S06aH05,S01aH04,S05c0620h13,S05d1119h09,S05d1119h16,S07aH02,S07aH06,S02b0223h17,S04aH05,S05c0620h08,S05c0620h16,S05d1119h11 | AD11: D | AE11: S02b0223h11,S02b0223h16,S02d0225h17,S02e0226h13,S02e0226h15,S03aH03,S03f0306h11,S03f0306h18,S04g0319h08,S05i0325h17,S05k0617h11,S05k0617h15,S05n0924h07,S05n0924h12,S06p1126h15,S02aH02,S02d0225h11,S04g0319h09,S04h0320h11,S05i0325h08,S05i0325h18,S05l0618h09,S05l0618h17,S05m0620h18,S05n0924h10,S06aH06,S02b0223h09,S02b0223h10,S02c0224h09,S02c0224h11,S02c0224h12,S02e0226h12,S03aH04,S03f0306h10,S03f0306h15,S04h0320h18,S05i0325h09,S05j0512h10,S05k0617h07,S05l0618h16,S05m0620h14,S05n0924h08,S05o1119h08,S05o1119h15,S02c0224h13,S02e0226h17,S03aH02,S04h0320h09,S04h0320h13,S04h0320h14,S05i0325h12,S05j0512h08,S05j0512h15,S05k0617h09,S05l0618h14,S05m0620h12,S05n0924h11,S05n0924h15,S05n0924h16,S05n0924h18,S07aH05,S02aH04,S02aH05,S02c0224h07,S02c0224h17,S02d0225h13,S02e0226h14,S04g0319h12,S04g0319h16,S04h0320h12,S05i0325h11,S05i0325h16,S05o1119h11,S06p1126h12,S01aH02,S02e0226h18,S03f0306h16,S04aH04,S05i0325h15,S05m0620h11,S05m0620h17,S06p1126h08,S01aH03,S02c0224h16,S02d0225h15,S02e0226h10,S03f0306h12,S04h0320h15,S05aH02,S05aH03,S05aH06,S05i0325h07,S05o1119h13,S05o1119h18,S01aH05,S02c0224h15,S02d0225h16,S02d0225h18,S02e0226h09,S03aH06,S03f0306h13,S04g0319h14,S04h0320h17,S05j0512h13,S05j0512h14,S05k0617h08,S05l0618h11,S05l0618h18,S05o1119h14,S06aH05,S06p1126h14,S06p1126h17,S02aH06,S02b0223h08,S02b0223h13,S02c0224h10,S03aH05,S03f0306h14,S04g0319h07,S05aH05,S05k0617h14,S05n0924h14,S05o1119h09,S06aH04,S06p1126h10,S02b0223h07,S02b0223h14,S02b0223h15,S04aH02,S04h0320h16,S05j0512h07,S05l0618h12,S05m0620h09,S05n0924h17,S05o1119h17,S06p1126h16,S06p1126h18,S01aH06,S02aH03,S02b0223h12,S02e0226h08,S04g0319h11,S04g0319h17,S05k0617h13,S05k0617h17,S05m0620h13,S05m0620h15,S05o1119h07,S07aH03,S02b0223h17,S02d0225h08,S02e0226h07,S04aH05,S04g0319h13,S05i0325h10,S05k0617h12,S05k0617h18,S05m0620h08,S05m0620h10,S05m0620h16,S06p1126h11,S02c0224h18,S02d0225h07,S02d0225h09,S02d0225h10,S02d0225h12,S02d0225h14,S02e0226h11,S03f0306h07,S03f0306h17,S04aH03,S04h0320h08,S05j0512h11,S05n0924h09,S05o1119h12,S05o1119h16,S06p1126h07,S06p1126h09,S07aH04,S02c0224h08,S02e0226h16,S04h0320h10,S05k0617h10,S05l0618h08,S05l0618h10,S05m0620h07,S05n0924h13,S01aH04,S03f0306h08,S04g0319h10,S04g0319h18,S04h0320h07,S05j0512h09,S05j0512h16,S05j0512h17,S05j0512h18,S05k0617h16,S05l0618h13,S06p1126h13,S07aH02,S07aH06,S02b0223h18,S02c0224h14,S03f0306h09,S04aH06,S04g0319h15,S05aH04,S05i0325h13,S05i0325h14,S05j0512h12,S05l0618h07,S05l0618h15,S05o1119h10,S06aH02,S06aH03 | AG11: D | AH11: AllSaAllH | AJ11: D | AK11: FaP,SaP,RaP,RaD,WaD,SaD,WaP,FaD
C12: N | D12: S01aH02,S03aH02,S02aH03,S02aH02,S01aH03,S03aH03 | F12: N | G12: S03aH05,S05aH05,S04aH04,S01aH01,S04aH01,S05aH04,S01aH04,S05aH01,S01aH05,S03aH01,S02aH04,S02aH05,S02aH01,S03aH04,S04aH05 | I12: N | J12: S03aH01,S05aH01,S02aH05,S02aH06,S03aH05,S05aH05,S01aH01,S04aH01,S04aH06,S01aH06,S02aH01,S05aH06,S01aH05,S03aH06,S06aH05,S04aH05,S06aH01,S06aH06 | L12: N | M12: S06aH06,S01aH06,S02aH05,S01aH01,S04aH01,S04aH06,S02aH01,S05aH06,S03aH01,S01aH05,S03aH06,S06aH05,S02aH06,S03aH05,S05aH05,S04aH05,S06aH01,S05aH01 | O12: N | P12: S02aH05,S06aH06,S02aH06,S03aH05,S05aH05,S03aH01,S01aH01,S04aH01,S04aH06,S01aH05,S03aH06,S06aH05,S04aH05,S06aH01,S05aH01,S02aH01,S05aH06,S01aH06 | R12: N | S12: S02aH05,S04b0620h04,S04b0620h05,S04b0620h20,S02aH06,S03aH05,S04b0620h01,S04b0620h02,S05aH05,S02aH01,S04b0620h22,S04b0620h24,S05aH06,S03aH01,S01aH01,S04aH01,S04aH06,S04aH05,S04b0620h03,S06aH01,S05aH01,S01aH06,S04b0620h21,S04b0620h23,S04b0620h06,S06aH06,S01aH05,S03aH06,S04b0620h19,S06aH05 | U12: N | V12: S05aH01,S04c1119h23,S03aH01,S04c1119h20,S01aH06,S04c1119h02,S04c1119h04,S02aH01,S04b0620h22,S04b0620h24,S05aH06,S04b0620h23,S04c1119h24,S04b0620h06,S04c1119h03,S04c1119h19,S04c1119h21,S06aH06,S04b0620h21,S04c1119h01,S01aH05,S03aH06,S04b0620h19,S06aH05,S02aH06,S03aH05,S04b0620h01,S04b0620h02,S04c1119h05,S05aH05,S01aH01,S04aH01,S04aH06,S02aH05,S04b0620h04,S04b0620h05,S04b0620h20,S04c1119h06,S04c1119h22,S04aH05,S04b0620h03,S06aH01 | X12: N | Y12: S06aH07,S07aH07,S07aH08,S05aH08,S03aH01,S01aH08,S02aH08,S03aH07,S03aH08,S04aH07,S06aH08,S01aH01,S04aH01,S02aH01,S04aH08,S06aH01,S05aH07,S07aH01,S01aH07,S02aH07,S05aH01 | AA12: N | AB12: S01aH08,S02aH08,S02b0223h03,S02b0223h22,S03aH07,S05d1119h02,S05d1119h06,S02aH01,S02b0223h06,S05c0620h01,S05d1119h01,S05d1119h22,S05d1119h24,S02b0223h05,S02b0223h21,S04aH08,S05c0620h03,S05c0620h23,S06aH01,S03aH01,S01aH01,S02b0223h19,S04aH01,S05c0620h21,S05d1119h20,S02b0223h01,S03aH08,S04aH07,S05c0620h06,S06aH08,S02b0223h02,S05aH07,S05c0620h19,S07aH01,S02b0223h20,S05d1119h05,S02b0223h24,S05c0620h04,S05c0620h05,S05d1119h21,S02b0223h23,S02b0223h04,S06aH07,S07aH07,S07aH08,S01aH07,S02aH07,S05aH01,S05c0620h22,S05c0620h24,S05c0620h02,S05d1119h03,S05d1119h04,S05d1119h19,S05c0620h20,S05d1119h23,S05aH08 | AD12: N | AE12: S02c0224h02,S02e0226h21,S04h0320h21,S04h0320h24,S05k0617h04,S05k0617h21,S05l0618h03,S05m0620h20,S05n0924h01,S06p1126h02,S02c0224h01,S02c0224h23,S02d0225h21,S02e0226h01,S02e0226h20,S03aH01,S04h0320h23,S05i0325h23,S05j0512h01,S05j0512h05,S05l0618h01,S05l0618h19,S05o1119h01,S01aH07,S02aH07,S02c0224h19,S04h0320h02,S05aH01,S05k0617h23,S05o1119h19,S02b0223h20,S02c0224h05,S02e0226h02,S02e0226h19,S04g0319h06,S04g0319h24,S05j0512h20,S05k0617h24,S05n0924h02,S05o1119h22,S02b0223h01,S02d0225h06,S02d0225h19,S03aH08,S03f0306h24,S04aH07,S05i0325h22,S05j0512h21,S05k0617h03,S05l0618h05,S05l0618h06,S05l0618h24,S05n0924h23,S05o1119h04,S06aH08,S06p1126h03,S01aH08,S02aH08,S02b0223h03,S02b0223h22,S02d0225h02,S03aH07,S03f0306h21,S04g0319h21,S04g0319h23,S04h0320h20,S05i0325h02,S05k0617h01,S05l0618h02,S05l0618h20,S05m0620h01,S05m0620h24,S05n0924h03,S05n0924h06,S05n0924h19,S05o1119h06,S05o1119h21,S06p1126h24,S02b0223h24,S02d0225h20,S02e0226h03,S02e0226h05,S03f0306h22,S04h0320h05,S05k0617h05,S05m0620h06,S05n0924h22,S06p1126h05,S02c0224h24,S02e0226h06,S04g0319h02,S05i0325h03,S05j0512h02,S05k0617h06,S05m0620h03,S05m0620h22,S05m0620h23,S05n0924h05,S05o1119h24,S06p1126h20,S06p1126h21,S02b0223h04,S02d0225h04,S02d0225h05,S02d0225h22,S02e0226h04,S02e0226h24,S03f0306h05,S03f0306h20,S04h0320h03,S05j0512h03,S05j0512h06,S05j0512h22,S05l0618h23,S06aH07,S06p1126h06,S07aH07,S07aH08,S02b0223h23,S02c0224h06,S02c0224h21,S02e0226h22,S04g0319h03,S04g0319h20,S04h0320h22,S05i0325h04,S05i0325h20,S06p1126h04,S01aH01,S02b0223h19,S04aH01,S04g0319h04,S05i0325h01,S05l0618h21,S05l0618h22,S05o1119h05,S05o1119h23,S02d0225h01,S04g0319h22,S04h0320h19,S05aH08,S05i0325h05,S05i0325h21,S05j0512h24,S05m0620h05,S06p1126h19,S02aH01,S02b0223h06,S02c0224h20,S02d0225h03,S03f0306h01,S03f0306h03,S05i0325h06,S05j0512h23,S05k0617h02,S05k0617h19,S05m0620h04,S05n0924h21,S05n0924h24,S02b0223h05,S02b0223h21,S03f0306h19,S04aH08,S04g0319h05,S05i0325h19,S05i0325h24,S05j0512h04,S05o1119h20,S06aH01,S06p1126h23,S02c0224h22,S02d0225h23,S02d0225h24,S03f0306h02,S03f0306h04,S03f0306h06,S03f0306h23,S04h0320h04,S04h0320h06,S05k0617h20,S05o1119h03,S06p1126h22,S02b0223h02,S02c0224h03,S02c0224h04,S02e0226h23,S04g0319h01,S04g0319h19,S04h0320h01,S05aH07,S05j0512h19,S05k0617h22,S05l0618h04,S05m0620h02,S05m0620h19,S05m0620h21,S05n0924h04,S05n0924h20,S05o1119h02,S06p1126h01,S07aH01 | AG12: N | AH12: AllSaAllH | AJ12: N | AK12: SaN,WaN,WaP,FaP,SaP,RaN,FaN,RaP
I17: 0.75 | K17: share of charging at night
C18: ~UC_Sets: R_E: AllRegions
H21: =IF(H23=H24,"Not Required!","~UC_T: LO") -> Not Required!
C22: UC_N | D22: Pset_CI | E22: Pset_CO | F22: pset_pn | G22: Cset_CN | H22: TimeSlice | I22: UC_FLO | J22: UC_RHSRT | K22: UC_RHSRT~0
C23: UC_bev night chg limit | D23: ELC | E23: =G23 -> AuxStoIN | F23: *EV* | G23: AuxStoIN | H23: =HLOOKUP($A$10,$D$10:$CU$12,3,FALSE) -> AllSaAllH | I23: =1+I24 -> 0.25 | J23: 0 | K23: 3 | M23: night
D24: ELC | E24: =G24 -> AuxStoIN | F24: *EV* | G24: AuxStoIN | H24: =HLOOKUP($A$10,$D$10:$CU$12,2,FALSE) -> AllSaAllH | I24: =-$I$17 -> -0.75 | M24: day

Sheet ts_012
C9: =IF(A11="x","DeActivated","~TimeSlices") -> DeActivated | I9: =IF(A11="x","DeActivated","~TFM_DINS-AT") -> DeActivated | N9: =IF(A11="x","DeActivated","~TFM_DINS-AT") -> DeActivated | S9: =IF(A11="x","DeActivated","~TFM_DINS-AT") -> DeActivated | X9: =IF(A11="x","DeActivated","~TFM_DINS-AT") -> DeActivated | AC9: =IF(A11="x","DeActivated","~TFM_DINS-AT") -> DeActivated | AG9: =IF(A11="x","DeActivated","~TFM_DINS-AT") -> DeActivated | AK9: =IF(A11="x","DeActivated","~TFM_INS-AT") -> DeActivated
A10: ts_012 | C10: season | D10: weekly | E10: daynite | F10: wparent | G10: dparent | I10: commodity | J10: timeslice | K10: com_fr | L10: process | N10: commodity | O10: timeslice | P10: com_fr | Q10: process | S10: commodity | T10: timeslice | U10: com_fr | V10: process | X10: g_yrfr | Y10: com_fr | Z10: timeslice | AA10: commodity | AC10: commodity | AD10: timeslice | AE10: com_fr | AG10: commodity | AH10: timeslice | AI10: com_pkflx | AK10: Year | AL10: timeslice | AM10: ncap_afs | AN10: pset_ci
A11: =IFERROR(IF(Veda!D5=A10,"ok","x"),"") -> x | C11: S01 | D11: a | E11: H01 | F11: S01,S02,S03 | G11: a | I11: elc_spv_001 | J11: S01aH01 | K11: 0.10807766 | L11: IMPNRGZ | N11: elc_won_001 | O11: S01aH01 | P11: 0.028664177 | Q11: IMPNRGZ | S11: elc_wof_001 | T11: S01aH01 | U11: 0.067482345 | V11: IMPNRGZ | X11: 0.069863014 | Y11: 0.072638374 | Z11: S01aH01 | AA11: elc_roadtransport | AC11: elc_buildings | AD11: S01aH01 | AE11: 0.074351894 | AG11: ELC | AH11: S01aH01 | AI11: 0.17947483 | AK11: 2020 | AL11: S01 | AM11: 0.5719863 | AN11: hydro
C12: S02 | E12: H02 | G12: a | I12: elc_spv_001 | J12: S01aH02 | K12: 0.0065486123 | L12: IMPNRGZ | N12: elc_won_001 | O12: S01aH02 | P12: 0.0034366421 | Q12: IMPNRGZ | S12: elc_wof_001 | T12: S01aH02 | U12: 0.0065508266 | V12: IMPNRGZ | X12: 0.0038812785 | Y12: 0.0058606602 | Z12: S01aH02 | AA12: elc_roadtransport | AC12: elc_buildings | AD12: S01aH02 | AE12: 0.0048100278 | AG12: ELC | AH12: S01aH02 | AI12: 0.006243625 | AK12: 2020 | AL12: S02 | AM12: 0.57471264 | AN12: hydro
C13: S03 | E13: H03 | G13: a | I13: elc_spv_001 | J13: S01aH03 | K13: 0 | L13: IMPNRGZ | N13: elc_won_001 | O13: S01aH03 | P13: 0.013920381 | Q13: IMPNRGZ | S13: elc_wof_001 | T13: S01aH03 | U13: 0.030651623 | V13: IMPNRGZ | X13: 0.019406393 | Y13: 0.01465165 | Z13: S01aH03 | AA13: elc_roadtransport | AC13: elc_buildings | AD13: S01aH03 | AE13: 0.015236281 | AG13: ELC | AH13: S01aH03 | AI13: 0.16229552 | AK13: 2020 | AL13: S03 | AM13: 0.56918065 | AN13: hydro
I14: elc_spv_001 | J14: S02aH01 | K14: 0.075906011 | L14: IMPNRGZ | N14: elc_won_001 | O14: S02aH01 | P14: 0.022164691 | Q14: IMPNRGZ | S14: elc_wof_001 | T14: S02aH01 | U14: 0.035307132 | V14: IMPNRGZ | X14: 0.047260274 | Y14: 0.049137724 | Z14: S02aH01 | AA14: elc_roadtransport | AC14: elc_buildings | AD14: S02aH01 | AE14: 0.049582988 | AG14: ELC | AH14: S02aH01 | AI14: 0.18637012 | AK14: 2021 | AL14: S01 | AM14: 0.50012503 | AN14: hydro
I15: elc_spv_001 | J15: S02aH02 | K15: 0.0048689097 | L15: IMPNRGZ | N15: elc_won_001 | O15: S02aH02 | P15: 0.0044843119 | Q15: IMPNRGZ | S15: elc_wof_001 | T15: S02aH02 | U15: 0.004541889 | V15: IMPNRGZ | X15: 0.0026255708 | Y15: 0.0039645642 | Z15: S02aH02 | AA15: elc_roadtransport | AC15: elc_buildings | AD15: S02aH02 | AE15: 0.0032027536 | AG15: ELC | AH15: S02aH02 | AI15: 0.016639012 | AK15: 2021 | AL15: S02 | AM15: 0.48449612 | AN15: hydro
I16: elc_spv_001 | J16: S02aH03 | K16: 0 | L16: IMPNRGZ | N16: elc_won_001 | O16: S02aH03 | P16: 0.018637868 | Q16: IMPNRGZ | S16: elc_wof_001 | T16: S02aH03 | U16: 0.019759126 | V16: IMPNRGZ | X16: 0.013127854 | Y16: 0.0099114106 | Z16: S02aH03 | AA16: elc_roadtransport | AC16: elc_buildings | AD16: S02aH03 | AE16: 0.010264171 | AG16: ELC | AH16: S02aH03 | AI16: 0.16609113 | AK16: 2021 | AL16: S03 | AM16: 0.48582221 | AN16: hydro
I17: elc_spv_001 | J17: S03aH01 | K17: 0.77209388 | L17: IMPNRGZ | N17: elc_won_001 | O17: S03aH01 | P17: 0.5310438 | Q17: IMPNRGZ | S17: elc_wof_001 | T17: S03aH01 | U17: 0.57403575 | V17: IMPNRGZ | X17: 0.63287671 | Y17: 0.65801822 | Z17: S03aH01 | AA17: elc_roadtransport | AC17: elc_buildings | AD17: S03aH01 | AE17: 0.6641539 | AG17: ELC | AH17: S03aH01 | AI17: 0.19709248 | AK17: 2022 | AL17: S01 | AM17: 0.45770371 | AN17: hydro
I18: elc_spv_001 | J18: S03aH02 | K18: 0.032504926 | L18: IMPNRGZ | N18: elc_won_001 | O18: S03aH02 | P18: 0.096681634 | Q18: IMPNRGZ | S18: elc_wof_001 | T18: S03aH02 | U18: 0.041956317 | V18: IMPNRGZ | X18: 0.035159817 | Y18: 0.053090686 | Z18: S03aH02 | AA18: elc_roadtransport | AC18: elc_buildings | AD18: S03aH02 | AE18: 0.043035047 | AG18: ELC | AH18: S03aH02 | AI18: 0.019935866 | AK18: 2022 | AL18: S02 | AM18: 0.41528239 | AN18: hydro
I19: elc_spv_001 | J19: S03aH03 | K19: 0 | L19: IMPNRGZ | N19: elc_won_001 | O19: S03aH03 | P19: 0.28096649 | Q19: IMPNRGZ | S19: elc_wof_001 | T19: S03aH03 | U19: 0.21971499 | V19: IMPNRGZ | X19: 0.17579909 | Y19: 0.13272672 | Z19: S03aH03 | AA19: elc_roadtransport | AC19: elc_buildings | AD19: S03aH03 | AE19: 0.13536294 | AG19: ELC | AH19: S03aH03 | AI19: 0.18620847 | AK19: 2022 | AL19: S03 | AM19: 0.39181873 | AN19: hydro
I20: elc_spv_002 | J20: S01aH01 | K20: 0.099362755 | L20: IMPNRGZ | N20: elc_won_002 | O20: S01aH01 | P20: 0.013917036 | Q20: IMPNRGZ | S20: elc_wof_002 | T20: S01aH01 | U20: 0.064476472 | V20: IMPNRGZ | AC20: elc_industry | AD20: S01aH01 | AE20: 0.070051808 | AK20: 2025 | AL20: S01 | AM20: 0.38775 | AN20: hydro
I21: elc_spv_002 | J21: S01aH02 | K21: 0.0065900518 | L21: IMPNRGZ | N21: elc_won_002 | O21: S01aH02 | P21: 0.0011537261 | Q21: IMPNRGZ | S21: elc_wof_002 | T21: S01aH02 | U21: 0.0075925805 | V21: IMPNRGZ | AC21: elc_industry | AD21: S01aH02 | AE21: 0.0039268602 | AK21: 2025 | AL21: S02 | AM21: 0.3435 | AN21: hydro
I22: elc_spv_002 | J22: S01aH03 | K22: 0 | L22: IMPNRGZ | N22: elc_won_002 | O22: S01aH03 | P22: 0.0069677739 | Q22: IMPNRGZ | S22: elc_wof_002 | T22: S01aH03 | U22: 0.028928468 | V22: IMPNRGZ | AC22: elc_industry | AD22: S01aH03 | AE22: 0.019179016 | AK22: 2025 | AL22: S03 | AM22: 0.37402727 | AN22: hydro
I23: elc_spv_002 | J23: S02aH01 | K23: 0.065234417 | L23: IMPNRGZ | N23: elc_won_002 | O23: S02aH01 | P23: 0.013947581 | Q23: IMPNRGZ | S23: elc_wof_002 | T23: S02aH01 | U23: 0.038860714 | V23: IMPNRGZ | AC23: elc_industry | AD23: S02aH01 | AE23: 0.047379575 | AK23: 2026 | AL23: S01 | AM23: 0.46615 | AN23: hydro
I24: elc_spv_002 | J24: S02aH02 | K24: 0.0047860789 | L24: IMPNRGZ | N24: elc_won_002 | O24: S02aH02 | P24: 0.002011143 | Q24: IMPNRGZ | S24: elc_wof_002 | T24: S02aH02 | U24: 0.0058884786 | V24: IMPNRGZ | AC24: elc_industry | AD24: S02aH02 | AE24: 0.0026553477 | AK24: 2026 | AL24: S02 | AM24: 0.4533 | AN24: hydro
I25: elc_spv_002 | J25: S02aH03 | K25: 0 | L25: IMPNRGZ | N25: elc_won_002 | O25: S02aH03 | P25: 0.011633486 | Q25: IMPNRGZ | S25: elc_wof_002 | T25: S02aH03 | U25: 0.018761422 | V25: IMPNRGZ | AC25: elc_industry | AD25: S02aH03 | AE25: 0.01297974 | AK25: 2026 | AL25: S03 | AM25: 0.44836364 | AN25: hydro
I26: elc_spv_002 | J26: S03aH01 | K26: 0.78140618 | L26: IMPNRGZ | N26: elc_won_002 | O26: S03aH01 | P26: 0.59081334 | Q26: IMPNRGZ | S26: elc_wof_002 | T26: S03aH01 | U26: 0.58781749 | V26: IMPNRGZ | AC26: elc_industry | AD26: S03aH01 | AE26: 0.63453612 | AK26: 2027 | AL26: S01 | AM26: 0.5 | AN26: hydro
I27: elc_spv_002 | J27: S03aH02 | K27: 0.042620519 | L27: IMPNRGZ | N27: elc_won_002 | O27: S03aH02 | P27: 0.062845786 | Q27: IMPNRGZ | S27: elc_wof_002 | T27: S03aH02 | U27: 0.042505344 | V27: IMPNRGZ | AC27: elc_industry | AD27: S03aH02 | AE27: 0.035569048 | AK27: 2027 | AL27: S02 | AM27: 0.4404 | AN27: hydro
I28: elc_spv_002 | J28: S03aH03 | K28: 0 | L28: IMPNRGZ | N28: elc_won_002 | O28: S03aH03 | P28: 0.29671013 | Q28: IMPNRGZ | S28: elc_wof_002 | T28: S03aH03 | U28: 0.20516903 | V28: IMPNRGZ | AC28: elc_industry | AD28: S03aH03 | AE28: 0.17372249 | AK28: 2027 | AL28: S03 | AM28: 0.50137273 | AN28: hydro
I29: elc_spv_003 | J29: S01aH01 | K29: 0.10071622 | L29: IMPNRGZ | N29: elc_won_003 | O29: S01aH01 | P29: 0.053710075 | Q29: IMPNRGZ | S29: elc_wof_003 | T29: S01aH01 | U29: 0.045982469 | V29: IMPNRGZ | AK29: 2028 | AL29: S01 | AM29: 0.5176 | AN29: hydro
I30: elc_spv_003 | J30: S01aH02 | K30: 0.0033038511 | L30: IMPNRGZ | N30: elc_won_003 | O30: S01aH02 | P30: 0.0060226857 | Q30: IMPNRGZ | S30: elc_wof_003 | T30: S01aH02 | U30: 0.0055421997 | V30: IMPNRGZ | AK30: 2028 | AL30: S02 | AM30: 0.4516 | AN30: hydro
I31: elc_spv_003 | J31: S01aH03 | K31: 0 | L31: IMPNRGZ | N31: elc_won_003 | O31: S01aH03 | P31: 0.025678341 | Q31: IMPNRGZ | S31: elc_wof_003 | T31: S01aH03 | U31: 0.023766074 | V31: IMPNRGZ | AK31: 2028 | AL31: S03 | AM31: 0.50320909 | AN31: hydro
I32: elc_spv_003 | J32: S02aH01 | K32: 0.071829742 | L32: IMPNRGZ | N32: elc_won_003 | O32: S02aH01 | P32: 0.032912332 | Q32: IMPNRGZ | S32: elc_wof_003 | T32: S02aH01 | U32: 0.026230371 | V32: IMPNRGZ | AK32: 2029 | AL32: S01 | AM32: 0.49625 | AN32: hydro
I33: elc_spv_003 | J33: S02aH02 | K33: 0.0026420832 | L33: IMPNRGZ | N33: elc_won_003 | O33: S02aH02 | P33: 0.004338549 | Q33: IMPNRGZ | S33: elc_wof_003 | T33: S02aH02 | U33: 0.0038354233 | V33: IMPNRGZ | AK33: 2029 | AL33: S02 | AM33: 0.486 | AN33: hydro
I34: elc_spv_003 | J34: S02aH03 | K34: 0 | L34: IMPNRGZ | N34: elc_won_003 | O34: S02aH03 | P34: 0.016820205 | Q34: IMPNRGZ | S34: elc_wof_003 | T34: S02aH03 | U34: 0.014800439 | V34: IMPNRGZ | AK34: 2029 | AL34: S03 | AM34: 0.51837273 | AN34: hydro
I35: elc_spv_003 | J35: S03aH01 | K35: 0.80860366 | L35: IMPNRGZ | N35: elc_won_003 | O35: S03aH01 | P35: 0.60671398 | Q35: IMPNRGZ | S35: elc_wof_003 | T35: S03aH01 | U35: 0.61614448 | V35: IMPNRGZ | AK35: 2030 | AL35: S01 | AM35: 0.51685 | AN35: hydro
I36: elc_spv_003 | J36: S03aH02 | K36: 0.012904448 | L36: IMPNRGZ | N36: elc_won_003 | O36: S03aH02 | P36: 0.044190619 | Q36: IMPNRGZ | S36: elc_wof_003 | T36: S03aH02 | U36: 0.045565156 | V36: IMPNRGZ | AK36: 2030 | AL36: S02 | AM36: 0.4944 | AN36: hydro
I37: elc_spv_003 | J37: S03aH03 | K37: 0 | L37: IMPNRGZ | N37: elc_won_003 | O37: S03aH03 | P37: 0.20961321 | Q37: IMPNRGZ | S37: elc_wof_003 | T37: S03aH03 | U37: 0.21813339 | V37: IMPNRGZ | AK37: 2030 | AL37: S03 | AM37: 0.51977273 | AN37: hydro
I38: elc_spv_004 | J38: S01aH01 | K38: 0.097668244 | L38: IMPNRGZ | N38: elc_won_004 | O38: S01aH01 | P38: 0.014212469 | Q38: IMPNRGZ | S38: elc_wof_004 | T38: S01aH01 | U38: 0.037011482 | V38: IMPNRGZ | AK38: 2031 | AL38: S01 | AM38: 0.45355 | AN38: hydro
I39: elc_spv_004 | J39: S01aH02 | K39: 0.0040787707 | L39: IMPNRGZ | N39: elc_won_004 | O39: S01aH02 | P39: 0.0032882191 | Q39: IMPNRGZ | S39: elc_wof_004 | T39: S01aH02 | U39: 0.0057504799 | V39: IMPNRGZ | AK39: 2031 | AL39: S02 | AM39: 0.4057 | AN39: hydro
I40: elc_spv_004 | J40: S01aH03 | K40: 0 | L40: IMPNRGZ | N40: elc_won_004 | O40: S01aH03 | P40: 0.018204428 | Q40: IMPNRGZ | S40: elc_wof_004 | T40: S01aH03 | U40: 0.024727632 | V40: IMPNRGZ | AK40: 2031 | AL40: S03 | AM40: 0.44169091 | AN40: hydro
... I97: elc_spv_010 | J97: S02aH03 | K97: 0 | L97: IMPNRGZ | N97: elc_won_010 | O97: S02aH03 | P97: 0.01326621 | Q97: IMPNRGZ | S97: elc_wof_010 | T97: S02aH03 | U97: 0.019346287 | V97: IMPNRGZ | AK97: 2050 | AL97: S03 | AM97: 0.37511818 | AN97: hydro
I98: elc_spv_010 | J98: S03aH01 | K98: 0.79185008 | L98: IMPNRGZ | N98: elc_won_010 | O98: S03aH01 | P98: 0.61994835 | Q98: IMPNRGZ | S98: elc_wof_010 | T98: S03aH01 | U98: 0.56920264 | V98: IMPNRGZ
I99: elc_spv_010 | J99: S03aH02 | K99: 0.014709913 | L99: IMPNRGZ | N99: elc_won_010 | O99: S03aH02 | P99: 0.031331137 | Q99: IMPNRGZ | S99: elc_wof_010 | T99: S03aH02 | U99: 0.041691104 | V99: IMPNRGZ
I100: elc_spv_010 | J100: S03aH03 | K100: 0 | L100: IMPNRGZ | N100: elc_won_010 | O100: S03aH03 | P100: 0.23253131 | Q100: IMPNRGZ | S100: elc_wof_010 | T100: S03aH03 | U100: 0.22364445 | V100: IMPNRGZ
I101: elc_spv_011 | J101: S01aH01 | K101: 0.099465467 | L101: IMPNRGZ | N101: elc_won_011 | O101: S01aH01 | P101: 0.042907053 | Q101: IMPNRGZ
I102: elc_spv_011 | J102: S01aH02 | K102: 0.0032504077 | L102: IMPNRGZ | N102: elc_won_011 | O102: S01aH02 | P102: 0.0029872882 | Q102: IMPNRGZ
I103: elc_spv_011 | J103: S01aH03 | K103: 0 | L103: IMPNRGZ | N103: elc_won_011 | O103: S01aH03 | P103: 0.018419096 | Q103: IMPNRGZ
I104: elc_spv_011 | J104: S02aH01 | K104: 0.074212678 | L104: IMPNRGZ | N104: elc_won_011 | O104: S02aH01 | P104: 0.044288078 | Q104: IMPNRGZ
I105: elc_spv_011 | J105: S02aH02 | K105: 0.0030277587 | L105: IMPNRGZ | N105: elc_won_011 | O105: S02aH02 | P105: 0.0030620582 | Q105: IMPNRGZ
I106: elc_spv_011 | J106: S02aH03 | K106: 0 | L106: IMPNRGZ | N106: elc_won_011 | O106: S02aH03 | P106: 0.017681106 | Q106: IMPNRGZ
I107: elc_spv_011 | J107: S03aH01 | K107: 0.80265784 | L107: IMPNRGZ | N107: elc_won_011 | O107: S03aH01 | P107: 0.62925435 | Q107: IMPNRGZ
I108: elc_spv_011 | J108: S03aH02 | K108: 0.017385851 | L108: IMPNRGZ | N108: elc_won_011 | O108: S03aH02 | P108: 0.037537891 | Q108: IMPNRGZ
I109: elc_spv_011 | J109: S03aH03 | K109: 0 | L109: IMPNRGZ | N109: elc_won_011 | O109: S03aH03 | P109: 0.20386308 | Q109: IMPNRGZ
I110: elc_spv_012 | J110: S01aH01 | K110: 0.1033728 | L110: IMPNRGZ | N110: elc_won_012 | O110: S01aH01 | P110: 0.043690154 | Q110: IMPNRGZ
I111: elc_spv_012 | J111: S01aH02 | K111: 0.0037016509 | L111: IMPNRGZ | N111: elc_won_012 | O111: S01aH02 | P111: 0.0026947266 | Q111: IMPNRGZ
I112: elc_spv_012 | J112: S01aH03 | K112: 0 | L112: IMPNRGZ | N112: elc_won_012 | O112: S01aH03 | P112: 0.022627973 | Q112: IMPNRGZ
... I217: elc_spv_023 | J217: S03aH03 | K217: 0 | L217: IMPNRGZ | N217: elc_won_023 | O217: S03aH03 | P217: 0.40150194 | Q217: IMPNRGZ
I218: elc_spv_024 | J218: S01aH01 | K218: 0.10337633 | L218: IMPNRGZ
I219: elc_spv_024 | J219: S01aH02 | K219: 0.0033812022 | L219: IMPNRGZ
I220: elc_spv_024 | J220: S01aH03 | K220: 0 | L220: IMPNRGZ
I221: elc_spv_024 | J221: S02aH01 | K221: 0.073465508 | L221: IMPNRGZ
I222: elc_spv_024 | J222: S02aH02 | K222: 0.0035899453 | L222: IMPNRGZ
I223: elc_spv_024 | J223: S02aH03 | K223: 0 | L223: IMPNRGZ
I224: elc_spv_024 | J224: S03aH01 | K224: 0.81216455 | L224: IMPNRGZ
I225: elc_spv_024 | J225: S03aH02 | K225: 0.0040224673 | L225: IMPNRGZ
I226: elc_spv_024 | J226: S03aH03 | K226: 0 | L226: IMPNRGZ
I227: elc_spv_025 | J227: S01aH01 | K227: 0.11351643 | L227: IMPNRGZ
I228: elc_spv_025 | J228: S01aH02 | K228: 1.7698319e-05 | L228: IMPNRGZ
I229: elc_spv_025 | J229: S01aH03 | K229: 0 | L229: IMPNRGZ
... I262: elc_spv_028 | J262: S03aH03 | K262: 0 | L262: IMPNRGZ

Sheet ts_030
C9: =IF(A11="x","DeActivated","~TimeSlices") -> DeActivated | I9: =IF(A11="x","DeActivated","~TFM_DINS-AT") -> DeActivated | N9: =IF(A11="x","DeActivated","~TFM_DINS-AT") -> DeActivated | S9: =IF(A11="x","DeActivated","~TFM_DINS-AT") -> DeActivated | X9: =IF(A11="x","DeActivated","~TFM_DINS-AT") -> DeActivated | AC9: =IF(A11="x","DeActivated","~TFM_DINS-AT") -> DeActivated | AG9: =IF(A11="x","DeActivated","~TFM_DINS-AT") -> DeActivated | AK9: =IF(A11="x","DeActivated","~TFM_INS-AT") -> DeActivated
A10: ts_030 | C10: season | D10: weekly | E10: daynite | F10: wparent | G10: dparent | I10: commodity | J10: timeslice | K10: com_fr | L10: process | N10: commodity | O10: timeslice | P10: com_fr | Q10: process | S10: commodity | T10: timeslice | U10: com_fr | V10: process | X10: g_yrfr | Y10: com_fr | Z10: timeslice | AA10: commodity | AC10: commodity | AD10: timeslice | AE10: com_fr | AG10: commodity | AH10: timeslice | AI10: com_pkflx | AK10: Year | AL10: timeslice | AM10: ncap_afs | AN10: pset_ci
A11: =IFERROR(IF(Veda!D5=A10,"ok","x"),"") -> x | C11: S01 | D11: a | E11: H01 | F11: S01,S02,S03,S04,S05 | G11: a | I11: elc_spv_001 | J11: S01aH01 | K11: 0.0086115512 | L11: IMPNRGZ | N11: elc_won_001 | O11: S01aH01 | P11: 0.0041054165 | Q11: IMPNRGZ | S11: elc_wof_001 | T11: S01aH01 | U11: 0.026323444 | V11: IMPNRGZ | X11: 0.034931507 | Y11: 0.022169074 | Z11: S01aH01 | AA11: elc_roadtransport | AC11: elc_buildings | AD11: S01aH01 | AE11: 0.031922668 | AG11: ELC | AH11: S01aH01 | AI11: 0.15119597 | AK11: 2020 | AL11: S01 | AM11: 0.5719863 | AN11: hydro
C12: S02 | E12: H02 | G12: a | I12: elc_spv_001 | J12: S01aH02 | K12: 0.0099742728 | L12: IMPNRGZ | N12: elc_won_001 | O12: S01aH02 | P12: 0.0011465929 | Q12: IMPNRGZ | S12: elc_wof_001 | T12: S01aH02 | U12: 0.0029778699 | V12: IMPNRGZ | X12: 0.0038812785 | Y12: 0.0049139381 | Z12: S01aH02 | AA12: elc_roadtransport | AC12: elc_buildings | AD12: S01aH02 | AE12: 0.0044686703 | AG12: ELC | AH12: S01aH02 | AI12: 0.017442703 | AK12: 2020 | AL12: S02 | AM12: 0.57471264 | AN12: hydro
C13: S03 | E13: H03 | G13: a | I13: elc_spv_001 | J13: S01aH03 | K13: 0.089491835 | L13: IMPNRGZ | N13: elc_won_001 | O13: S01aH03 | P13: 0.023412168 | Q13: IMPNRGZ | S13: elc_wof_001 | T13: S01aH03 | U13: 0.03818103 | V13: IMPNRGZ | X13: 0.031050228 | Y13: 0.045555362 | Z13: S01aH03 | AA13: elc_roadtransport | AC13: elc_buildings | AD13: S01aH03 | AE13: 0.037960556 | AG13: ELC | AH13: S01aH03 | AI13: 0.092947919 | AK13: 2020 | AL13: S03 | AM13: 0.56284761 | AN13: hydro
C14: S04 | E14: H04 | G14: a | I14: elc_spv_001 | J14: S01aH04 | K14: 0.0065486123 | L14: IMPNRGZ | N14: elc_won_001 | O14: S01aH04 | P14: 0.0034366421 | Q14: IMPNRGZ | S14: elc_wof_001 | T14: S01aH04 | U14: 0.0065508266 | V14: IMPNRGZ | X14: 0.0038812785 | Y14: 0.0058606602 | Z14: S01aH04 | AA14: elc_roadtransport | AC14: elc_buildings | AD14: S01aH04 | AE14: 0.0048100278 | AG14: ELC | AH14: S01aH04 | AI14: 0.006243625 | AK14: 2020 | AL14: S04 | AM14: 0.63488299 | AN14: hydro
C15: S05 | E15: H05 | G15: a | I15: elc_spv_001 | J15: S01aH05 | K15: 0 | L15: IMPNRGZ | N15: elc_won_001 | O15: S01aH05 | P15: 0.013920381 | Q15: IMPNRGZ | S15: elc_wof_001 | T15: S01aH05 | U15: 0.030651623 | V15: IMPNRGZ | X15: 0.019406393 | Y15: 0.01465165 | Z15: S01aH05 | AA15: elc_roadtransport | AC15: elc_buildings | AD15: S01aH05 | AE15: 0.015236281 | AG15: ELC | AH15: S01aH05 | AI15: 0.16229552 | AK15: 2020 | AL15: S05 | AM15: 0.63251107 | AN15: hydro
I16: elc_spv_001 | J16: S02aH01 | K16: 0.0053920995 | L16: IMPNRGZ | N16: elc_won_001 | O16: S02aH01 | P16: 0.0014738265 | Q16: IMPNRGZ | S16: elc_wof_001 | T16: S02aH01 | U16: 0.01209963 | V16: IMPNRGZ | X16: 0.023630137 | Y16: 0.014996727 | Z16: S02aH01 | AA16: elc_roadtransport | AC16: elc_buildings | AD16: S02aH01 | AE16: 0.021319483 | AG16: ELC | AH16: S02aH01 | AI16: 0.13947007 | AK16: 2021 | AL16: S01 | AM16: 0.50012503 | AN16: hydro
I17: elc_spv_001 | J17: S02aH02 | K17: 0.0071635028 | L17: IMPNRGZ | N17: elc_won_001 | O17: S02aH02 | P17: 0.00047205602 | Q17: IMPNRGZ | S17: elc_wof_001 | T17: S02aH02 | U17: 0.001050741 | V17: IMPNRGZ | X17: 0.0026255708 | Y17: 0.0033241346 | Z17: S02aH02 | AA17: elc_roadtransport | AC17: elc_buildings | AD17: S02aH02 | AE17: 0.0029670512 | AG17: ELC | AH17: S02aH02 | AI17: 0.0055067933 | AK17: 2021 | AL17: S02 | AM17: 0.48449612 | AN17: hydro
I18: elc_spv_001 | J18: S02aH03 | K18: 0.063350408 | L18: IMPNRGZ | N18: elc_won_001 | O18: S02aH03 | P18: 0.020218808 | Q18: IMPNRGZ | S18: elc_wof_001 | T18: S02aH03 | U18: 0.022156761 | V18: IMPNRGZ | X18: 0.021004566 | Y18: 0.030816863 | Z18: S02aH03 | AA18: elc_roadtransport | AC18: elc_buildings | AD18: S02aH03 | AE18: 0.025296454 | AG18: ELC | AH18: S02aH03 | AI18: 0.10034819 | AK18: 2021 | AL18: S03 | AM18: 0.48126615 | AN18: hydro
I19: elc_spv_001 | J19: S02aH04 | K19: 0.0048689097 | L19: IMPNRGZ | N19: elc_won_001 | O19: S02aH04 | P19: 0.0044843119 | Q19: IMPNRGZ | S19: elc_wof_001 | T19: S02aH04 | U19: 0.004541889 | V19: IMPNRGZ | X19: 0.0026255708 | Y19: 0.0039645642 | Z19: S02aH04 | AA19: elc_roadtransport | AC19: elc_buildings | AD19: S02aH04 | AE19: 0.0032027536 | AG19: ELC | AH19: S02aH04 | AI19: 0.016639012 | AK19: 2021 | AL19: S04 | AM19: 0.49986455 | AN19: hydro
I20: elc_spv_001 | J20: S02aH05 | K20: 0 | L20: IMPNRGZ | N20: elc_won_001 | O20: S02aH05 | P20: 0.018637868 | Q20: IMPNRGZ | S20: elc_wof_001 | T20: S02aH05 | U20: 0.019759126 | V20: IMPNRGZ | X20: 0.013127854 | Y20: 0.0099114106 | Z20: S02aH05 | AA20: elc_roadtransport | AC20: elc_buildings | AD20: S02aH05 | AE20: 0.010264171 | AG20: ELC | AH20: S02aH05 | AI20: 0.16609113 | AK20: 2021 | AL20: S05 | AM20: 0.53138285 | AN20: hydro
I21: elc_spv_001 | J21: S03aH01 | K21: 0.068533942 | L21: IMPNRGZ | N21: elc_won_001 | O21: S03aH01 | P21: 0.084198002 | Q21: IMPNRGZ | S21: elc_wof_001 | T21: S03aH01 | U21: 0.2625732 | V21: IMPNRGZ | X21: 0.27842466 | Y21: 0.17670056 | Z21: S03aH01 | AA21: elc_roadtransport | AC21: elc_buildings | AD21: S03aH01 | AE21: 0.25139219 | AG21: ELC | AH21: S03aH01 | AI21: 0.16199877 | AK21: 2022 | AL21: S01 | AM21: 0.45770371 | AN21: hydro
I22: elc_spv_001 | J22: S03aH02 | K22: 0.057470568 | L22: IMPNRGZ | N22: elc_won_001 | O22: S03aH02 | P22: 0.026615458 | Q22: IMPNRGZ | S22: elc_wof_001 | T22: S03aH02 | U22: 0.026876549 | V22: IMPNRGZ | X22: 0.030936073 | Y22: 0.039166977 | Z22: S03aH02 | AA22: elc_roadtransport | AC22: elc_buildings | AD22: S03aH02 | AE22: 0.035184424 | AG22: ELC | AH22: S03aH02 | AI22: 0.027859577 | AK22: 2022 | AL22: S02 | AM22: 0.41528239 | AN22: hydro
I23: elc_spv_001 | J23: S03aH03 | K23: 0.52627535 | L23: IMPNRGZ | N23: elc_won_001 | O23: S03aH03 | P23: 0.38712103 | Q23: IMPNRGZ | S23: elc_wof_001 | T23: S03aH03 | U23: 0.24788968 | V23: IMPNRGZ | X23: 0.24748858 | Y23: 0.36310303 | Z23: S03aH03 | AA23: elc_roadtransport | AC23: elc_buildings | AD23: S03aH03 | AE23: 0.29797638 | AG23: ELC | AH23: S03aH03 | AI23: 0.11063604 | AK23: 2022 | AL23: S03 | AM23: 0.39661701 | AN23: hydro
I24: elc_spv_001 | J24: S03aH04 | K24: 0.026604329 | L24: IMPNRGZ | N24: elc_won_001 | O24: S03aH04 | P24: 0.092983355 | Q24: IMPNRGZ | S24: elc_wof_001 | T24: S03aH04 | U24: 0.038013842 | V24: IMPNRGZ | X24: 0.030936073 | Y24: 0.046712909 | Z24: S03aH04 | AA24: elc_roadtransport | AC24: elc_buildings | AD24: S03aH04 | AE24: 0.03786363 | AG24: ELC | AH24: S03aH04 | AI24: 0.019974388 | AK24: 2022 | AL24: S04 | AM24: 0.35764149 | AN24: hydro
I25: elc_spv_001 | J25: S03aH05 | K25: 0 | L25: IMPNRGZ | N25: elc_won_001 | O25: S03aH05 | P25: 0.27158053 | Q25: IMPNRGZ | S25: elc_wof_001 | T25: S03aH05 | U25: 0.20208471 | V25: IMPNRGZ | X25: 0.15468037 | Y25: 0.11678227 | Z25: S03aH05 | AA25: elc_roadtransport | AC25: elc_buildings | AD25: S03aH05 | AE25: 0.11932031 | AG25: ELC | AH25: S03aH05 | AI25: 0.18524729 | AK25: 2022 | AL25: S05 | AM25: 0.34383596 | AN25: hydro
I26: elc_spv_001 | J26: S04aH01 | K26: 0.011489434 | L26: IMPNRGZ | N26: elc_won_001 | O26: S04aH01 | P26: 0.0023177459 | Q26: IMPNRGZ | S26: elc_wof_001 | T26: S04aH01 | U26: 0.0084587063 | V26: IMPNRGZ | X26: 0.030821918 | Y26: 0.019560948 | Z26: S04aH01 | AA26: elc_roadtransport | AC26: elc_buildings | AD26: S04aH01 | AE26: 0.027854169 | AG26: ELC | AH26: S04aH01 | AI26: 0.16011501 | AK26: 2025 | AL26: S01 | AM26: 0.38775 | AN26: hydro
I27: elc_spv_001 | J27: S04aH02 | K27: 0.0090021299 | L27: IMPNRGZ | N27: elc_won_001 | O27: S04aH02 | P27: 0.00051044249 | Q27: IMPNRGZ | S27: elc_wof_001 | T27: S04aH02 | U27: 0.00074439126 | V27: IMPNRGZ | X27: 0.0034246575 | Y27: 0.0043358278 | Z27: S04aH02 | AA27: elc_roadtransport | AC27: elc_buildings | AD27: S04aH02 | AE27: 0.0038811182 | AG27: ELC | AH27: S04aH02 | AI27: 0.029760919 | AK27: 2025 | AL27: S02 | AM27: 0.3435 | AN27: hydro
... I35: elc_spv_001 | J35: S05aH05 | K35: 0 | L35: IMPNRGZ | N35: elc_won_001 | O35: S05aH05 | P35: 0.002937415 | Q35: IMPNRGZ | S35: elc_wof_001 | T35: S05aH05 | U35: 0.0063770729 | V35: IMPNRGZ | X35: 0.0039954338 | Y35: 0.0030165163 | Z35: S05aH05 | AA35: elc_roadtransport | AC35: elc_buildings | AD35: S05aH05 | AE35: 0.0030397428 | AG35: ELC | AH35: S05aH05 | AI35: 0.1721876 | AK35: 2026 | AL35: S05 | AM35: 0.5032 | AN35: hydro
I36: elc_spv_002 | J36: S01aH01 | K36: 0.010240022 | L36: IMPNRGZ | N36: elc_won_002 | O36: S01aH01 | P36: 0.0079867119 | Q36: IMPNRGZ | S36: elc_wof_002 | T36: S01aH01 | U36: 0.02027061 | V36: IMPNRGZ | AC36: elc_industry | AD36: S01aH01 | AE36: 0.034754543 | AK36: 2027 | AL36: S01 | AM36: 0.5 | AN36: hydro
I37: elc_spv_002 | J37: S01aH02 | K37: 0.0081538515 | L37: IMPNRGZ | N37: elc_won_002 | O37: S01aH02 | P37: 0.00014434437 | Q37: IMPNRGZ | S37: elc_wof_002 | T37: S01aH02 | U37: 0.002473831 | V37: IMPNRGZ | AC37: elc_industry | AD37: S01aH02 | AE37: 0.0039092272 | AK37: 2027 | AL37: S02 | AM37: 0.4404 | AN37: hydro
I38: elc_spv_002 | J38: S01aH03 | K38: 0.080968882 | L38: IMPNRGZ | N38: elc_won_002 | O38: S01aH03 | P38: 0.0057859794 | Q38: IMPNRGZ | S38: elc_wof_002 | T38: S01aH03 | U38: 0.041732031 | V38: IMPNRGZ | AC38: elc_industry | AD38: S01aH03 | AE38: 0.031388038 | AK38: 2027 | AL38: S03 | AM38: 0.49982 | AN38: hydro
I39: elc_spv_002 | J39: S01aH04 | K39: 0.0065900518 | L39: IMPNRGZ | N39: elc_won_002 | O39: S01aH04 | P39: 0.0011537261 | Q39: IMPNRGZ | S39: elc_wof_002 | T39: S01aH04 | U39: 0.0075925805 | V39: IMPNRGZ | AC39: elc_industry | AD39: S01aH04 | AE39: 0.0039268602 | AK39: 2027 | AL39: S04 | AM39: 0.52365 | AN39: hydro
I40: elc_spv_002 | J40: S01aH05 | K40: 0 | L40: IMPNRGZ | N40: elc_won_002 | O40: S01aH05 | P40: 0.0069677739 | Q40: IMPNRGZ | S40: elc_wof_002 | T40: S01aH05 | U40: 0.028928468 | V40: IMPNRGZ | AC40: elc_industry | AD40: S01aH05 | AE40: 0.019179016 | AK40: 2027 | AL40: S05 | AM40: 0.5169 | AN40: hydro
I41: elc_spv_002 | J41: S02aH01 | K41: 0.0047420519 | L41: IMPNRGZ | N41: elc_won_002 | O41: S02aH01 | P41: 0.0072621289 | Q41: IMPNRGZ | S41: elc_wof_002 | T41: S02aH01 | U41: 0.0084169526 | V41: IMPNRGZ | AC41: elc_industry | AD41: S02aH01 | AE41: 0.023510439 | AK41: 2028 | AL41: S01 | AM41: 0.5176 | AN41: hydro
I42: elc_spv_002 | J42: S02aH02 | K42: 0.0051190561 | L42: IMPNRGZ | N42: elc_won_002 | O42: S02aH02 | P42: 0.00015531608 | Q42: IMPNRGZ | S42: elc_wof_002 | T42: S02aH02 | U42: 0.00088194161 | V42: IMPNRGZ | AC42: elc_industry | AD42: S02aH02 | AE42: 0.0026431723 | AK42: 2028 | AL42: S02 | AM42: 0.4516 | AN42: hydro
I43: elc_spv_002 | J43: S02aH03 | K43: 0.055373309 | L43: IMPNRGZ | N43: elc_won_002 | O43: S02aH03 | P43: 0.0065301357 | Q43: IMPNRGZ | S43: elc_wof_002 | T43: S02aH03 | U43: 0.02956182 | V43: IMPNRGZ | AC43: elc_industry | AD43: S02aH03 | AE43: 0.021225964 | AK43: 2028 | AL43: S03 | AM43: 0.50138 | AN43: hydro
I44: elc_spv_002 | J44: S02aH04 | K44: 0.0047860789 | L44: IMPNRGZ | N44: elc_won_002 | O44: S02aH04 | P44: 0.002011143 | Q44: IMPNRGZ | S44: elc_wof_002 | T44: S02aH04 | U44: 0.0058884786 | V44: IMPNRGZ | AC44: elc_industry | AD44: S02aH04 | AE44: 0.0026553477 | AK44: 2028 | AL44: S04 | AM44: 0.51845 | AN44: hydro
I45: elc_spv_002 | J45: S02aH05 | K45: 0 | L45: IMPNRGZ | N45: elc_won_002 | O45: S02aH05 | P45: 0.011633486 | Q45: IMPNRGZ | S45: elc_wof_002 | T45: S02aH05 | U45: 0.018761422 | V45: IMPNRGZ | AC45: elc_industry | AD45: S02aH05 | AE45: 0.01297974 | AK45: 2028 | AL45: S05 | AM45: 0.5215 | AN45: hydro
I46: elc_spv_002 | J46: S03aH01 | K46: 0.075730632 | L46: IMPNRGZ | N46: elc_won_002 | O46: S03aH01 | P46: 0.21163116 | Q46: IMPNRGZ | S46: elc_wof_002 | T46: S03aH01 | U46: 0.23897099 | V46: IMPNRGZ | AC46: elc_industry | AD46: S03aH01 | AE46: 0.27703931 | AK46: 2029 | AL46: S01 | AM46: 0.49625 | AN46: hydro
I47: elc_spv_002 | J47: S03aH02 | K47: 0.056128384 | L47: IMPNRGZ | N47: elc_won_002 | O47: S03aH02 | P47: 0.037912056 | Q47: IMPNRGZ | S47: elc_wof_002 | T47: S03aH02 | U47: 0.028813894 | V47: IMPNRGZ | AC47: elc_industry | AD47: S03aH02 | AE47: 0.03115675 | AK47: 2029 | AL47: S02 | AM47: 0.486 | AN47: hydro
... I60: elc_spv_002 | J60: S05aH05 | K60: 0 | L60: IMPNRGZ | N60: elc_won_002 | O60: S05aH05 | P60: 0.00083599893 | Q60: IMPNRGZ | S60: elc_wof_002 | T60: S05aH05 | U60: 0.0064008658 | V60: IMPNRGZ | AC60: elc_industry | AD60: S05aH05 | AE60: 0.0039477359 | AK60: 2031 | AL60: S05 | AM60: 0.5428 | AN60: hydro
I61: elc_spv_003 | J61: S01aH01 | K61: 0.014013886 | L61: IMPNRGZ | N61: elc_won_003 | O61: S01aH01 | P61: 0.022601432 | Q61: IMPNRGZ | S61: elc_wof_003 | T61: S01aH01 | U61: 0.017062501 | V61: IMPNRGZ | AK61: 2032 | AL61: S01 | AM61: 0.4425 | AN61: hydro
I62: elc_spv_003 | J62: S01aH02 | K62: 0.0099195104 | L62: IMPNRGZ | N62: elc_won_003 | O62: S01aH02 | P62: 0.0023544583 | Q62: IMPNRGZ | S62: elc_wof_003 | T62: S01aH02 | U62: 0.0018645453 | V62: IMPNRGZ | AK62: 2032 | AL62: S02 | AM62: 0.4087 | AN62: hydro
I63: elc_spv_003 | J63: S01aH03 | K63: 0.07678282 | L63: IMPNRGZ | N63: elc_won_003 | O63: S01aH03 | P63: 0.028754184 | Q63: IMPNRGZ | S63: elc_wof_003 | T63: S01aH03 | U63: 0.027055423 | V63: IMPNRGZ | AK63: 2032 | AL63: S03 | AM63: 0.44153 | AN63: hydro
I64: elc_spv_003 | J64: S01aH04 | K64: 0.0033038511 | L64: IMPNRGZ | N64: elc_won_003 | O64: S01aH04 | P64: 0.0060226857 | Q64: IMPNRGZ | S64: elc_wof_003 | T64: S01aH04 | U64: 0.0055421997 | V64: IMPNRGZ | AK64: 2032 | AL64: S04 | AM64: 0.51395 | AN64: hydro
I65: elc_spv_003 | J65: S01aH05 | K65: 0 | L65: IMPNRGZ | N65: elc_won_003 | O65: S01aH05 | P65: 0.025678341 | Q65: IMPNRGZ | S65: elc_wof_003 | T65: S01aH05 | U65: 0.023766074 | V65: IMPNRGZ | AK65: 2032 | AL65: S05 | AM65: 0.5014 | AN65: hydro
I66: elc_spv_003 | J66: S02aH01 | K66: 0.010149816 | L66: IMPNRGZ | N66: elc_won_003 | O66: S02aH01 | P66: 0.011511716 | Q66: IMPNRGZ | S66: elc_wof_003 | T66: S02aH01 | U66: 0.0073258502 | V66: IMPNRGZ | AK66: 2033 | AL66: S01 | AM66: 0.4438 | AN66: hydro
I67: elc_spv_003 | J67: S02aH02 | K67: 0.0071680609 | L67: IMPNRGZ | N67: elc_won_003 | O67: S02aH02 | P67: 0.0011661332 | Q67: IMPNRGZ | S67: elc_wof_003 | T67: S02aH02 | U67: 0.00066478884 | V67: IMPNRGZ | AK67: 2033 | AL67: S02 | AM67: 0.4398 | AN67: hydro
I68: elc_spv_003 | J68: S02aH03 | K68: 0.054511865 | L68: IMPNRGZ | N68: elc_won_003 | O68: S02aH03 | P68: 0.020234482 | Q68: IMPNRGZ | S68: elc_wof_003 | T68: S02aH03 | U68: 0.018239732 | V68: IMPNRGZ | AK68: 2033 | AL68: S03 | AM68: 0.4462 | AN68: hydro
I69: elc_spv_003 | J69: S02aH04 | K69: 0.0026420832 | L69: IMPNRGZ | N69: elc_won_003 | O69: S02aH04 | P69: 0.004338549 | Q69: IMPNRGZ | S69: elc_wof_003 | T69: S02aH04 | U69: 0.0038354233 | V69: IMPNRGZ | AK69: 2033 | AL69: S04 | AM69: 0.49225 | AN69: hydro
I70: elc_spv_003 | J70: S02aH05 | K70: 0 | L70: IMPNRGZ | N70: elc_won_003 | O70: S02aH05 | P70: 0.016820205 | Q70: IMPNRGZ | S70: elc_wof_003 | T70: S02aH05 | U70: 0.014800439 | V70: IMPNRGZ | AK70: 2033 | AL70: S05 | AM70: 0.4537 | AN70: hydro
I71: elc_spv_003 | J71: S03aH01 | K71: 0.10689832 | L71: IMPNRGZ | N71: elc_won_003 | O71: S03aH01 | P71: 0.24429946 | Q71: IMPNRGZ | S71: elc_wof_003 | T71: S03aH01 | U71: 0.25149387 | V71: IMPNRGZ | AK71: 2034 | AL71: S01 | AM71: 0.46175 | AN71: hydro
I72: elc_spv_003 | J72: S03aH02 | K72: 0.066582464 | L72: IMPNRGZ | N72: elc_won_003 | O72: S03aH02 | P72: 0.028647633 | Q72: IMPNRGZ | S72: elc_wof_003 | T72: S03aH02 | U72: 0.029289192 | V72: IMPNRGZ | AK72: 2034 | AL72: S02 | AM72: 0.4537 | AN72: hydro
... I155: elc_spv_006 | J155: S04aH05 | K155: 0 | L155: IMPNRGZ | N155: elc_won_006 | O155: S04aH05 | P155: 0.011691936 | Q155: IMPNRGZ | S155: elc_wof_006 | T155: S04aH05 | U155: 0.014169699 | V155: IMPNRGZ | AK155: 2050 | AL155: S05 | AM155: 0.3847 | AN155: hydro
I156: elc_spv_006 | J156: S05aH01 | K156: 0.0039974419 | L156: IMPNRGZ | N156: elc_won_006 | O156: S05aH01 | P156: 0.0034163543 | Q156: IMPNRGZ | S156: elc_wof_006 | T156: S05aH01 | U156: 0.0092424252 | V156: IMPNRGZ
I157: elc_spv_006 | J157: S05aH02 | K157: 0.0024331038 | L157: IMPNRGZ | N157: elc_won_006 | O157: S05aH02 | P157: 0.00036513553 | Q157: IMPNRGZ | S157: elc_wof_006 | T157: S05aH02 | U157: 0.0011723294 | V157: IMPNRGZ
I158: elc_spv_006 | J158: S05aH03 | K158: 0.017050261 | L158: IMPNRGZ | N158: elc_won_006 | O158: S05aH03 | P158: 0.0018868591 | Q158: IMPNRGZ | S158: elc_wof_006 | T158: S05aH03 | U158: 0.0089598284 | V158: IMPNRGZ
I159: elc_spv_006 | J159: S05aH04 | K159: 0.00090145459 | L159: IMPNRGZ | N159: elc_won_006 | O159: S05aH04 | P159: 0.0002646973 | Q159: IMPNRGZ | S159: elc_wof_006 | T159: S05aH04 | U159: 0.0012007997 | V159: IMPNRGZ
I160: elc_spv_006 | J160: S05aH05 | K160: 0 | L160: IMPNRGZ | N160: elc_won_006 | O160: S05aH05 | P160: 0.0048019883 | Q160: IMPNRGZ | S160: elc_wof_006 | T160: S05aH05 | U160: 0.0058693085 | V160: IMPNRGZ
I161: elc_spv_007 | J161: S01aH01 | K161: 0.017096167 | L161: IMPNRGZ | N161: elc_won_007 | O161: S01aH01 | P161: 0.020603675 | Q161: IMPNRGZ | S161: elc_wof_007 | T161: S01aH01 | U161: 0.034006755 | V161: IMPNRGZ
I162: elc_spv_007 | J162: S01aH02 | K162: 0.011325391 | L162: IMPNRGZ | N162: elc_won_007 | O162: S01aH02 | P162: 0.00096135912 | Q162: IMPNRGZ | S162: elc_wof_007 | T162: S01aH02 | U162: 0.0031789584 | V162: IMPNRGZ
I163: elc_spv_007 | J163: S01aH03 | K163: 0.080332261 | L163: IMPNRGZ | N163: elc_won_007 | O163: S01aH03 | P163: 0.0039444666 | Q163: IMPNRGZ | S163: elc_wof_007 | T163: S01aH03 | U163: 0.027558399 | V163: IMPNRGZ
I164: elc_spv_007 | J164: S01aH04 | K164: 0.004258196 | L164: IMPNRGZ | N164: elc_won_007 | O164: S01aH04 | P164: 0.000588298 | Q164: IMPNRGZ | S164: elc_wof_007 | T164: S01aH04 | U164: 0.0054338776 | V164: IMPNRGZ
I165: elc_spv_007 | J165: S01aH05 | K165: 0 | L165: IMPNRGZ | N165: elc_won_007 | O165: S01aH05 | P165: 0.0063970782 | Q165: IMPNRGZ | S165: elc_wof_007 | T165: S01aH05 | U165: 0.031675719 | V165: IMPNRGZ
I166: elc_spv_007 | J166: S02aH01 | K166: 0.012943869 | L166: IMPNRGZ | N166: elc_won_007 | O166: S02aH01 | P166: 0.018505943 | Q166: IMPNRGZ | S166: elc_wof_007 | T166: S02aH01 | U166: 0.016904585 | V166: IMPNRGZ
I167: elc_spv_007 | J167: S02aH02 | K167: 0.0084885416 | L167: IMPNRGZ | N167: elc_won_007 | O167: S02aH02 | P167: 0.0010481797 | Q167: IMPNRGZ | S167: elc_wof_007 | T167: S02aH02 | U167: 0.0013521534 | V167: IMPNRGZ
... I260: elc_spv_010 | J260: S05aH05 | K260: 0 | L260: IMPNRGZ | N260: elc_won_010 | O260: S05aH05 | P260: 0.0040092705 | Q260: IMPNRGZ | S260: elc_wof_010 | T260: S05aH05 | U260: 0.006038469 | V260: IMPNRGZ
I261: elc_spv_011 | J261: S01aH01 | K261: 0.014695396 | L261: IMPNRGZ | N261: elc_won_011 | O261: S01aH01 | P261: 0.019651575 | Q261: IMPNRGZ
I262: elc_spv_011 | J262: S01aH02 | K262: 0.010289814 | L262: IMPNRGZ | N262: elc_won_011 | O262: S01aH02 | P262: 0.0035743207 | Q262: IMPNRGZ
I263: elc_spv_011 | J263: S01aH03 | K263: 0.074480257 | L263: IMPNRGZ | N263: elc_won_011 | O263: S01aH03 | P263: 0.019681157 | Q263: IMPNRGZ
I264: elc_spv_011 | J264: S01aH04 | K264: 0.0032504077 | L264: IMPNRGZ | N264: elc_won_011 | O264: S01aH04 | P264: 0.0029872882 | Q264: IMPNRGZ
I265: elc_spv_011 | J265: S01aH05 | K265: 0 | L265: IMPNRGZ | N265: elc_won_011 | O265: S01aH05 | P265: 0.018419096 | Q265: IMPNRGZ
I266: elc_spv_011 | J266: S02aH01 | K266: 0.010979563 | L266: IMPNRGZ | N266: elc_won_011 | O266: S02aH01 | P266: 0.020140083 | Q266: IMPNRGZ
I267: elc_spv_011 | J267: S02aH02 | K267: 0.0076434522 | L267: IMPNRGZ | N267: elc_won_011 | O267: S02aH02 | P267: 0.003462068 | Q267: IMPNRGZ
I268: elc_spv_011 | J268: S02aH03 | K268: 0.055589663 | L268: IMPNRGZ | N268: elc_won_011 | O268: S02aH03 | P268: 0.020685927 | Q268: IMPNRGZ
I269: elc_spv_011 | J269: S02aH04 | K269: 0.0030277587 | L269: IMPNRGZ | N269: elc_won_011 | O269: S02aH04 | P269: 0.0030620582 | Q269: IMPNRGZ
I270: elc_spv_011 | J270: S02aH05 | K270: 0 | L270: IMPNRGZ | N270: elc_won_011 | O270: S02aH05 | P270: 0.017681106 | Q270: IMPNRGZ
I271: elc_spv_011 | J271: S03aH01 | K271: 0.11836418 | L271: IMPNRGZ | N271: elc_won_011 | O271: S03aH01 | P271: 0.31013857 | Q271: IMPNRGZ
I272: elc_spv_011 | J272: S03aH02 | K272: 0.072634429 | L272: IMPNRGZ | N272: elc_won_011 | O272: S03aH02 | P272: 0.03948731 | Q272: IMPNRGZ
... I585: elc_spv_023 | J585: S05aH05 | K585: 0 | L585: IMPNRGZ | N585: elc_won_023 | O585: S05aH05 | P585: 0.013413445 | Q585: IMPNRGZ
I586: elc_spv_024 | J586: S01aH01 | K586: 0.014833367 | L586: IMPNRGZ
I587: elc_spv_024 | J587: S01aH02 | K587: 0.0099156718 | L587: IMPNRGZ
I588: elc_spv_024 | J588: S01aH03 | K588: 0.07862729 | L588: IMPNRGZ
I589: elc_spv_024 | J589: S01aH04 | K589: 0.0033812022 | L589: IMPNRGZ
I590: elc_spv_024 | J590: S01aH05 | K590: 0 | L590: IMPNRGZ
I591: elc_spv_024 | J591: S02aH01 | K591: 0.010918107 | L591: IMPNRGZ
I592: elc_spv_024 | J592: S02aH02 | K592: 0.0070463159 | L592: IMPNRGZ
I593: elc_spv_024 | J593: S02aH03 | K593: 0.055501085 | L593: IMPNRGZ
I594: elc_spv_024 | J594: S02aH04 | K594: 0.0035899453 | L594: IMPNRGZ
I595: elc_spv_024 | J595: S02aH05 | K595: 0 | L595: IMPNRGZ
I596: elc_spv_024 | J596: S03aH01 | K596: 0.12078374 | L596: IMPNRGZ
I597: elc_spv_024 | J597: S03aH02 | K597: 0.066948851 | L597: IMPNRGZ
... I710: elc_spv_028 | J710: S05aH05 | K710: 0 | L710: IMPNRGZ

Sheet ts_048
C9: =IF(A11="x","DeActivated","~TimeSlices") -> DeActivated | I9: =IF(A11="x","DeActivated","~TFM_DINS-AT") -> DeActivated | N9: =IF(A11="x","DeActivated","~TFM_DINS-AT") -> DeActivated | S9: =IF(A11="x","DeActivated","~TFM_DINS-AT") -> DeActivated | X9: =IF(A11="x","DeActivated","~TFM_DINS-AT") -> DeActivated | AC9: =IF(A11="x","DeActivated","~TFM_DINS-AT") -> DeActivated | AG9: =IF(A11="x","DeActivated","~TFM_DINS-AT") -> DeActivated | AK9: =IF(A11="x","DeActivated","~TFM_INS-AT") -> DeActivated
A10: ts_048 | C10: season | D10: weekly | E10: daynite | F10: wparent | G10: dparent | I10: commodity | J10: timeslice | K10: com_fr | L10: process | N10: commodity | O10: timeslice | P10: com_fr | Q10: process | S10: commodity | T10: timeslice | U10: com_fr | V10: process | X10: g_yrfr | Y10: com_fr | Z10: timeslice | AA10: commodity | AC10: commodity | AD10: timeslice | AE10: com_fr | AG10: commodity | AH10: timeslice | AI10: com_pkflx | AK10: Year | AL10: timeslice | AM10: ncap_afs | AN10: pset_ci
A11: =IFERROR(IF(Veda!D5=A10,"ok","x"),"") -> x | C11: S01 | D11: a | E11: H01 | F11: S01,S02,S03,S04,S05,S06 | G11: a | I11: elc_spv_001 | J11: S01aH01 | K11: 0.0086115512 | L11: IMPNRGZ | N11: elc_won_001 | O11: S01aH01 | P11: 0.0041054165 | Q11: IMPNRGZ | S11: elc_wof_001 | T11: S01aH01 | U11: 0.026323444 | V11: IMPNRGZ | X11: 0.034931507 | Y11: 0.022169074 | Z11: S01aH01 | AA11: elc_roadtransport | AC11: elc_buildings | AD11: S01aH01 | AE11: 0.031922668 | AG11: ELC | AH11: S01aH01 | AI11: 0.15119597 | AK11: 2020 | AL11: S01 | AM11: 0.5719863 | AN11: hydro
C12: S02 | E12: H02 | G12: a | I12: elc_spv_001 | J12: S01aH02 | K12: 0.0099742728 | L12: IMPNRGZ | N12: elc_won_001 | O12: S01aH02 | P12: 0.0011465929 | Q12: IMPNRGZ | S12: elc_wof_001 | T12: S01aH02 | U12: 0.0029778699 | V12: IMPNRGZ | X12: 0.0038812785 | Y12: 0.0049139381 | Z12: S01aH02 | AA12: elc_roadtransport | AC12: elc_buildings | AD12: S01aH02 | AE12: 0.0044686703 | AG12: ELC | AH12: S01aH02 | AI12: 0.017442703 | AK12: 2020 | AL12: S02 | AM12: 0.57471264 | AN12: hydro
C13: S03 | E13: H03 | G13: a | I13: elc_spv_001 | J13: S01aH03 | K13: 0.011277066 | L13: IMPNRGZ | N13: elc_won_001 | O13: S01aH03 | P13: 0.0020084254 | Q13: IMPNRGZ | S13: elc_wof_001 | T13: S01aH03 | U13: 0.0034096706 | V13: IMPNRGZ | X13: 0.0038812785 | Y13: 0.0047899626 | Z13: S01aH03 | AA13: elc_roadtransport | AC13: elc_buildings | AD13: S01aH03 | AE13: 0.0044531482 | AG13: ELC | AH13: S01aH03 | AI13: 0.013361304 | AK13: 2020 | AL13: S03 | AM13: 0.5719863 | AN13: hydro
C14: S04 | E14: H04 | G14: a | I14: elc_spv_001 | J14: S01aH04 | K14: 0.078214769 | L14: IMPNRGZ | N14: elc_won_001 | O14: S01aH04 | P14: 0.021403742 | Q14: IMPNRGZ | S14: elc_wof_001 | T14: S01aH04 | U14: 0.03477136 | V14: IMPNRGZ | X14: 0.02716895 | Y14: 0.0407654 | Z14: S01aH04 | AA14: elc_roadtransport | AC14: elc_buildings | AD14: S01aH04 | AE14: 0.033507407 | AG14: ELC | AH14: S01aH04 | AI14: 0.08753271 | AK14: 2020 | AL14: S04 | AM14: 0.56152927 | AN14: hydro
C15: S05 | E15: H05 | G15: a | I15: elc_spv_001 | J15: S01aH05 | K15: 0.0065486123 | L15: IMPNRGZ | N15: elc_won_001 | O15: S01aH05 | P15: 0.0034366421 | Q15: IMPNRGZ | S15: elc_wof_001 | T15: S01aH05 | U15: 0.0065508266 | V15: IMPNRGZ | X15: 0.0038812785 | Y15: 0.0058606602 | Z15: S01aH05 | AA15: elc_roadtransport | AC15: elc_buildings | AD15: S01aH05 | AE15: 0.0048100278 | AG15: ELC | AH15: S01aH05 | AI15: 0.006243625 | AK15: 2020 | AL15: S05 | AM15: 0.63488299 | AN15: hydro
C16: S06 | E16: H06 | G16: a | I16: elc_spv_001 | J16: S01aH06 | K16: 0 | L16: IMPNRGZ | N16: elc_won_001 | O16: S01aH06 | P16: 0.013920381 | Q16: IMPNRGZ | S16: elc_wof_001 | T16: S01aH06 | U16: 0.030651623 | V16: IMPNRGZ | X16: 0.019406393 | Y16: 0.01465165 | Z16: S01aH06 | AA16: elc_roadtransport | AC16: elc_buildings | AD16: S01aH06 | AE16: 0.015236281 | AG16: ELC | AH16: S01aH06 | AI16: 0.16229552 | AK16: 2020 | AL16: S06 | AM16: 0.63251107 | AN16: hydro
I17: elc_spv_001 | J17: S02aH01 | K17: 0.0053920995 | L17: IMPNRGZ | N17: elc_won_001 | O17: S02aH01 | P17: 0.0014738265 | Q17: IMPNRGZ | S17: elc_wof_001 | T17: S02aH01 | U17: 0.01209963 | V17: IMPNRGZ | X17: 0.023630137 | Y17: 0.014996727 | Z17: S02aH01 | AA17: elc_roadtransport | AC17: elc_buildings | AD17: S02aH01 | AE17: 0.021319483 | AG17: ELC | AH17: S02aH01 | AI17: 0.13947007 | AK17: 2021 | AL17: S01 | AM17: 0.50012503 | AN17: hydro
I18: elc_spv_001 | J18: S02aH02 | K18: 0.0071635028 | L18: IMPNRGZ | N18: elc_won_001 | O18: S02aH02 | P18: 0.00047205602 | Q18: IMPNRGZ | S18: elc_wof_001 | T18: S02aH02 | U18: 0.001050741 | V18: IMPNRGZ | X18: 0.0026255708 | Y18: 0.0033241346 | Z18: S02aH02 | AA18: elc_roadtransport | AC18: elc_buildings | AD18: S02aH02 | AE18: 0.0029670512 | AG18: ELC | AH18: S02aH02 | AI18: 0.0055067933 | AK18: 2021 | AL18: S02 | AM18: 0.48449612 | AN18: hydro
I19: elc_spv_001 | J19: S02aH03 | K19: 0.0080064751 | L19: IMPNRGZ | N19: elc_won_001 | O19: S02aH03 | P19: 0.001122865 | Q19: IMPNRGZ | S19: elc_wof_001 | T19: S02aH03 | U19: 0.0012691812 | V19: IMPNRGZ | X19: 0.0026255708 | Y19: 0.0032402688 | Z19: S02aH03 | AA19: elc_roadtransport | AC19: elc_buildings | AD19: S02aH03 | AE19: 0.0029684861 | AG19: ELC | AH19: S02aH03 | AI19: 0.010217329 | AK19: 2021 | AL19: S03 | AM19: 0.48449612 | AN19: hydro
I20: elc_spv_001 | J20: S02aH04 | K20: 0.055343933 | L20: IMPNRGZ | N20: elc_won_001 | O20: S02aH04 | P20: 0.019095943 | Q20: IMPNRGZ | S20: elc_wof_001 | T20: S02aH04 | U20: 0.02088758 | V20: IMPNRGZ | X20: 0.018378995 | Y20: 0.027576594 | Z20: S02aH04 | AA20: elc_roadtransport | AC20: elc_buildings | AD20: S02aH04 | AE20: 0.022327968 | AG20: ELC | AH20: S02aH04 | AI20: 0.094959808 | AK20: 2021 | AL20: S04 | AM20: 0.48090726 | AN20: hydro
I21: elc_spv_001 | J21: S02aH05 | K21: 0.0048689097 | L21: IMPNRGZ | N21: elc_won_001 | O21: S02aH05 | P21: 0.0044843119 | Q21: IMPNRGZ | S21: elc_wof_001 | T21: S02aH05 | U21: 0.004541889 | V21: IMPNRGZ | X21: 0.0026255708 | Y21: 0.0039645642 | Z21: S02aH05 | AA21: elc_roadtransport | AC21: elc_buildings | AD21: S02aH05 | AE21: 0.0032027536 | AG21: ELC | AH21: S02aH05 | AI21: 0.016639012 | AK21: 2021 | AL21: S05 | AM21: 0.49986455 | AN21: hydro
I22: elc_spv_001 | J22: S02aH06 | K22: 0 | L22: IMPNRGZ | N22: elc_won_001 | O22: S02aH06 | P22: 0.018637868 | Q22: IMPNRGZ | S22: elc_wof_001 | T22: S02aH06 | U22: 0.019759126 | V22: IMPNRGZ | X22: 0.013127854 | Y22: 0.0099114106 | Z22: S02aH06 | AA22: elc_roadtransport | AC22: elc_buildings | AD22: S02aH06 | AE22: 0.010264171 | AG22: ELC | AH22: S02aH06 | AI22: 0.16609113 | AK22: 2021 | AL22: S06 | AM22: 0.53138285 | AN22: hydro
I23: elc_spv_001 | J23: S03aH01 | K23: 0.0065882505 | L23: IMPNRGZ | N23: elc_won_001 | O23: S03aH01 | P23: 0.0015958254 | Q23: IMPNRGZ | S23: elc_wof_001 | T23: S03aH01 | U23: 0.002827438 | V23: IMPNRGZ | X23: 0.02260274 | Y23: 0.014344695 | Z23: S03aH01 | AA23: elc_roadtransport | AC23: elc_buildings | AD23: S03aH01 | AE23: 0.020632257 | AG23: ELC | AH23: S03aH01 | AI23: 0.14007719 | AK23: 2022 | AL23: S01 | AM23: 0.45770371 | AN23: hydro
I24: elc_spv_001 | J24: S03aH02 | K24: 0.0061442087 | L24: IMPNRGZ | N24: elc_won_001 | O24: S03aH02 | P24: 0.00021691263 | Q24: IMPNRGZ | S24: elc_wof_001 | T24: S03aH02 | U24: 0.00017269705 | V24: IMPNRGZ | X24: 0.0025114155 | Y24: 0.003179607 | Z24: S03aH02 | AA24: elc_roadtransport | AC24: elc_buildings | AD24: S03aH02 | AE24: 0.0028665906 | AG24: ELC | AH24: S03aH02 | AI24: 0.012929849 | AK24: 2022 | AL24: S02 | AM24: 0.41528239 | AN24: hydro
I25: elc_spv_001 | J25: S03aH03 | K25: 0.0067828944 | L25: IMPNRGZ | N25: elc_won_001 | O25: S03aH03 | P25: 0.00032894199 | Q25: IMPNRGZ | S25: elc_wof_001 | T25: S03aH03 | U25: 0.00022305891 | V25: IMPNRGZ | X25: 0.0025114155 | Y25: 0.0030993876 | Z25: S03aH03 | AA25: elc_roadtransport | AC25: elc_buildings | AD25: S03aH03 | AE25: 0.0028751996 | AG25: ELC | AH25: S03aH03 | AI25: 0.017852238 | AK25: 2022 | AL25: S03 | AM25: 0.39518808 | AN25: hydro
I26: elc_spv_001 | J26: S03aH04 | K26: 0.04774273 | L26: IMPNRGZ | N26: elc_won_001 | O26: S03aH04 | P26: 0.012303613 | Q26: IMPNRGZ | S26: elc_wof_001 | T26: S03aH04 | U26: 0.004390799 | V26: IMPNRGZ | X26: 0.017579909 | Y26: 0.026377611 | Z26: S03aH04 | AA26: elc_roadtransport | AC26: elc_buildings | AD26: S03aH04 | AE26: 0.0216027 | AG26: ELC | AH26: S03aH04 | AI26: 0.098208623 | AK26: 2022 | AL26: S04 | AM26: 0.39454308 | AN26: hydro
I27: elc_spv_001 | J27: S03aH05 | K27: 0.0040062245 | L27: IMPNRGZ | N27: elc_won_001 | O27: S03aH05 | P27: 0.0046724433 | Q27: IMPNRGZ | S27: elc_wof_001 | T27: S03aH05 | U27: 0.0012246186 | V27: IMPNRGZ | X27: 0.0025114155 | Y27: 0.0037921919 | Z27: S03aH05 | AA27: elc_roadtransport | AC27: elc_buildings | AD27: S03aH05 | AE27: 0.0030959014 | AG27: ELC | AH27: S03aH05 | AI27: 0.015595429 | AK27: 2022 | AL27: S05 | AM27: 0.35764149 | AN27: hydro
I28: elc_spv_001 | J28: S03aH06 | K28: 0 | L28: IMPNRGZ | N28: elc_won_001 | O28: S03aH06 | P28: 0.016735968 | Q28: IMPNRGZ | S28: elc_wof_001 | T28: S03aH06 | U28: 0.0052856259 | V28: IMPNRGZ | X28: 0.012557078 | Y28: 0.0094804797 | Z28: S03aH06 | AA28: elc_roadtransport | AC28: elc_buildings | AD28: S03aH06 | AE28: 0.010020788 | AG28: ELC | AH28: S03aH06 | AI28: 0.16219002 | AK28: 2022 | AL28: S06 | AM28: 0.34383596 | AN28: hydro
... I46: elc_spv_001 | J46: S06aH06 | K46: 0 | L46: IMPNRGZ | N46: elc_won_001 | O46: S06aH06 | P46: 0.002937415 | Q46: IMPNRGZ | S46: elc_wof_001 | T46: S06aH06 | U46: 0.0063770729 | V46: IMPNRGZ | X46: 0.0039954338 | Y46: 0.0030165163 | Z46: S06aH06 | AA46: elc_roadtransport | AC46: elc_buildings | AD46: S06aH06 | AE46: 0.0030397428 | AG46: ELC | AH46: S06aH06 | AI46: 0.1721876 | AK46: 2027 | AL46: S06 | AM46: 0.5169 | AN46: hydro
I47: elc_spv_002 | J47: S01aH01 | K47: 0.010240022 | L47: IMPNRGZ | N47: elc_won_002 | O47: S01aH01 | P47: 0.0079867119 | Q47: IMPNRGZ | S47: elc_wof_002 | T47: S01aH01 | U47: 0.02027061 | V47: IMPNRGZ | AC47: elc_industry | AD47: S01aH01 | AE47: 0.034754543 | AK47: 2028 | AL47: S01 | AM47: 0.5176 | AN47: hydro
I48: elc_spv_002 | J48: S01aH02 | K48: 0.0081538515 | L48: IMPNRGZ | N48: elc_won_002 | O48: S01aH02 | P48: 0.00014434437 | Q48: IMPNRGZ | S48: elc_wof_002 | T48: S01aH02 | U48: 0.002473831 | V48: IMPNRGZ | AC48: elc_industry | AD48: S01aH02 | AE48: 0.0039092272 | AK48: 2028 | AL48: S02 | AM48: 0.4516 | AN48: hydro
I49: elc_spv_002 | J49: S01aH03 | K49: 0.0091239683 | L49: IMPNRGZ | N49: elc_won_002 | O49: S01aH03 | P49: 0.00029103041 | Q49: IMPNRGZ | S49: elc_wof_002 | T49: S01aH03 | U49: 0.0028201679 | V49: IMPNRGZ | AC49: elc_industry | AD49: S01aH03 | AE49: 0.0039084254 | AK49: 2028 | AL49: S03 | AM49: 0.44505 | AN49: hydro
I50: elc_spv_002 | J50: S01aH04 | K50: 0.071844914 | L50: IMPNRGZ | N50: elc_won_002 | O50: S01aH04 | P50: 0.005494949 | Q50: IMPNRGZ | S50: elc_wof_002 | T50: S01aH04 | U50: 0.038911864 | V50: IMPNRGZ | AC50: elc_industry | AD50: S01aH04 | AE50: 0.027479612 | AK50: 2028 | AL50: S04 | AM50: 0.50691111 | AN50: hydro
I51: elc_spv_002 | J51: S01aH05 | K51: 0.0065900518 | L51: IMPNRGZ | N51: elc_won_002 | O51: S01aH05 | P51: 0.0011537261 | Q51: IMPNRGZ | S51: elc_wof_002 | T51: S01aH05 | U51: 0.0075925805 | V51: IMPNRGZ | AC51: elc_industry | AD51: S01aH05 | AE51: 0.0039268602 | AK51: 2028 | AL51: S05 | AM51: 0.51845 | AN51: hydro
I52: elc_spv_002 | J52: S01aH06 | K52: 0 | L52: IMPNRGZ | N52: elc_won_002 | O52: S01aH06 | P52: 0.0069677739 | Q52: IMPNRGZ | S52: elc_wof_002 | T52: S01aH06 | U52: 0.028928468 | V52: IMPNRGZ | AC52: elc_industry | AD52: S01aH06 | AE52: 0.019179016 | AK52: 2028 | AL52: S06 | AM52: 0.5215 | AN52: hydro
I53: elc_spv_002 | J53: S02aH01 | K53: 0.0047420519 | L53: IMPNRGZ | N53: elc_won_002 | O53: S02aH01 | P53: 0.0072621289 | Q53: IMPNRGZ | S53: elc_wof_002 | T53: S02aH01 | U53: 0.0084169526 | V53: IMPNRGZ | AC53: elc_industry | AD53: S02aH01 | AE53: 0.023510439 | AK53: 2029 | AL53: S01 | AM53: 0.49625 | AN53: hydro
I54: elc_spv_002 | J54: S02aH02 | K54: 0.0051190561 | L54: IMPNRGZ | N54: elc_won_002 | O54: S02aH02 | P54: 0.00015531608 | Q54: IMPNRGZ | S54: elc_wof_002 | T54: S02aH02 | U54: 0.00088194161 | V54: IMPNRGZ | AC54: elc_industry | AD54: S02aH02 | AE54: 0.0026431723 | AK54: 2029 | AL54: S02 | AM54: 0.486 | AN54: hydro
I55: elc_spv_002 | J55: S02aH03 | K55: 0.0062084592 | L55: IMPNRGZ | N55: elc_won_002 | O55: S02aH03 | P55: 0.00020813849 | Q55: IMPNRGZ | S55: elc_wof_002 | T55: S02aH03 | U55: 0.001072998 | V55: IMPNRGZ | AC55: elc_industry | AD55: S02aH03 | AE55: 0.0026432465 | AK55: 2029 | AL55: S03 | AM55: 0.48715 | AN55: hydro
I56: elc_spv_002 | J56: S02aH04 | K56: 0.04916485 | L56: IMPNRGZ | N56: elc_won_002 | O56: S02aH04 | P56: 0.0063219973 | Q56: IMPNRGZ | S56: elc_wof_002 | T56: S02aH04 | U56: 0.028488822 | V56: IMPNRGZ | AC56: elc_industry | AD56: S02aH04 | AE56: 0.018582717 | AK56: 2029 | AL56: S04 | AM56: 0.5197 | AN56: hydro
I57: elc_spv_002 | J57: S02aH05 | K57: 0.0047860789 | L57: IMPNRGZ | N57: elc_won_002 | O57: S02aH05 | P57: 0.002011143 | Q57: IMPNRGZ | S57: elc_wof_002 | T57: S02aH05 | U57: 0.0058884786 | V57: IMPNRGZ | AC57: elc_industry | AD57: S02aH05 | AE57: 0.0026553477 | AK57: 2029 | AL57: S05 | AM57: 0.57305 | AN57: hydro
I58: elc_spv_002 | J58: S02aH06 | K58: 0 | L58: IMPNRGZ | N58: elc_won_002 | O58: S02aH06 | P58: 0.011633486 | Q58: IMPNRGZ | S58: elc_wof_002 | T58: S02aH06 | U58: 0.018761422 | V58: IMPNRGZ | AC58: elc_industry | AD58: S02aH06 | AE58: 0.01297974 | AK58: 2029 | AL58: S06 | AM58: 0.5388 | AN58: hydro
... I82: elc_spv_002 | J82: S06aH06 | K82: 0 | L82: IMPNRGZ | N82: elc_won_002 | O82: S06aH06 | P82: 0.00083599893 | Q82: IMPNRGZ | S82: elc_wof_002 | T82: S06aH06 | U82: 0.0064008658 | V82: IMPNRGZ | AC82: elc_industry | AD82: S06aH06 | AE82: 0.0039477359 | AK82: 2033 | AL82: S06 | AM82: 0.4537 | AN82: hydro
I83: elc_spv_003 | J83: S01aH01 | K83: 0.014013886 | L83: IMPNRGZ | N83: elc_won_003 | O83: S01aH01 | P83: 0.022601432 | Q83: IMPNRGZ | S83: elc_wof_003 | T83: S01aH01 | U83: 0.017062501 | V83: IMPNRGZ | AK83: 2034 | AL83: S01 | AM83: 0.46175 | AN83: hydro
I84: elc_spv_003 | J84: S01aH02 | K84: 0.0099195104 | L84: IMPNRGZ | N84: elc_won_003 | O84: S01aH02 | P84: 0.0023544583 | Q84: IMPNRGZ | S84: elc_wof_003 | T84: S01aH02 | U84: 0.0018645453 | V84: IMPNRGZ | AK84: 2034 | AL84: S02 | AM84: 0.4537 | AN84: hydro
I85: elc_spv_003 | J85: S01aH03 | K85: 0.010559758 | L85: IMPNRGZ | N85: elc_won_003 | O85: S01aH03 | P85: 0.0023241959 | Q85: IMPNRGZ | S85: elc_wof_003 | T85: S01aH03 | U85: 0.0020569031 | V85: IMPNRGZ | AK85: 2034 | AL85: S03 | AM85: 0.427 | AN85: hydro
I86: elc_spv_003 | J86: S01aH04 | K86: 0.066223062 | L86: IMPNRGZ | N86: elc_won_003 | O86: S01aH04 | P86: 0.026429989 | Q86: IMPNRGZ | S86: elc_wof_003 | T86: S01aH04 | U86: 0.02499852 | V86: IMPNRGZ | AK86: 2034 | AL86: S04 | AM86: 0.43415556 | AN86: hydro
I87: elc_spv_003 | J87: S01aH05 | K87: 0.0033038511 | L87: IMPNRGZ | N87: elc_won_003 | O87: S01aH05 | P87: 0.0060226857 | Q87: IMPNRGZ | S87: elc_wof_003 | T87: S01aH05 | U87: 0.0055421997 | V87: IMPNRGZ | AK87: 2034 | AL87: S05 | AM87: 0.48735 | AN87: hydro
I88: elc_spv_003 | J88: S01aH06 | K88: 0 | L88: IMPNRGZ | N88: elc_won_003 | O88: S01aH06 | P88: 0.025678341 | Q88: IMPNRGZ | S88: elc_wof_003 | T88: S01aH06 | U88: 0.023766074 | V88: IMPNRGZ | AK88: 2034 | AL88: S06 | AM88: 0.506 | AN88: hydro
I89: elc_spv_003 | J89: S02aH01 | K89: 0.010149816 | L89: IMPNRGZ | N89: elc_won_003 | O89: S02aH01 | P89: 0.011511716 | Q89: IMPNRGZ | S89: elc_wof_003 | T89: S02aH01 | U89: 0.0073258502 | V89: IMPNRGZ | AK89: 2035 | AL89: S01 | AM89: 0.41525 | AN89: hydro
I90: elc_spv_003 | J90: S02aH02 | K90: 0.0071680609 | L90: IMPNRGZ | N90: elc_won_003 | O90: S02aH02 | P90: 0.0011661332 | Q90: IMPNRGZ | S90: elc_wof_003 | T90: S02aH02 | U90: 0.00066478884 | V90: IMPNRGZ | AK90: 2035 | AL90: S02 | AM90: 0.411 | AN90: hydro
I91: elc_spv_003 | J91: S02aH03 | K91: 0.007670579 | L91: IMPNRGZ | N91: elc_won_003 | O91: S02aH03 | P91: 0.0012217063 | Q91: IMPNRGZ | S91: elc_wof_003 | T91: S02aH03 | U91: 0.00083550008 | V91: IMPNRGZ | AK91: 2035 | AL91: S03 | AM91: 0.4022 | AN91: hydro
I92: elc_spv_003 | J92: S02aH04 | K92: 0.046841286 | L92: IMPNRGZ | N92: elc_won_003 | O92: S02aH04 | P92: 0.019012776 | Q92: IMPNRGZ | S92: elc_wof_003 | T92: S02aH04 | U92: 0.017404232 | V92: IMPNRGZ | AK92: 2035 | AL92: S04 | AM92: 0.44122222 | AN92: hydro
I93: elc_spv_003 | J93: S02aH05 | K93: 0.0026420832 | L93: IMPNRGZ | N93: elc_won_003 | O93: S02aH05 | P93: 0.004338549 | Q93: IMPNRGZ | S93: elc_wof_003 | T93: S02aH05 | U93: 0.0038354233 | V93: IMPNRGZ | AK93: 2035 | AL93: S05 | AM93: 0.52235 | AN93: hydro
I94: elc_spv_003 | J94: S02aH06 | K94: 0 | L94: IMPNRGZ | N94: elc_won_003 | O94: S02aH06 | P94: 0.016820205 | Q94: IMPNRGZ | S94: elc_wof_003 | T94: S02aH06 | U94: 0.014800439 | V94: IMPNRGZ | AK94: 2035 | AL94: S06 | AM94: 0.5384 | AN94: hydro
... I184: elc_spv_005 | J184: S05aH06 | K184: 0 | L184: IMPNRGZ | N184: elc_won_005 | O184: S05aH06 | P184: 0.013032625 | Q184: IMPNRGZ | S184: elc_wof_005 | T184: S05aH06 | U184: 0.012601813 | V184: IMPNRGZ | AK184: 2050 | AL184: S06 | AM184: 0.3847 | AN184: hydro
I185: elc_spv_005 | J185: S06aH01 | K185: 0.0038527417 | L185: IMPNRGZ | N185: elc_won_005 | O185: S06aH01 | P185: 0.0050113193 | Q185: IMPNRGZ | S185: elc_wof_005 | T185: S06aH01 | U185: 0.0063422469 | V185: IMPNRGZ
I186: elc_spv_005 | J186: S06aH02 | K186: 0.0023412905 | L186: IMPNRGZ | N186: elc_won_005 | O186: S06aH02 | P186: 0.00053399618 | Q186: IMPNRGZ | S186: elc_wof_005 | T186: S06aH02 | U186: 0.0005713896 | V186: IMPNRGZ
I187: elc_spv_005 | J187: S06aH03 | K187: 0.0023322354 | L187: IMPNRGZ | N187: elc_won_005 | O187: S06aH03 | P187: 0.00049551089 | Q187: IMPNRGZ | S187: elc_wof_005 | T187: S06aH03 | U187: 0.00050084151 | V187: IMPNRGZ
I188: elc_spv_005 | J188: S06aH04 | K188: 0.014321679 | L188: IMPNRGZ | N188: elc_won_005 | O188: S06aH04 | P188: 0.0030076119 | Q188: IMPNRGZ | S188: elc_wof_005 | T188: S06aH04 | U188: 0.0053827865 | V188: IMPNRGZ
I189: elc_spv_005 | J189: S06aH05 | K189: 0.0011457995 | L189: IMPNRGZ | N189: elc_won_005 | O189: S06aH05 | P189: 0.0011216972 | Q189: IMPNRGZ | S189: elc_wof_005 | T189: S06aH05 | U189: 0.001172009 | V189: IMPNRGZ
I190: elc_spv_005 | J190: S06aH06 | K190: 0 | L190: IMPNRGZ | N190: elc_won_005 | O190: S06aH06 | P190: 0.0054980018 | Q190: IMPNRGZ | S190: elc_wof_005 | T190: S06aH06 | U190: 0.0053295129 | V190: IMPNRGZ
I191: elc_spv_006 | J191: S01aH01 | K191: 0.016227506 | L191: IMPNRGZ | N191: elc_won_006 | O191: S01aH01 | P191: 0.018503274 | Q191: IMPNRGZ | S191: elc_wof_006 | T191: S01aH01 | U191: 0.042376289 | V191: IMPNRGZ
I192: elc_spv_006 | J192: S01aH02 | K192: 0.010681604 | L192: IMPNRGZ | N192: elc_won_006 | O192: S01aH02 | P192: 0.0012448439 | Q192: IMPNRGZ | S192: elc_wof_006 | T192: S01aH02 | U192: 0.0045089956 | V192: IMPNRGZ
I193: elc_spv_006 | J193: S01aH03 | K193: 0.011597628 | L193: IMPNRGZ | N193: elc_won_006 | O193: S01aH03 | P193: 0.0011580079 | Q193: IMPNRGZ | S193: elc_wof_006 | T193: S01aH03 | U193: 0.0043188548 | V193: IMPNRGZ
I194: elc_spv_006 | J194: S01aH04 | K194: 0.073252295 | L194: IMPNRGZ | N194: elc_won_006 | O194: S01aH04 | P194: 0.0051275354 | Q194: IMPNRGZ | S194: elc_wof_006 | T194: S01aH04 | U194: 0.029711971 | V194: IMPNRGZ
I195: elc_spv_006 | J195: S01aH05 | K195: 0.0050554728 | L195: IMPNRGZ | N195: elc_won_006 | O195: S01aH05 | P195: 0.0012565462 | Q195: IMPNRGZ | S195: elc_wof_006 | T195: S01aH05 | U195: 0.0055903395 | V195: IMPNRGZ
I196: elc_spv_006 | J196: S01aH06 | K196: 0 | L196: IMPNRGZ | N196: elc_won_006 | O196: S01aH06 | P196: 0.022112659 | Q196: IMPNRGZ | S196: elc_wof_006 | T196: S01aH06 | U196: 0.030556271 | V196: IMPNRGZ
... I370: elc_spv_010 | J370: S06aH06 | K370: 0 | L370: IMPNRGZ | N370: elc_won_010 | O370: S06aH06 | P370: 0.0040092705 | Q370: IMPNRGZ | S370: elc_wof_010 | T370: S06aH06 | U370: 0.006038469 | V370: IMPNRGZ
I371: elc_spv_011 | J371: S01aH01 | K371: 0.014695396 | L371: IMPNRGZ | N371: elc_won_011 | O371: S01aH01 | P371: 0.019651575 | Q371: IMPNRGZ
I372: elc_spv_011 | J372: S01aH02 | K372: 0.010289814 | L372: IMPNRGZ | N372: elc_won_011 | O372: S01aH02 | P372: 0.0035743207 | Q372: IMPNRGZ
I373: elc_spv_011 | J373: S01aH03 | K373: 0.011143246 | L373: IMPNRGZ | N373: elc_won_011 | O373: S01aH03 | P373: 0.0034939491 | Q373: IMPNRGZ
I374: elc_spv_011 | J374: S01aH04 | K374: 0.06333701 | L374: IMPNRGZ | N374: elc_won_011 | O374: S01aH04 | P374: 0.016187208 | Q374: IMPNRGZ
I375: elc_spv_011 | J375: S01aH05 | K375: 0.0032504077 | L375: IMPNRGZ | N375: elc_won_011 | O375: S01aH05 | P375: 0.0029872882 | Q375: IMPNRGZ
I376: elc_spv_011 | J376: S01aH06 | K376: 0 | L376: IMPNRGZ | N376: elc_won_011 | O376: S01aH06 | P376: 0.018419096 | Q376: IMPNRGZ
I377: elc_spv_011 | J377: S02aH01 | K377: 0.010979563 | L377: IMPNRGZ | N377: elc_won_011 | O377: S02aH01 | P377: 0.020140083 | Q377: IMPNRGZ
I378: elc_spv_011 | J378: S02aH02 | K378: 0.0076434522 | L378: IMPNRGZ | N378: elc_won_011 | O378: S02aH02 | P378: 0.003462068 | Q378: IMPNRGZ
I379: elc_spv_011 | J379: S02aH03 | K379: 0.008107132 | L379: IMPNRGZ | N379: elc_won_011 | O379: S02aH03 | P379: 0.0033977973 | Q379: IMPNRGZ
I380: elc_spv_011 | J380: S02aH04 | K380: 0.047482531 | L380: IMPNRGZ | N380: elc_won_011 | O380: S02aH04 | P380: 0.01728813 | Q380: IMPNRGZ
I381: elc_spv_011 | J381: S02aH05 | K381: 0.0030277587 | L381: IMPNRGZ | N381: elc_won_011 | O381: S02aH05 | P381: 0.0030620582 | Q381: IMPNRGZ
I382: elc_spv_011 | J382: S02aH06 | K382: 0 | L382: IMPNRGZ | N382: elc_won_011 | O382: S02aH06 | P382: 0.017681106 | Q382: IMPNRGZ
... I838: elc_spv_023 | J838: S06aH06 | K838: 0 | L838: IMPNRGZ | N838: elc_won_023 | O838: S06aH06 | P838: 0.013413445 | Q838: IMPNRGZ
I839: elc_spv_024 | J839: S01aH01 | K839: 0.014833367 | L839: IMPNRGZ
I840: elc_spv_024 | J840: S01aH02 | K840: 0.0099156718 | L840: IMPNRGZ
I841: elc_spv_024 | J841: S01aH03 | K841: 0.010504635 | L841: IMPNRGZ
I842: elc_spv_024 | J842: S01aH04 | K842: 0.068122655 | L842: IMPNRGZ
I843: elc_spv_024 | J843: S01aH05 | K843: 0.0033812022 | L843: IMPNRGZ
I844: elc_spv_024 | J844: S01aH06 | K844: 0 | L844: IMPNRGZ
I845: elc_spv_024 | J845: S02aH01 | K845: 0.010918107 | L845: IMPNRGZ
I846: elc_spv_024 | J846: S02aH02 | K846: 0.0070463159 | L846: IMPNRGZ
I847: elc_spv_024 | J847: S02aH03 | K847: 0.0074785849 | L847: IMPNRGZ
I848: elc_spv_024 | J848: S02aH04 | K848: 0.0480225 | L848: IMPNRGZ
I849: elc_spv_024 | J849: S02aH05 | K849: 0.0035899453 | L849: IMPNRGZ
I850: elc_spv_024 | J850: S02aH06 | K850: 0 | L850: IMPNRGZ
... I1018: elc_spv_028 | J1018: S06aH06 | K1018: 0 | L1018: IMPNRGZ

Sheet ts_048P10
C9: =IF(A11="x","DeActivated","~TimeSlices") -> DeActivated | I9: =IF(A11="x","DeActivated","~TFM_DINS-AT") -> DeActivated | N9: =IF(A11="x","DeActivated","~TFM_DINS-AT") -> DeActivated | S9: =IF(A11="x","DeActivated","~TFM_DINS-AT") -> DeActivated | X9: =IF(A11="x","DeActivated","~TFM_DINS-AT") -> DeActivated | AC9: =IF(A11="x","DeActivated","~TFM_DINS-AT") -> DeActivated | AG9: =IF(A11="x","DeActivated","~TFM_DINS-AT") -> DeActivated | AK9: =IF(A11="x","DeActivated","~TFM_INS-AT") -> DeActivated
A10: ts_048P10 | C10: season | D10: weekly | E10: daynite | F10: wparent | G10: dparent | I10: commodity | J10: timeslice | K10: com_fr | L10: process | N10: commodity | O10: timeslice | P10: com_fr | Q10: process | S10: commodity | T10: timeslice | U10: com_fr | V10: process | X10: g_yrfr | Y10: com_fr | Z10: timeslice | AA10: commodity | AC10: commodity | AD10: timeslice | AE10: com_fr | AG10: commodity | AH10: timeslice | AI10: com_pkflx | AK10: Year | AL10: timeslice | AM10: ncap_afs | AN10: pset_ci
A11: =IFERROR(IF(Veda!D5=A10,"ok","x"),"") -> x | C11: S01 | D11: a | E11: H01 | F11: S01,S02,S03,S04,S05,S06 | G11: a | I11: elc_spv_001 | J11: S01aH01 | K11: 0.0086115512 | L11: IMPNRGZ | N11: elc_won_001 | O11: S01aH01 | P11: 0.0041054165 | Q11: IMPNRGZ | S11: elc_wof_001 | T11: S01aH01 | U11: 0.026323444 | V11: IMPNRGZ | X11: 0.034931507 | Y11: 0.022169074 | Z11: S01aH01 | AA11: elc_roadtransport | AC11: elc_buildings | AD11: S01aH01 | AE11: 0.031922668 | AG11: ELC | AH11: S01aH01 | AI11: 0.15119597 | AK11: 2020 | AL11: S01 | AM11: 0.5719863 | AN11: hydro
C12: S02 | E12: H02 | G12: a | I12: elc_spv_001 | J12: S01aH02 | K12: 0.0099742728 | L12: IMPNRGZ | N12: elc_won_001 | O12: S01aH02 | P12: 0.0011465929 | Q12: IMPNRGZ | S12: elc_wof_001 | T12: S01aH02 | U12: 0.0029778699 | V12: IMPNRGZ | X12: 0.0038812785 | Y12: 0.0049139381 | Z12: S01aH02 | AA12: elc_roadtransport | AC12: elc_buildings | AD12: S01aH02 | AE12: 0.0044686703 | AG12: ELC | AH12: S01aH02 | AI12: 0.017442703 | AK12: 2020 | AL12: S02 | AM12: 0.57471264 | AN12: hydro
C13: S03 | E13: H03 | G13: a | I13: elc_spv_001 | J13: S01aH03 | K13: 0.011277066 | L13: IMPNRGZ | N13: elc_won_001 | O13: S01aH03 | P13: 0.0020084254 | Q13: IMPNRGZ | S13: elc_wof_001 | T13: S01aH03 | U13: 0.0034096706 | V13: IMPNRGZ | X13: 0.0038812785 | Y13: 0.0047899626 | Z13: S01aH03 | AA13: elc_roadtransport | AC13: elc_buildings | AD13: S01aH03 | AE13: 0.0044531482 | AG13: ELC | AH13: S01aH03 | AI13: 0.013361304 | AK13: 2020 | AL13: S03 | AM13: 0.5719863 | AN13: hydro
C14: S04 | E14: H04 | G14: a | I14: elc_spv_001 | J14: S01aH04 | K14: 0.078214769 | L14: IMPNRGZ | N14: elc_won_001 | O14: S01aH04 | P14: 0.021403742 | Q14: IMPNRGZ | S14: elc_wof_001 | T14: S01aH04 | U14: 0.03477136 | V14: IMPNRGZ | X14: 0.02716895 | Y14: 0.0407654 | Z14: S01aH04 | AA14: elc_roadtransport | AC14: elc_buildings | AD14: S01aH04 | AE14: 0.033507407 | AG14: ELC | AH14: S01aH04 | AI14: 0.08753271 | AK14: 2020 | AL14: S04 | AM14: 0.56152927 | AN14: hydro
C15: S05 | E15: H05 | G15: a | I15: elc_spv_001 | J15: S01aH05 | K15: 0.0065486123 | L15: IMPNRGZ | N15: elc_won_001 | O15: S01aH05 | P15: 0.0034366421 | Q15: IMPNRGZ | S15: elc_wof_001 | T15: S01aH05 | U15: 0.0065508266 | V15: IMPNRGZ | X15: 0.0038812785 | Y15: 0.0058606602 | Z15: S01aH05 | AA15: elc_roadtransport | AC15: elc_buildings | AD15: S01aH05 | AE15: 0.0048100278 | AG15: ELC | AH15: S01aH05 | AI15: 0.006243625 | AK15: 2020 | AL15: S05 | AM15: 0.63488299 | AN15: hydro
C16: S06 | E16: H06 | G16: a | I16: elc_spv_001 | J16: S01aH06 | K16: 0 | L16: IMPNRGZ | N16: elc_won_001 | O16: S01aH06 | P16: 0.013920381 | Q16: IMPNRGZ | S16: elc_wof_001 | T16: S01aH06 | U16: 0.030651623 | V16: IMPNRGZ | X16: 0.019406393 | Y16: 0.01465165 | Z16: S01aH06 | AA16: elc_roadtransport | AC16: elc_buildings | AD16: S01aH06 | AE16: 0.015236281 | AG16: ELC | AH16: S01aH06 | AI16: 0.16229552 | AK16: 2020 | AL16: S06 | AM16: 0.63251107 | AN16: hydro
I17: elc_spv_001 | J17: S02aH01 | K17: 0.0053920995 | L17: IMPNRGZ | N17: elc_won_001 | O17: S02aH01 | P17: 0.0014738265 | Q17: IMPNRGZ | S17: elc_wof_001 | T17: S02aH01 | U17: 0.01209963 | V17: IMPNRGZ | X17: 0.023630137 | Y17: 0.014996727 | Z17: S02aH01 | AA17: elc_roadtransport | AC17: elc_buildings | AD17: S02aH01 | AE17: 0.021319483 | AG17: ELC | AH17: S02aH01 | AI17: 0.13947007 | AK17: 2021 | AL17: S01 | AM17: 0.50012503 | AN17: hydro
I18: elc_spv_001 | J18: S02aH02 | K18: 0.0071635028 | L18: IMPNRGZ | N18: elc_won_001 | O18: S02aH02 | P18: 0.00047205602 | Q18: IMPNRGZ | S18: elc_wof_001 | T18: S02aH02 | U18: 0.001050741 | V18: IMPNRGZ | X18: 0.0026255708 | Y18: 0.0033241346 | Z18: S02aH02 | AA18: elc_roadtransport | AC18: elc_buildings | AD18: S02aH02 | AE18: 0.0029670512 | AG18: ELC | AH18: S02aH02 | AI18: 0.0055067933 | AK18: 2021 | AL18: S02 | AM18: 0.48449612 | AN18: hydro
I19: elc_spv_001 | J19: S02aH03 | K19: 0.0080064751 | L19: IMPNRGZ | N19: elc_won_001 | O19: S02aH03 | P19: 0.001122865 | Q19: IMPNRGZ | S19: elc_wof_001 | T19: S02aH03 | U19: 0.0012691812 | V19: IMPNRGZ | X19: 0.0026255708 | Y19: 0.0032402688 | Z19: S02aH03 | AA19: elc_roadtransport | AC19: elc_buildings | AD19: S02aH03 | AE19: 0.0029684861 | AG19: ELC | AH19: S02aH03 | AI19: 0.010217329 | AK19: 2021 | AL19: S03 | AM19: 0.48449612 | AN19: hydro
I20: elc_spv_001 | J20: S02aH04 | K20: 0.055343933 | L20: IMPNRGZ | N20: elc_won_001 | O20: S02aH04 | P20: 0.019095943 | Q20: IMPNRGZ | S20: elc_wof_001 | T20: S02aH04 | U20: 0.02088758 | V20: IMPNRGZ | X20: 0.018378995 | Y20: 0.027576594 | Z20: S02aH04 | AA20: elc_roadtransport | AC20: elc_buildings | AD20: S02aH04 | AE20: 0.022327968 | AG20: ELC | AH20: S02aH04 | AI20: 0.094959808 | AK20: 2021 | AL20: S04 | AM20: 0.48090726 | AN20: hydro
I21: elc_spv_001 | J21: S02aH05 | K21: 0.0048689097 | L21: IMPNRGZ | N21: elc_won_001 | O21: S02aH05 | P21: 0.0044843119 | Q21: IMPNRGZ | S21: elc_wof_001 | T21: S02aH05 | U21: 0.004541889 | V21: IMPNRGZ | X21: 0.0026255708 | Y21: 0.0039645642 | Z21: S02aH05 | AA21: elc_roadtransport | AC21: elc_buildings | AD21: S02aH05 | AE21: 0.0032027536 | AG21: ELC | AH21: S02aH05 | AI21: 0.016639012 | AK21: 2021 | AL21: S05 | AM21: 0.49986455 | AN21: hydro
I22: elc_spv_001 | J22: S02aH06 | K22: 0 | L22: IMPNRGZ | N22: elc_won_001 | O22: S02aH06 | P22: 0.018637868 | Q22: IMPNRGZ | S22: elc_wof_001 | T22: S02aH06 | U22: 0.019759126 | V22: IMPNRGZ | X22: 0.013127854 | Y22: 0.0099114106 | Z22: S02aH06 | AA22: elc_roadtransport | AC22: elc_buildings | AD22: S02aH06 | AE22: 0.010264171 | AG22: ELC | AH22: S02aH06 | AI22: 0.16609113 | AK22: 2021 | AL22: S06 | AM22: 0.53138285 | AN22: hydro
I23: elc_spv_001 | J23: S03aH01 | K23: 0.0065882505 | L23: IMPNRGZ | N23: elc_won_001 | O23: S03aH01 | P23: 0.0015958254 | Q23: IMPNRGZ | S23: elc_wof_001 | T23: S03aH01 | U23: 0.002827438 | V23: IMPNRGZ | X23: 0.02260274 | Y23: 0.014344695 | Z23: S03aH01 | AA23: elc_roadtransport | AC23: elc_buildings | AD23: S03aH01 | AE23: 0.020632257 | AG23: ELC | AH23: S03aH01 | AI23: 0.14007719 | AK23: 2022 | AL23: S01 | AM23: 0.45770371 | AN23: hydro
I24: elc_spv_001 | J24: S03aH02 | K24: 0.0061442087 | L24: IMPNRGZ | N24: elc_won_001 | O24: S03aH02 | P24: 0.00021691263 | Q24: IMPNRGZ | S24: elc_wof_001 | T24: S03aH02 | U24: 0.00017269705 | V24: IMPNRGZ | X24: 0.0025114155 | Y24: 0.003179607 | Z24: S03aH02 | AA24: elc_roadtransport | AC24: elc_buildings | AD24: S03aH02 | AE24: 0.0028665906 | AG24: ELC | AH24: S03aH02 | AI24: 0.012929849 | AK24: 2022 | AL24: S02 | AM24: 0.41528239 | AN24: hydro
I25: elc_spv_001 | J25: S03aH03 | K25: 0.0067828944 | L25: IMPNRGZ | N25: elc_won_001 | O25: S03aH03 | P25: 0.00032894199 | Q25: IMPNRGZ | S25: elc_wof_001 | T25: S03aH03 | U25: 0.00022305891 | V25: IMPNRGZ | X25: 0.0025114155 | Y25: 0.0030993876 | Z25: S03aH03 | AA25: elc_roadtransport | AC25: elc_buildings | AD25: S03aH03 | AE25: 0.0028751996 | AG25: ELC | AH25: S03aH03 | AI25: 0.017852238 | AK25: 2022 | AL25: S03 | AM25: 0.39518808 | AN25: hydro
I26: elc_spv_001 | J26: S03aH04 | K26: 0.04774273 | L26: IMPNRGZ | N26: elc_won_001 | O26: S03aH04 | P26: 0.012303613 | Q26: IMPNRGZ | S26: elc_wof_001 | T26: S03aH04 | U26: 0.004390799 | V26: IMPNRGZ | X26: 0.017579909 | Y26: 0.026377611 | Z26: S03aH04 | AA26: elc_roadtransport | AC26: elc_buildings | AD26: S03aH04 | AE26: 0.0216027 | AG26: ELC | AH26: S03aH04 | AI26: 0.098208623 | AK26: 2022 | AL26: S04 | AM26: 0.39454308 | AN26: hydro
I27: elc_spv_001 | J27: S03aH05 | K27: 0.0040062245 | L27: IMPNRGZ | N27: elc_won_001 | O27: S03aH05 | P27: 0.0046724433 | Q27: IMPNRGZ | S27: elc_wof_001 | T27: S03aH05 | U27: 0.0012246186 | V27: IMPNRGZ | X27: 0.0025114155 | Y27: 0.0037921919 | Z27: S03aH05 | AA27: elc_roadtransport | AC27: elc_buildings | AD27: S03aH05 | AE27: 0.0030959014 | AG27: ELC | AH27: S03aH05 | AI27: 0.015595429 | AK27: 2022 | AL27: S05 | AM27: 0.35764149 | AN27: hydro
I28: elc_spv_001 | J28: S03aH06 | K28: 0 | L28: IMPNRGZ | N28: elc_won_001 | O28: S03aH06 | P28: 0.016735968 | Q28: IMPNRGZ | S28: elc_wof_001 | T28: S03aH06 | U28: 0.0052856259 | V28: IMPNRGZ | X28: 0.012557078 | Y28: 0.0094804797 | Z28: S03aH06 | AA28: elc_roadtransport | AC28: elc_buildings | AD28: S03aH06 | AE28: 0.010020788 | AG28: ELC | AH28: S03aH06 | AI28: 0.16219002 | AK28: 2022 | AL28: S06 | AM28: 0.34383596 | AN28: hydro
... I46: elc_spv_001 | J46: S06aH06 | K46: 0 | L46: IMPNRGZ | N46: elc_won_001 | O46: S06aH06 | P46: 0.002937415 | Q46: IMPNRGZ | S46: elc_wof_001 | T46: S06aH06 | U46: 0.0063770729 | V46: IMPNRGZ | X46: 0.0039954338 | Y46: 0.0030165163 | Z46: S06aH06 | AA46: elc_roadtransport | AC46: elc_buildings | AD46: S06aH06 | AE46: 0.0030397428 | AG46: ELC | AH46: S06aH06 | AI46: 0.1721876 | AK46: 2027 | AL46: S06 | AM46: 0.5488 | AN46: hydro
I47: elc_spv_002 | J47: S01aH01 | K47: 0.010240022 | L47: IMPNRGZ | N47: elc_won_002 | O47: S01aH01 | P47: 0.0079867119 | Q47: IMPNRGZ | S47: elc_wof_002 | T47: S01aH01 | U47: 0.02027061 | V47: IMPNRGZ | AC47: elc_industry | AD47: S01aH01 | AE47: 0.034754543 | AK47: 2028 | AL47: S01 | AM47: 0.4394 | AN47: hydro
I48: elc_spv_002 | J48: S01aH02 | K48: 0.0081538515 | L48: IMPNRGZ | N48: elc_won_002 | O48: S01aH02 | P48: 0.00014434437 | Q48: IMPNRGZ | S48: elc_wof_002 | T48: S01aH02 | U48: 0.002473831 | V48: IMPNRGZ | AC48: elc_industry | AD48: S01aH02 | AE48: 0.0039092272 | AK48: 2028 | AL48: S02 | AM48: 0.4425 | AN48: hydro
I49: elc_spv_002 | J49: S01aH03 | K49: 0.0091239683 | L49: IMPNRGZ | N49: elc_won_002 | O49: S01aH03 | P49: 0.00029103041 | Q49: IMPNRGZ | S49: elc_wof_002 | T49: S01aH03 | U49: 0.0028201679 | V49: IMPNRGZ | AC49: elc_industry | AD49: S01aH03 | AE49: 0.0039084254 | AK49: 2028 | AL49: S03 | AM49: 0.44335 | AN49: hydro
I50: elc_spv_002 | J50: S01aH04 | K50: 0.071844914 | L50: IMPNRGZ | N50: elc_won_002 | O50: S01aH04 | P50: 0.005494949 | Q50: IMPNRGZ | S50: elc_wof_002 | T50: S01aH04 | U50: 0.038911864 | V50: IMPNRGZ | AC50: elc_industry | AD50: S01aH04 | AE50: 0.027479612 | AK50: 2028 | AL50: S04 | AM50: 0.44813333 | AN50: hydro
I51: elc_spv_002 | J51: S01aH05 | K51: 0.0065900518 | L51: IMPNRGZ | N51: elc_won_002 | O51: S01aH05 | P51: 0.0011537261 | Q51: IMPNRGZ | S51: elc_wof_002 | T51: S01aH05 | U51: 0.0075925805 | V51: IMPNRGZ | AC51: elc_industry | AD51: S01aH05 | AE51: 0.0039268602 | AK51: 2028 | AL51: S05 | AM51: 0.5282 | AN51: hydro
I52: elc_spv_002 | J52: S01aH06 | K52: 0 | L52: IMPNRGZ | N52: elc_won_002 | O52: S01aH06 | P52: 0.0069677739 | Q52: IMPNRGZ | S52: elc_wof_002 | T52: S01aH06 | U52: 0.028928468 | V52: IMPNRGZ | AC52: elc_industry | AD52: S01aH06 | AE52: 0.019179016 | AK52: 2028 | AL52: S06 | AM52: 0.5224 | AN52: hydro
I53: elc_spv_002 | J53: S02aH01 | K53: 0.0047420519 | L53: IMPNRGZ | N53: elc_won_002 | O53: S02aH01 | P53: 0.0072621289 | Q53: IMPNRGZ | S53: elc_wof_002 | T53: S02aH01 | U53: 0.0084169526 | V53: IMPNRGZ | AC53: elc_industry | AD53: S02aH01 | AE53: 0.023510439 | AK53: 2029 | AL53: S01 | AM53: 0.45205 | AN53: hydro
I54: elc_spv_002 | J54: S02aH02 | K54: 0.0051190561 | L54: IMPNRGZ | N54: elc_won_002 | O54: S02aH02 | P54: 0.00015531608 | Q54: IMPNRGZ | S54: elc_wof_002 | T54: S02aH02 | U54: 0.00088194161 | V54: IMPNRGZ | AC54: elc_industry | AD54: S02aH02 | AE54: 0.0026431723 | AK54: 2029 | AL54: S02 | AM54: 0.4567 | AN54: hydro
I55: elc_spv_002 | J55: S02aH03 | K55: 0.0062084592 | L55: IMPNRGZ | N55: elc_won_002 | O55: S02aH03 | P55: 0.00020813849 | Q55: IMPNRGZ | S55: elc_wof_002 | T55: S02aH03 | U55: 0.001072998 | V55: IMPNRGZ | AC55: elc_industry | AD55: S02aH03 | AE55: 0.0026432465 | AK55: 2029 | AL55: S03 | AM55: 0.45535 | AN55: hydro
I56: elc_spv_002 | J56: S02aH04 | K56: 0.04916485 | L56: IMPNRGZ | N56: elc_won_002 | O56: S02aH04 | P56: 0.0063219973 | Q56: IMPNRGZ | S56: elc_wof_002 | T56: S02aH04 | U56: 0.028488822 | V56: IMPNRGZ | AC56: elc_industry | AD56: S02aH04 | AE56: 0.018582717 | AK56: 2029 | AL56: S04 | AM56: 0.43215556 | AN56: hydro
I57: elc_spv_002 | J57: S02aH05 | K57: 0.0047860789 | L57: IMPNRGZ | N57: elc_won_002 | O57: S02aH05 | P57: 0.002011143 | Q57: IMPNRGZ | S57: elc_wof_002 | T57: S02aH05 | U57: 0.0058884786 | V57: IMPNRGZ | AC57: elc_industry | AD57: S02aH05 | AE57: 0.0026553477 | AK57: 2029 | AL57: S05 | AM57: 0.488 | AN57: hydro
I58: elc_spv_002 | J58: S02aH06 | K58: 0 | L58: IMPNRGZ | N58: elc_won_002 | O58: S02aH06 | P58: 0.011633486 | Q58: IMPNRGZ | S58: elc_wof_002 | T58: S02aH06 | U58: 0.018761422 | V58: IMPNRGZ | AC58: elc_industry | AD58: S02aH06 | AE58: 0.01297974 | AK58: 2029 | AL58: S06 | AM58: 0.4999 | AN58: hydro
... I82: elc_spv_002 | J82: S06aH06 | K82: 0 | L82: IMPNRGZ | N82: elc_won_002 | O82: S06aH06 | P82: 0.00083599893 | Q82: IMPNRGZ | S82: elc_wof_002 | T82: S06aH06 | U82: 0.0064008658 | V82: IMPNRGZ | AC82: elc_industry | AD82: S06aH06 | AE82: 0.0039477359 | AK82: 2033 | AL82: S06 | AM82: 0.4017 | AN82: hydro
I83: elc_spv_003 | J83: S01aH01 | K83: 0.014013886 | L83: IMPNRGZ | N83: elc_won_003 | O83: S01aH01 | P83: 0.022601432 | Q83: IMPNRGZ | S83: elc_wof_003 | T83: S01aH01 | U83: 0.017062501 | V83: IMPNRGZ | AK83: 2034 | AL83: S01 | AM83: 0.37805 | AN83: hydro
I84: elc_spv_003 | J84: S01aH02 | K84: 0.0099195104 | L84: IMPNRGZ | N84: elc_won_003 | O84: S01aH02 | P84: 0.0023544583 | Q84: IMPNRGZ | S84: elc_wof_003 | T84: S01aH02 | U84: 0.0018645453 | V84: IMPNRGZ | AK84: 2034 | AL84: S02 | AM84: 0.3722 | AN84: hydro
I85: elc_spv_003 | J85: S01aH03 | K85: 0.010559758 | L85: IMPNRGZ | N85: elc_won_003 | O85: S01aH03 | P85: 0.0023241959 | Q85: IMPNRGZ | S85: elc_wof_003 | T85: S01aH03 | U85: 0.0020569031 | V85: IMPNRGZ | AK85: 2034 | AL85: S03 | AM85: 0.36565 | AN85: hydro
I86: elc_spv_003 | J86: S01aH04 | K86: 0.066223062 | L86: IMPNRGZ | N86: elc_won_003 | O86: S01aH04 | P86: 0.026429989 | Q86: IMPNRGZ | S86: elc_wof_003 | T86: S01aH04 | U86: 0.02499852 | V86: IMPNRGZ | AK86: 2034 | AL86: S04 | AM86: 0.3775 | AN86: hydro
I87: elc_spv_003 | J87: S01aH05 | K87: 0.0033038511 | L87: IMPNRGZ | N87: elc_won_003 | O87: S01aH05 | P87: 0.0060226857 | Q87: IMPNRGZ | S87: elc_wof_003 | T87: S01aH05 | U87: 0.0055421997 | V87: IMPNRGZ | AK87: 2034 | AL87: S05 | AM87: 0.3904 | AN87: hydro
I88: elc_spv_003 | J88: S01aH06 | K88: 0 | L88: IMPNRGZ | N88: elc_won_003 | O88: S01aH06 | P88: 0.025678341 | Q88: IMPNRGZ | S88: elc_wof_003 | T88: S01aH06 | U88: 0.023766074 | V88: IMPNRGZ | AK88: 2034 | AL88: S06 | AM88: 0.382 | AN88: hydro
I89: elc_spv_003 | J89: S02aH01 | K89: 0.010149816 | L89: IMPNRGZ | N89: elc_won_003 | O89: S02aH01 | P89: 0.011511716 | Q89: IMPNRGZ | S89: elc_wof_003 | T89: S02aH01 | U89: 0.0073258502 | V89: IMPNRGZ | AK89: 2035 | AL89: S01 | AM89: 0.3521 | AN89: hydro
I90: elc_spv_003 | J90: S02aH02 | K90: 0.0071680609 | L90: IMPNRGZ | N90: elc_won_003 | O90: S02aH02 | P90: 0.0011661332 | Q90: IMPNRGZ | S90: elc_wof_003 | T90: S02aH02 | U90: 0.00066478884 | V90: IMPNRGZ | AK90: 2035 | AL90: S02 | AM90: 0.3281 | AN90: hydro
I91: elc_spv_003 | J91: S02aH03 | K91: 0.007670579 | L91: IMPNRGZ | N91: elc_won_003 | O91: S02aH03 | P91: 0.0012217063 | Q91: IMPNRGZ | S91: elc_wof_003 | T91: S02aH03 | U91: 0.00083550008 | V91: IMPNRGZ | AK91: 2035 | AL91: S03 | AM91: 0.32575 | AN91: hydro
I92: elc_spv_003 | J92: S02aH04 | K92: 0.046841286 | L92: IMPNRGZ | N92: elc_won_003 | O92: S02aH04 | P92: 0.019012776 | Q92: IMPNRGZ | S92: elc_wof_003 | T92: S02aH04 | U92: 0.017404232 | V92: IMPNRGZ | AK92: 2035 | AL92: S04 | AM92: 0.37454444 | AN92: hydro
I93: elc_spv_003 | J93: S02aH05 | K93: 0.0026420832 | L93: IMPNRGZ | N93: elc_won_003 | O93: S02aH05 | P93: 0.004338549 | Q93: IMPNRGZ | S93: elc_wof_003 | T93: S02aH05 | U93: 0.0038354233 | V93: IMPNRGZ | AK93: 2035 | AL93: S05 | AM93: 0.4293 | AN93: hydro
I94: elc_spv_003 | J94: S02aH06 | K94: 0 | L94: IMPNRGZ | N94: elc_won_003 | O94: S02aH06 | P94: 0.016820205 | Q94: IMPNRGZ | S94: elc_wof_003 | T94: S02aH06 | U94: 0.014800439 | V94: IMPNRGZ | AK94: 2035 | AL94: S06 | AM94: 0.41 | AN94: hydro
... I184: elc_spv_005 | J184: S05aH06 | K184: 0 | L184: IMPNRGZ | N184: elc_won_005 | O184: S05aH06 | P184: 0.013032625 | Q184: IMPNRGZ | S184: elc_wof_005 | T184: S05aH06 | U184: 0.012601813 | V184: IMPNRGZ | AK184: 2050 | AL184: S06 | AM184: 0.4653 | AN184: hydro
I185: elc_spv_005 | J185: S06aH01 | K185: 0.0038527417 | L185: IMPNRGZ | N185: elc_won_005 | O185: S06aH01 | P185: 0.0050113193 | Q185: IMPNRGZ | S185: elc_wof_005 | T185: S06aH01 | U185: 0.0063422469 | V185: IMPNRGZ
I186: elc_spv_005 | J186: S06aH02 | K186: 0.0023412905 | L186: IMPNRGZ | N186: elc_won_005 | O186: S06aH02 | P186: 0.00053399618 | Q186: IMPNRGZ | S186: elc_wof_005 | T186: S06aH02 | U186: 0.0005713896 | V186: IMPNRGZ
I187: elc_spv_005 | J187: S06aH03 | K187: 0.0023322354 | L187: IMPNRGZ | N187: elc_won_005 | O187: S06aH03 | P187: 0.00049551089 | Q187: IMPNRGZ | S187: elc_wof_005 | T187: S06aH03 | U187: 0.00050084151 | V187: IMPNRGZ
I188: elc_spv_005 | J188: S06aH04 | K188: 0.014321679 | L188: IMPNRGZ | N188: elc_won_005 | O188: S06aH04 | P188: 0.0030076119 | Q188: IMPNRGZ | S188: elc_wof_005 | T188: S06aH04 | U188: 0.0053827865 | V188: IMPNRGZ
I189: elc_spv_005 | J189: S06aH05 | K189: 0.0011457995 | L189: IMPNRGZ | N189: elc_won_005 | O189: S06aH05 | P189: 0.0011216972 | Q189: IMPNRGZ | S189: elc_wof_005 | T189: S06aH05 | U189: 0.001172009 | V189: IMPNRGZ
I190: elc_spv_005 | J190: S06aH06 | K190: 0 | L190: IMPNRGZ | N190: elc_won_005 | O190: S06aH06 | P190: 0.0054980018 | Q190: IMPNRGZ | S190: elc_wof_005 | T190: S06aH06 | U190: 0.0053295129 | V190: IMPNRGZ
I191: elc_spv_006 | J191: S01aH01 | K191: 0.016227506 | L191: IMPNRGZ | N191: elc_won_006 | O191: S01aH01 | P191: 0.018503274 | Q191: IMPNRGZ | S191: elc_wof_006 | T191: S01aH01 | U191: 0.042376289 | V191: IMPNRGZ
I192: elc_spv_006 | J192: S01aH02 | K192: 0.010681604 | L192: IMPNRGZ | N192: elc_won_006 | O192: S01aH02 | P192: 0.0012448439 | Q192: IMPNRGZ | S192: elc_wof_006 | T192: S01aH02 | U192: 0.0045089956 | V192: IMPNRGZ
I193: elc_spv_006 | J193: S01aH03 | K193: 0.011597628 | L193: IMPNRGZ | N193: elc_won_006 | O193: S01aH03 | P193: 0.0011580079 | Q193: IMPNRGZ | S193: elc_wof_006 | T193: S01aH03 | U193: 0.0043188548 | V193: IMPNRGZ
I194: elc_spv_006 | J194: S01aH04 | K194: 0.073252295 | L194: IMPNRGZ | N194: elc_won_006 | O194: S01aH04 | P194: 0.0051275354 | Q194: IMPNRGZ | S194: elc_wof_006 | T194: S01aH04 | U194: 0.029711971 | V194: IMPNRGZ
I195: elc_spv_006 | J195: S01aH05 | K195: 0.0050554728 | L195: IMPNRGZ | N195: elc_won_006 | O195: S01aH05 | P195: 0.0012565462 | Q195: IMPNRGZ | S195: elc_wof_006 | T195: S01aH05 | U195: 0.0055903395 | V195: IMPNRGZ
I196: elc_spv_006 | J196: S01aH06 | K196: 0 | L196: IMPNRGZ | N196: elc_won_006 | O196: S01aH06 | P196: 0.022112659 | Q196: IMPNRGZ | S196: elc_wof_006 | T196: S01aH06 | U196: 0.030556271 | V196: IMPNRGZ
... I370: elc_spv_010 | J370: S06aH06 | K370: 0 | L370: IMPNRGZ | N370: elc_won_010 | O370: S06aH06 | P370: 0.0040092705 | Q370: IMPNRGZ | S370: elc_wof_010 | T370: S06aH06 | U370: 0.006038469 | V370: IMPNRGZ
I371: elc_spv_011 | J371: S01aH01 | K371: 0.014695396 | L371: IMPNRGZ | N371: elc_won_011 | O371: S01aH01 | P371: 0.019651575 | Q371: IMPNRGZ
I372: elc_spv_011 | J372: S01aH02 | K372: 0.010289814 | L372: IMPNRGZ | N372: elc_won_011 | O372: S01aH02 | P372: 0.0035743207 | Q372: IMPNRGZ
I373: elc_spv_011 | J373: S01aH03 | K373: 0.011143246 | L373: IMPNRGZ | N373: elc_won_011 | O373: S01aH03 | P373: 0.0034939491 | Q373: IMPNRGZ
I374: elc_spv_011 | J374: S01aH04 | K374: 0.06333701 | L374: IMPNRGZ | N374: elc_won_011 | O374: S01aH04 | P374: 0.016187208 | Q374: IMPNRGZ
I375: elc_spv_011 | J375: S01aH05 | K375: 0.0032504077 | L375: IMPNRGZ | N375: elc_won_011 | O375: S01aH05 | P375: 0.0029872882 | Q375: IMPNRGZ
I376: elc_spv_011 | J376: S01aH06 | K376: 0 | L376: IMPNRGZ | N376: elc_won_011 | O376: S01aH06 | P376: 0.018419096 | Q376: IMPNRGZ
I377: elc_spv_011 | J377: S02aH01 | K377: 0.010979563 | L377: IMPNRGZ | N377: elc_won_011 | O377: S02aH01 | P377: 0.020140083 | Q377: IMPNRGZ
I378: elc_spv_011 | J378: S02aH02 | K378: 0.0076434522 | L378: IMPNRGZ | N378: elc_won_011 | O378: S02aH02 | P378: 0.003462068 | Q378: IMPNRGZ
I379: elc_spv_011 | J379: S02aH03 | K379: 0.008107132 | L379: IMPNRGZ | N379: elc_won_011 | O379: S02aH03 | P379: 0.0033977973 | Q379: IMPNRGZ
I380: elc_spv_011 | J380: S02aH04 | K380: 0.047482531 | L380: IMPNRGZ | N380: elc_won_011 | O380: S02aH04 | P380: 0.01728813 | Q380: IMPNRGZ
I381: elc_spv_011 | J381: S02aH05 | K381: 0.0030277587 | L381: IMPNRGZ | N381: elc_won_011 | O381: S02aH05 | P381: 0.0030620582 | Q381: IMPNRGZ
I382: elc_spv_011 | J382: S02aH06 | K382: 0 | L382: IMPNRGZ | N382: elc_won_011 | O382: S02aH06 | P382: 0.017681106 | Q382: IMPNRGZ
... I838: elc_spv_023 | J838: S06aH06 | K838: 0 | L838: IMPNRGZ | N838: elc_won_023 | O838: S06aH06 | P838: 0.013413445 | Q838: IMPNRGZ
I839: elc_spv_024 | J839: S01aH01 | K839: 0.014833367 | L839: IMPNRGZ
I840: elc_spv_024 | J840: S01aH02 | K840: 0.0099156718 | L840: IMPNRGZ
I841: elc_spv_024 | J841: S01aH03 | K841: 0.010504635 | L841: IMPNRGZ
I842: elc_spv_024 | J842: S01aH04 | K842: 0.068122655 | L842: IMPNRGZ
I843: elc_spv_024 | J843: S01aH05 | K843: 0.0033812022 | L843: IMPNRGZ
I844: elc_spv_024 | J844: S01aH06 | K844: 0 | L844: IMPNRGZ
I845: elc_spv_024 | J845: S02aH01 | K845: 0.010918107 | L845: IMPNRGZ
I846: elc_spv_024 | J846: S02aH02 | K846: 0.0070463159 | L846: IMPNRGZ
I847: elc_spv_024 | J847: S02aH03 | K847: 0.0074785849 | L847: IMPNRGZ
I848: elc_spv_024 | J848: S02aH04 | K848: 0.0480225 | L848: IMPNRGZ
I849: elc_spv_024 | J849: S02aH05 | K849: 0.0035899453 | L849: IMPNRGZ
I850: elc_spv_024 | J850: S02aH06 | K850: 0 | L850: IMPNRGZ
... I1018: elc_spv_028 | J1018: S06aH06 | K1018: 0 | L1018: IMPNRGZ

Sheet ts_048P90
C9: =IF(A11="x","DeActivated","~TimeSlices") -> DeActivated | I9: =IF(A11="x","DeActivated","~TFM_DINS-AT") -> DeActivated | N9: =IF(A11="x","DeActivated","~TFM_DINS-AT") -> DeActivated | S9: =IF(A11="x","DeActivated","~TFM_DINS-AT") -> DeActivated | X9: =IF(A11="x","DeActivated","~TFM_DINS-AT") -> DeActivated | AC9: =IF(A11="x","DeActivated","~TFM_DINS-AT") -> DeActivated | AG9: =IF(A11="x","DeActivated","~TFM_DINS-AT") -> DeActivated | AK9: =IF(A11="x","DeActivated","~TFM_INS-AT") -> DeActivated
A10: ts_048P90 | C10: season | D10: weekly | E10: daynite | F10: wparent | G10: dparent | I10: commodity | J10: timeslice | K10: com_fr | L10: process | N10: commodity | O10: timeslice | P10: com_fr | Q10: process | S10: commodity | T10: timeslice | U10: com_fr | V10: process | X10: g_yrfr | Y10: com_fr | Z10: timeslice | AA10: commodity | AC10: commodity | AD10: timeslice | AE10: com_fr | AG10: commodity | AH10: timeslice | AI10: com_pkflx | AK10: Year | AL10: timeslice | AM10: ncap_afs | AN10: pset_ci
A11: =IFERROR(IF(Veda!D5=A10,"ok","x"),"") -> x | C11: S01 | D11: a | E11: H01 | F11: S01,S02,S03,S04,S05,S06 | G11: a | I11: elc_spv_001 | J11: S01aH01 | K11: 0.0086115512 | L11: IMPNRGZ | N11: elc_won_001 | O11: S01aH01 | P11: 0.0041054165 | Q11: IMPNRGZ | S11: elc_wof_001 | T11: S01aH01 | U11: 0.026323444 | V11: IMPNRGZ | X11: 0.034931507 | Y11: 0.022169074 | Z11: S01aH01 | AA11: elc_roadtransport | AC11: elc_buildings | AD11: S01aH01 | AE11: 0.031922668 | AG11: ELC | AH11: S01aH01 | AI11: 0.15119597 | AK11: 2020 | AL11: S01 | AM11: 0.5719863 | AN11: hydro
C12: S02 | E12: H02 | G12: a | I12: elc_spv_001 | J12: S01aH02 | K12: 0.0099742728 | L12: IMPNRGZ | N12: elc_won_001 | O12: S01aH02 | P12: 0.0011465929 | Q12: IMPNRGZ | S12: elc_wof_001 | T12: S01aH02 | U12: 0.0029778699 | V12: IMPNRGZ | X12: 0.0038812785 | Y12: 0.0049139381 | Z12: S01aH02 | AA12: elc_roadtransport | AC12: elc_buildings | AD12: S01aH02 | AE12: 0.0044686703 | AG12: ELC | AH12: S01aH02 | AI12: 0.017442703 | AK12: 2020 | AL12: S02 | AM12: 0.57471264 | AN12: hydro
C13: S03 | E13: H03 | G13: a | I13: elc_spv_001 | J13: S01aH03 | K13: 0.011277066 | L13: IMPNRGZ | N13: elc_won_001 | O13: S01aH03 | P13: 0.0020084254 | Q13: IMPNRGZ | S13: elc_wof_001 | T13: S01aH03 | U13: 0.0034096706 | V13: IMPNRGZ | X13: 0.0038812785 | Y13: 0.0047899626 | Z13: S01aH03 | AA13: elc_roadtransport | AC13: elc_buildings | AD13: S01aH03 | AE13: 0.0044531482 | AG13: ELC | AH13: S01aH03 | AI13: 0.013361304 | AK13: 2020 | AL13: S03 | AM13: 0.5719863 | AN13: hydro
C14: S04 | E14: H04 | G14: a | I14: elc_spv_001 | J14: S01aH04 | K14: 0.078214769 | L14: IMPNRGZ | N14: elc_won_001 | O14: S01aH04 | P14: 0.021403742 | Q14: IMPNRGZ | S14: elc_wof_001 | T14: S01aH04 | U14: 0.03477136 | V14: IMPNRGZ | X14: 0.02716895 | Y14: 0.0407654 | Z14: S01aH04 | AA14: elc_roadtransport | AC14: elc_buildings | AD14: S01aH04 | AE14: 0.033507407 | AG14: ELC | AH14: S01aH04 | AI14: 0.08753271 | AK14: 2020 | AL14: S04 | AM14: 0.56152927 | AN14: hydro
C15: S05 | E15: H05 | G15: a | I15: elc_spv_001 | J15: S01aH05 | K15: 0.0065486123 | L15: IMPNRGZ | N15: elc_won_001 | O15: S01aH05 | P15: 0.0034366421 | Q15: IMPNRGZ | S15: elc_wof_001 | T15: S01aH05 | U15: 0.0065508266 | V15: IMPNRGZ | X15: 0.0038812785 | Y15: 0.0058606602 | Z15: S01aH05 | AA15: elc_roadtransport | AC15: elc_buildings | AD15: S01aH05 | AE15: 0.0048100278 | AG15: ELC | AH15: S01aH05 | AI15: 0.006243625 | AK15: 2020 | AL15: S05 | AM15: 0.63488299 | AN15: hydro
C16: S06 | E16: H06 | G16: a | I16: elc_spv_001 | J16: S01aH06 | K16: 0 | L16: IMPNRGZ | N16: elc_won_001 | O16: S01aH06 | P16: 0.013920381 | Q16: IMPNRGZ | S16: elc_wof_001 | T16: S01aH06 | U16: 0.030651623 | V16: IMPNRGZ | X16: 0.019406393 | Y16: 0.01465165 | Z16: S01aH06 | AA16: elc_roadtransport | AC16: elc_buildings | AD16: S01aH06 | AE16: 0.015236281 | AG16: ELC | AH16: S01aH06 | AI16: 0.16229552 | AK16: 2020 | AL16: S06 | AM16: 0.63251107 | AN16: hydro
I17: elc_spv_001 | J17: S02aH01 | K17: 0.0053920995 | L17: IMPNRGZ | N17: elc_won_001 | O17: S02aH01 | P17: 0.0014738265 | Q17: IMPNRGZ | S17: elc_wof_001 | T17: S02aH01 | U17: 0.01209963 | V17: IMPNRGZ | X17: 0.023630137 | Y17: 0.014996727 | Z17: S02aH01 | AA17: elc_roadtransport | AC17: elc_buildings | AD17: S02aH01 | AE17: 0.021319483 | AG17: ELC | AH17: S02aH01 | AI17: 0.13947007 | AK17: 2021 | AL17: S01 | AM17: 0.50012503 | AN17: hydro
I18: elc_spv_001 | J18: S02aH02 | K18: 0.0071635028 | L18: IMPNRGZ | N18: elc_won_001 | O18: S02aH02 | P18: 0.00047205602 | Q18: IMPNRGZ | S18: elc_wof_001 | T18: S02aH02 | U18: 0.001050741 | V18: IMPNRGZ | X18: 0.0026255708 | Y18: 0.0033241346 | Z18: S02aH02 | AA18: elc_roadtransport | AC18: elc_buildings | AD18: S02aH02 | AE18: 0.0029670512 | AG18: ELC | AH18: S02aH02 | AI18: 0.0055067933 | AK18: 2021 | AL18: S02 | AM18: 0.48449612 | AN18: hydro
I19: elc_spv_001 | J19: S02aH03 | K19: 0.0080064751 | L19: IMPNRGZ | N19: elc_won_001 | O19: S02aH03 | P19: 0.001122865 | Q19: IMPNRGZ | S19: elc_wof_001 | T19: S02aH03 | U19: 0.0012691812 | V19: IMPNRGZ | X19: 0.0026255708 | Y19: 0.0032402688 | Z19: S02aH03 | AA19: elc_roadtransport | AC19: elc_buildings | AD19: S02aH03 | AE19: 0.0029684861 | AG19: ELC | AH19: S02aH03 | AI19: 0.010217329 | AK19: 2021 | AL19: S03 | AM19: 0.48449612 | AN19: hydro
I20: elc_spv_001 | J20: S02aH04 | K20: 0.055343933 | L20: IMPNRGZ | N20: elc_won_001 | O20: S02aH04 | P20: 0.019095943 | Q20: IMPNRGZ | S20: elc_wof_001 | T20: S02aH04 | U20: 0.02088758 | V20: IMPNRGZ | X20: 0.018378995 | Y20: 0.027576594 | Z20: S02aH04 | AA20: elc_roadtransport | AC20: elc_buildings | AD20: S02aH04 | AE20: 0.022327968 | AG20: ELC | AH20: S02aH04 | AI20: 0.094959808 | AK20: 2021 | AL20: S04 | AM20: 0.48090726 | AN20: hydro
I21: elc_spv_001 | J21: S02aH05 | K21: 0.0048689097 | L21: IMPNRGZ | N21: elc_won_001 | O21: S02aH05 | P21: 0.0044843119 | Q21: IMPNRGZ | S21: elc_wof_001 | T21: S02aH05 | U21: 0.004541889 | V21: IMPNRGZ | X21: 0.0026255708 | Y21: 0.0039645642 | Z21: S02aH05 | AA21: elc_roadtransport | AC21: elc_buildings | AD21: S02aH05 | AE21: 0.0032027536 | AG21: ELC | AH21: S02aH05 | AI21: 0.016639012 | AK21: 2021 | AL21: S05 | AM21: 0.49986455 | AN21: hydro
I22: elc_spv_001 | J22: S02aH06 | K22: 0 | L22: IMPNRGZ | N22: elc_won_001 | O22: S02aH06 | P22: 0.018637868 | Q22: IMPNRGZ | S22: elc_wof_001 | T22: S02aH06 | U22: 0.019759126 | V22: IMPNRGZ | X22: 0.013127854 | Y22: 0.0099114106 | Z22: S02aH06 | AA22: elc_roadtransport | AC22: elc_buildings | AD22: S02aH06 | AE22: 0.010264171 | AG22: ELC | AH22: S02aH06 | AI22: 0.16609113 | AK22: 2021 | AL22: S06 | AM22: 0.53138285 | AN22: hydro
I23: elc_spv_001 | J23: S03aH01 | K23: 0.0065882505 | L23: IMPNRGZ | N23: elc_won_001 | O23: S03aH01 | P23: 0.0015958254 | Q23: IMPNRGZ | S23: elc_wof_001 | T23: S03aH01 | U23: 0.002827438 | V23: IMPNRGZ | X23: 0.02260274 | Y23: 0.014344695 | Z23: S03aH01 | AA23: elc_roadtransport | AC23: elc_buildings | AD23: S03aH01 | AE23: 0.020632257 | AG23: ELC | AH23: S03aH01 | AI23: 0.14007719 | AK23: 2022 | AL23: S01 | AM23: 0.45770371 | AN23: hydro
I24: elc_spv_001 | J24: S03aH02 | K24: 0.0061442087 | L24: IMPNRGZ | N24: elc_won_001 | O24: S03aH02 | P24: 0.00021691263 | Q24: IMPNRGZ | S24: elc_wof_001 | T24: S03aH02 | U24: 0.00017269705 | V24: IMPNRGZ | X24: 0.0025114155 | Y24: 0.003179607 | Z24: S03aH02 | AA24: elc_roadtransport | AC24: elc_buildings | AD24: S03aH02 | AE24: 0.0028665906 | AG24: ELC | AH24: S03aH02 | AI24: 0.012929849 | AK24: 2022 | AL24: S02 | AM24: 0.41528239 | AN24: hydro
I25: elc_spv_001 | J25: S03aH03 | K25: 0.0067828944 | L25: IMPNRGZ | N25: elc_won_001 | O25: S03aH03 | P25: 0.00032894199 | Q25: IMPNRGZ | S25: elc_wof_001 | T25: S03aH03 | U25: 0.00022305891 | V25: IMPNRGZ | X25: 0.0025114155 | Y25: 0.0030993876 | Z25: S03aH03 | AA25: elc_roadtransport | AC25: elc_buildings | AD25: S03aH03 | AE25: 0.0028751996 | AG25: ELC | AH25: S03aH03 | AI25: 0.017852238 | AK25: 2022 | AL25: S03 | AM25: 0.39518808 | AN25: hydro
I26: elc_spv_001 | J26: S03aH04 | K26: 0.04774273 | L26: IMPNRGZ | N26: elc_won_001 | O26: S03aH04 | P26: 0.012303613 | Q26: IMPNRGZ | S26: elc_wof_001 | T26: S03aH04 | U26: 0.004390799 | V26: IMPNRGZ | X26: 0.017579909 | Y26: 0.026377611 | Z26: S03aH04 | AA26: elc_roadtransport | AC26: elc_buildings | AD26: S03aH04 | AE26: 0.0216027 | AG26: ELC | AH26: S03aH04 | AI26: 0.098208623 | AK26: 2022 | AL26: S04 | AM26: 0.39454308 | AN26: hydro
I27: elc_spv_001 | J27: S03aH05 | K27: 0.0040062245 | L27: IMPNRGZ | N27: elc_won_001 | O27: S03aH05 | P27: 0.0046724433 | Q27: IMPNRGZ | S27: elc_wof_001 | T27: S03aH05 | U27: 0.0012246186 | V27: IMPNRGZ | X27: 0.0025114155 | Y27: 0.0037921919 | Z27: S03aH05 | AA27: elc_roadtransport | AC27: elc_buildings | AD27: S03aH05 | AE27: 0.0030959014 | AG27: ELC | AH27: S03aH05 | AI27: 0.015595429 | AK27: 2022 | AL27: S05 | AM27: 0.35764149 | AN27: hydro
I28: elc_spv_001 | J28: S03aH06 | K28: 0 | L28: IMPNRGZ | N28: elc_won_001 | O28: S03aH06 | P28: 0.016735968 | Q28: IMPNRGZ | S28: elc_wof_001 | T28: S03aH06 | U28: 0.0052856259 | V28: IMPNRGZ | X28: 0.012557078 | Y28: 0.0094804797 | Z28: S03aH06 | AA28: elc_roadtransport | AC28: elc_buildings | AD28: S03aH06 | AE28: 0.010020788 | AG28: ELC | AH28: S03aH06 | AI28: 0.16219002 | AK28: 2022 | AL28: S06 | AM28: 0.34383596 | AN28: hydro
... I46: elc_spv_001 | J46: S06aH06 | K46: 0 | L46: IMPNRGZ | N46: elc_won_001 | O46: S06aH06 | P46: 0.002937415 | Q46: IMPNRGZ | S46: elc_wof_001 | T46: S06aH06 | U46: 0.0063770729 | V46: IMPNRGZ | X46: 0.0039954338 | Y46: 0.0030165163 | Z46: S06aH06 | AA46: elc_roadtransport | AC46: elc_buildings | AD46: S06aH06 | AE46: 0.0030397428 | AG46: ELC | AH46: S06aH06 | AI46: 0.1721876 | AK46: 2027 | AL46: S06 | AM46: 0.5251 | AN46: hydro
I47: elc_spv_002 | J47: S01aH01 | K47: 0.010240022 | L47: IMPNRGZ | N47: elc_won_002 | O47: S01aH01 | P47: 0.0079867119 | Q47: IMPNRGZ | S47: elc_wof_002 | T47: S01aH01 | U47: 0.02027061 | V47: IMPNRGZ | AC47: elc_industry | AD47: S01aH01 | AE47: 0.034754543 | AK47: 2028 | AL47: S01 | AM47: 0.51385 | AN47: hydro
I48: elc_spv_002 | J48: S01aH02 | K48: 0.0081538515 | L48: IMPNRGZ | N48: elc_won_002 | O48: S01aH02 | P48: 0.00014434437 | Q48: IMPNRGZ | S48: elc_wof_002 | T48: S01aH02 | U48: 0.002473831 | V48: IMPNRGZ | AC48: elc_industry | AD48: S01aH02 | AE48: 0.0039092272 | AK48: 2028 | AL48: S02 | AM48: 0.4698 | AN48: hydro
I49: elc_spv_002 | J49: S01aH03 | K49: 0.0091239683 | L49: IMPNRGZ | N49: elc_won_002 | O49: S01aH03 | P49: 0.00029103041 | Q49: IMPNRGZ | S49: elc_wof_002 | T49: S01aH03 | U49: 0.0028201679 | V49: IMPNRGZ | AC49: elc_industry | AD49: S01aH03 | AE49: 0.0039084254 | AK49: 2028 | AL49: S03 | AM49: 0.4765 | AN49: hydro
I50: elc_spv_002 | J50: S01aH04 | K50: 0.071844914 | L50: IMPNRGZ | N50: elc_won_002 | O50: S01aH04 | P50: 0.005494949 | Q50: IMPNRGZ | S50: elc_wof_002 | T50: S01aH04 | U50: 0.038911864 | V50: IMPNRGZ | AC50: elc_industry | AD50: S01aH04 | AE50: 0.027479612 | AK50: 2028 | AL50: S04 | AM50: 0.49956667 | AN50: hydro
I51: elc_spv_002 | J51: S01aH05 | K51: 0.0065900518 | L51: IMPNRGZ | N51: elc_won_002 | O51: S01aH05 | P51: 0.0011537261 | Q51: IMPNRGZ | S51: elc_wof_002 | T51: S01aH05 | U51: 0.0075925805 | V51: IMPNRGZ | AC51: elc_industry | AD51: S01aH05 | AE51: 0.0039268602 | AK51: 2028 | AL51: S05 | AM51: 0.58345 | AN51: hydro
I52: elc_spv_002 | J52: S01aH06 | K52: 0 | L52: IMPNRGZ | N52: elc_won_002 | O52: S01aH06 | P52: 0.0069677739 | Q52: IMPNRGZ | S52: elc_wof_002 | T52: S01aH06 | U52: 0.028928468 | V52: IMPNRGZ | AC52: elc_industry | AD52: S01aH06 | AE52: 0.019179016 | AK52: 2028 | AL52: S06 | AM52: 0.5911 | AN52: hydro
I53: elc_spv_002 | J53: S02aH01 | K53: 0.0047420519 | L53: IMPNRGZ | N53: elc_won_002 | O53: S02aH01 | P53: 0.0072621289 | Q53: IMPNRGZ | S53: elc_wof_002 | T53: S02aH01 | U53: 0.0084169526 | V53: IMPNRGZ | AC53: elc_industry | AD53: S02aH01 | AE53: 0.023510439 | AK53: 2029 | AL53: S01 | AM53: 0.50665 | AN53: hydro
I54: elc_spv_002 | J54: S02aH02 | K54: 0.0051190561 | L54: IMPNRGZ | N54: elc_won_002 | O54: S02aH02 | P54: 0.00015531608 | Q54: IMPNRGZ | S54: elc_wof_002 | T54: S02aH02 | U54: 0.00088194161 | V54: IMPNRGZ | AC54: elc_industry | AD54: S02aH02 | AE54: 0.0026431723 | AK54: 2029 | AL54: S02 | AM54: 0.4968 | AN54: hydro
I55: elc_spv_002 | J55: S02aH03 | K55: 0.0062084592 | L55: IMPNRGZ | N55: elc_won_002 | O55: S02aH03 | P55: 0.00020813849 | Q55: IMPNRGZ | S55: elc_wof_002 | T55: S02aH03 | U55: 0.001072998 | V55: IMPNRGZ | AC55: elc_industry | AD55: S02aH03 | AE55: 0.0026432465 | AK55: 2029 | AL55: S03 | AM55: 0.47245 | AN55: hydro
I56: elc_spv_002 | J56: S02aH04 | K56: 0.04916485 | L56: IMPNRGZ | N56: elc_won_002 | O56: S02aH04 | P56: 0.0063219973 | Q56: IMPNRGZ | S56: elc_wof_002 | T56: S02aH04 | U56: 0.028488822 | V56: IMPNRGZ | AC56: elc_industry | AD56: S02aH04 | AE56: 0.018582717 | AK56: 2029 | AL56: S04 | AM56: 0.50253333 | AN56: hydro
I57: elc_spv_002 | J57: S02aH05 | K57: 0.0047860789 | L57: IMPNRGZ | N57: elc_won_002 | O57: S02aH05 | P57: 0.002011143 | Q57: IMPNRGZ | S57: elc_wof_002 | T57: S02aH05 | U57: 0.0058884786 | V57: IMPNRGZ | AC57: elc_industry | AD57: S02aH05 | AE57: 0.0026553477 | AK57: 2029 | AL57: S05 | AM57: 0.5599 | AN57: hydro
I58: elc_spv_002 | J58: S02aH06 | K58: 0 | L58: IMPNRGZ | N58: elc_won_002 | O58: S02aH06 | P58: 0.011633486 | Q58: IMPNRGZ | S58: elc_wof_002 | T58: S02aH06 | U58: 0.018761422 | V58: IMPNRGZ | AC58: elc_industry | AD58: S02aH06 | AE58: 0.01297974 | AK58: 2029 | AL58: S06 | AM58: 0.5566 | AN58: hydro
... I82: elc_spv_002 | J82: S06aH06 | K82: 0 | L82: IMPNRGZ | N82: elc_won_002 | O82: S06aH06 | P82: 0.00083599893 | Q82: IMPNRGZ | S82: elc_wof_002 | T82: S06aH06 | U82: 0.0064008658 | V82: IMPNRGZ | AC82: elc_industry | AD82: S06aH06 | AE82: 0.0039477359 | AK82: 2033 | AL82: S06 | AM82: 0.5748 | AN82: hydro
I83: elc_spv_003 | J83: S01aH01 | K83: 0.014013886 | L83: IMPNRGZ | N83: elc_won_003 | O83: S01aH01 | P83: 0.022601432 | Q83: IMPNRGZ | S83: elc_wof_003 | T83: S01aH01 | U83: 0.017062501 | V83: IMPNRGZ | AK83: 2034 | AL83: S01 | AM83: 0.52385 | AN83: hydro
I84: elc_spv_003 | J84: S01aH02 | K84: 0.0099195104 | L84: IMPNRGZ | N84: elc_won_003 | O84: S01aH02 | P84: 0.0023544583 | Q84: IMPNRGZ | S84: elc_wof_003 | T84: S01aH02 | U84: 0.0018645453 | V84: IMPNRGZ | AK84: 2034 | AL84: S02 | AM84: 0.5184 | AN84: hydro
I85: elc_spv_003 | J85: S01aH03 | K85: 0.010559758 | L85: IMPNRGZ | N85: elc_won_003 | O85: S01aH03 | P85: 0.0023241959 | Q85: IMPNRGZ | S85: elc_wof_003 | T85: S01aH03 | U85: 0.0020569031 | V85: IMPNRGZ | AK85: 2034 | AL85: S03 | AM85: 0.5019 | AN85: hydro
I86: elc_spv_003 | J86: S01aH04 | K86: 0.066223062 | L86: IMPNRGZ | N86: elc_won_003 | O86: S01aH04 | P86: 0.026429989 | Q86: IMPNRGZ | S86: elc_wof_003 | T86: S01aH04 | U86: 0.02499852 | V86: IMPNRGZ | AK86: 2034 | AL86: S04 | AM86: 0.50128889 | AN86: hydro
I87: elc_spv_003 | J87: S01aH05 | K87: 0.0033038511 | L87: IMPNRGZ | N87: elc_won_003 | O87: S01aH05 | P87: 0.0060226857 | Q87: IMPNRGZ | S87: elc_wof_003 | T87: S01aH05 | U87: 0.0055421997 | V87: IMPNRGZ | AK87: 2034 | AL87: S05 | AM87: 0.5507 | AN87: hydro
I88: elc_spv_003 | J88: S01aH06 | K88: 0 | L88: IMPNRGZ | N88: elc_won_003 | O88: S01aH06 | P88: 0.025678341 | Q88: IMPNRGZ | S88: elc_wof_003 | T88: S01aH06 | U88: 0.023766074 | V88: IMPNRGZ | AK88: 2034 | AL88: S06 | AM88: 0.5614 | AN88: hydro
I89: elc_spv_003 | J89: S02aH01 | K89: 0.010149816 | L89: IMPNRGZ | N89: elc_won_003 | O89: S02aH01 | P89: 0.011511716 | Q89: IMPNRGZ | S89: elc_wof_003 | T89: S02aH01 | U89: 0.0073258502 | V89: IMPNRGZ | AK89: 2035 | AL89: S01 | AM89: 0.51995 | AN89: hydro
I90: elc_spv_003 | J90: S02aH02 | K90: 0.0071680609 | L90: IMPNRGZ | N90: elc_won_003 | O90: S02aH02 | P90: 0.0011661332 | Q90: IMPNRGZ | S90: elc_wof_003 | T90: S02aH02 | U90: 0.00066478884 | V90: IMPNRGZ | AK90: 2035 | AL90: S02 | AM90: 0.5164 | AN90: hydro
I91: elc_spv_003 | J91: S02aH03 | K91: 0.007670579 | L91: IMPNRGZ | N91: elc_won_003 | O91: S02aH03 | P91: 0.0012217063 | Q91: IMPNRGZ | S91: elc_wof_003 | T91: S02aH03 | U91: 0.00083550008 | V91: IMPNRGZ | AK91: 2035 | AL91: S03 | AM91: 0.49725 | AN91: hydro
I92: elc_spv_003 | J92: S02aH04 | K92: 0.046841286 | L92: IMPNRGZ | N92: elc_won_003 | O92: S02aH04 | P92: 0.019012776 | Q92: IMPNRGZ | S92: elc_wof_003 | T92: S02aH04 | U92: 0.017404232 | V92: IMPNRGZ | AK92: 2035 | AL92: S04 | AM92: 0.51896667 | AN92: hydro
I93: elc_spv_003 | J93: S02aH05 | K93: 0.0026420832 | L93: IMPNRGZ | N93: elc_won_003 | O93: S02aH05 | P93: 0.004338549 | Q93: IMPNRGZ | S93: elc_wof_003 | T93: S02aH05 | U93: 0.0038354233 | V93: IMPNRGZ | AK93: 2035 | AL93: S05 | AM93: 0.58225 | AN93: hydro
I94: elc_spv_003 | J94: S02aH06 | K94: 0 | L94: IMPNRGZ | N94: elc_won_003 | O94: S02aH06 | P94: 0.016820205 | Q94: IMPNRGZ | S94: elc_wof_003 | T94: S02aH06 | U94: 0.014800439 | V94: IMPNRGZ | AK94: 2035 | AL94: S06 | AM94: 0.5784 | AN94: hydro
... I184: elc_spv_005 | J184: S05aH06 | K184: 0 | L184: IMPNRGZ | N184: elc_won_005 | O184: S05aH06 | P184: 0.013032625 | Q184: IMPNRGZ | S184: elc_wof_005 | T184: S05aH06 | U184: 0.012601813 | V184: IMPNRGZ | AK184: 2050 | AL184: S06 | AM184: 0.6066 | AN184: hydro
I185: elc_spv_005 | J185: S06aH01 | K185: 0.0038527417 | L185: IMPNRGZ | N185: elc_won_005 | O185: S06aH01 | P185: 0.0050113193 | Q185: IMPNRGZ | S185: elc_wof_005 | T185: S06aH01 | U185: 0.0063422469 | V185: IMPNRGZ
I186: elc_spv_005 | J186: S06aH02 | K186: 0.0023412905 | L186: IMPNRGZ | N186: elc_won_005 | O186: S06aH02 | P186: 0.00053399618 | Q186: IMPNRGZ | S186: elc_wof_005 | T186: S06aH02 | U186: 0.0005713896 | V186: IMPNRGZ
I187: elc_spv_005 | J187: S06aH03 | K187: 0.0023322354 | L187: IMPNRGZ | N187: elc_won_005 | O187: S06aH03 | P187: 0.00049551089 | Q187: IMPNRGZ | S187: elc_wof_005 | T187: S06aH03 | U187: 0.00050084151 | V187: IMPNRGZ
I188: elc_spv_005 | J188: S06aH04 | K188: 0.014321679 | L188: IMPNRGZ | N188: elc_won_005 | O188: S06aH04 | P188: 0.0030076119 | Q188: IMPNRGZ | S188: elc_wof_005 | T188: S06aH04 | U188: 0.0053827865 | V188: IMPNRGZ
I189: elc_spv_005 | J189: S06aH05 | K189: 0.0011457995 | L189: IMPNRGZ | N189: elc_won_005 | O189: S06aH05 | P189: 0.0011216972 | Q189: IMPNRGZ | S189: elc_wof_005 | T189: S06aH05 | U189: 0.001172009 | V189: IMPNRGZ
I190: elc_spv_005 | J190: S06aH06 | K190: 0 | L190: IMPNRGZ | N190: elc_won_005 | O190: S06aH06 | P190: 0.0054980018 | Q190: IMPNRGZ | S190: elc_wof_005 | T190: S06aH06 | U190: 0.0053295129 | V190: IMPNRGZ
I191: elc_spv_006 | J191: S01aH01 | K191: 0.016227506 | L191: IMPNRGZ | N191: elc_won_006 | O191: S01aH01 | P191: 0.018503274 | Q191: IMPNRGZ | S191: elc_wof_006 | T191: S01aH01 | U191: 0.042376289 | V191: IMPNRGZ
I192: elc_spv_006 | J192: S01aH02 | K192: 0.010681604 | L192: IMPNRGZ | N192: elc_won_006 | O192: S01aH02 | P192: 0.0012448439 | Q192: IMPNRGZ | S192: elc_wof_006 | T192: S01aH02 | U192: 0.0045089956 | V192: IMPNRGZ
I193: elc_spv_006 | J193: S01aH03 | K193: 0.011597628 | L193: IMPNRGZ | N193: elc_won_006 | O193: S01aH03 | P193: 0.0011580079 | Q193: IMPNRGZ | S193: elc_wof_006 | T193: S01aH03 | U193: 0.0043188548 | V193: IMPNRGZ
I194: elc_spv_006 | J194: S01aH04 | K194: 0.073252295 | L194: IMPNRGZ | N194: elc_won_006 | O194: S01aH04 | P194: 0.0051275354 | Q194: IMPNRGZ | S194: elc_wof_006 | T194: S01aH04 | U194: 0.029711971 | V194: IMPNRGZ
I195: elc_spv_006 | J195: S01aH05 | K195: 0.0050554728 | L195: IMPNRGZ | N195: elc_won_006 | O195: S01aH05 | P195: 0.0012565462 | Q195: IMPNRGZ | S195: elc_wof_006 | T195: S01aH05 | U195: 0.0055903395 | V195: IMPNRGZ
I196: elc_spv_006 | J196: S01aH06 | K196: 0 | L196: IMPNRGZ | N196: elc_won_006 | O196: S01aH06 | P196: 0.022112659 | Q196: IMPNRGZ | S196: elc_wof_006 | T196: S01aH06 | U196: 0.030556271 | V196: IMPNRGZ
... I370: elc_spv_010 | J370: S06aH06 | K370: 0 | L370: IMPNRGZ | N370: elc_won_010 | O370: S06aH06 | P370: 0.0040092705 | Q370: IMPNRGZ | S370: elc_wof_010 | T370: S06aH06 | U370: 0.006038469 | V370: IMPNRGZ
I371: elc_spv_011 | J371: S01aH01 | K371: 0.014695396 | L371: IMPNRGZ | N371: elc_won_011 | O371: S01aH01 | P371: 0.019651575 | Q371: IMPNRGZ
I372: elc_spv_011 | J372: S01aH02 | K372: 0.010289814 | L372: IMPNRGZ | N372: elc_won_011 | O372: S01aH02 | P372: 0.0035743207 | Q372: IMPNRGZ
I373: elc_spv_011 | J373: S01aH03 | K373: 0.011143246 | L373: IMPNRGZ | N373: elc_won_011 | O373: S01aH03 | P373: 0.0034939491 | Q373: IMPNRGZ
I374: elc_spv_011 | J374: S01aH04 | K374: 0.06333701 | L374: IMPNRGZ | N374: elc_won_011 | O374: S01aH04 | P374: 0.016187208 | Q374: IMPNRGZ
I375: elc_spv_011 | J375: S01aH05 | K375: 0.0032504077 | L375: IMPNRGZ | N375: elc_won_011 | O375: S01aH05 | P375: 0.0029872882 | Q375: IMPNRGZ
I376: elc_spv_011 | J376: S01aH06 | K376: 0 | L376: IMPNRGZ | N376: elc_won_011 | O376: S01aH06 | P376: 0.018419096 | Q376: IMPNRGZ
I377: elc_spv_011 | J377: S02aH01 | K377: 0.010979563 | L377: IMPNRGZ | N377: elc_won_011 | O377: S02aH01 | P377: 0.020140083 | Q377: IMPNRGZ
I378: elc_spv_011 | J378: S02aH02 | K378: 0.0076434522 | L378: IMPNRGZ | N378: elc_won_011 | O378: S02aH02 | P378: 0.003462068 | Q378: IMPNRGZ
I379: elc_spv_011 | J379: S02aH03 | K379: 0.008107132 | L379: IMPNRGZ | N379: elc_won_011 | O379: S02aH03 | P379: 0.0033977973 | Q379: IMPNRGZ
I380: elc_spv_011 | J380: S02aH04 | K380: 0.047482531 | L380: IMPNRGZ | N380: elc_won_011 | O380: S02aH04 | P380: 0.01728813 | Q380: IMPNRGZ
I381: elc_spv_011 | J381: S02aH05 | K381: 0.0030277587 | L381: IMPNRGZ | N381: elc_won_011 | O381: S02aH05 | P381: 0.0030620582 | Q381: IMPNRGZ
I382: elc_spv_011 | J382: S02aH06 | K382: 0 | L382: IMPNRGZ | N382: elc_won_011 | O382: S02aH06 | P382: 0.017681106 | Q382: IMPNRGZ
... I838: elc_spv_023 | J838: S06aH06 | K838: 0 | L838: IMPNRGZ | N838: elc_won_023 | O838: S06aH06 | P838: 0.013413445 | Q838: IMPNRGZ
I839: elc_spv_024 | J839: S01aH01 | K839: 0.014833367 | L839: IMPNRGZ
I840: elc_spv_024 | J840: S01aH02 | K840: 0.0099156718 | L840: IMPNRGZ
I841: elc_spv_024 | J841: S01aH03 | K841: 0.010504635 | L841: IMPNRGZ
I842: elc_spv_024 | J842: S01aH04 | K842: 0.068122655 | L842: IMPNRGZ
I843: elc_spv_024 | J843: S01aH05 | K843: 0.0033812022 | L843: IMPNRGZ
I844: elc_spv_024 | J844: S01aH06 | K844: 0 | L844: IMPNRGZ
I845: elc_spv_024 | J845: S02aH01 | K845: 0.010918107 | L845: IMPNRGZ
I846: elc_spv_024 | J846: S02aH02 | K846: 0.0070463159 | L846: IMPNRGZ
I847: elc_spv_024 | J847: S02aH03 | K847: 0.0074785849 | L847: IMPNRGZ
I848: elc_spv_024 | J848: S02aH04 | K848: 0.0480225 | L848: IMPNRGZ
I849: elc_spv_024 | J849: S02aH05 | K849: 0.0035899453 | L849: IMPNRGZ
I850: elc_spv_024 | J850: S02aH06 | K850: 0 | L850: IMPNRGZ
... I1018: elc_spv_028 | J1018: S06aH06 | K1018: 0 | L1018: IMPNRGZ

Sheet s1_d
C9: =IF(A11="x","DeActivated","~TimeSlices") -> DeActivated | I9: =IF(A11="x","DeActivated","~TFM_DINS-AT") -> DeActivated | N9: =IF(A11="x","DeActivated","~TFM_DINS-AT") -> DeActivated | S9: =IF(A11="x","DeActivated","~TFM_DINS-AT") -> DeActivated | X9: =IF(A11="x","DeActivated","~TFM_DINS-AT") -> DeActivated | AC9: =IF(A11="x","DeActivated","~TFM_DINS-AT") -> DeActivated | AG9: =IF(A11="x","DeActivated","~TFM_DINS-AT") -> DeActivated | AK9: =IF(A11="x","DeActivated","~TFM_INS-AT") -> DeActivated
A10: s1_d | C10: season | D10: weekly | E10: daynite | F10: wparent | G10: dparent | I10: commodity | J10: timeslice | K10: com_fr | L10: process | N10: commodity | O10: timeslice | P10: com_fr | Q10: process | S10: commodity | T10: timeslice | U10: com_fr | V10: process | X10: g_yrfr | Y10: com_fr | Z10: timeslice | AA10: commodity | AC10: commodity | AD10: timeslice | AE10: com_fr | AG10: commodity | AH10: timeslice | AI10: com_pkflx | AK10: Year | AL10: timeslice | AM10: ncap_afs | AN10: pset_ci
A11: =IFERROR(IF(Veda!D5=A10,"ok","x"),"") -> x | C11: S01 | D11: a | E11: 0620h01 | F11: S01,S02,S03,S04,S05,S06 | G11: b | I11: elc_spv_001 | J11: S01aH01 | K11: 0.0086115512 | L11: IMPNRGZ | N11: elc_won_001 | O11: S01aH01 | P11: 0.0041054165 | Q11: IMPNRGZ | S11: elc_wof_001 | T11: S01aH01 | U11: 0.026323444 | V11: IMPNRGZ | X11: 0.034931507 | Y11: 0.022169074 | Z11: S01aH01 | AA11: elc_roadtransport | AC11: elc_buildings | AD11: S01aH01 | AE11: 0.031922668 | AG11: ELC | AH11: S01aH01 | AI11: 0.15119597 | AK11: 2020 | AL11: S01 | AM11: 0.5719863 | AN11: hydro
C12: S02 | D12: b | E12: 0620h02 | F12: S04 | G12: b | I12: elc_spv_001 | J12: S01aH02 | K12: 0.0099742728 | L12: IMPNRGZ | N12: elc_won_001 | O12: S01aH02 | P12: 0.0011465929 | Q12: IMPNRGZ | S12: elc_wof_001 | T12: S01aH02 | U12: 0.0029778699 | V12: IMPNRGZ | X12: 0.0038812785 | Y12: 0.0049139381 | Z12: S01aH02 | AA12: elc_roadtransport | AC12: elc_buildings | AD12: S01aH02 | AE12: 0.0044686703 | AG12: ELC | AH12: S01aH02 | AI12: 0.017442703 | AK12: 2020 | AL12: S02 | AM12: 0.57471264 | AN12: hydro
C13: S03 | E13: 0620h03 | G13: b | I13: elc_spv_001 | J13: S01aH03 | K13: 0.011277066 | L13: IMPNRGZ | N13: elc_won_001 | O13: S01aH03 | P13: 0.0020084254 | Q13: IMPNRGZ | S13: elc_wof_001 | T13: S01aH03 | U13: 0.0034096706 | V13: IMPNRGZ | X13: 0.0038812785 | Y13: 0.0047899626 | Z13: S01aH03 | AA13: elc_roadtransport | AC13: elc_buildings | AD13: S01aH03 | AE13: 0.0044531482 | AG13: ELC | AH13: S01aH03 | AI13: 0.013361304 | AK13: 2020 | AL13: S03 | AM13: 0.5719863 | AN13: hydro
C14: S04 | E14: 0620h04 | G14: b | I14: elc_spv_001 | J14: S01aH04 | K14: 0.078214769 | L14: IMPNRGZ | N14: elc_won_001 | O14: S01aH04 | P14: 0.021403742 | Q14: IMPNRGZ | S14: elc_wof_001 | T14: S01aH04 | U14: 0.03477136 | V14: IMPNRGZ | X14: 0.02716895 | Y14: 0.0407654 | Z14: S01aH04 | AA14: elc_roadtransport | AC14: elc_buildings | AD14: S01aH04 | AE14: 0.033507407 | AG14: ELC | AH14: S01aH04 | AI14: 0.08753271 | AK14: 2020 | AL14: S04 | AM14: 0.56152927 | AN14: hydro
C15: S05 | E15: 0620h05 | G15: b | I15: elc_spv_001 | J15: S01aH05 | K15: 0.0065486123 | L15: IMPNRGZ | N15: elc_won_001 | O15: S01aH05 | P15: 0.0034366421 | Q15: IMPNRGZ | S15: elc_wof_001 | T15: S01aH05 | U15: 0.0065508266 | V15: IMPNRGZ | X15: 0.0038812785 | Y15: 0.0058606602 | Z15: S01aH05 | AA15: elc_roadtransport | AC15: elc_buildings | AD15: S01aH05 | AE15: 0.0048100278 | AG15: ELC | AH15: S01aH05 | AI15: 0.006243625 | AK15: 2020 | AL15: S05 | AM15: 0.63488299 | AN15: hydro
C16: S06 | E16: 0620h06 | G16: b | I16: elc_spv_001 | J16: S01aH06 | K16: 0 | L16: IMPNRGZ | N16: elc_won_001 | O16: S01aH06 | P16: 0.013920381 | Q16: IMPNRGZ | S16: elc_wof_001 | T16: S01aH06 | U16: 0.030651623 | V16: IMPNRGZ | X16: 0.019406393 | Y16: 0.01465165 | Z16: S01aH06 | AA16: elc_roadtransport | AC16: elc_buildings | AD16: S01aH06 | AE16: 0.015236281 | AG16: ELC | AH16: S01aH06 | AI16: 0.16229552 | AK16: 2020 | AL16: S06 | AM16: 0.63251107 | AN16: hydro
E17: 0620h07 | G17: b | I17: elc_spv_001 | J17: S02aH01 | K17: 0.0053920995 | L17: IMPNRGZ | N17: elc_won_001 | O17: S02aH01 | P17: 0.0014738265 | Q17: IMPNRGZ | S17: elc_wof_001 | T17: S02aH01 | U17: 0.01209963 | V17: IMPNRGZ | X17: 0.023630137 | Y17: 0.014996727 | Z17: S02aH01 | AA17: elc_roadtransport | AC17: elc_buildings | AD17: S02aH01 | AE17: 0.021319483 | AG17: ELC | AH17: S02aH01 | AI17: 0.13947007 | AK17: 2021 | AL17: S01 | AM17: 0.50012503 | AN17: hydro
E18: 0620h08 | G18: b | I18: elc_spv_001 | J18: S02aH02 | K18: 0.0071635028 | L18: IMPNRGZ | N18: elc_won_001 | O18: S02aH02 | P18: 0.00047205602 | Q18: IMPNRGZ | S18: elc_wof_001 | T18: S02aH02 | U18: 0.001050741 | V18: IMPNRGZ | X18: 0.0026255708 | Y18: 0.0033241346 | Z18: S02aH02 | AA18: elc_roadtransport | AC18: elc_buildings | AD18: S02aH02 | AE18: 0.0029670512 | AG18: ELC | AH18: S02aH02 | AI18: 0.0055067933 | AK18: 2021 | AL18: S02 | AM18: 0.48449612 | AN18: hydro
E19: 0620h09 | G19: b | I19: elc_spv_001 | J19: S02aH03 | K19: 0.0080064751 | L19: IMPNRGZ | N19: elc_won_001 | O19: S02aH03 | P19: 0.001122865 | Q19: IMPNRGZ | S19: elc_wof_001 | T19: S02aH03 | U19: 0.0012691812 | V19: IMPNRGZ | X19: 0.0026255708 | Y19: 0.0032402688 | Z19: S02aH03 | AA19: elc_roadtransport | AC19: elc_buildings | AD19: S02aH03 | AE19: 0.0029684861 | AG19: ELC | AH19: S02aH03 | AI19: 0.010217329 | AK19: 2021 | AL19: S03 | AM19: 0.48449612 | AN19: hydro
E20: 0620h10 | G20: b | I20: elc_spv_001 | J20: S02aH04 | K20: 0.055343933 | L20: IMPNRGZ | N20: elc_won_001 | O20: S02aH04 | P20: 0.019095943 | Q20: IMPNRGZ | S20: elc_wof_001 | T20: S02aH04 | U20: 0.02088758 | V20: IMPNRGZ | X20: 0.018378995 | Y20: 0.027576594 | Z20: S02aH04 | AA20: elc_roadtransport | AC20: elc_buildings | AD20: S02aH04 | AE20: 0.022327968 | AG20: ELC | AH20: S02aH04 | AI20: 0.094959808 | AK20: 2021 | AL20: S04 | AM20: 0.48090726 | AN20: hydro
E21: 0620h11 | G21: b | I21: elc_spv_001 | J21: S02aH05 | K21: 0.0048689097 | L21: IMPNRGZ | N21: elc_won_001 | O21: S02aH05 | P21: 0.0044843119 | Q21: IMPNRGZ | S21: elc_wof_001 | T21: S02aH05 | U21: 0.004541889 | V21: IMPNRGZ | X21: 0.0026255708 | Y21: 0.0039645642 | Z21: S02aH05 | AA21: elc_roadtransport | AC21: elc_buildings | AD21: S02aH05 | AE21: 0.0032027536 | AG21: ELC | AH21: S02aH05 | AI21: 0.016639012 | AK21: 2021 | AL21: S05 | AM21: 0.49986455 | AN21: hydro
E22: 0620h12 | G22: b | I22: elc_spv_001 | J22: S02aH06 | K22: 0 | L22: IMPNRGZ | N22: elc_won_001 | O22: S02aH06 | P22: 0.018637868 | Q22: IMPNRGZ | S22: elc_wof_001 | T22: S02aH06 | U22: 0.019759126 | V22: IMPNRGZ | X22: 0.013127854 | Y22: 0.0099114106 | Z22: S02aH06 | AA22: elc_roadtransport | AC22: elc_buildings | AD22: S02aH06 | AE22: 0.010264171 | AG22: ELC | AH22: S02aH06 | AI22: 0.16609113 | AK22: 2021 | AL22: S06 | AM22: 0.53138285 | AN22: hydro
E23: 0620h13 | G23: b | I23: elc_spv_001 | J23: S03aH01 | K23: 0.0065882505 | L23: IMPNRGZ | N23: elc_won_001 | O23: S03aH01 | P23: 0.0015958254 | Q23: IMPNRGZ | S23: elc_wof_001 | T23: S03aH01 | U23: 0.002827438 | V23: IMPNRGZ | X23: 0.02260274 | Y23: 0.014344695 | Z23: S03aH01 | AA23: elc_roadtransport | AC23: elc_buildings | AD23: S03aH01 | AE23: 0.020632257 | AG23: ELC | AH23: S03aH01 | AI23: 0.14007719 | AK23: 2022 | AL23: S01 | AM23: 0.45770371 | AN23: hydro
E24: 0620h14 | G24: b | I24: elc_spv_001 | J24: S03aH02 | K24: 0.0061442087 | L24: IMPNRGZ | N24: elc_won_001 | O24: S03aH02 | P24: 0.00021691263 | Q24: IMPNRGZ | S24: elc_wof_001 | T24: S03aH02 | U24: 0.00017269705 | V24: IMPNRGZ | X24: 0.0025114155 | Y24: 0.003179607 | Z24: S03aH02 | AA24: elc_roadtransport | AC24: elc_buildings | AD24: S03aH02 | AE24: 0.0028665906 | AG24: ELC | AH24: S03aH02 | AI24: 0.012929849 | AK24: 2022 | AL24: S02 | AM24: 0.41528239 | AN24: hydro
E25: 0620h15 | G25: b | I25: elc_spv_001 | J25: S03aH03 | K25: 0.0067828944 | L25: IMPNRGZ | N25: elc_won_001 | O25: S03aH03 | P25: 0.00032894199 | Q25: IMPNRGZ | S25: elc_wof_001 | T25: S03aH03 | U25: 0.00022305891 | V25: IMPNRGZ | X25: 0.0025114155 | Y25: 0.0030993876 | Z25: S03aH03 | AA25: elc_roadtransport | AC25: elc_buildings | AD25: S03aH03 | AE25: 0.0028751996 | AG25: ELC | AH25: S03aH03 | AI25: 0.017852238 | AK25: 2022 | AL25: S03 | AM25: 0.39518808 | AN25: hydro
E26: 0620h16 | G26: b | I26: elc_spv_001 | J26: S03aH04 | K26: 0.04774273 | L26: IMPNRGZ | N26: elc_won_001 | O26: S03aH04 | P26: 0.012303613 | Q26: IMPNRGZ | S26: elc_wof_001 | T26: S03aH04 | U26: 0.004390799 | V26: IMPNRGZ | X26: 0.017579909 | Y26: 0.026377611 | Z26: S03aH04 | AA26: elc_roadtransport | AC26: elc_buildings | AD26: S03aH04 | AE26: 0.0216027 | AG26: ELC | AH26: S03aH04 | AI26: 0.098208623 | AK26: 2022 | AL26: S04 | AM26: 0.39454308 | AN26: hydro
E27: 0620h17 | G27: b | I27: elc_spv_001 | J27: S03aH05 | K27: 0.0040062245 | L27: IMPNRGZ | N27: elc_won_001 | O27: S03aH05 | P27: 0.0046724433 | Q27: IMPNRGZ | S27: elc_wof_001 | T27: S03aH05 | U27: 0.0012246186 | V27: IMPNRGZ | X27: 0.0025114155 | Y27: 0.0037921919 | Z27: S03aH05 | AA27: elc_roadtransport | AC27: elc_buildings | AD27: S03aH05 | AE27: 0.0030959014 | AG27: ELC | AH27: S03aH05 | AI27: 0.015595429 | AK27: 2022 | AL27: S05 | AM27: 0.35764149 | AN27: hydro
E28: 0620h18 | G28: b | I28: elc_spv_001 | J28: S03aH06 | K28: 0 | L28: IMPNRGZ | N28: elc_won_001 | O28: S03aH06 | P28: 0.016735968 | Q28: IMPNRGZ | S28: elc_wof_001 | T28: S03aH06 | U28: 0.0052856259 | V28: IMPNRGZ | X28: 0.012557078 | Y28: 0.0094804797 | Z28: S03aH06 | AA28: elc_roadtransport | AC28: elc_buildings | AD28: S03aH06 | AE28: 0.010020788 | AG28: ELC | AH28: S03aH06 | AI28: 0.16219002 | AK28: 2022 | AL28: S06 | AM28: 0.34383596 | AN28: hydro
... E40: H06 | G40: a | I40: elc_spv_001 | J40: S04b0620h06 | K40: 0 | L40: IMPNRGZ | N40: elc_won_001 | O40: S04b0620h06 | P40: 3.8664685e-05 | Q40: IMPNRGZ | S40: elc_wof_001 | T40: S04b0620h06 | U40: 0.00031762363 | V40: IMPNRGZ | X40: 0.00011415525 | Y40: 5.7678443e-05 | Z40: S04b0620h06 | AA40: elc_roadtransport | AC40: elc_buildings | AD40: S04b0620h06 | AE40: 0.00012253256 | AG40: ELC | AH40: S04b0620h06 | AI40: 0 | AK40: 2026 | AL40: S06 | AM40: 0.5032 | AN40: hydro
I41: elc_spv_001 | J41: S04b0620h07 | K41: 0 | L41: IMPNRGZ | N41: elc_won_001 | O41: S04b0620h07 | P41: 3.4578595e-05 | Q41: IMPNRGZ | S41: elc_wof_001 | T41: S04b0620h07 | U41: 0.00028279289 | V41: IMPNRGZ | X41: 0.00011415525 | Y41: 0.0001690575 | Z41: S04b0620h07 | AA41: elc_roadtransport | AC41: elc_buildings | AD41: S04b0620h07 | AE41: 0.00013335895 | AG41: ELC | AH41: S04b0620h07 | AI41: 0 | AK41: 2027 | AL41: S01 | AM41: 0.5 | AN41: hydro
I42: elc_spv_001 | J42: S04b0620h08 | K42: 3.9559897e-05 | L42: IMPNRGZ | N42: elc_won_001 | O42: S04b0620h08 | P42: 4.6721437e-05 | Q42: IMPNRGZ | S42: elc_wof_001 | T42: S04b0620h08 | U42: 0.00027358459 | V42: IMPNRGZ | X42: 0.00011415525 | Y42: 0.00019060405 | Z42: S04b0620h08 | AA42: elc_roadtransport | AC42: elc_buildings | AD42: S04b0620h08 | AE42: 0.00013609816 | AG42: ELC | AH42: S04b0620h08 | AI42: 0 | AK42: 2027 | AL42: S02 | AM42: 0.4404 | AN42: hydro
I43: elc_spv_001 | J43: S04b0620h09 | K43: 0.00011020264 | L43: IMPNRGZ | N43: elc_won_001 | O43: S04b0620h09 | P43: 0.0001891257 | Q43: IMPNRGZ | S43: elc_wof_001 | T43: S04b0620h09 | U43: 0.00027200081 | V43: IMPNRGZ | X43: 0.00011415525 | Y43: 0.00014585353 | Z43: S04b0620h09 | AA43: elc_roadtransport | AC43: elc_buildings | AD43: S04b0620h09 | AE43: 0.00013583728 | AG43: ELC | AH43: S04b0620h09 | AI43: 0 | AK43: 2027 | AL43: S03 | AM43: 0.4737 | AN43: hydro
I44: elc_spv_001 | J44: S04b0620h10 | K44: 0.00017975886 | L44: IMPNRGZ | N44: elc_won_001 | O44: S04b0620h10 | P44: 0.00030194081 | Q44: IMPNRGZ | S44: elc_wof_001 | T44: S04b0620h10 | U44: 0.00026372406 | V44: IMPNRGZ | X44: 0.00011415525 | Y44: 0.00014452759 | Z44: S04b0620h10 | AA44: elc_roadtransport | AC44: elc_buildings | AD44: S04b0620h10 | AE44: 0.00013596772 | AG44: ELC | AH44: S04b0620h10 | AI44: 0 | AK44: 2027 | AL44: S04 | AM44: 0.50642222 | AN44: hydro
I45: elc_spv_001 | J45: S04b0620h11 | K45: 0.00018192191 | L45: IMPNRGZ | N45: elc_won_001 | O45: S04b0620h11 | P45: 0.00037619848 | Q45: IMPNRGZ | S45: elc_wof_001 | T45: S04b0620h11 | U45: 0.00027343484 | V45: IMPNRGZ | X45: 0.00011415525 | Y45: 0.00014088125 | Z45: S04b0620h11 | AA45: elc_roadtransport | AC45: elc_buildings | AD45: S04b0620h11 | AE45: 0.00013427202 | AG45: ELC | AH45: S04b0620h11 | AI45: 0 | AK45: 2027 | AL45: S05 | AM45: 0.52365 | AN45: hydro
I46: elc_spv_001 | J46: S04b0620h12 | K46: 0.00017948086 | L46: IMPNRGZ | N46: elc_won_001 | O46: S04b0620h12 | P46: 0.00038464169 | Q46: IMPNRGZ | S46: elc_wof_001 | T46: S04b0620h12 | U46: 0.00030907994 | V46: IMPNRGZ | X46: 0.00011415525 | Y46: 0.00014054977 | Z46: S04b0620h12 | AA46: elc_roadtransport | AC46: elc_buildings | AD46: S04b0620h12 | AE46: 0.00013427202 | AG46: ELC | AH46: S04b0620h12 | AI46: 0 | AK46: 2027 | AL46: S06 | AM46: 0.5169 | AN46: hydro
I47: elc_spv_001 | J47: S04b0620h13 | K47: 0.00020554207 | L47: IMPNRGZ | N47: elc_won_001 | O47: S04b0620h13 | P47: 0.00031849635 | Q47: IMPNRGZ | S47: elc_wof_001 | T47: S04b0620h13 | U47: 0.00034286889 | V47: IMPNRGZ | X47: 0.00011415525 | Y47: 0.00014253868 | Z47: S04b0620h13 | AA47: elc_roadtransport | AC47: elc_buildings | AD47: S04b0620h13 | AE47: 0.0001345329 | AG47: ELC | AH47: S04b0620h13 | AI47: 0 | AK47: 2028 | AL47: S01 | AM47: 0.5176 | AN47: hydro
I48: elc_spv_001 | J48: S04b0620h14 | K48: 0.00018502383 | L48: IMPNRGZ | N48: elc_won_001 | O48: S04b0620h14 | P48: 0.00026865344 | Q48: IMPNRGZ | S48: elc_wof_001 | T48: S04b0620h14 | U48: 0.00035485218 | V48: IMPNRGZ | X48: 0.00011415525 | Y48: 0.0001488369 | Z48: S04b0620h14 | AA48: elc_roadtransport | AC48: elc_buildings | AD48: S04b0620h14 | AE48: 0.0001355764 | AG48: ELC | AH48: S04b0620h14 | AI48: 0 | AK48: 2028 | AL48: S02 | AM48: 0.4516 | AN48: hydro
I49: elc_spv_001 | J49: S04b0620h15 | K49: 0.000127408 | L49: IMPNRGZ | N49: elc_won_001 | O49: S04b0620h15 | P49: 0.00023568779 | Q49: IMPNRGZ | S49: elc_wof_001 | T49: S04b0620h15 | U49: 0.00035463107 | V49: IMPNRGZ | X49: 0.00011415525 | Y49: 0.00015049433 | Z49: S04b0620h15 | AA49: elc_roadtransport | AC49: elc_buildings | AD49: S04b0620h15 | AE49: 0.00013570684 | AG49: ELC | AH49: S04b0620h15 | AI49: 0 | AK49: 2028 | AL49: S03 | AM49: 0.44505 | AN49: hydro
I50: elc_spv_001 | J50: S04b0620h16 | K50: 9.238489e-05 | L50: IMPNRGZ | N50: elc_won_001 | O50: S04b0620h16 | P50: 0.00024307515 | Q50: IMPNRGZ | S50: elc_wof_001 | T50: S04b0620h16 | U50: 0.00034929033 | V50: IMPNRGZ | X50: 0.00011415525 | Y50: 0.00017237236 | Z50: S04b0620h16 | AA50: elc_roadtransport | AC50: elc_buildings | AD50: S04b0620h16 | AE50: 0.00014796806 | AG50: ELC | AH50: S04b0620h16 | AI50: 0 | AK50: 2028 | AL50: S04 | AM50: 0.50691111 | AN50: hydro
I51: elc_spv_001 | J51: S04b0620h17 | K51: 7.8079153e-05 | L51: IMPNRGZ | N51: elc_won_001 | O51: S04b0620h17 | P51: 0.00027912753 | Q51: IMPNRGZ | S51: elc_wof_001 | T51: S04b0620h17 | U51: 0.00034367487 | V51: IMPNRGZ | X51: 0.00011415525 | Y51: 0.00022209515 | Z51: S04b0620h17 | AA51: elc_roadtransport | AC51: elc_buildings | AD51: S04b0620h17 | AE51: 0.000149142 | AG51: ELC | AH51: S04b0620h17 | AI51: 0 | AK51: 2028 | AL51: S05 | AM51: 0.51845 | AN51: hydro
I52: elc_spv_001 | J52: S04b0620h18 | K52: 5.2034992e-05 | L52: IMPNRGZ | N52: elc_won_001 | O52: S04b0620h18 | P52: 0.00029376303 | Q52: IMPNRGZ | S52: elc_wof_001 | T52: S04b0620h18 | U52: 0.00034083944 | V52: IMPNRGZ | X52: 0.00011415525 | Y52: 0.00022209515 | Z52: S04b0620h18 | AA52: elc_roadtransport | AC52: elc_buildings | AD52: S04b0620h18 | AE52: 0.000149142 | AG52: ELC | AH52: S04b0620h18 | AI52: 0 | AK52: 2028 | AL52: S06 | AM52: 0.5215 | AN52: hydro
... I70: elc_spv_001 | J70: S06aH06 | K70: 0 | L70: IMPNRGZ | N70: elc_won_001 | O70: S06aH06 | P70: 0.002937415 | Q70: IMPNRGZ | S70: elc_wof_001 | T70: S06aH06 | U70: 0.0063770729 | V70: IMPNRGZ | X70: 0.0039954338 | Y70: 0.0030165163 | Z70: S06aH06 | AA70: elc_roadtransport | AC70: elc_buildings | AD70: S06aH06 | AE70: 0.0030397428 | AG70: ELC | AH70: S06aH06 | AI70: 0.1721876 | AK70: 2031 | AL70: S06 | AM70: 0.5428 | AN70: hydro
I71: elc_spv_002 | J71: S01aH01 | K71: 0.010240022 | L71: IMPNRGZ | N71: elc_won_002 | O71: S01aH01 | P71: 0.0079867119 | Q71: IMPNRGZ | S71: elc_wof_002 | T71: S01aH01 | U71: 0.02027061 | V71: IMPNRGZ | AC71: elc_industry | AD71: S01aH01 | AE71: 0.034754543 | AK71: 2032 | AL71: S01 | AM71: 0.4425 | AN71: hydro
I72: elc_spv_002 | J72: S01aH02 | K72: 0.0081538515 | L72: IMPNRGZ | N72: elc_won_002 | O72: S01aH02 | P72: 0.00014434437 | Q72: IMPNRGZ | S72: elc_wof_002 | T72: S01aH02 | U72: 0.002473831 | V72: IMPNRGZ | AC72: elc_industry | AD72: S01aH02 | AE72: 0.0039092272 | AK72: 2032 | AL72: S02 | AM72: 0.4087 | AN72: hydro
I73: elc_spv_002 | J73: S01aH03 | K73: 0.0091239683 | L73: IMPNRGZ | N73: elc_won_002 | O73: S01aH03 | P73: 0.00029103041 | Q73: IMPNRGZ | S73: elc_wof_002 | T73: S01aH03 | U73: 0.0028201679 | V73: IMPNRGZ | AC73: elc_industry | AD73: S01aH03 | AE73: 0.0039084254 | AK73: 2032 | AL73: S03 | AM73: 0.40095 | AN73: hydro
I74: elc_spv_002 | J74: S01aH04 | K74: 0.071844914 | L74: IMPNRGZ | N74: elc_won_002 | O74: S01aH04 | P74: 0.005494949 | Q74: IMPNRGZ | S74: elc_wof_002 | T74: S01aH04 | U74: 0.038911864 | V74: IMPNRGZ | AC74: elc_industry | AD74: S01aH04 | AE74: 0.027479612 | AK74: 2032 | AL74: S04 | AM74: 0.44517778 | AN74: hydro
I75: elc_spv_002 | J75: S01aH05 | K75: 0.0065900518 | L75: IMPNRGZ | N75: elc_won_002 | O75: S01aH05 | P75: 0.0011537261 | Q75: IMPNRGZ | S75: elc_wof_002 | T75: S01aH05 | U75: 0.0075925805 | V75: IMPNRGZ | AC75: elc_industry | AD75: S01aH05 | AE75: 0.0039268602 | AK75: 2032 | AL75: S05 | AM75: 0.51395 | AN75: hydro
I76: elc_spv_002 | J76: S01aH06 | K76: 0 | L76: IMPNRGZ | N76: elc_won_002 | O76: S01aH06 | P76: 0.0069677739 | Q76: IMPNRGZ | S76: elc_wof_002 | T76: S01aH06 | U76: 0.028928468 | V76: IMPNRGZ | AC76: elc_industry | AD76: S01aH06 | AE76: 0.019179016 | AK76: 2032 | AL76: S06 | AM76: 0.5014 | AN76: hydro
I77: elc_spv_002 | J77: S02aH01 | K77: 0.0047420519 | L77: IMPNRGZ | N77: elc_won_002 | O77: S02aH01 | P77: 0.0072621289 | Q77: IMPNRGZ | S77: elc_wof_002 | T77: S02aH01 | U77: 0.0084169526 | V77: IMPNRGZ | AC77: elc_industry | AD77: S02aH01 | AE77: 0.023510439 | AK77: 2033 | AL77: S01 | AM77: 0.4438 | AN77: hydro
I78: elc_spv_002 | J78: S02aH02 | K78: 0.0051190561 | L78: IMPNRGZ | N78: elc_won_002 | O78: S02aH02 | P78: 0.00015531608 | Q78: IMPNRGZ | S78: elc_wof_002 | T78: S02aH02 | U78: 0.00088194161 | V78: IMPNRGZ | AC78: elc_industry | AD78: S02aH02 | AE78: 0.0026431723 | AK78: 2033 | AL78: S02 | AM78: 0.4398 | AN78: hydro
I79: elc_spv_002 | J79: S02aH03 | K79: 0.0062084592 | L79: IMPNRGZ | N79: elc_won_002 | O79: S02aH03 | P79: 0.00020813849 | Q79: IMPNRGZ | S79: elc_wof_002 | T79: S02aH03 | U79: 0.001072998 | V79: IMPNRGZ | AC79: elc_industry | AD79: S02aH03 | AE79: 0.0026432465 | AK79: 2033 | AL79: S03 | AM79: 0.4272 | AN79: hydro
I80: elc_spv_002 | J80: S02aH04 | K80: 0.04916485 | L80: IMPNRGZ | N80: elc_won_002 | O80: S02aH04 | P80: 0.0063219973 | Q80: IMPNRGZ | S80: elc_wof_002 | T80: S02aH04 | U80: 0.028488822 | V80: IMPNRGZ | AC80: elc_industry | AD80: S02aH04 | AE80: 0.018582717 | AK80: 2033 | AL80: S04 | AM80: 0.44691111 | AN80: hydro
I81: elc_spv_002 | J81: S02aH05 | K81: 0.0047860789 | L81: IMPNRGZ | N81: elc_won_002 | O81: S02aH05 | P81: 0.002011143 | Q81: IMPNRGZ | S81: elc_wof_002 | T81: S02aH05 | U81: 0.0058884786 | V81: IMPNRGZ | AC81: elc_industry | AD81: S02aH05 | AE81: 0.0026553477 | AK81: 2033 | AL81: S05 | AM81: 0.49225 | AN81: hydro
I82: elc_spv_002 | J82: S02aH06 | K82: 0 | L82: IMPNRGZ | N82: elc_won_002 | O82: S02aH06 | P82: 0.011633486 | Q82: IMPNRGZ | S82: elc_wof_002 | T82: S02aH06 | U82: 0.018761422 | V82: IMPNRGZ | AC82: elc_industry | AD82: S02aH06 | AE82: 0.01297974 | AK82: 2033 | AL82: S06 | AM82: 0.4537 | AN82: hydro
... I130: elc_spv_002 | J130: S06aH06 | K130: 0 | L130: IMPNRGZ | N130: elc_won_002 | O130: S06aH06 | P130: 0.00083599893 | Q130: IMPNRGZ | S130: elc_wof_002 | T130: S06aH06 | U130: 0.0064008658 | V130: IMPNRGZ | AC130: elc_industry | AD130: S06aH06 | AE130: 0.0039477359 | AK130: 2041 | AL130: S06 | AM130: 0.5111 | AN130: hydro
I131: elc_spv_003 | J131: S01aH01 | K131: 0.014013886 | L131: IMPNRGZ | N131: elc_won_003 | O131: S01aH01 | P131: 0.022601432 | Q131: IMPNRGZ | S131: elc_wof_003 | T131: S01aH01 | U131: 0.017062501 | V131: IMPNRGZ | AK131: 2042 | AL131: S01 | AM131: 0.46355 | AN131: hydro
I132: elc_spv_003 | J132: S01aH02 | K132: 0.0099195104 | L132: IMPNRGZ | N132: elc_won_003 | O132: S01aH02 | P132: 0.0023544583 | Q132: IMPNRGZ | S132: elc_wof_003 | T132: S01aH02 | U132: 0.0018645453 | V132: IMPNRGZ | AK132: 2042 | AL132: S02 | AM132: 0.4259 | AN132: hydro
I133: elc_spv_003 | J133: S01aH03 | K133: 0.010559758 | L133: IMPNRGZ | N133: elc_won_003 | O133: S01aH03 | P133: 0.0023241959 | Q133: IMPNRGZ | S133: elc_wof_003 | T133: S01aH03 | U133: 0.0020569031 | V133: IMPNRGZ | AK133: 2042 | AL133: S03 | AM133: 0.41375 | AN133: hydro
I134: elc_spv_003 | J134: S01aH04 | K134: 0.066223062 | L134: IMPNRGZ | N134: elc_won_003 | O134: S01aH04 | P134: 0.026429989 | Q134: IMPNRGZ | S134: elc_wof_003 | T134: S01aH04 | U134: 0.02499852 | V134: IMPNRGZ | AK134: 2042 | AL134: S04 | AM134: 0.427 | AN134: hydro
I135: elc_spv_003 | J135: S01aH05 | K135: 0.0033038511 | L135: IMPNRGZ | N135: elc_won_003 | O135: S01aH05 | P135: 0.0060226857 | Q135: IMPNRGZ | S135: elc_wof_003 | T135: S01aH05 | U135: 0.0055421997 | V135: IMPNRGZ | AK135: 2042 | AL135: S05 | AM135: 0.47065 | AN135: hydro
I136: elc_spv_003 | J136: S01aH06 | K136: 0 | L136: IMPNRGZ | N136: elc_won_003 | O136: S01aH06 | P136: 0.025678341 | Q136: IMPNRGZ | S136: elc_wof_003 | T136: S01aH06 | U136: 0.023766074 | V136: IMPNRGZ | AK136: 2042 | AL136: S06 | AM136: 0.502 | AN136: hydro
I137: elc_spv_003 | J137: S02aH01 | K137: 0.010149816 | L137: IMPNRGZ | N137: elc_won_003 | O137: S02aH01 | P137: 0.011511716 | Q137: IMPNRGZ | S137: elc_wof_003 | T137: S02aH01 | U137: 0.0073258502 | V137: IMPNRGZ | AK137: 2043 | AL137: S01 | AM137: 0.465 | AN137: hydro
I138: elc_spv_003 | J138: S02aH02 | K138: 0.0071680609 | L138: IMPNRGZ | N138: elc_won_003 | O138: S02aH02 | P138: 0.0011661332 | Q138: IMPNRGZ | S138: elc_wof_003 | T138: S02aH02 | U138: 0.00066478884 | V138: IMPNRGZ | AK138: 2043 | AL138: S02 | AM138: 0.4569 | AN138: hydro
I139: elc_spv_003 | J139: S02aH03 | K139: 0.007670579 | L139: IMPNRGZ | N139: elc_won_003 | O139: S02aH03 | P139: 0.0012217063 | Q139: IMPNRGZ | S139: elc_wof_003 | T139: S02aH03 | U139: 0.00083550008 | V139: IMPNRGZ | AK139: 2043 | AL139: S03 | AM139: 0.4311 | AN139: hydro
I140: elc_spv_003 | J140: S02aH04 | K140: 0.046841286 | L140: IMPNRGZ | N140: elc_won_003 | O140: S02aH04 | P140: 0.019012776 | Q140: IMPNRGZ | S140: elc_wof_003 | T140: S02aH04 | U140: 0.017404232 | V140: IMPNRGZ | AK140: 2043 | AL140: S04 | AM140: 0.43804444 | AN140: hydro
I141: elc_spv_003 | J141: S02aH05 | K141: 0.0026420832 | L141: IMPNRGZ | N141: elc_won_003 | O141: S02aH05 | P141: 0.004338549 | Q141: IMPNRGZ | S141: elc_wof_003 | T141: S02aH05 | U141: 0.0038354233 | V141: IMPNRGZ | AK141: 2043 | AL141: S05 | AM141: 0.47675 | AN141: hydro
I142: elc_spv_003 | J142: S02aH06 | K142: 0 | L142: IMPNRGZ | N142: elc_won_003 | O142: S02aH06 | P142: 0.016820205 | Q142: IMPNRGZ | S142: elc_wof_003 | T142: S02aH06 | U142: 0.014800439 | V142: IMPNRGZ | AK142: 2043 | AL142: S06 | AM142: 0.5121 | AN142: hydro
... I184: elc_spv_003 | J184: S05aH06 | K184: 0 | L184: IMPNRGZ | N184: elc_won_003 | O184: S05aH06 | P184: 0.010776582 | Q184: IMPNRGZ | S184: elc_wof_003 | T184: S05aH06 | U184: 0.0087702405 | V184: IMPNRGZ | AK184: 2050 | AL184: S06 | AM184: 0.3847 | AN184: hydro
I185: elc_spv_003 | J185: S06aH01 | K185: 0.0031817484 | L185: IMPNRGZ | N185: elc_won_003 | O185: S06aH01 | P185: 0.0050919008 | Q185: IMPNRGZ | S185: elc_wof_003 | T185: S06aH01 | U185: 0.0038165564 | V185: IMPNRGZ
I186: elc_spv_003 | J186: S06aH02 | K186: 0.0021952395 | L186: IMPNRGZ | N186: elc_won_003 | O186: S06aH02 | P186: 0.00061123074 | Q186: IMPNRGZ | S186: elc_wof_003 | T186: S06aH02 | U186: 0.00045736461 | V186: IMPNRGZ
I187: elc_spv_003 | J187: S06aH03 | K187: 0.0023125926 | L187: IMPNRGZ | N187: elc_won_003 | O187: S06aH03 | P187: 0.00064306429 | Q187: IMPNRGZ | S187: elc_wof_003 | T187: S06aH03 | U187: 0.00053419116 | V187: IMPNRGZ
I188: elc_spv_003 | J188: S06aH04 | K188: 0.014035705 | L188: IMPNRGZ | N188: elc_won_003 | O188: S06aH04 | P188: 0.0057818572 | Q188: IMPNRGZ | S188: elc_wof_003 | T188: S06aH04 | U188: 0.004863511 | V188: IMPNRGZ
I189: elc_spv_003 | J189: S06aH05 | K189: 0 | L189: IMPNRGZ | N189: elc_won_003 | O189: S06aH05 | P189: 0.0011578502 | Q189: IMPNRGZ | S189: elc_wof_003 | T189: S06aH05 | U189: 0.00095206333 | V189: IMPNRGZ
I190: elc_spv_003 | J190: S06aH06 | K190: 0 | L190: IMPNRGZ | N190: elc_won_003 | O190: S06aH06 | P190: 0.0050849844 | Q190: IMPNRGZ | S190: elc_wof_003 | T190: S06aH06 | U190: 0.0044730113 | V190: IMPNRGZ
I191: elc_spv_004 | J191: S01aH01 | K191: 0.012812666 | L191: IMPNRGZ | N191: elc_won_004 | O191: S01aH01 | P191: 0.0055920506 | Q191: IMPNRGZ | S191: elc_wof_004 | T191: S01aH01 | U191: 0.016586837 | V191: IMPNRGZ
I192: elc_spv_004 | J192: S01aH02 | K192: 0.0092846494 | L192: IMPNRGZ | N192: elc_won_004 | O192: S01aH02 | P192: 0.00049465382 | Q192: IMPNRGZ | S192: elc_wof_004 | T192: S01aH02 | U192: 0.0012678476 | V192: IMPNRGZ
I193: elc_spv_004 | J193: S01aH03 | K193: 0.010117953 | L193: IMPNRGZ | N193: elc_won_004 | O193: S01aH03 | P193: 0.00056596105 | Q193: IMPNRGZ | S193: elc_wof_004 | T193: S01aH03 | U193: 0.0010756737 | V193: IMPNRGZ
I194: elc_spv_004 | J194: S01aH04 | K194: 0.065452975 | L194: IMPNRGZ | N194: elc_won_004 | O194: S01aH04 | P194: 0.0075598035 | Q194: IMPNRGZ | S194: elc_wof_004 | T194: S01aH04 | U194: 0.018081124 | V194: IMPNRGZ
I195: elc_spv_004 | J195: S01aH05 | K195: 0.0040787707 | L195: IMPNRGZ | N195: elc_won_004 | O195: S01aH05 | P195: 0.0032882191 | Q195: IMPNRGZ | S195: elc_wof_004 | T195: S01aH05 | U195: 0.0057504799 | V195: IMPNRGZ
I196: elc_spv_004 | J196: S01aH06 | K196: 0 | L196: IMPNRGZ | N196: elc_won_004 | O196: S01aH06 | P196: 0.018204428 | Q196: IMPNRGZ | S196: elc_wof_004 | T196: S01aH06 | U196: 0.024727632 | V196: IMPNRGZ
... I610: elc_spv_010 | J610: S06aH06 | K610: 0 | L610: IMPNRGZ | N610: elc_won_010 | O610: S06aH06 | P610: 0.0040092705 | Q610: IMPNRGZ | S610: elc_wof_010 | T610: S06aH06 | U610: 0.006038469 | V610: IMPNRGZ
I611: elc_spv_011 | J611: S01aH01 | K611: 0.014695396 | L611: IMPNRGZ | N611: elc_won_011 | O611: S01aH01 | P611: 0.019651575 | Q611: IMPNRGZ
I612: elc_spv_011 | J612: S01aH02 | K612: 0.010289814 | L612: IMPNRGZ | N612: elc_won_011 | O612: S01aH02 | P612: 0.0035743207 | Q612: IMPNRGZ
I613: elc_spv_011 | J613: S01aH03 | K613: 0.011143246 | L613: IMPNRGZ | N613: elc_won_011 | O613: S01aH03 | P613: 0.0034939491 | Q613: IMPNRGZ
I614: elc_spv_011 | J614: S01aH04 | K614: 0.06333701 | L614: IMPNRGZ | N614: elc_won_011 | O614: S01aH04 | P614: 0.016187208 | Q614: IMPNRGZ
I615: elc_spv_011 | J615: S01aH05 | K615: 0.0032504077 | L615: IMPNRGZ | N615: elc_won_011 | O615: S01aH05 | P615: 0.0029872882 | Q615: IMPNRGZ
I616: elc_spv_011 | J616: S01aH06 | K616: 0 | L616: IMPNRGZ | N616: elc_won_011 | O616: S01aH06 | P616: 0.018419096 | Q616: IMPNRGZ
I617: elc_spv_011 | J617: S02aH01 | K617: 0.010979563 | L617: IMPNRGZ | N617: elc_won_011 | O617: S02aH01 | P617: 0.020140083 | Q617: IMPNRGZ
I618: elc_spv_011 | J618: S02aH02 | K618: 0.0076434522 | L618: IMPNRGZ | N618: elc_won_011 | O618: S02aH02 | P618: 0.003462068 | Q618: IMPNRGZ
I619: elc_spv_011 | J619: S02aH03 | K619: 0.008107132 | L619: IMPNRGZ | N619: elc_won_011 | O619: S02aH03 | P619: 0.0033977973 | Q619: IMPNRGZ
I620: elc_spv_011 | J620: S02aH04 | K620: 0.047482531 | L620: IMPNRGZ | N620: elc_won_011 | O620: S02aH04 | P620: 0.01728813 | Q620: IMPNRGZ
I621: elc_spv_011 | J621: S02aH05 | K621: 0.0030277587 | L621: IMPNRGZ | N621: elc_won_011 | O621: S02aH05 | P621: 0.0030620582 | Q621: IMPNRGZ
I622: elc_spv_011 | J622: S02aH06 | K622: 0 | L622: IMPNRGZ | N622: elc_won_011 | O622: S02aH06 | P622: 0.017681106 | Q622: IMPNRGZ
... I1390: elc_spv_023 | J1390: S06aH06 | K1390: 0 | L1390: IMPNRGZ | N1390: elc_won_023 | O1390: S06aH06 | P1390: 0.013413445 | Q1390: IMPNRGZ
I1391: elc_spv_024 | J1391: S01aH01 | K1391: 0.014833367 | L1391: IMPNRGZ
I1392: elc_spv_024 | J1392: S01aH02 | K1392: 0.0099156718 | L1392: IMPNRGZ
I1393: elc_spv_024 | J1393: S01aH03 | K1393: 0.010504635 | L1393: IMPNRGZ
I1394: elc_spv_024 | J1394: S01aH04 | K1394: 0.068122655 | L1394: IMPNRGZ
I1395: elc_spv_024 | J1395: S01aH05 | K1395: 0.0033812022 | L1395: IMPNRGZ
I1396: elc_spv_024 | J1396: S01aH06 | K1396: 0 | L1396: IMPNRGZ
I1397: elc_spv_024 | J1397: S02aH01 | K1397: 0.010918107 | L1397: IMPNRGZ
I1398: elc_spv_024 | J1398: S02aH02 | K1398: 0.0070463159 | L1398: IMPNRGZ
I1399: elc_spv_024 | J1399: S02aH03 | K1399: 0.0074785849 | L1399: IMPNRGZ
I1400: elc_spv_024 | J1400: S02aH04 | K1400: 0.0480225 | L1400: IMPNRGZ
I1401: elc_spv_024 | J1401: S02aH05 | K1401: 0.0035899453 | L1401: IMPNRGZ
I1402: elc_spv_024 | J1402: S02aH06 | K1402: 0 | L1402: IMPNRGZ
... I1690: elc_spv_028 | J1690: S06aH06 | K1690: 0 | L1690: IMPNRGZ

Sheet s1v1_d
C9: =IF(A11="x","DeActivated","~TimeSlices") -> DeActivated | I9: =IF(A11="x","DeActivated","~TFM_DINS-AT") -> DeActivated | N9: =IF(A11="x","DeActivated","~TFM_DINS-AT") -> DeActivated | S9: =IF(A11="x","DeActivated","~TFM_DINS-AT") -> DeActivated | X9: =IF(A11="x","DeActivated","~TFM_DINS-AT") -> DeActivated | AC9: =IF(A11="x","DeActivated","~TFM_DINS-AT") -> DeActivated | AG9: =IF(A11="x","DeActivated","~TFM_DINS-AT") -> DeActivated | AK9: =IF(A11="x","DeActivated","~TFM_INS-AT") -> DeActivated
A10: s1v1_d | C10: season | D10: weekly | E10: daynite | F10: wparent | G10: dparent | I10: commodity | J10: timeslice | K10: com_fr | L10: process | N10: commodity | O10: timeslice | P10: com_fr | Q10: process | S10: commodity | T10: timeslice | U10: com_fr | V10: process | X10: g_yrfr | Y10: com_fr | Z10: timeslice | AA10: commodity | AC10: commodity | AD10: timeslice | AE10: com_fr | AG10: commodity | AH10: timeslice | AI10: com_pkflx | AK10: Year | AL10: timeslice | AM10: ncap_afs | AN10: pset_ci
A11: =IFERROR(IF(Veda!D5=A10,"ok","x"),"") -> x | C11: S01 | D11: a | E11: 0620h01 | F11: S01,S02,S03,S04,S05,S06 | G11: b | I11: elc_spv_001 | J11: S01aH01 | K11: 0.0086115512 | L11: IMPNRGZ | N11: elc_won_001 | O11: S01aH01 | P11: 0.0041054165 | Q11: IMPNRGZ | S11: elc_wof_001 | T11: S01aH01 | U11: 0.026323444 | V11: IMPNRGZ | X11: 0.034931507 | Y11: 0.022169074 | Z11: S01aH01 | AA11: elc_roadtransport | AC11: elc_buildings | AD11: S01aH01 | AE11: 0.031922668 | AG11: ELC | AH11: S01aH01 | AI11: 0.15119597 | AK11: 2020 | AL11: S01 | AM11: 0.5719863 | AN11: hydro
C12: S02 | D12: b | E12: 0620h02 | F12: S04 | G12: b | I12: elc_spv_001 | J12: S01aH02 | K12: 0.0099742728 | L12: IMPNRGZ | N12: elc_won_001 | O12: S01aH02 | P12: 0.0011465929 | Q12: IMPNRGZ | S12: elc_wof_001 | T12: S01aH02 | U12: 0.0029778699 | V12: IMPNRGZ | X12: 0.0038812785 | Y12: 0.0049139381 | Z12: S01aH02 | AA12: elc_roadtransport | AC12: elc_buildings | AD12: S01aH02 | AE12: 0.0044686703 | AG12: ELC | AH12: S01aH02 | AI12: 0.017442703 | AK12: 2020 | AL12: S02 | AM12: 0.57471264 | AN12: hydro
C13: S03 | D13: c | E13: 0620h03 | F13: S04 | G13: b | I13: elc_spv_001 | J13: S01aH03 | K13: 0.011277066 | L13: IMPNRGZ | N13: elc_won_001 | O13: S01aH03 | P13: 0.0020084254 | Q13: IMPNRGZ | S13: elc_wof_001 | T13: S01aH03 | U13: 0.0034096706 | V13: IMPNRGZ | X13: 0.0038812785 | Y13: 0.0047899626 | Z13: S01aH03 | AA13: elc_roadtransport | AC13: elc_buildings | AD13: S01aH03 | AE13: 0.0044531482 | AG13: ELC | AH13: S01aH03 | AI13: 0.013361304 | AK13: 2020 | AL13: S03 | AM13: 0.5719863 | AN13: hydro
C14: S04 | E14: 0620h04 | G14: b | I14: elc_spv_001 | J14: S01aH04 | K14: 0.078214769 | L14: IMPNRGZ | N14: elc_won_001 | O14: S01aH04 | P14: 0.021403742 | Q14: IMPNRGZ | S14: elc_wof_001 | T14: S01aH04 | U14: 0.03477136 | V14: IMPNRGZ | X14: 0.02716895 | Y14: 0.0407654 | Z14: S01aH04 | AA14: elc_roadtransport | AC14: elc_buildings | AD14: S01aH04 | AE14: 0.033507407 | AG14: ELC | AH14: S01aH04 | AI14: 0.08753271 | AK14: 2020 | AL14: S04 | AM14: 0.56152927 | AN14: hydro
C15: S05 | E15: 0620h05 | G15: b | I15: elc_spv_001 | J15: S01aH05 | K15: 0.0065486123 | L15: IMPNRGZ | N15: elc_won_001 | O15: S01aH05 | P15: 0.0034366421 | Q15: IMPNRGZ | S15: elc_wof_001 | T15: S01aH05 | U15: 0.0065508266 | V15: IMPNRGZ | X15: 0.0038812785 | Y15: 0.0058606602 | Z15: S01aH05 | AA15: elc_roadtransport | AC15: elc_buildings | AD15: S01aH05 | AE15: 0.0048100278 | AG15: ELC | AH15: S01aH05 | AI15: 0.006243625 | AK15: 2020 | AL15: S05 | AM15: 0.63488299 | AN15: hydro
C16: S06 | E16: 0620h06 | G16: b | I16: elc_spv_001 | J16: S01aH06 | K16: 0 | L16: IMPNRGZ | N16: elc_won_001 | O16: S01aH06 | P16: 0.013920381 | Q16: IMPNRGZ | S16: elc_wof_001 | T16: S01aH06 | U16: 0.030651623 | V16: IMPNRGZ | X16: 0.019406393 | Y16: 0.01465165 | Z16: S01aH06 | AA16: elc_roadtransport | AC16: elc_buildings | AD16: S01aH06 | AE16: 0.015236281 | AG16: ELC | AH16: S01aH06 | AI16: 0.16229552 | AK16: 2020 | AL16: S06 | AM16: 0.63251107 | AN16: hydro
E17: 0620h07 | G17: b | I17: elc_spv_001 | J17: S02aH01 | K17: 0.0053920995 | L17: IMPNRGZ | N17: elc_won_001 | O17: S02aH01 | P17: 0.0014738265 | Q17: IMPNRGZ | S17: elc_wof_001 | T17: S02aH01 | U17: 0.01209963 | V17: IMPNRGZ | X17: 0.023630137 | Y17: 0.014996727 | Z17: S02aH01 | AA17: elc_roadtransport | AC17: elc_buildings | AD17: S02aH01 | AE17: 0.021319483 | AG17: ELC | AH17: S02aH01 | AI17: 0.13947007 | AK17: 2021 | AL17: S01 | AM17: 0.50012503 | AN17: hydro
E18: 0620h08 | G18: b | I18: elc_spv_001 | J18: S02aH02 | K18: 0.0071635028 | L18: IMPNRGZ | N18: elc_won_001 | O18: S02aH02 | P18: 0.00047205602 | Q18: IMPNRGZ | S18: elc_wof_001 | T18: S02aH02 | U18: 0.001050741 | V18: IMPNRGZ | X18: 0.0026255708 | Y18: 0.0033241346 | Z18: S02aH02 | AA18: elc_roadtransport | AC18: elc_buildings | AD18: S02aH02 | AE18: 0.0029670512 | AG18: ELC | AH18: S02aH02 | AI18: 0.0055067933 | AK18: 2021 | AL18: S02 | AM18: 0.48449612 | AN18: hydro
E19: 0620h09 | G19: b | I19: elc_spv_001 | J19: S02aH03 | K19: 0.0080064751 | L19: IMPNRGZ | N19: elc_won_001 | O19: S02aH03 | P19: 0.001122865 | Q19: IMPNRGZ | S19: elc_wof_001 | T19: S02aH03 | U19: 0.0012691812 | V19: IMPNRGZ | X19: 0.0026255708 | Y19: 0.0032402688 | Z19: S02aH03 | AA19: elc_roadtransport | AC19: elc_buildings | AD19: S02aH03 | AE19: 0.0029684861 | AG19: ELC | AH19: S02aH03 | AI19: 0.010217329 | AK19: 2021 | AL19: S03 | AM19: 0.48449612 | AN19: hydro
E20: 0620h10 | G20: b | I20: elc_spv_001 | J20: S02aH04 | K20: 0.055343933 | L20: IMPNRGZ | N20: elc_won_001 | O20: S02aH04 | P20: 0.019095943 | Q20: IMPNRGZ | S20: elc_wof_001 | T20: S02aH04 | U20: 0.02088758 | V20: IMPNRGZ | X20: 0.018378995 | Y20: 0.027576594 | Z20: S02aH04 | AA20: elc_roadtransport | AC20: elc_buildings | AD20: S02aH04 | AE20: 0.022327968 | AG20: ELC | AH20: S02aH04 | AI20: 0.094959808 | AK20: 2021 | AL20: S04 | AM20: 0.48090726 | AN20: hydro
E21: 0620h11 | G21: b | I21: elc_spv_001 | J21: S02aH05 | K21: 0.0048689097 | L21: IMPNRGZ | N21: elc_won_001 | O21: S02aH05 | P21: 0.0044843119 | Q21: IMPNRGZ | S21: elc_wof_001 | T21: S02aH05 | U21: 0.004541889 | V21: IMPNRGZ | X21: 0.0026255708 | Y21: 0.0039645642 | Z21: S02aH05 | AA21: elc_roadtransport | AC21: elc_buildings | AD21: S02aH05 | AE21: 0.0032027536 | AG21: ELC | AH21: S02aH05 | AI21: 0.016639012 | AK21: 2021 | AL21: S05 | AM21: 0.49986455 | AN21: hydro
E22: 0620h12 | G22: b | I22: elc_spv_001 | J22: S02aH06 | K22: 0 | L22: IMPNRGZ | N22: elc_won_001 | O22: S02aH06 | P22: 0.018637868 | Q22: IMPNRGZ | S22: elc_wof_001 | T22: S02aH06 | U22: 0.019759126 | V22: IMPNRGZ | X22: 0.013127854 | Y22: 0.0099114106 | Z22: S02aH06 | AA22: elc_roadtransport | AC22: elc_buildings | AD22: S02aH06 | AE22: 0.010264171 | AG22: ELC | AH22: S02aH06 | AI22: 0.16609113 | AK22: 2021 | AL22: S06 | AM22: 0.53138285 | AN22: hydro
E23: 0620h13 | G23: b | I23: elc_spv_001 | J23: S03aH01 | K23: 0.0065882505 | L23: IMPNRGZ | N23: elc_won_001 | O23: S03aH01 | P23: 0.0015958254 | Q23: IMPNRGZ | S23: elc_wof_001 | T23: S03aH01 | U23: 0.002827438 | V23: IMPNRGZ | X23: 0.02260274 | Y23: 0.014344695 | Z23: S03aH01 | AA23: elc_roadtransport | AC23: elc_buildings | AD23: S03aH01 | AE23: 0.020632257 | AG23: ELC | AH23: S03aH01 | AI23: 0.14007719 | AK23: 2022 | AL23: S01 | AM23: 0.45770371 | AN23: hydro
E24: 0620h14 | G24: b | I24: elc_spv_001 | J24: S03aH02 | K24: 0.0061442087 | L24: IMPNRGZ | N24: elc_won_001 | O24: S03aH02 | P24: 0.00021691263 | Q24: IMPNRGZ | S24: elc_wof_001 | T24: S03aH02 | U24: 0.00017269705 | V24: IMPNRGZ | X24: 0.0025114155 | Y24: 0.003179607 | Z24: S03aH02 | AA24: elc_roadtransport | AC24: elc_buildings | AD24: S03aH02 | AE24: 0.0028665906 | AG24: ELC | AH24: S03aH02 | AI24: 0.012929849 | AK24: 2022 | AL24: S02 | AM24: 0.41528239 | AN24: hydro
E25: 0620h15 | G25: b | I25: elc_spv_001 | J25: S03aH03 | K25: 0.0067828944 | L25: IMPNRGZ | N25: elc_won_001 | O25: S03aH03 | P25: 0.00032894199 | Q25: IMPNRGZ | S25: elc_wof_001 | T25: S03aH03 | U25: 0.00022305891 | V25: IMPNRGZ | X25: 0.0025114155 | Y25: 0.0030993876 | Z25: S03aH03 | AA25: elc_roadtransport | AC25: elc_buildings | AD25: S03aH03 | AE25: 0.0028751996 | AG25: ELC | AH25: S03aH03 | AI25: 0.017852238 | AK25: 2022 | AL25: S03 | AM25: 0.39518808 | AN25: hydro
E26: 0620h16 | G26: b | I26: elc_spv_001 | J26: S03aH04 | K26: 0.04774273 | L26: IMPNRGZ | N26: elc_won_001 | O26: S03aH04 | P26: 0.012303613 | Q26: IMPNRGZ | S26: elc_wof_001 | T26: S03aH04 | U26: 0.004390799 | V26: IMPNRGZ | X26: 0.017579909 | Y26: 0.026377611 | Z26: S03aH04 | AA26: elc_roadtransport | AC26: elc_buildings | AD26: S03aH04 | AE26: 0.0216027 | AG26: ELC | AH26: S03aH04 | AI26: 0.098208623 | AK26: 2022 | AL26: S04 | AM26: 0.39454308 | AN26: hydro
E27: 0620h17 | G27: b | I27: elc_spv_001 | J27: S03aH05 | K27: 0.0040062245 | L27: IMPNRGZ | N27: elc_won_001 | O27: S03aH05 | P27: 0.0046724433 | Q27: IMPNRGZ | S27: elc_wof_001 | T27: S03aH05 | U27: 0.0012246186 | V27: IMPNRGZ | X27: 0.0025114155 | Y27: 0.0037921919 | Z27: S03aH05 | AA27: elc_roadtransport | AC27: elc_buildings | AD27: S03aH05 | AE27: 0.0030959014 | AG27: ELC | AH27: S03aH05 | AI27: 0.015595429 | AK27: 2022 | AL27: S05 | AM27: 0.35764149 | AN27: hydro
E28: 0620h18 | G28: b | I28: elc_spv_001 | J28: S03aH06 | K28: 0 | L28: IMPNRGZ | N28: elc_won_001 | O28: S03aH06 | P28: 0.016735968 | Q28: IMPNRGZ | S28: elc_wof_001 | T28: S03aH06 | U28: 0.0052856259 | V28: IMPNRGZ | X28: 0.012557078 | Y28: 0.0094804797 | Z28: S03aH06 | AA28: elc_roadtransport | AC28: elc_buildings | AD28: S03aH06 | AE28: 0.010020788 | AG28: ELC | AH28: S03aH06 | AI28: 0.16219002 | AK28: 2022 | AL28: S06 | AM28: 0.34383596 | AN28: hydro
... E64: H06 | G64: a | I64: elc_spv_001 | J64: S04c1119h06 | K64: 0 | L64: IMPNRGZ | N64: elc_won_001 | O64: S04c1119h06 | P64: 4.6762312e-07 | Q64: IMPNRGZ | S64: elc_wof_001 | T64: S04c1119h06 | U64: 1.4708918e-06 | V64: IMPNRGZ | X64: 0.00011415525 | Y64: 5.7678443e-05 | Z64: S04c1119h06 | AA64: elc_roadtransport | AC64: elc_buildings | AD64: S04c1119h06 | AE64: 0.00012473526 | AG64: ELC | AH64: S04c1119h06 | AI64: 0 | AK64: 2030 | AL64: S06 | AM64: 0.6161 | AN64: hydro
I65: elc_spv_001 | J65: S04c1119h07 | K65: 0 | L65: IMPNRGZ | N65: elc_won_001 | O65: S04c1119h07 | P65: 8.0780313e-07 | Q65: IMPNRGZ | S65: elc_wof_001 | T65: S04c1119h07 | U65: 0 | V65: IMPNRGZ | X65: 0.00011415525 | Y65: 0.0001690575 | Z65: S04c1119h07 | AA65: elc_roadtransport | AC65: elc_buildings | AD65: S04c1119h07 | AE65: 0.00013295288 | AG65: ELC | AH65: S04c1119h07 | AI65: 0 | AK65: 2031 | AL65: S01 | AM65: 0.45355 | AN65: hydro
I66: elc_spv_001 | J66: S04c1119h08 | K66: 0.00012114164 | L66: IMPNRGZ | N66: elc_won_001 | O66: S04c1119h08 | P66: 8.4690695e-07 | Q66: IMPNRGZ | S66: elc_wof_001 | T66: S04c1119h08 | U66: 0 | V66: IMPNRGZ | X66: 0.00011415525 | Y66: 0.00019060405 | Z66: S04c1119h08 | AA66: elc_roadtransport | AC66: elc_buildings | AD66: S04c1119h08 | AE66: 0.00013517034 | AG66: ELC | AH66: S04c1119h08 | AI66: 0 | AK66: 2031 | AL66: S02 | AM66: 0.4057 | AN66: hydro
I67: elc_spv_001 | J67: S04c1119h09 | K67: 0.00021519264 | L67: IMPNRGZ | N67: elc_won_001 | O67: S04c1119h09 | P67: 3.9909856e-07 | Q67: IMPNRGZ | S67: elc_wof_001 | T67: S04c1119h09 | U67: 0 | V67: IMPNRGZ | X67: 0.00011415525 | Y67: 0.00014585353 | Z67: S04c1119h09 | AA67: elc_roadtransport | AC67: elc_buildings | AD67: S04c1119h09 | AE67: 0.00013451815 | AG67: ELC | AH67: S04c1119h09 | AI67: 0 | AK67: 2031 | AL67: S03 | AM67: 0.40555 | AN67: hydro
I68: elc_spv_001 | J68: S04c1119h10 | K68: 0.00021545062 | L68: IMPNRGZ | N68: elc_won_001 | O68: S04c1119h10 | P68: 7.3860766e-07 | Q68: IMPNRGZ | S68: elc_wof_001 | T68: S04c1119h10 | U68: 0 | V68: IMPNRGZ | X68: 0.00011415525 | Y68: 0.00014452759 | Z68: S04c1119h10 | AA68: elc_roadtransport | AC68: elc_buildings | AD68: S04c1119h10 | AE68: 0.00013412683 | AG68: ELC | AH68: S04c1119h10 | AI68: 0 | AK68: 2031 | AL68: S04 | AM68: 0.43445556 | AN68: hydro
I69: elc_spv_001 | J69: S04c1119h11 | K69: 0.00030572466 | L69: IMPNRGZ | N69: elc_won_001 | O69: S04c1119h11 | P69: 1.0514999e-05 | Q69: IMPNRGZ | S69: elc_wof_001 | T69: S04c1119h11 | U69: 0 | V69: IMPNRGZ | X69: 0.00011415525 | Y69: 0.00014088125 | Z69: S04c1119h11 | AA69: elc_roadtransport | AC69: elc_buildings | AD69: S04c1119h11 | AE69: 0.00013308332 | AG69: ELC | AH69: S04c1119h11 | AI69: 0 | AK69: 2031 | AL69: S05 | AM69: 0.4971 | AN69: hydro
I70: elc_spv_001 | J70: S04c1119h12 | K70: 0.00032789596 | L70: IMPNRGZ | N70: elc_won_001 | O70: S04c1119h12 | P70: 1.5080891e-05 | Q70: IMPNRGZ | S70: elc_wof_001 | T70: S04c1119h12 | U70: 0 | V70: IMPNRGZ | X70: 0.00011415525 | Y70: 0.00014054977 | Z70: S04c1119h12 | AA70: elc_roadtransport | AC70: elc_buildings | AD70: S04c1119h12 | AE70: 0.00013269201 | AG70: ELC | AH70: S04c1119h12 | AI70: 0 | AK70: 2031 | AL70: S06 | AM70: 0.5428 | AN70: hydro
I71: elc_spv_001 | J71: S04c1119h13 | K71: 0.00030577294 | L71: IMPNRGZ | N71: elc_won_001 | O71: S04c1119h13 | P71: 1.6198697e-05 | Q71: IMPNRGZ | S71: elc_wof_001 | T71: S04c1119h13 | U71: 2.4407973e-06 | V71: IMPNRGZ | X71: 0.00011415525 | Y71: 0.00014253868 | Z71: S04c1119h13 | AA71: elc_roadtransport | AC71: elc_buildings | AD71: S04c1119h13 | AE71: 0.00013412683 | AG71: ELC | AH71: S04c1119h13 | AI71: 0 | AK71: 2032 | AL71: S01 | AM71: 0.4425 | AN71: hydro
I72: elc_spv_001 | J72: S04c1119h14 | K72: 0.00028801558 | L72: IMPNRGZ | N72: elc_won_001 | O72: S04c1119h14 | P72: 2.3353835e-05 | Q72: IMPNRGZ | S72: elc_wof_001 | T72: S04c1119h14 | U72: 6.7939834e-06 | V72: IMPNRGZ | X72: 0.00011415525 | Y72: 0.0001488369 | Z72: S04c1119h14 | AA72: elc_roadtransport | AC72: elc_buildings | AD72: S04c1119h14 | AE72: 0.00013451815 | AG72: ELC | AH72: S04c1119h14 | AI72: 0 | AK72: 2032 | AL72: S02 | AM72: 0.4087 | AN72: hydro
I73: elc_spv_001 | J73: S04c1119h15 | K73: 0.000320599 | L73: IMPNRGZ | N73: elc_won_001 | O73: S04c1119h15 | P73: 4.4254004e-05 | Q73: IMPNRGZ | S73: elc_wof_001 | T73: S04c1119h15 | U73: 2.2536287e-05 | V73: IMPNRGZ | X73: 0.00011415525 | Y73: 0.00015049433 | Z73: S04c1119h15 | AA73: elc_roadtransport | AC73: elc_buildings | AD73: S04c1119h15 | AE73: 0.00013490946 | AG73: ELC | AH73: S04c1119h15 | AI73: 0 | AK73: 2032 | AL73: S03 | AM73: 0.40095 | AN73: hydro
I74: elc_spv_001 | J74: S04c1119h16 | K74: 0.00032869688 | L74: IMPNRGZ | N74: elc_won_001 | O74: S04c1119h16 | P74: 0.00011786858 | Q74: IMPNRGZ | S74: elc_wof_001 | T74: S04c1119h16 | U74: 3.5265e-05 | V74: IMPNRGZ | X74: 0.00011415525 | Y74: 0.00017237236 | Z74: S04c1119h16 | AA74: elc_roadtransport | AC74: elc_buildings | AD74: S04c1119h16 | AE74: 0.00014821419 | AG74: ELC | AH74: S04c1119h16 | AI74: 0 | AK74: 2032 | AL74: S04 | AM74: 0.44517778 | AN74: hydro
I75: elc_spv_001 | J75: S04c1119h17 | K75: 0.00030184643 | L75: IMPNRGZ | N75: elc_won_001 | O75: S04c1119h17 | P75: 0.00022835896 | Q75: IMPNRGZ | S75: elc_wof_001 | T75: S04c1119h17 | U75: 5.2937579e-05 | V75: IMPNRGZ | X75: 0.00011415525 | Y75: 0.00022209515 | Z75: S04c1119h17 | AA75: elc_roadtransport | AC75: elc_buildings | AD75: S04c1119h17 | AE75: 0.00014925769 | AG75: ELC | AH75: S04c1119h17 | AI75: 0 | AK75: 2032 | AL75: S05 | AM75: 0.51395 | AN75: hydro
I76: elc_spv_001 | J76: S04c1119h18 | K76: 0.00023372626 | L76: IMPNRGZ | N76: elc_won_001 | O76: S04c1119h18 | P76: 0.00021983695 | Q76: IMPNRGZ | S76: elc_wof_001 | T76: S04c1119h18 | U76: 5.7383671e-05 | V76: IMPNRGZ | X76: 0.00011415525 | Y76: 0.00022209515 | Z76: S04c1119h18 | AA76: elc_roadtransport | AC76: elc_buildings | AD76: S04c1119h18 | AE76: 0.00015004032 | AG76: ELC | AH76: S04c1119h18 | AI76: 0 | AK76: 2032 | AL76: S06 | AM76: 0.5014 | AN76: hydro
... I94: elc_spv_001 | J94: S06aH06 | K94: 0 | L94: IMPNRGZ | N94: elc_won_001 | O94: S06aH06 | P94: 0.002937415 | Q94: IMPNRGZ | S94: elc_wof_001 | T94: S06aH06 | U94: 0.0063770729 | V94: IMPNRGZ | X94: 0.0039954338 | Y94: 0.0030165163 | Z94: S06aH06 | AA94: elc_roadtransport | AC94: elc_buildings | AD94: S06aH06 | AE94: 0.0030397428 | AG94: ELC | AH94: S06aH06 | AI94: 0.1721876 | AK94: 2035 | AL94: S06 | AM94: 0.5384 | AN94: hydro
I95: elc_spv_002 | J95: S01aH01 | K95: 0.010240022 | L95: IMPNRGZ | N95: elc_won_002 | O95: S01aH01 | P95: 0.0079867119 | Q95: IMPNRGZ | S95: elc_wof_002 | T95: S01aH01 | U95: 0.02027061 | V95: IMPNRGZ | AC95: elc_industry | AD95: S01aH01 | AE95: 0.034754543 | AK95: 2036 | AL95: S01 | AM95: 0.44575 | AN95: hydro
I96: elc_spv_002 | J96: S01aH02 | K96: 0.0081538515 | L96: IMPNRGZ | N96: elc_won_002 | O96: S01aH02 | P96: 0.00014434437 | Q96: IMPNRGZ | S96: elc_wof_002 | T96: S01aH02 | U96: 0.002473831 | V96: IMPNRGZ | AC96: elc_industry | AD96: S01aH02 | AE96: 0.0039092272 | AK96: 2036 | AL96: S02 | AM96: 0.3995 | AN96: hydro
I97: elc_spv_002 | J97: S01aH03 | K97: 0.0091239683 | L97: IMPNRGZ | N97: elc_won_002 | O97: S01aH03 | P97: 0.00029103041 | Q97: IMPNRGZ | S97: elc_wof_002 | T97: S01aH03 | U97: 0.0028201679 | V97: IMPNRGZ | AC97: elc_industry | AD97: S01aH03 | AE97: 0.0039084254 | AK97: 2036 | AL97: S03 | AM97: 0.3915 | AN97: hydro
I98: elc_spv_002 | J98: S01aH04 | K98: 0.071844914 | L98: IMPNRGZ | N98: elc_won_002 | O98: S01aH04 | P98: 0.005494949 | Q98: IMPNRGZ | S98: elc_wof_002 | T98: S01aH04 | U98: 0.038911864 | V98: IMPNRGZ | AC98: elc_industry | AD98: S01aH04 | AE98: 0.027479612 | AK98: 2036 | AL98: S04 | AM98: 0.44883333 | AN98: hydro
I99: elc_spv_002 | J99: S01aH05 | K99: 0.0065900518 | L99: IMPNRGZ | N99: elc_won_002 | O99: S01aH05 | P99: 0.0011537261 | Q99: IMPNRGZ | S99: elc_wof_002 | T99: S01aH05 | U99: 0.0075925805 | V99: IMPNRGZ | AC99: elc_industry | AD99: S01aH05 | AE99: 0.0039268602 | AK99: 2036 | AL99: S05 | AM99: 0.51005 | AN99: hydro
I100: elc_spv_002 | J100: S01aH06 | K100: 0 | L100: IMPNRGZ | N100: elc_won_002 | O100: S01aH06 | P100: 0.0069677739 | Q100: IMPNRGZ | S100: elc_wof_002 | T100: S01aH06 | U100: 0.028928468 | V100: IMPNRGZ | AC100: elc_industry | AD100: S01aH06 | AE100: 0.019179016 | AK100: 2036 | AL100: S06 | AM100: 0.5259 | AN100: hydro
I101: elc_spv_002 | J101: S02aH01 | K101: 0.0047420519 | L101: IMPNRGZ | N101: elc_won_002 | O101: S02aH01 | P101: 0.0072621289 | Q101: IMPNRGZ | S101: elc_wof_002 | T101: S02aH01 | U101: 0.0084169526 | V101: IMPNRGZ | AC101: elc_industry | AD101: S02aH01 | AE101: 0.023510439 | AK101: 2037 | AL101: S01 | AM101: 0.42915 | AN101: hydro
I102: elc_spv_002 | J102: S02aH02 | K102: 0.0051190561 | L102: IMPNRGZ | N102: elc_won_002 | O102: S02aH02 | P102: 0.00015531608 | Q102: IMPNRGZ | S102: elc_wof_002 | T102: S02aH02 | U102: 0.00088194161 | V102: IMPNRGZ | AC102: elc_industry | AD102: S02aH02 | AE102: 0.0026431723 | AK102: 2037 | AL102: S02 | AM102: 0.4178 | AN102: hydro
I103: elc_spv_002 | J103: S02aH03 | K103: 0.0062084592 | L103: IMPNRGZ | N103: elc_won_002 | O103: S02aH03 | P103: 0.00020813849 | Q103: IMPNRGZ | S103: elc_wof_002 | T103: S02aH03 | U103: 0.001072998 | V103: IMPNRGZ | AC103: elc_industry | AD103: S02aH03 | AE103: 0.0026432465 | AK103: 2037 | AL103: S03 | AM103: 0.3993 | AN103: hydro
I104: elc_spv_002 | J104: S02aH04 | K104: 0.04916485 | L104: IMPNRGZ | N104: elc_won_002 | O104: S02aH04 | P104: 0.0063219973 | Q104: IMPNRGZ | S104: elc_wof_002 | T104: S02aH04 | U104: 0.028488822 | V104: IMPNRGZ | AC104: elc_industry | AD104: S02aH04 | AE104: 0.018582717 | AK104: 2037 | AL104: S04 | AM104: 0.4535 | AN104: hydro
I105: elc_spv_002 | J105: S02aH05 | K105: 0.0047860789 | L105: IMPNRGZ | N105: elc_won_002 | O105: S02aH05 | P105: 0.002011143 | Q105: IMPNRGZ | S105: elc_wof_002 | T105: S02aH05 | U105: 0.0058884786 | V105: IMPNRGZ | AC105: elc_industry | AD105: S02aH05 | AE105: 0.0026553477 | AK105: 2037 | AL105: S05 | AM105: 0.49175 | AN105: hydro
I106: elc_spv_002 | J106: S02aH06 | K106: 0 | L106: IMPNRGZ | N106: elc_won_002 | O106: S02aH06 | P106: 0.011633486 | Q106: IMPNRGZ | S106: elc_wof_002 | T106: S02aH06 | U106: 0.018761422 | V106: IMPNRGZ | AC106: elc_industry | AD106: S02aH06 | AE106: 0.01297974 | AK106: 2037 | AL106: S06 | AM106: 0.4759 | AN106: hydro
... I178: elc_spv_002 | J178: S06aH06 | K178: 0 | L178: IMPNRGZ | N178: elc_won_002 | O178: S06aH06 | P178: 0.00083599893 | Q178: IMPNRGZ | S178: elc_wof_002 | T178: S06aH06 | U178: 0.0064008658 | V178: IMPNRGZ | AC178: elc_industry | AD178: S06aH06 | AE178: 0.0039477359 | AK178: 2049 | AL178: S06 | AM178: 0.4488 | AN178: hydro
I179: elc_spv_003 | J179: S01aH01 | K179: 0.014013886 | L179: IMPNRGZ | N179: elc_won_003 | O179: S01aH01 | P179: 0.022601432 | Q179: IMPNRGZ | S179: elc_wof_003 | T179: S01aH01 | U179: 0.017062501 | V179: IMPNRGZ | AK179: 2050 | AL179: S01 | AM179: 0.3874 | AN179: hydro
I180: elc_spv_003 | J180: S01aH02 | K180: 0.0099195104 | L180: IMPNRGZ | N180: elc_won_003 | O180: S01aH02 | P180: 0.0023544583 | Q180: IMPNRGZ | S180: elc_wof_003 | T180: S01aH02 | U180: 0.0018645453 | V180: IMPNRGZ | AK180: 2050 | AL180: S02 | AM180: 0.3583 | AN180: hydro
I181: elc_spv_003 | J181: S01aH03 | K181: 0.010559758 | L181: IMPNRGZ | N181: elc_won_003 | O181: S01aH03 | P181: 0.0023241959 | Q181: IMPNRGZ | S181: elc_wof_003 | T181: S01aH03 | U181: 0.0020569031 | V181: IMPNRGZ | AK181: 2050 | AL181: S03 | AM181: 0.33645 | AN181: hydro
I182: elc_spv_003 | J182: S01aH04 | K182: 0.066223062 | L182: IMPNRGZ | N182: elc_won_003 | O182: S01aH04 | P182: 0.026429989 | Q182: IMPNRGZ | S182: elc_wof_003 | T182: S01aH04 | U182: 0.02499852 | V182: IMPNRGZ | AK182: 2050 | AL182: S04 | AM182: 0.37592222 | AN182: hydro
I183: elc_spv_003 | J183: S01aH05 | K183: 0.0033038511 | L183: IMPNRGZ | N183: elc_won_003 | O183: S01aH05 | P183: 0.0060226857 | Q183: IMPNRGZ | S183: elc_wof_003 | T183: S01aH05 | U183: 0.0055421997 | V183: IMPNRGZ | AK183: 2050 | AL183: S05 | AM183: 0.4066 | AN183: hydro
I184: elc_spv_003 | J184: S01aH06 | K184: 0 | L184: IMPNRGZ | N184: elc_won_003 | O184: S01aH06 | P184: 0.025678341 | Q184: IMPNRGZ | S184: elc_wof_003 | T184: S01aH06 | U184: 0.023766074 | V184: IMPNRGZ | AK184: 2050 | AL184: S06 | AM184: 0.3847 | AN184: hydro
I185: elc_spv_003 | J185: S02aH01 | K185: 0.010149816 | L185: IMPNRGZ | N185: elc_won_003 | O185: S02aH01 | P185: 0.011511716 | Q185: IMPNRGZ | S185: elc_wof_003 | T185: S02aH01 | U185: 0.0073258502 | V185: IMPNRGZ
I186: elc_spv_003 | J186: S02aH02 | K186: 0.0071680609 | L186: IMPNRGZ | N186: elc_won_003 | O186: S02aH02 | P186: 0.0011661332 | Q186: IMPNRGZ | S186: elc_wof_003 | T186: S02aH02 | U186: 0.00066478884 | V186: IMPNRGZ
I187: elc_spv_003 | J187: S02aH03 | K187: 0.007670579 | L187: IMPNRGZ | N187: elc_won_003 | O187: S02aH03 | P187: 0.0012217063 | Q187: IMPNRGZ | S187: elc_wof_003 | T187: S02aH03 | U187: 0.00083550008 | V187: IMPNRGZ
I188: elc_spv_003 | J188: S02aH04 | K188: 0.046841286 | L188: IMPNRGZ | N188: elc_won_003 | O188: S02aH04 | P188: 0.019012776 | Q188: IMPNRGZ | S188: elc_wof_003 | T188: S02aH04 | U188: 0.017404232 | V188: IMPNRGZ
I189: elc_spv_003 | J189: S02aH05 | K189: 0.0026420832 | L189: IMPNRGZ | N189: elc_won_003 | O189: S02aH05 | P189: 0.004338549 | Q189: IMPNRGZ | S189: elc_wof_003 | T189: S02aH05 | U189: 0.0038354233 | V189: IMPNRGZ
