Workbook

Sheet Veda
G1: 1,2,3,4,5,6,7,8,9,10,11,12,13,14,15,21,22,23,24,25,31,32,33,34,35,36,37,38,39,40,41,42,43,44,45,46,47,48,49,50,56,57,58,59,60,66,67,68,69,70
D2: ="~Inputcell: "&_xlfn.TEXTJOIN(",",TRUE,G1:EE1) -> ~Inputcell: 1,2,3,4,5,6,7,8,9,10,11,12,13,14,15,21,22,23,24,25,31,32,33,34,35,36,37,38,39,40,41,42,43,44,45,46,47,48,49,50,56,57,58,59,60,66,67,68,69,70 | G2: 5 | H2: 6 | I2: 7 | J2: 9 | K2: 10 | L2: 11 | M2: 16 | N2: 17 | O2: 18 | P2: 20 | Q2: 21 | R2: 22 | S2: 27 | T2: 28 | U2: 29 | V2: 31 | W2: 32 | X2: 33 | Y2: 38 | Z2: 39 | AA2: 40 | AB2: 42 | AC2: 43 | AD2: 44 | AE2: 49 | AF2: 50 | AG2: 51 | AH2: 53 | AI2: 54 | AJ2: 55
D3: 3
D5: =VLOOKUP(D3,$C$9:$E$999,2,FALSE) -> ts_annual | E5: =VLOOKUP(D3,$C$9:$E$999,3,FALSE) -> C3
B7: ~Scenmap
A8: priority | B8: scen | C8: case_no | D8: timeslice | E8: climate
A9: 5 | B9: =VLOOKUP(E9,$AK$9:$AL$15,2,FALSE)&"."&VLOOKUP(D9,$AH$9:$AI$24,2,FALSE) -> e 1.5 deg no OS.kAnn | C9: 1 | D9: =VLOOKUP(AJ9,$AG$9:$AH$22,2,FALSE) -> ts_annual | E9: C1 | G9: Limit warming to 1.5°C (>50%) with no or limited overshoot | AG9: 1 | AH9: ts_annual | AI9: kAnn | AJ9: 1 | AK9: C1 | AL9: e 1.5 deg no OS
A10: 5 | B10: =VLOOKUP(E10,$AK$9:$AL$15,2,FALSE)&"."&VLOOKUP(D10,$AH$9:$AI$24,2,FALSE) -> d 1.5 deg OS.kAnn | C10: =C9+1 -> 2 | D10: =VLOOKUP(AJ10,$AG$9:$AH$22,2,FALSE) -> ts_annual | E10: C2 | G10: Limit warming to 1.5°C (>67%) with high overshoot | S10: IEA | AG10: 2 | AH10: ts_12t | AI10: k12 | AJ10: 1 | AK10: C2 | AL10: d 1.5 deg OS
A11: 5 | B11: =VLOOKUP(E11,$AK$9:$AL$15,2,FALSE)&"."&VLOOKUP(D11,$AH$9:$AI$24,2,FALSE) -> c 2 deg (67%).kAnn | C11: =C10+1 -> 3 | D11: =VLOOKUP(AJ11,$AG$9:$AH$22,2,FALSE) -> ts_annual | E11: C3 | G11: Limit warming to 2°C (>67%) with higher action post-2030 | S11: 2022 | AG11: 3 | AH11: ts_012 | AI11: j12 | AJ11: 1 | AK11: C3 | AL11: c 2 deg (67%)
A12: 5 | B12: =VLOOKUP(E12,$AK$9:$AL$15,2,FALSE)&"."&VLOOKUP(D12,$AH$9:$AI$24,2,FALSE) -> b 2 deg (50%).kAnn | C12: =C11+1 -> 4 | D12: =VLOOKUP(AJ12,$AG$9:$AH$22,2,FALSE) -> ts_annual | E12: C4 | G12: Limit warming to 2°C (>50%) with immediate action | S12: =SUMIFS(iea_data!I3:I9999,iea_data!$B$3:$B$9999,Veda!$S$11)+T28-T29 -> 325.04 | T12: base-year generation (TWh) | AG12: 4 | AH12: ts_024 | AI12: i24 | AJ12: 1 | AK12: C4 | AL12: b 2 deg (50%)
A13: 5 | B13: =VLOOKUP(E13,$AK$9:$AL$15,2,FALSE)&"."&VLOOKUP(D13,$AH$9:$AI$24,2,FALSE) -> a 3 deg.kAnn | C13: =C12+1 -> 5 | D13: =VLOOKUP(AJ13,$AG$9:$AH$22,2,FALSE) -> ts_annual | E13: C7 | G13: Likely above 3°C warming with limited mitigation | AG13: 5 | AH13: ts_048 | AI13: h48 | AJ13: 1 | AK13: C7 | AL13: a 3 deg
A14: 5 | B14: =VLOOKUP(E14,$AK$9:$AL$15,2,FALSE)&"."&VLOOKUP(D14,$AH$9:$AI$24,2,FALSE) -> e 1.5 deg no OS.k12 | C14: =C13+1 -> 6 | D14: =VLOOKUP(AJ14,$AG$9:$AH$22,2,FALSE) -> ts_12t | E14: =E9 -> C1 | T14: =S12 -> 325.04 | U14: =$S$12*J15 -> 341.292 | V14: =$S$12*K15 -> 380.2968 | W14: =$S$12*L15 -> 429.0528 | X14: =$S$12*M15 -> 487.56 | Y14: =$S$12*N15 -> 546.0672 | Z14: =$S$12*O15 -> 588.3224 | AG14: 6 | AH14: ts_064 | AI14: g64 | AJ14: =AJ9+1 -> 2
A15: 5 | B15: =VLOOKUP(E15,$AK$9:$AL$15,2,FALSE)&"."&VLOOKUP(D15,$AH$9:$AI$24,2,FALSE) -> d 1.5 deg OS.k12 | C15: =C14+1 -> 7 | D15: =VLOOKUP(AJ15,$AG$9:$AH$22,2,FALSE) -> ts_12t | E15: =E10 -> C2 | G15: Electricity growth relative to 2020 | I15: =SUMIFS(ar6_r10!$F$2:$F$999,ar6_r10!$A$2:$A$999,Veda!$E$5,ar6_r10!$C$2:$C$999,Veda!I$17,ar6_r10!$M$2:$M$999,Veda!$G15) -> 1 | J15: =SUMIFS(ar6_r10!$F$2:$F$999,ar6_r10!$A$2:$A$999,Veda!$E$5,ar6_r10!$C$2:$C$999,Veda!J$17,ar6_r10!$M$2:$M$999,Veda!$G15) -> 1.05 | K15: =SUMIFS(ar6_r10!$F$2:$F$999,ar6_r10!$A$2:$A$999,Veda!$E$5,ar6_r10!$C$2:$C$999,Veda!K$17,ar6_r10!$M$2:$M$999,Veda!$G15) -> 1.17 | L15: =SUMIFS(ar6_r10!$F$2:$F$999,ar6_r10!$A$2:$A$999,Veda!$E$5,ar6_r10!$C$2:$C$999,Veda!L$17,ar6_r10!$M$2:$M$999,Veda!$G15) -> 1.32 | M15: =SUMIFS(ar6_r10!$F$2:$F$999,ar6_r10!$A$2:$A$999,Veda!$E$5,ar6_r10!$C$2:$C$999,Veda!M$17,ar6_r10!$M$2:$M$999,Veda!$G15) -> 1.5 | N15: =SUMIFS(ar6_r10!$F$2:$F$999,ar6_r10!$A$2:$A$999,Veda!$E$5,ar6_r10!$C$2:$C$999,Veda!N$17,ar6_r10!$M$2:$M$999,Veda!$G15) -> 1.68 | O15: =SUMIFS(ar6_r10!$F$2:$F$999,ar6_r10!$A$2:$A$999,Veda!$E$5,ar6_r10!$C$2:$C$999,Veda!O$17,ar6_r10!$M$2:$M$999,Veda!$G15) -> 1.81 | AG15: 7 | AH15: ts_096P50 | AI15: f96p50 | AJ15: =AJ10+1 -> 2
A16: 5 | B16: =VLOOKUP(E16,$AK$9:$AL$15,2,FALSE)&"."&VLOOKUP(D16,$AH$9:$AI$24,2,FALSE) -> c 2 deg (67%).k12 | C16: =C15+1 -> 8 | D16: =VLOOKUP(AJ16,$AG$9:$AH$22,2,FALSE) -> ts_12t | E16: =E11 -> C3 | S16: ~TFM_INS-TS | AG16: 8 | AH16: ts_096P10 | AI16: f96p10 | AJ16: =AJ11+1 -> 2
A17: 5 | B17: =VLOOKUP(E17,$AK$9:$AL$15,2,FALSE)&"."&VLOOKUP(D17,$AH$9:$AI$24,2,FALSE) -> b 2 deg (50%).k12 | C17: =C16+1 -> 9 | D17: =VLOOKUP(AJ17,$AG$9:$AH$22,2,FALSE) -> ts_12t | E17: =E12 -> C4 | I17: 2020 | J17: =U17 -> 2025 | K17: =V17 -> 2030 | L17: =W17 -> 2035 | M17: =X17 -> 2040 | N17: =Y17 -> 2045 | O17: =Z17 -> 2050 | S17: commodity | T17: 2022 | U17: 2025 | V17: 2030 | W17: 2035 | X17: 2040 | Y17: 2045 | Z17: 2050 | AA17: attribute | AG17: 9 | AH17: ts_096P90 | AI17: f96p90 | AJ17: =AJ12+1 -> 2
A18: 5 | B18: =VLOOKUP(E18,$AK$9:$AL$15,2,FALSE)&"."&VLOOKUP(D18,$AH$9:$AI$24,2,FALSE) -> a 3 deg.k12 | C18: =C17+1 -> 10 | D18: =VLOOKUP(AJ18,$AG$9:$AH$22,2,FALSE) -> ts_12t | E18: =E13 -> C7 | G18: Hydrogen as a share of electricity | I18: =SUMIFS(ar6_r10!$F$2:$F$999,ar6_r10!$A$2:$A$999,Veda!$E$5,ar6_r10!$C$2:$C$999,Veda!I$17,ar6_r10!$M$2:$M$999,Veda!$G18) -> 0 | J18: =SUMIFS(ar6_r10!$F$2:$F$999,ar6_r10!$A$2:$A$999,Veda!$E$5,ar6_r10!$C$2:$C$999,Veda!J$17,ar6_r10!$M$2:$M$999,Veda!$G18) -> 0 | K18: =SUMIFS(ar6_r10!$F$2:$F$999,ar6_r10!$A$2:$A$999,Veda!$E$5,ar6_r10!$C$2:$C$999,Veda!K$17,ar6_r10!$M$2:$M$999,Veda!$G18) -> 0.01 | L18: =SUMIFS(ar6_r10!$F$2:$F$999,ar6_r10!$A$2:$A$999,Veda!$E$5,ar6_r10!$C$2:$C$999,Veda!L$17,ar6_r10!$M$2:$M$999,Veda!$G18) -> 0.01 | M18: =SUMIFS(ar6_r10!$F$2:$F$999,ar6_r10!$A$2:$A$999,Veda!$E$5,ar6_r10!$C$2:$C$999,Veda!M$17,ar6_r10!$M$2:$M$999,Veda!$G18) -> 0.01 | N18: =SUMIFS(ar6_r10!$F$2:$F$999,ar6_r10!$A$2:$A$999,Veda!$E$5,ar6_r10!$C$2:$C$999,Veda!N$17,ar6_r10!$M$2:$M$999,Veda!$G18) -> 0.02 | O18: =SUMIFS(ar6_r10!$F$2:$F$999,ar6_r10!$A$2:$A$999,Veda!$E$5,ar6_r10!$C$2:$C$999,Veda!O$17,ar6_r10!$M$2:$M$999,Veda!$G18) -> 0.03 | S18: hydrogen_allsect | T18: =I18*T$14 -> 0 | U18: =J18*U$14 -> 0 | V18: =K18*V$14 -> 3.802968 | W18: =L18*W$14 -> 4.290528 | X18: =M18*X$14 -> 4.8756 | Y18: =N18*Y$14 -> 10.921344 | Z18: =O18*Z$14 -> 17.649672 | AA18: demand | AG18: 10 | AH18: s1p1v1_d | AI18: e3d | AJ18: =AJ13+1 -> 2
A19: 5 | B19: =VLOOKUP(E19,$AK$9:$AL$15,2,FALSE)&"."&VLOOKUP(D19,$AH$9:$AI$24,2,FALSE) -> e 1.5 deg no OS.j12 | C19: =C18+1 -> 11 | D19: =VLOOKUP(AJ19,$AG$9:$AH$22,2,FALSE) -> ts_012 | E19: =E14 -> C1 | G19: Industry electricity share | I19: =SUMIFS(ar6_r10!$F$2:$F$999,ar6_r10!$A$2:$A$999,Veda!$E$5,ar6_r10!$C$2:$C$999,Veda!I$17,ar6_r10!$M$2:$M$999,Veda!$G19) -> 0.36 | J19: =SUMIFS(ar6_r10!$F$2:$F$999,ar6_r10!$A$2:$A$999,Veda!$E$5,ar6_r10!$C$2:$C$999,Veda!J$17,ar6_r10!$M$2:$M$999,Veda!$G19) -> 0.32 | K19: =SUMIFS(ar6_r10!$F$2:$F$999,ar6_r10!$A$2:$A$999,Veda!$E$5,ar6_r10!$C$2:$C$999,Veda!K$17,ar6_r10!$M$2:$M$999,Veda!$G19) -> 0.31 | L19: =SUMIFS(ar6_r10!$F$2:$F$999,ar6_r10!$A$2:$A$999,Veda!$E$5,ar6_r10!$C$2:$C$999,Veda!L$17,ar6_r10!$M$2:$M$999,Veda!$G19) -> 0.29 | M19: =SUMIFS(ar6_r10!$F$2:$F$999,ar6_r10!$A$2:$A$999,Veda!$E$5,ar6_r10!$C$2:$C$999,Veda!M$17,ar6_r10!$M$2:$M$999,Veda!$G19) -> 0.29 | N19: =SUMIFS(ar6_r10!$F$2:$F$999,ar6_r10!$A$2:$A$999,Veda!$E$5,ar6_r10!$C$2:$C$999,Veda!N$17,ar6_r10!$M$2:$M$999,Veda!$G19) -> 0.29 | O19: =SUMIFS(ar6_r10!$F$2:$F$999,ar6_r10!$A$2:$A$999,Veda!$E$5,ar6_r10!$C$2:$C$999,Veda!O$17,ar6_r10!$M$2:$M$999,Veda!$G19) -> 0.3 | S19: elc_industry | T19: =I19*T$14 -> 117.0144 | U19: =J19*U$14 -> 109.21344 | V19: =K19*V$14 -> 117.89201 | W19: =L19*W$14 -> 124.42531 | X19: =M19*X$14 -> 141.3924 | Y19: =N19*Y$14 -> 158.35949 | Z19: =O19*Z$14 -> 176.49672 | AA19: demand | AG19: 11 | AH19: s3p3v3_d | AI19: d9d | AJ19: =AJ14+1 -> 3
A20: 5 | B20: =VLOOKUP(E20,$AK$9:$AL$15,2,FALSE)&"."&VLOOKUP(D20,$AH$9:$AI$24,2,FALSE) -> d 1.5 deg OS.j12 | C20: =C19+1 -> 12 | D20: =VLOOKUP(AJ20,$AG$9:$AH$22,2,FALSE) -> ts_012 | E20: =E15 -> C2 | G20: Residential and commercial electricity share | I20: =SUMIFS(ar6_r10!$F$2:$F$999,ar6_r10!$A$2:$A$999,Veda!$E$5,ar6_r10!$C$2:$C$999,Veda!I$17,ar6_r10!$M$2:$M$999,Veda!$G20) -> 0.6 | J20: =SUMIFS(ar6_r10!$F$2:$F$999,ar6_r10!$A$2:$A$999,Veda!$E$5,ar6_r10!$C$2:$C$999,Veda!J$17,ar6_r10!$M$2:$M$999,Veda!$G20) -> 0.6 | K20: =SUMIFS(ar6_r10!$F$2:$F$999,ar6_r10!$A$2:$A$999,Veda!$E$5,ar6_r10!$C$2:$C$999,Veda!K$17,ar6_r10!$M$2:$M$999,Veda!$G20) -> 0.6 | L20: =SUMIFS(ar6_r10!$F$2:$F$999,ar6_r10!$A$2:$A$999,Veda!$E$5,ar6_r10!$C$2:$C$999,Veda!L$17,ar6_r10!$M$2:$M$999,Veda!$G20) -> 0.57 | M20: =SUMIFS(ar6_r10!$F$2:$F$999,ar6_r10!$A$2:$A$999,Veda!$E$5,ar6_r10!$C$2:$C$999,Veda!M$17,ar6_r10!$M$2:$M$999,Veda!$G20) -> 0.54 | N20: =SUMIFS(ar6_r10!$F$2:$F$999,ar6_r10!$A$2:$A$999,Veda!$E$5,ar6_r10!$C$2:$C$999,Veda!N$17,ar6_r10!$M$2:$M$999,Veda!$G20) -> 0.52 | O20: =SUMIFS(ar6_r10!$F$2:$F$999,ar6_r10!$A$2:$A$999,Veda!$E$5,ar6_r10!$C$2:$C$999,Veda!O$17,ar6_r10!$M$2:$M$999,Veda!$G20) -> 0.53 | S20: elc_buildings | T20: =I20*T$14 -> 195.024 | U20: =J20*U$14 -> 204.7752 | V20: =K20*V$14 -> 228.17808 | W20: =L20*W$14 -> 244.5601 | X20: =M20*X$14 -> 263.2824 | Y20: =N20*Y$14 -> 283.95494 | Z20: =O20*Z$14 -> 311.81087 | AA20: demand | AG20: 12 | AH20: s5p5v5_d | AI20: c15d | AJ20: =AJ15+1 -> 3
A21: 5 | B21: =VLOOKUP(E21,$AK$9:$AL$15,2,FALSE)&"."&VLOOKUP(D21,$AH$9:$AI$24,2,FALSE) -> c 2 deg (67%).j12 | C21: =C20+1 -> 13 | D21: =VLOOKUP(AJ21,$AG$9:$AH$22,2,FALSE) -> ts_012 | E21: =E16 -> C3 | G21: Transportation electricity share | I21: =SUMIFS(ar6_r10!$F$2:$F$999,ar6_r10!$A$2:$A$999,Veda!$E$5,ar6_r10!$C$2:$C$999,Veda!I$17,ar6_r10!$M$2:$M$999,Veda!$G21) -> 0.03 | J21: =SUMIFS(ar6_r10!$F$2:$F$999,ar6_r10!$A$2:$A$999,Veda!$E$5,ar6_r10!$C$2:$C$999,Veda!J$17,ar6_r10!$M$2:$M$999,Veda!$G21) -> 0.06 | K21: =SUMIFS(ar6_r10!$F$2:$F$999,ar6_r10!$A$2:$A$999,Veda!$E$5,ar6_r10!$C$2:$C$999,Veda!K$17,ar6_r10!$M$2:$M$999,Veda!$G21) -> 0.08 | L21: =SUMIFS(ar6_r10!$F$2:$F$999,ar6_r10!$A$2:$A$999,Veda!$E$5,ar6_r10!$C$2:$C$999,Veda!L$17,ar6_r10!$M$2:$M$999,Veda!$G21) -> 0.11 | M21: =SUMIFS(ar6_r10!$F$2:$F$999,ar6_r10!$A$2:$A$999,Veda!$E$5,ar6_r10!$C$2:$C$999,Veda!M$17,ar6_r10!$M$2:$M$999,Veda!$G21) -> 0.12 | N21: =SUMIFS(ar6_r10!$F$2:$F$999,ar6_r10!$A$2:$A$999,Veda!$E$5,ar6_r10!$C$2:$C$999,Veda!N$17,ar6_r10!$M$2:$M$999,Veda!$G21) -> 0.18 | O21: =SUMIFS(ar6_r10!$F$2:$F$999,ar6_r10!$A$2:$A$999,Veda!$E$5,ar6_r10!$C$2:$C$999,Veda!O$17,ar6_r10!$M$2:$M$999,Veda!$G21) -> 0.19 | S21: elc_transport | T21: =I21*T$14 -> 9.7512 | U21: =T21 -> 9.7512 | V21: =U21 -> 9.7512 | W21: =V21 -> 9.7512 | X21: =W21 -> 9.7512 | Y21: =X21 -> 9.7512 | Z21: =Y21 -> 9.7512 | AA21: demand | AC21: non-road transport demand assumed to be constant | AG21: 13 | AH21: s2_w | AI21: b2w | AJ21: =AJ16+1 -> 3
A22: 5 | B22: =VLOOKUP(E22,$AK$9:$AL$15,2,FALSE)&"."&VLOOKUP(D22,$AH$9:$AI$24,2,FALSE) -> b 2 deg (50%).j12 | C22: =C21+1 -> 14 | D22: =VLOOKUP(AJ22,$AG$9:$AH$22,2,FALSE) -> ts_012 | E22: =E17 -> C4 | S22: elc_roadtransport | T22: =T14-SUM(T19:T21) -> 3.2504 | U22: =U14-SUM(U19:U21) -> 17.55216 | V22: =V14-SUM(V19:V21) -> 24.475512 | W22: =W14-SUM(W19:W21) -> 50.316192 | X22: =X14-SUM(X19:X21) -> 73.134 | Y22: =Y14-SUM(Y19:Y21) -> 94.001568 | Z22: =Z14-SUM(Z19:Z21) -> 90.263608 | AA22: demand | AG22: 14 | AH22: s2_w_p2_d | AI22: a2w2d | AJ22: =AJ17+1 -> 3
A23: 5 | B23: =VLOOKUP(E23,$AK$9:$AL$15,2,FALSE)&"."&VLOOKUP(D23,$AH$9:$AI$24,2,FALSE) -> a 3 deg.j12 | C23: =C22+1 -> 15 | D23: =VLOOKUP(AJ23,$AG$9:$AH$22,2,FALSE) -> ts_012 | E23: =E18 -> C7 | S23: * | AJ23: =AJ18+1 -> 3
A24: 5 | B24: =VLOOKUP(E24,$AK$9:$AL$15,2,FALSE)&"."&VLOOKUP(D24,$AH$9:$AI$24,2,FALSE) -> e 1.5 deg no OS.i24 | C24: =C23+1 -> 16 | D24: =VLOOKUP(AJ24,$AG$9:$AH$22,2,FALSE) -> ts_024 | E24: =E19 -> C1 | G24: CO2 price | I24: 0 | J24: 0 | K24: =SUMIFS(ar6_r10!$F$2:$F$999,ar6_r10!$A$2:$A$999,Veda!$E$5,ar6_r10!$C$2:$C$999,Veda!K$17,ar6_r10!$M$2:$M$999,Veda!$G24) -> 71.48 | L24: =SUMIFS(ar6_r10!$F$2:$F$999,ar6_r10!$A$2:$A$999,Veda!$E$5,ar6_r10!$C$2:$C$999,Veda!L$17,ar6_r10!$M$2:$M$999,Veda!$G24) -> 104.42 | M24: =SUMIFS(ar6_r10!$F$2:$F$999,ar6_r10!$A$2:$A$999,Veda!$E$5,ar6_r10!$C$2:$C$999,Veda!M$17,ar6_r10!$M$2:$M$999,Veda!$G24) -> 134.85 | N24: =SUMIFS(ar6_r10!$F$2:$F$999,ar6_r10!$A$2:$A$999,Veda!$E$5,ar6_r10!$C$2:$C$999,Veda!N$17,ar6_r10!$M$2:$M$999,Veda!$G24) -> 178.1 | O24: =SUMIFS(ar6_r10!$F$2:$F$999,ar6_r10!$A$2:$A$999,Veda!$E$5,ar6_r10!$C$2:$C$999,Veda!O$17,ar6_r10!$M$2:$M$999,Veda!$G24) -> 209.45 | S24: co2net | U24: 0 | V24: =K24/1000 -> 0.07148 | W24: =L24/1000 -> 0.10442 | X24: =M24/1000 -> 0.13485 | Y24: =N24/1000 -> 0.1781 | Z24: =O24/1000 -> 0.20945 | AA24: com_taxnet | AJ24: =AJ19+1 -> 4
A25: 5 | B25: =VLOOKUP(E25,$AK$9:$AL$15,2,FALSE)&"."&VLOOKUP(D25,$AH$9:$AI$24,2,FALSE) -> d 1.5 deg OS.i24 | C25: =C24+1 -> 17 | D25: =VLOOKUP(AJ25,$AG$9:$AH$22,2,FALSE) -> ts_024 | E25: =E20 -> C2 | AJ25: =AJ20+1 -> 4
A26: 5 | B26: =VLOOKUP(E26,$AK$9:$AL$15,2,FALSE)&"."&VLOOKUP(D26,$AH$9:$AI$24,2,FALSE) -> c 2 deg (67%).i24 | C26: =C25+1 -> 18 | D26: =VLOOKUP(AJ26,$AG$9:$AH$22,2,FALSE) -> ts_024 | E26: =E21 -> C3 | S26: ~TFM_INS-TS | AJ26: =AJ21+1 -> 4
A27: 5 | B27: =VLOOKUP(E27,$AK$9:$AL$15,2,FALSE)&"."&VLOOKUP(D27,$AH$9:$AI$24,2,FALSE) -> b 2 deg (50%).i24 | C27: =C26+1 -> 19 | D27: =VLOOKUP(AJ27,$AG$9:$AH$22,2,FALSE) -> ts_024 | E27: =E22 -> C4 | S27: process | T27: =T17 -> 2022 | U27: =U17 -> 2025 | V27: =V17 -> 2030 | W27: =W17 -> 2035 | X27: =X17 -> 2040 | Y27: =Y17 -> 2045 | Z27: =Z17 -> 2050 | AA27: attribute | AB27: limtype | AJ27: =AJ22+1 -> 4
A28: 5 | B28: =VLOOKUP(E28,$AK$9:$AL$15,2,FALSE)&"."&VLOOKUP(D28,$AH$9:$AI$24,2,FALSE) -> a 3 deg.i24 | C28: =C27+1 -> 20 | D28: =VLOOKUP(AJ28,$AG$9:$AH$22,2,FALSE) -> ts_024 | E28: =E23 -> C7 | Q28: =SUMIFS(iea_data!G3:G9999,iea_data!$B$3:$B$9999,Veda!$S$11) -> 47.39 | S28: Trd_electricity import | T28: =Q28 -> 47.39 | AA28: ACT_BND | AB28: FX | AJ28: =AJ23+1 -> 4
A29: 5 | B29: =VLOOKUP(E29,$AK$9:$AL$15,2,FALSE)&"."&VLOOKUP(D29,$AH$9:$AI$24,2,FALSE) -> e 1.5 deg no OS.h48 | C29: =C28+1 -> 21 | D29: =VLOOKUP(AJ29,$AG$9:$AH$22,2,FALSE) -> ts_048 | E29: =E24 -> C1 | Q29: =SUMIFS(iea_data!H3:H9999,iea_data!$B$3:$B$9999,Veda!$S$11) -> -4.4 | S29: Trd_electricity export | T29: =-1*Q29 -> 4.4 | AA29: ACT_BND | AB29: FX | AJ29: =AJ24+1 -> 5
A30: 5 | B30: =VLOOKUP(E30,$AK$9:$AL$15,2,FALSE)&"."&VLOOKUP(D30,$AH$9:$AI$24,2,FALSE) -> d 1.5 deg OS.h48 | C30: =C29+1 -> 22 | D30: =VLOOKUP(AJ30,$AG$9:$AH$22,2,FALSE) -> ts_048 | E30: =E25 -> C2 | AJ30: =AJ25+1 -> 5
A31: 5 | B31: =VLOOKUP(E31,$AK$9:$AL$15,2,FALSE)&"."&VLOOKUP(D31,$AH$9:$AI$24,2,FALSE) -> c 2 deg (67%).h48 | C31: =C30+1 -> 23 | D31: =VLOOKUP(AJ31,$AG$9:$AH$22,2,FALSE) -> ts_048 | E31: =E26 -> C3 | AJ31: =AJ26+1 -> 5
A32: 5 | B32: =VLOOKUP(E32,$AK$9:$AL$15,2,FALSE)&"."&VLOOKUP(D32,$AH$9:$AI$24,2,FALSE) -> b 2 deg (50%).h48 | C32: =C31+1 -> 24 | D32: =VLOOKUP(AJ32,$AG$9:$AH$22,2,FALSE) -> ts_048 | E32: =E27 -> C4 | AJ32: =AJ27+1 -> 5
A33: 5 | B33: =VLOOKUP(E33,$AK$9:$AL$15,2,FALSE)&"."&VLOOKUP(D33,$AH$9:$AI$24,2,FALSE) -> a 3 deg.h48 | C33: =C32+1 -> 25 | D33: =VLOOKUP(AJ33,$AG$9:$AH$22,2,FALSE) -> ts_048 | E33: =E28 -> C7 | AJ33: =AJ28+1 -> 5
A34: 5 | B34: =VLOOKUP(E34,$AK$9:$AL$15,2,FALSE)&"."&VLOOKUP(D34,$AH$9:$AI$24,2,FALSE) -> e 1.5 deg no OS.g64 | C34: =C33+1 -> 26 | D34: =VLOOKUP(AJ34,$AG$9:$AH$22,2,FALSE) -> ts_064 | E34: =E29 -> C1 | AJ34: =AJ29+1 -> 6
A35: 5 | B35: =VLOOKUP(E35,$AK$9:$AL$15,2,FALSE)&"."&VLOOKUP(D35,$AH$9:$AI$24,2,FALSE) -> d 1.5 deg OS.g64 | C35: =C34+1 -> 27 | D35: =VLOOKUP(AJ35,$AG$9:$AH$22,2,FALSE) -> ts_064 | E35: =E30 -> C2 | AJ35: =AJ30+1 -> 6
A36: 5 | B36: =VLOOKUP(E36,$AK$9:$AL$15,2,FALSE)&"."&VLOOKUP(D36,$AH$9:$AI$24,2,FALSE) -> c 2 deg (67%).g64 | C36: =C35+1 -> 28 | D36: =VLOOKUP(AJ36,$AG$9:$AH$22,2,FALSE) -> ts_064 | E36: =E31 -> C3 | G36: C7 | AJ36: =AJ31+1 -> 6
A37: 5 | B37: =VLOOKUP(E37,$AK$9:$AL$15,2,FALSE)&"."&VLOOKUP(D37,$AH$9:$AI$24,2,FALSE) -> b 2 deg (50%).g64 | C37: =C36+1 -> 29 | D37: =VLOOKUP(AJ37,$AG$9:$AH$22,2,FALSE) -> ts_064 | E37: =E32 -> C4 | G37: Gas Price | I37: =SUMIFS(ar6_r10!$F$2:$F$999,ar6_r10!$A$2:$A$999,Veda!$G$36,ar6_r10!$C$2:$C$999,Veda!I$17,ar6_r10!$M$2:$M$999,Veda!$G37) -> 1 | J37: =SUMIFS(ar6_r10!$F$2:$F$999,ar6_r10!$A$2:$A$999,Veda!$G$36,ar6_r10!$C$2:$C$999,Veda!J$17,ar6_r10!$M$2:$M$999,Veda!$G37) -> 1.07 | K37: =SUMIFS(ar6_r10!$F$2:$F$999,ar6_r10!$A$2:$A$999,Veda!$G$36,ar6_r10!$C$2:$C$999,Veda!K$17,ar6_r10!$M$2:$M$999,Veda!$G37) -> 1.24 | L37: =SUMIFS(ar6_r10!$F$2:$F$999,ar6_r10!$A$2:$A$999,Veda!$G$36,ar6_r10!$C$2:$C$999,Veda!L$17,ar6_r10!$M$2:$M$999,Veda!$G37) -> 1.15 | M37: =SUMIFS(ar6_r10!$F$2:$F$999,ar6_r10!$A$2:$A$999,Veda!$G$36,ar6_r10!$C$2:$C$999,Veda!M$17,ar6_r10!$M$2:$M$999,Veda!$G37) -> 1.25 | N37: =SUMIFS(ar6_r10!$F$2:$F$999,ar6_r10!$A$2:$A$999,Veda!$G$36,ar6_r10!$C$2:$C$999,Veda!N$17,ar6_r10!$M$2:$M$999,Veda!$G37) -> 1.17 | O37: =SUMIFS(ar6_r10!$F$2:$F$999,ar6_r10!$A$2:$A$999,Veda!$G$36,ar6_r10!$C$2:$C$999,Veda!O$17,ar6_r10!$M$2:$M$999,Veda!$G37) -> 1.34 | AJ37: =AJ32+1 -> 6
A38: 5 | B38: =VLOOKUP(E38,$AK$9:$AL$15,2,FALSE)&"."&VLOOKUP(D38,$AH$9:$AI$24,2,FALSE) -> a 3 deg.g64 | C38: =C37+1 -> 30 | D38: =VLOOKUP(AJ38,$AG$9:$AH$22,2,FALSE) -> ts_064 | E38: =E33 -> C7 | G38: Coal Price | I38: =SUMIFS(ar6_r10!$F$2:$F$999,ar6_r10!$A$2:$A$999,Veda!$G$36,ar6_r10!$C$2:$C$999,Veda!I$17,ar6_r10!$M$2:$M$999,Veda!$G38) -> 1 | J38: =SUMIFS(ar6_r10!$F$2:$F$999,ar6_r10!$A$2:$A$999,Veda!$G$36,ar6_r10!$C$2:$C$999,Veda!J$17,ar6_r10!$M$2:$M$999,Veda!$G38) -> 1.02 | K38: =SUMIFS(ar6_r10!$F$2:$F$999,ar6_r10!$A$2:$A$999,Veda!$G$36,ar6_r10!$C$2:$C$999,Veda!K$17,ar6_r10!$M$2:$M$999,Veda!$G38) -> 1.06 | L38: =SUMIFS(ar6_r10!$F$2:$F$999,ar6_r10!$A$2:$A$999,Veda!$G$36,ar6_r10!$C$2:$C$999,Veda!L$17,ar6_r10!$M$2:$M$999,Veda!$G38) -> 1.07 | M38: =SUMIFS(ar6_r10!$F$2:$F$999,ar6_r10!$A$2:$A$999,Veda!$G$36,ar6_r10!$C$2:$C$999,Veda!M$17,ar6_r10!$M$2:$M$999,Veda!$G38) -> 1.08 | N38: =SUMIFS(ar6_r10!$F$2:$F$999,ar6_r10!$A$2:$A$999,Veda!$G$36,ar6_r10!$C$2:$C$999,Veda!N$17,ar6_r10!$M$2:$M$999,Veda!$G38) -> 1.1 | O38: =SUMIFS(ar6_r10!$F$2:$F$999,ar6_r10!$A$2:$A$999,Veda!$G$36,ar6_r10!$C$2:$C$999,Veda!O$17,ar6_r10!$M$2:$M$999,Veda!$G38) -> 1.12 | AJ38: =AJ33+1 -> 6
A39: 5 | B39: =VLOOKUP(E39,$AK$9:$AL$15,2,FALSE)&"."&VLOOKUP(D39,$AH$9:$AI$24,2,FALSE) -> e 1.5 deg no OS.f96p50 | C39: =C38+1 -> 31 | D39: =VLOOKUP(AJ39,$AG$9:$AH$22,2,FALSE) -> ts_096P50 | E39: =E34 -> C1 | G39: Oil Price | I39: =SUMIFS(ar6_r10!$F$2:$F$999,ar6_r10!$A$2:$A$999,Veda!$G$36,ar6_r10!$C$2:$C$999,Veda!I$17,ar6_r10!$M$2:$M$999,Veda!$G39) -> 1 | J39: =SUMIFS(ar6_r10!$F$2:$F$999,ar6_r10!$A$2:$A$999,Veda!$G$36,ar6_r10!$C$2:$C$999,Veda!J$17,ar6_r10!$M$2:$M$999,Veda!$G39) -> 1.01 | K39: =SUMIFS(ar6_r10!$F$2:$F$999,ar6_r10!$A$2:$A$999,Veda!$G$36,ar6_r10!$C$2:$C$999,Veda!K$17,ar6_r10!$M$2:$M$999,Veda!$G39) -> 1.11 | L39: =SUMIFS(ar6_r10!$F$2:$F$999,ar6_r10!$A$2:$A$999,Veda!$G$36,ar6_r10!$C$2:$C$999,Veda!L$17,ar6_r10!$M$2:$M$999,Veda!$G39) -> 1.01 | M39: =SUMIFS(ar6_r10!$F$2:$F$999,ar6_r10!$A$2:$A$999,Veda!$G$36,ar6_r10!$C$2:$C$999,Veda!M$17,ar6_r10!$M$2:$M$999,Veda!$G39) -> 1.01 | N39: =SUMIFS(ar6_r10!$F$2:$F$999,ar6_r10!$A$2:$A$999,Veda!$G$36,ar6_r10!$C$2:$C$999,Veda!N$17,ar6_r10!$M$2:$M$999,Veda!$G39) -> 1.04 | O39: =SUMIFS(ar6_r10!$F$2:$F$999,ar6_r10!$A$2:$A$999,Veda!$G$36,ar6_r10!$C$2:$C$999,Veda!O$17,ar6_r10!$M$2:$M$999,Veda!$G39) -> 1.14 | AJ39: =AJ34+1 -> 7
A40: 5 | B40: =VLOOKUP(E40,$AK$9:$AL$15,2,FALSE)&"."&VLOOKUP(D40,$AH$9:$AI$24,2,FALSE) -> d 1.5 deg OS.f96p50 | C40: =C39+1 -> 32 | D40: =VLOOKUP(AJ40,$AG$9:$AH$22,2,FALSE) -> ts_096P50 | E40: =E35 -> C2 | G40: Biomass Price | I40: =SUMIFS(ar6_r10!$F$2:$F$999,ar6_r10!$A$2:$A$999,Veda!$G$36,ar6_r10!$C$2:$C$999,Veda!I$17,ar6_r10!$M$2:$M$999,Veda!$G40) -> 1 | J40: =SUMIFS(ar6_r10!$F$2:$F$999,ar6_r10!$A$2:$A$999,Veda!$G$36,ar6_r10!$C$2:$C$999,Veda!J$17,ar6_r10!$M$2:$M$999,Veda!$G40) -> 0.96 | K40: =SUMIFS(ar6_r10!$F$2:$F$999,ar6_r10!$A$2:$A$999,Veda!$G$36,ar6_r10!$C$2:$C$999,Veda!K$17,ar6_r10!$M$2:$M$999,Veda!$G40) -> 1.04 | L40: =SUMIFS(ar6_r10!$F$2:$F$999,ar6_r10!$A$2:$A$999,Veda!$G$36,ar6_r10!$C$2:$C$999,Veda!L$17,ar6_r10!$M$2:$M$999,Veda!$G40) -> 1.04 | M40: =SUMIFS(ar6_r10!$F$2:$F$999,ar6_r10!$A$2:$A$999,Veda!$G$36,ar6_r10!$C$2:$C$999,Veda!M$17,ar6_r10!$M$2:$M$999,Veda!$G40) -> 0.98 | N40: =SUMIFS(ar6_r10!$F$2:$F$999,ar6_r10!$A$2:$A$999,Veda!$G$36,ar6_r10!$C$2:$C$999,Veda!N$17,ar6_r10!$M$2:$M$999,Veda!$G40) -> 0.99 | O40: =SUMIFS(ar6_r10!$F$2:$F$999,ar6_r10!$A$2:$A$999,Veda!$G$36,ar6_r10!$C$2:$C$999,Veda!O$17,ar6_r10!$M$2:$M$999,Veda!$G40) -> 1 | AJ40: =AJ35+1 -> 7
A41: 5 | B41: =VLOOKUP(E41,$AK$9:$AL$15,2,FALSE)&"."&VLOOKUP(D41,$AH$9:$AI$24,2,FALSE) -> c 2 deg (67%).f96p50 | C41: =C40+1 -> 33 | D41: =VLOOKUP(AJ41,$AG$9:$AH$22,2,FALSE) -> ts_096P50 | E41: =E36 -> C3 | AJ41: =AJ36+1 -> 7
A42: 5 | B42: =VLOOKUP(E42,$AK$9:$AL$15,2,FALSE)&"."&VLOOKUP(D42,$AH$9:$AI$24,2,FALSE) -> b 2 deg (50%).f96p50 | C42: =C41+1 -> 34 | D42: =VLOOKUP(AJ42,$AG$9:$AH$22,2,FALSE) -> ts_096P50 | E42: =E37 -> C4 | AJ42: =AJ37+1 -> 7
A43: 5 | B43: =VLOOKUP(E43,$AK$9:$AL$15,2,FALSE)&"."&VLOOKUP(D43,$AH$9:$AI$24,2,FALSE) -> a 3 deg.f96p50 | C43: =C42+1 -> 35 | D43: =VLOOKUP(AJ43,$AG$9:$AH$22,2,FALSE) -> ts_096P50 | E43: =E38 -> C7 | G43: ~TFM_INS-TS: attribute=flo_cost | AJ43: =AJ38+1 -> 7
A44: 5 | B44: =VLOOKUP(E44,$AK$9:$AL$15,2,FALSE)&"."&VLOOKUP(D44,$AH$9:$AI$24,2,FALSE) -> e 1.5 deg no OS.f96p10 | C44: =C43+1 -> 36 | D44: =VLOOKUP(AJ44,$AG$9:$AH$22,2,FALSE) -> ts_096P10 | E44: =E39 -> C1 | G44: commodity | H44: pset_co | I44: 2022 | J44: =J17 -> 2025 | K44: =K17 -> 2030 | L44: =L17 -> 2035 | M44: =M17 -> 2040 | N44: =N17 -> 2045 | O44: =O17 -> 2050 | R44: low | S44: high | AJ44: =AJ39+1 -> 8
A45: 5 | B45: =VLOOKUP(E45,$AK$9:$AL$15,2,FALSE)&"."&VLOOKUP(D45,$AH$9:$AI$24,2,FALSE) -> d 1.5 deg OS.f96p10 | C45: =C44+1 -> 37 | D45: =VLOOKUP(AJ45,$AG$9:$AH$22,2,FALSE) -> ts_096P10 | E45: =E40 -> C2 | G45: Gas | H45: =G45 -> Gas | I45: =AVERAGE($R45:$S45)*I37 -> 35.1 | J45: =AVERAGE($R45:$S45)*J37 -> 37.557 | K45: =AVERAGE($R45:$S45)*K37 -> 43.524 | L45: =AVERAGE($R45:$S45)*L37 -> 40.365 | M45: =AVERAGE($R45:$S45)*M37 -> 43.875 | N45: =AVERAGE($R45:$S45)*N37 -> 41.067 | O45: =AVERAGE($R45:$S45)*O37 -> 47.034 | R45: =HLOOKUP($G45&"_"&R$44,fuel_prices!$B$10:$I$11,2,FALSE) -> 29.1 | S45: =HLOOKUP($G45&"_"&S$44,fuel_prices!$B$10:$I$11,2,FALSE) -> 41.1 | AJ45: =AJ40+1 -> 8
A46: 5 | B46: =VLOOKUP(E46,$AK$9:$AL$15,2,FALSE)&"."&VLOOKUP(D46,$AH$9:$AI$24,2,FALSE) -> c 2 deg (67%).f96p10 | C46: =C45+1 -> 38 | D46: =VLOOKUP(AJ46,$AG$9:$AH$22,2,FALSE) -> ts_096P10 | E46: =E41 -> C3 | G46: Coal | H46: =G46 -> Coal | I46: =AVERAGE($R46:$S46)*I38 -> 16.75 | J46: =AVERAGE($R46:$S46)*J38 -> 17.085 | K46: =AVERAGE($R46:$S46)*K38 -> 17.755 | L46: =AVERAGE($R46:$S46)*L38 -> 17.9225 | M46: =AVERAGE($R46:$S46)*M38 -> 18.09 | N46: =AVERAGE($R46:$S46)*N38 -> 18.425 | O46: =AVERAGE($R46:$S46)*O38 -> 18.76 | R46: =HLOOKUP($G46&"_"&R$44,fuel_prices!$B$10:$I$11,2,FALSE) -> 15.2 | S46: =HLOOKUP($G46&"_"&S$44,fuel_prices!$B$10:$I$11,2,FALSE) -> 18.3 | AJ46: =AJ41+1 -> 8
A47: 5 | B47: =VLOOKUP(E47,$AK$9:$AL$15,2,FALSE)&"."&VLOOKUP(D47,$AH$9:$AI$24,2,FALSE) -> b 2 deg (50%).f96p10 | C47: =C46+1 -> 39 | D47: =VLOOKUP(AJ47,$AG$9:$AH$22,2,FALSE) -> ts_096P10 | E47: =E42 -> C4 | G47: Oil | H47: =G47 -> Oil | I47: =AVERAGE($R47:$S47)*I39 -> 55 | J47: =AVERAGE($R47:$S47)*J39 -> 55.55 | K47: =AVERAGE($R47:$S47)*K39 -> 61.05 | L47: =AVERAGE($R47:$S47)*L39 -> 55.55 | M47: =AVERAGE($R47:$S47)*M39 -> 55.55 | N47: =AVERAGE($R47:$S47)*N39 -> 57.2 | O47: =AVERAGE($R47:$S47)*O39 -> 62.7 | R47: =HLOOKUP($G47&"_"&R$44,fuel_prices!$B$10:$I$11,2,FALSE) -> 50 | S47: =HLOOKUP($G47&"_"&S$44,fuel_prices!$B$10:$I$11,2,FALSE) -> 60 | AJ47: =AJ42+1 -> 8
A48: 5 | B48: =VLOOKUP(E48,$AK$9:$AL$15,2,FALSE)&"."&VLOOKUP(D48,$AH$9:$AI$24,2,FALSE) -> a 3 deg.f96p10 | C48: =C47+1 -> 40 | D48: =VLOOKUP(AJ48,$AG$9:$AH$22,2,FALSE) -> ts_096P10 | E48: =E43 -> C7 | G48: Bioenergy | H48: =G48 -> Bioenergy | I48: =AVERAGE($R48:$S48)*I40 -> 29 | J48: =AVERAGE($R48:$S48)*J40 -> 27.84 | K48: =AVERAGE($R48:$S48)*K40 -> 30.16 | L48: =AVERAGE($R48:$S48)*L40 -> 30.16 | M48: =AVERAGE($R48:$S48)*M40 -> 28.42 | N48: =AVERAGE($R48:$S48)*N40 -> 28.71 | O48: =AVERAGE($R48:$S48)*O40 -> 29 | R48: =HLOOKUP($G48&"_"&R$44,fuel_prices!$B$10:$I$11,2,FALSE) -> 25 | S48: =HLOOKUP($G48&"_"&S$44,fuel_prices!$B$10:$I$11,2,FALSE) -> 33 | AJ48: =AJ43+1 -> 8
A49: 5 | B49: =VLOOKUP(E49,$AK$9:$AL$15,2,FALSE)&"."&VLOOKUP(D49,$AH$9:$AI$24,2,FALSE) -> e 1.5 deg no OS.f96p90 | C49: =C48+1 -> 41 | D49: =VLOOKUP(AJ49,$AG$9:$AH$22,2,FALSE) -> ts_096P90 | E49: =E44 -> C1 | AJ49: =AJ44+1 -> 9
A50: 5 | B50: =VLOOKUP(E50,$AK$9:$AL$15,2,FALSE)&"."&VLOOKUP(D50,$AH$9:$AI$24,2,FALSE) -> d 1.5 deg OS.f96p90 | C50: =C49+1 -> 42 | D50: =VLOOKUP(AJ50,$AG$9:$AH$22,2,FALSE) -> ts_096P90 | E50: =E45 -> C2 | AJ50: =AJ45+1 -> 9
A51: 5 | B51: =VLOOKUP(E51,$AK$9:$AL$15,2,FALSE)&"."&VLOOKUP(D51,$AH$9:$AI$24,2,FALSE) -> c 2 deg (67%).f96p90 | C51: =C50+1 -> 43 | D51: =VLOOKUP(AJ51,$AG$9:$AH$22,2,FALSE) -> ts_096P90 | E51: =E46 -> C3 | AJ51: =AJ46+1 -> 9
A52: 5 | B52: =VLOOKUP(E52,$AK$9:$AL$15,2,FALSE)&"."&VLOOKUP(D52,$AH$9:$AI$24,2,FALSE) -> b 2 deg (50%).f96p90 | C52: =C51+1 -> 44 | D52: =VLOOKUP(AJ52,$AG$9:$AH$22,2,FALSE) -> ts_096P90 | E52: =E47 -> C4 | AJ52: =AJ47+1 -> 9
A53: 5 | B53: =VLOOKUP(E53,$AK$9:$AL$15,2,FALSE)&"."&VLOOKUP(D53,$AH$9:$AI$24,2,FALSE) -> a 3 deg.f96p90 | C53: =C52+1 -> 45 | D53: =VLOOKUP(AJ53,$AG$9:$AH$22,2,FALSE) -> ts_096P90 | E53: =E48 -> C7 | AJ53: =AJ48+1 -> 9
A54: 5 | B54: =VLOOKUP(E54,$AK$9:$AL$15,2,FALSE)&"."&VLOOKUP(D54,$AH$9:$AI$24,2,FALSE) -> e 1.5 deg no OS.e3d | C54: =C53+1 -> 46 | D54: =VLOOKUP(AJ54,$AG$9:$AH$22,2,FALSE) -> s1p1v1_d | E54: =E49 -> C1 | AJ54: =AJ49+1 -> 10
A55: 5 | B55: =VLOOKUP(E55,$AK$9:$AL$15,2,FALSE)&"."&VLOOKUP(D55,$AH$9:$AI$24,2,FALSE) -> d 1.5 deg OS.e3d | C55: =C54+1 -> 47 | D55: =VLOOKUP(AJ55,$AG$9:$AH$22,2,FALSE) -> s1p1v1_d | E55: =E50 -> C2 | AJ55: =AJ50+1 -> 10
A56: 5 | B56: =VLOOKUP(E56,$AK$9:$AL$15,2,FALSE)&"."&VLOOKUP(D56,$AH$9:$AI$24,2,FALSE) -> c 2 deg (67%).e3d | C56: =C55+1 -> 48 | D56: =VLOOKUP(AJ56,$AG$9:$AH$22,2,FALSE) -> s1p1v1_d | E56: =E51 -> C3 | AJ56: =AJ51+1 -> 10
A57: 5 | B57: =VLOOKUP(E57,$AK$9:$AL$15,2,FALSE)&"."&VLOOKUP(D57,$AH$9:$AI$24,2,FALSE) -> b 2 deg (50%).e3d | C57: =C56+1 -> 49 | D57: =VLOOKUP(AJ57,$AG$9:$AH$22,2,FALSE) -> s1p1v1_d | E57: =E52 -> C4 | AJ57: =AJ52+1 -> 10
A58: 5 | B58: =VLOOKUP(E58,$AK$9:$AL$15,2,FALSE)&"."&VLOOKUP(D58,$AH$9:$AI$24,2,FALSE) -> a 3 deg.e3d | C58: =C57+1 -> 50 | D58: =VLOOKUP(AJ58,$AG$9:$AH$22,2,FALSE) -> s1p1v1_d | E58: =E53 -> C7 | AJ58: =AJ53+1 -> 10
A59: 5 | B59: =VLOOKUP(E59,$AK$9:$AL$15,2,FALSE)&"."&VLOOKUP(D59,$AH$9:$AI$24,2,FALSE) -> e 1.5 deg no OS.d9d | C59: =C58+1 -> 51 | D59: =VLOOKUP(AJ59,$AG$9:$AH$22,2,FALSE) -> s3p3v3_d | E59: =E54 -> C1 | AJ59: =AJ54+1 -> 11
A60: 5 | B60: =VLOOKUP(E60,$AK$9:$AL$15,2,FALSE)&"."&VLOOKUP(D60,$AH$9:$AI$24,2,FALSE) -> d 1.5 deg OS.d9d | C60: =C59+1 -> 52 | D60: =VLOOKUP(AJ60,$AG$9:$AH$22,2,FALSE) -> s3p3v3_d | E60: =E55 -> C2 | AJ60: =AJ55+1 -> 11
... A78: 5 | B78: =VLOOKUP(E78,$AK$9:$AL$15,2,FALSE)&"."&VLOOKUP(D78,$AH$9:$AI$24,2,FALSE) -> a 3 deg.a2w2d | C78: =C77+1 -> 70 | D78: =VLOOKUP(AJ78,$AG$9:$AH$22,2,FALSE) -> s2_w_p2_d | E78: =E73 -> C7 | AJ78: =AJ73+1 -> 14
A82: ~tfm_ins-ts
A83: process | B83: limtype | C83: 2024 | D83: 2030 | E83: 2040 | F83: attribute
A84: Trd_electricity export | B84: lo | C84: 1.505 | D84: 2.505 | E84: 3.93 | F84: cap_bnd
A85: Trd_electricity import | B85: lo | C85: 10.647 | D85: 11.752 | E85: 13.252 | F85: cap_bnd

Sheet fuel_prices
A9: Fuel Prices
A10: iso | B10: gas_low | C10: gas_high | D10: coal_low | E10: coal_high | F10: oil_low | G10: oil_high | H10: bioenergy_low | I10: bioenergy_high | J10: Notes
A11: ITA | B11: 29.1 | C11: 41.1 | D11: 15.2 | E11: 18.3 | F11: 50 | G11: 60 | H11: 25 | I11: 33 | J11: Pipeline gas, Mediterranean pellet imports

Sheet iea_data
A9: IEA Baseline Data
A10: iso | B10: year | C10: industry_twh | D10: buildings_agri_twh | E10: nonroad_transport_twh | F10: road_transport_twh | G10: imports_twh | H10: exports_twh | I10: total_production_twh
A11: ITA | B11: 2000 | C11: 179.49 | D11: 122.61 | E11: 4.5 | F11: 0 | G11: 44.83 | H11: -0.48 | I11: 269.94
A12: ITA | B12: 2001 | C12: 181.93 | D12: 125.95 | E12: 4.39 | F12: 0 | G12: 48.93 | H12: -0.55 | I12: 271.89
A13: ITA | B13: 2002 | C13: 183.71 | D13: 130.68 | E13: 4.44 | F13: 0 | G13: 51.52 | H13: -0.92 | I13: 277.53
A14: ITA | B14: 2003 | C14: 185.3 | D14: 137.6 | E14: 4.53 | F14: 0 | G14: 51.49 | H14: -0.52 | I14: 286.28
A15: ITA | B15: 2004 | C15: 185.28 | D15: 141.66 | E15: 4.47 | F15: 0 | G15: 46.43 | H15: -0.79 | I15: 295.78
A16: ITA | B16: 2005 | C16: 185.44 | D16: 146.13 | E16: 4.58 | F16: 0 | G16: 50.26 | H16: -1.11 | I16: 296.84
A17: ITA | B17: 2006 | C17: 186.96 | D17: 151.12 | E17: 4.38 | F17: 0 | G17: 46.6 | H17: -1.61 | I17: 307.69
A18: ITA | B18: 2007 | C18: 186.6 | D18: 152.67 | E18: 4.41 | F18: 0 | G18: 48.93 | H18: -2.65 | I18: 308.22
A19: ITA | B19: 2008 | C19: 181.03 | D19: 156.76 | E19: 4.55 | F19: 0 | G19: 43.43 | H19: -3.4 | I19: 313.53
A20: ITA | B20: 2009 | C20: 159.32 | D20: 158.8 | E20: 4.46 | F20: 0 | G20: 47.07 | H20: -2.11 | I20: 288.33
A21: ITA | B21: 2010 | C21: 166.69 | D21: 160.71 | E21: 4.58 | F21: 0.06 | G21: 45.99 | H21: -1.83 | I21: 298.77
A22: ITA | B22: 2011 | C22: 167 | D22: 162.89 | E22: 4.7 | F22: 0.06 | G22: 47.52 | H22: -1.79 | I22: 300.65
... A33: ITA | B33: 2022 | C33: 146.43 | D33: 165.99 | E33: 5.58 | F33: 0.6 | G33: 47.39 | H33: -4.4 | I33: 282.05

Sheet ar6_r10
A9: AR6 Scenario Drivers
A10: Category | B10: Region | C10: Year | D10: count | E10: mean | F10: median | G10: std | H10: min | I10: max | J10: q25 | K10: q75 | L10: category_description | M10: attribute
A11: C1 | B11: R10EUROPE | C11: 2020 | D11: 60 | E11: 8.68 | F11: 6.87 | G11: 10.43 | H11: 0 | I11: 55.17 | J11: 0 | K11: 13.64 | L11: Limit warming to 1.5°C (>50%) with no or limited overshoot | M11: CO2 price
A12: C1 | B12: R10EUROPE | C12: 2025 | D12: 60 | E12: 190.52 | F12: 181.51 | G12: 136.23 | H12: 1.81 | I12: 626.48 | J12: 115.48 | K12: 238.58 | L12: Limit warming to 1.5°C (>50%) with no or limited overshoot | M12: CO2 price
A13: C1 | B13: R10EUROPE | C13: 2030 | D13: 60 | E13: 268.18 | F13: 241.69 | G13: 134.29 | H13: 1.27 | I13: 673.46 | J13: 182.47 | K13: 329.7 | L13: Limit warming to 1.5°C (>50%) with no or limited overshoot | M13: CO2 price
A14: C1 | B14: R10EUROPE | C14: 2035 | D14: 60 | E14: 363.27 | F14: 339.03 | G14: 173.79 | H14: 14.37 | I14: 859.53 | J14: 227.05 | K14: 483.38 | L14: Limit warming to 1.5°C (>50%) with no or limited overshoot | M14: CO2 price
A15: C1 | B15: R10EUROPE | C15: 2040 | D15: 60 | E15: 471.65 | F15: 410.28 | G15: 224.31 | H15: 162.1 | I15: 1097.01 | J15: 298.63 | K15: 622.14 | L15: Limit warming to 1.5°C (>50%) with no or limited overshoot | M15: CO2 price
A16: C1 | B16: R10EUROPE | C16: 2045 | D16: 60 | E16: 565.69 | F16: 494.2 | G16: 256.15 | H16: 193.42 | I16: 1269.88 | J16: 352.78 | K16: 748.01 | L16: Limit warming to 1.5°C (>50%) with no or limited overshoot | M16: CO2 price
A17: C1 | B17: R10EUROPE | C17: 2050 | D17: 60 | E17: 647.44 | F17: 635.43 | G17: 273.56 | H17: 209.76 | I17: 1170.26 | J17: 409.79 | K17: 887.68 | L17: Limit warming to 1.5°C (>50%) with no or limited overshoot | M17: CO2 price
A18: C2 | B18: R10EUROPE | C18: 2020 | D18: 86 | E18: 6.44 | F18: 0 | G18: 8.34 | H18: 0 | I18: 24.5 | J18: 0 | K18: 12.68 | L18: Limit warming to 1.5°C (>67%) with high overshoot | M18: CO2 price
A19: C2 | B19: R10EUROPE | C19: 2025 | D19: 75 | E19: 63.21 | F19: 44.89 | G19: 56.62 | H19: 3.21 | I19: 273 | J19: 27.09 | K19: 77.31 | L19: Limit warming to 1.5°C (>67%) with high overshoot | M19: CO2 price
A20: C2 | B20: R10EUROPE | C20: 2030 | D20: 86 | E20: 85.48 | F20: 63.36 | G20: 73.46 | H20: 0 | I20: 409.5 | J20: 50 | K20: 111.1 | L20: Limit warming to 1.5°C (>67%) with high overshoot | M20: CO2 price
A21: C2 | B21: R10EUROPE | C21: 2035 | D21: 75 | E21: 208.71 | F21: 154.82 | G21: 291.78 | H21: 60.83 | I21: 2037.12 | J21: 93.79 | K21: 206.26 | L21: Limit warming to 1.5°C (>67%) with high overshoot | M21: CO2 price
A22: C2 | B22: R10EUROPE | C22: 2040 | D22: 86 | E22: 253.33 | F22: 172.09 | G22: 359.35 | H22: 0 | I22: 2600 | J22: 119.07 | K22: 259.4 | L22: Limit warming to 1.5°C (>67%) with high overshoot | M22: CO2 price
... A221: C1 | B221: R10EUROPE | C221: 2020 | D221: 33 | E221: 1 | F221: 1 | G221: 0 | H221: 1 | I221: 1 | J221: 1 | K221: 1 | L221: Limit warming to 1.5°C (>50%) with no or limited overshoot | M221: Gas price
A222: C1 | B222: R10EUROPE | C222: 2025 | D222: 34 | E222: 65535 | F222: 2.42 | H222: 1.18 | I222: 65535 | J222: 2.01 | K222: 2.75 | L222: Limit warming to 1.5°C (>50%) with no or limited overshoot | M222: Gas price
A223: C1 | B223: R10EUROPE | C223: 2030 | D223: 34 | E223: 65535 | F223: 3.1 | H223: 1.71 | I223: 65535 | J223: 2.38 | K223: 3.46 | L223: Limit warming to 1.5°C (>50%) with no or limited overshoot | M223: Gas price
A224: C1 | B224: R10EUROPE | C224: 2035 | D224: 34 | E224: 65535 | F224: 3.54 | H224: 1.91 | I224: 65535 | J224: 2.66 | K224: 4.16 | L224: Limit warming to 1.5°C (>50%) with no or limited overshoot | M224: Gas price
A225: C1 | B225: R10EUROPE | C225: 2040 | D225: 34 | E225: 65535 | F225: 4.1 | H225: 2.27 | I225: 65535 | J225: 2.96 | K225: 4.52 | L225: Limit warming to 1.5°C (>50%) with no or limited overshoot | M225: Gas price
A226: C1 | B226: R10EUROPE | C226: 2045 | D226: 34 | E226: 65535 | F226: 3.86 | H226: 2.54 | I226: 65535 | J226: 3.3 | K226: 4.89 | L226: Limit warming to 1.5°C (>50%) with no or limited overshoot | M226: Gas price
A227: C1 | B227: R10EUROPE | C227: 2050 | D227: 34 | E227: 65535 | F227: 3.59 | H227: 2.73 | I227: 65535 | J227: 3.07 | K227: 4.06 | L227: Limit warming to 1.5°C (>50%) with no or limited overshoot | M227: Gas price
A228: C2 | B228: R10EUROPE | C228: 2020 | D228: 43 | E228: 1 | F228: 1 | G228: 0 | H228: 1 | I228: 1 | J228: 1 | K228: 1 | L228: Limit warming to 1.5°C (>67%) with high overshoot | M228: Gas price
A229: C2 | B229: R10EUROPE | C229: 2025 | D229: 44 | E229: 65535 | F229: 1.22 | H229: 0 | I229: 65535 | J229: 1.13 | K229: 1.35 | L229: Limit warming to 1.5°C (>67%) with high overshoot | M229: Gas price
A230: C2 | B230: R10EUROPE | C230: 2030 | D230: 44 | E230: 65535 | F230: 1.5 | H230: 0 | I230: 65535 | J230: 1.31 | K230: 1.83 | L230: Limit warming to 1.5°C (>67%) with high overshoot | M230: Gas price
A231: C2 | B231: R10EUROPE | C231: 2035 | D231: 44 | E231: 65535 | F231: 2.12 | H231: 0 | I231: 65535 | J231: 1.68 | K231: 2.46 | L231: Limit warming to 1.5°C (>67%) with high overshoot | M231: Gas price
A232: C2 | B232: R10EUROPE | C232: 2040 | D232: 44 | E232: 65535 | F232: 2.5 | H232: 0 | I232: 65535 | J232: 2 | K232: 2.94 | L232: Limit warming to 1.5°C (>67%) with high overshoot | M232: Gas price
A233: C2 | B233: R10EUROPE | C233: 2045 | D233: 44 | E233: 65535 | F233: 2.79 | H233: 0 | I233: 65535 | J233: 2.08 | K233: 3.44 | L233: Limit warming to 1.5°C (>67%) with high overshoot | M233: Gas price
A234: C2 | B234: R10EUROPE | C234: 2050 | D234: 44 | E234: 65535 | F234: 2.95 | H234: 0 | I234: 65535 | J234: 2.49 | K234: 3.78 | L234: Limit warming to 1.5°C (>67%) with high overshoot | M234: Gas price
A235: C3 | B235: R10EUROPE | C235: 2020 | D235: 103 | E235: 1 | F235: 1 | G235: 0 | H235: 1 | I235: 1 | J235: 1 | K235: 1 | L235: Limit warming to 2°C (>67%) with higher action post-2030 | M235: Gas price
A236: C3 | B236: R10EUROPE | C236: 2025 | D236: 112 | E236: 65535 | F236: 1.41 | H236: 0.98 | I236: 65535 | J236: 1.23 | K236: 1.96 | L236: Limit warming to 2°C (>67%) with higher action post-2030 | M236: Gas price
A237: C3 | B237: R10EUROPE | C237: 2030 | D237: 112 | E237: 65535 | F237: 2.04 | H237: 1.05 | I237: 65535 | J237: 1.52 | K237: 2.55 | L237: Limit warming to 2°C (>67%) with higher action post-2030 | M237: Gas price
A238: C3 | B238: R10EUROPE | C238: 2035 | D238: 112 | E238: 65535 | F238: 2.4 | H238: 1.05 | I238: 65535 | J238: 1.71 | K238: 3.14 | L238: Limit warming to 2°C (>67%) with higher action post-2030 | M238: Gas price
A239: C3 | B239: R10EUROPE | C239: 2040 | D239: 112 | E239: 65535 | F239: 2.6 | H239: 1.06 | I239: 65535 | J239: 1.85 | K239: 3.74 | L239: Limit warming to 2°C (>67%) with higher action post-2030 | M239: Gas price
A240: C3 | B240: R10EUROPE | C240: 2045 | D240: 112 | E240: 65535 | F240: 2.85 | H240: 1.08 | I240: 65535 | J240: 2 | K240: 4.28 | L240: Limit warming to 2°C (>67%) with higher action post-2030 | M240: Gas price
A241: C3 | B241: R10EUROPE | C241: 2050 | D241: 112 | E241: 65535 | F241: 2.97 | H241: 0 | I241: 65535 | J241: 2.15 | K241: 4.51 | L241: Limit warming to 2°C (>67%) with higher action post-2030 | M241: Gas price
A242: C4 | B242: R10EUROPE | C242: 2020 | D242: 27 | E242: 1 | F242: 1 | G242: 0 | H242: 1 | I242: 1 | J242: 1 | K242: 1 | L242: Limit warming to 2°C (>50%) with immediate action | M242: Gas price
A243: C4 | B243: R10EUROPE | C243: 2025 | D243: 27 | E243: 1.33 | F243: 1.31 | G243: 0.18 | H243: 1.06 | I243: 1.66 | J243: 1.22 | K243: 1.45 | L243: Limit warming to 2°C (>50%) with immediate action | M243: Gas price
A244: C4 | B244: R10EUROPE | C244: 2030 | D244: 27 | E244: 1.84 | F244: 2.02 | G244: 0.28 | H244: 1.24 | I244: 2.17 | J244: 1.52 | K244: 2.07 | L244: Limit warming to 2°C (>50%) with immediate action | M244: Gas price
A245: C4 | B245: R10EUROPE | C245: 2035 | D245: 27 | E245: 1.84 | F245: 1.96 | G245: 0.41 | H245: 1.19 | I245: 2.46 | J245: 1.42 | K245: 2.11 | L245: Limit warming to 2°C (>50%) with immediate action | M245: Gas price
A246: C4 | B246: R10EUROPE | C246: 2040 | D246: 27 | E246: 2.12 | F246: 2.22 | G246: 0.47 | H246: 1.41 | I246: 2.78 | J246: 1.54 | K246: 2.43 | L246: Limit warming to 2°C (>50%) with immediate action | M246: Gas price
A247: C4 | B247: R10EUROPE | C247: 2045 | D247: 27 | E247: 2.31 | F247: 2.39 | G247: 0.62 | H247: 1.34 | I247: 3.22 | J247: 1.67 | K247: 2.74 | L247: Limit warming to 2°C (>50%) with immediate action | M247: Gas price
A248: C4 | B248: R10EUROPE | C248: 2050 | D248: 27 | E248: 2.48 | F248: 2.52 | G248: 0.71 | H248: 1.52 | I248: 3.64 | J248: 1.84 | K248: 3.04 | L248: Limit warming to 2°C (>50%) with immediate action | M248: Gas price
A249: C7 | B249: R10EUROPE | C249: 2020 | D249: 42 | E249: 1 | F249: 1 | G249: 0 | H249: 1 | I249: 1 | J249: 1 | K249: 1 | L249: Likely above 3°C warming with limited mitigation | M249: Gas price
A250: C7 | B250: R10EUROPE | C250: 2025 | D250: 42 | E250: 1.09 | F250: 1.07 | G250: 0.13 | H250: 0.91 | I250: 1.5 | J250: 1.02 | K250: 1.15 | L250: Likely above 3°C warming with limited mitigation | M250: Gas price
A251: C7 | B251: R10EUROPE | C251: 2030 | D251: 42 | E251: 1.37 | F251: 1.24 | G251: 0.32 | H251: 1.01 | I251: 2.14 | J251: 1.15 | K251: 1.53 | L251: Likely above 3°C warming with limited mitigation | M251: Gas price
A252: C7 | B252: R10EUROPE | C252: 2035 | D252: 42 | E252: 1.19 | F252: 1.15 | G252: 0.17 | H252: 1.01 | I252: 1.69 | J252: 1.07 | K252: 1.22 | L252: Likely above 3°C warming with limited mitigation | M252: Gas price
A253: C7 | B253: R10EUROPE | C253: 2040 | D253: 42 | E253: 1.27 | F253: 1.25 | G253: 0.16 | H253: 1.04 | I253: 1.78 | J253: 1.16 | K253: 1.31 | L253: Likely above 3°C warming with limited mitigation | M253: Gas price
... A256: C1 | B256: R10EUROPE | C256: 2020 | D256: 49 | E256: 1 | F256: 1 | G256: 0 | H256: 1 | I256: 1 | J256: 1 | K256: 1 | L256: Limit warming to 1.5°C (>50%) with no or limited overshoot | M256: Oil price
A257: C1 | B257: R10EUROPE | C257: 2025 | D257: 50 | E257: 65535 | F257: 1.1 | H257: -4.33 | I257: 65535 | J257: 0.81 | K257: 1.5 | L257: Limit warming to 1.5°C (>50%) with no or limited overshoot | M257: Oil price
A258: C1 | B258: R10EUROPE | C258: 2030 | D258: 50 | E258: 65535 | F258: 1.77 | H258: -6.1 | I258: 65535 | J258: 1.27 | K258: 2.54 | L258: Limit warming to 1.5°C (>50%) with no or limited overshoot | M258: Oil price
A259: C1 | B259: R10EUROPE | C259: 2035 | D259: 50 | E259: 65535 | F259: 1.87 | H259: -6.86 | I259: 65535 | J259: 1.15 | K259: 2.77 | L259: Limit warming to 1.5°C (>50%) with no or limited overshoot | M259: Oil price
A260: C1 | B260: R10EUROPE | C260: 2040 | D260: 50 | E260: 65535 | F260: 1.96 | H260: -9.21 | I260: 65535 | J260: 1.31 | K260: 3.39 | L260: Limit warming to 1.5°C (>50%) with no or limited overshoot | M260: Oil price
A261: C1 | B261: R10EUROPE | C261: 2045 | D261: 50 | E261: 65535 | F261: 2.13 | H261: -6.95 | I261: 65535 | J261: 1.6 | K261: 3.41 | L261: Limit warming to 1.5°C (>50%) with no or limited overshoot | M261: Oil price
A262: C1 | B262: R10EUROPE | C262: 2050 | D262: 50 | E262: 65535 | F262: 2 | H262: -10.07 | I262: 65535 | J262: 1.55 | K262: 4.63 | L262: Limit warming to 1.5°C (>50%) with no or limited overshoot | M262: Oil price
A263: C2 | B263: R10EUROPE | C263: 2020 | D263: 62 | E263: 1 | F263: 1 | G263: 0 | H263: 1 | I263: 1 | J263: 1 | K263: 1 | L263: Limit warming to 1.5°C (>67%) with high overshoot | M263: Oil price
A264: C2 | B264: R10EUROPE | C264: 2025 | D264: 52 | E264: 65535 | F264: 0.61 | H264: 0 | I264: 65535 | J264: 0.53 | K264: 0.89 | L264: Limit warming to 1.5°C (>67%) with high overshoot | M264: Oil price
A265: C2 | B265: R10EUROPE | C265: 2030 | D265: 63 | E265: 65535 | F265: 1.07 | H265: 0 | I265: 65535 | J265: 0.6 | K265: 1.55 | L265: Limit warming to 1.5°C (>67%) with high overshoot | M265: Oil price
A266: C2 | B266: R10EUROPE | C266: 2035 | D266: 52 | E266: 65535 | F266: 1.09 | H266: 0 | I266: 65535 | J266: 0.6 | K266: 1.76 | L266: Limit warming to 1.5°C (>67%) with high overshoot | M266: Oil price
A267: C2 | B267: R10EUROPE | C267: 2040 | D267: 63 | E267: 65535 | F267: 1.25 | H267: 0 | I267: 65535 | J267: 0.87 | K267: 1.91 | L267: Limit warming to 1.5°C (>67%) with high overshoot | M267: Oil price
A268: C2 | B268: R10EUROPE | C268: 2045 | D268: 52 | E268: 65535 | F268: 1.35 | H268: 0 | I268: 65535 | J268: 0.78 | K268: 1.89 | L268: Limit warming to 1.5°C (>67%) with high overshoot | M268: Oil price
A269: C2 | B269: R10EUROPE | C269: 2050 | D269: 63 | E269: 65535 | F269: 1.62 | H269: -2.31 | I269: 65535 | J269: 0.61 | K269: 2.16 | L269: Limit warming to 1.5°C (>67%) with high overshoot | M269: Oil price
A270: C3 | B270: R10EUROPE | C270: 2020 | D270: 157 | E270: 1 | F270: 1 | G270: 0 | H270: 1 | I270: 1 | J270: 1 | K270: 1 | L270: Limit warming to 2°C (>67%) with higher action post-2030 | M270: Oil price
A271: C3 | B271: R10EUROPE | C271: 2025 | D271: 163 | E271: 65535 | F271: 0.75 | H271: 0.46 | I271: 65535 | J271: 0.54 | K271: 1.24 | L271: Limit warming to 2°C (>67%) with higher action post-2030 | M271: Oil price
A272: C3 | B272: R10EUROPE | C272: 2030 | D272: 166 | E272: 65535 | F272: 1.15 | H272: 0.51 | I272: 65535 | J272: 0.74 | K272: 1.65 | L272: Limit warming to 2°C (>67%) with higher action post-2030 | M272: Oil price
A273: C3 | B273: R10EUROPE | C273: 2035 | D273: 163 | E273: 65535 | F273: 1.21 | H273: -0.95 | I273: 65535 | J273: 0.88 | K273: 2.11 | L273: Limit warming to 2°C (>67%) with higher action post-2030 | M273: Oil price
A274: C3 | B274: R10EUROPE | C274: 2040 | D274: 166 | E274: 65535 | F274: 1.28 | H274: -1.8 | I274: 65535 | J274: 0.89 | K274: 2.43 | L274: Limit warming to 2°C (>67%) with higher action post-2030 | M274: Oil price
A275: C3 | B275: R10EUROPE | C275: 2045 | D275: 163 | E275: 65535 | F275: 1.48 | H275: -5.93 | I275: 65535 | J275: 1.08 | K275: 2.75 | L275: Limit warming to 2°C (>67%) with higher action post-2030 | M275: Oil price
A276: C3 | B276: R10EUROPE | C276: 2050 | D276: 166 | E276: 65535 | F276: 1.59 | H276: -5.35 | I276: 65535 | J276: 0.97 | K276: 2.91 | L276: Limit warming to 2°C (>67%) with higher action post-2030 | M276: Oil price
A277: C4 | B277: R10EUROPE | C277: 2020 | D277: 52 | E277: 1 | F277: 1 | G277: 0 | H277: 1 | I277: 1 | J277: 1 | K277: 1 | L277: Limit warming to 2°C (>50%) with immediate action | M277: Oil price
A278: C4 | B278: R10EUROPE | C278: 2025 | D278: 52 | E278: 0.89 | F278: 0.6 | G278: 0.38 | H278: 0.45 | I278: 1.39 | J278: 0.53 | K278: 1.25 | L278: Limit warming to 2°C (>50%) with immediate action | M278: Oil price
A279: C4 | B279: R10EUROPE | C279: 2030 | D279: 52 | E279: 1.06 | F279: 0.63 | G279: 0.52 | H279: 0.5 | I279: 1.81 | J279: 0.59 | K279: 1.65 | L279: Limit warming to 2°C (>50%) with immediate action | M279: Oil price
A280: C4 | B280: R10EUROPE | C280: 2035 | D280: 52 | E280: 1.09 | F280: 0.69 | G280: 0.56 | H280: 0.53 | I280: 2.74 | J280: 0.62 | K280: 1.55 | L280: Limit warming to 2°C (>50%) with immediate action | M280: Oil price
A281: C4 | B281: R10EUROPE | C281: 2040 | D281: 52 | E281: 1.2 | F281: 0.79 | G281: 0.67 | H281: 0.59 | I281: 3.56 | J281: 0.63 | K281: 1.75 | L281: Limit warming to 2°C (>50%) with immediate action | M281: Oil price
A282: C4 | B282: R10EUROPE | C282: 2045 | D282: 52 | E282: 1.32 | F282: 0.84 | G282: 0.77 | H282: 0.6 | I282: 4.16 | J282: 0.7 | K282: 1.9 | L282: Limit warming to 2°C (>50%) with immediate action | M282: Oil price
A283: C4 | B283: R10EUROPE | C283: 2050 | D283: 52 | E283: 1.4 | F283: 0.94 | G283: 0.85 | H283: 0.61 | I283: 4.67 | J283: 0.71 | K283: 2.06 | L283: Limit warming to 2°C (>50%) with immediate action | M283: Oil price
A284: C7 | B284: R10EUROPE | C284: 2020 | D284: 43 | E284: 1 | F284: 1 | G284: 0 | H284: 1 | I284: 1 | J284: 1 | K284: 1 | L284: Likely above 3°C warming with limited mitigation | M284: Oil price
A285: C7 | B285: R10EUROPE | C285: 2025 | D285: 43 | E285: 0.93 | F285: 1.01 | G285: 0.45 | H285: 0.38 | I285: 2.73 | J285: 0.62 | K285: 1.09 | L285: Likely above 3°C warming with limited mitigation | M285: Oil price
A286: C7 | B286: R10EUROPE | C286: 2030 | D286: 43 | E286: 1.15 | F286: 1.11 | G286: 0.46 | H286: 0.58 | I286: 3.14 | J286: 0.99 | K286: 1.17 | L286: Likely above 3°C warming with limited mitigation | M286: Oil price
A287: C7 | B287: R10EUROPE | C287: 2035 | D287: 43 | E287: 1.07 | F287: 1.01 | G287: 0.42 | H287: 0.63 | I287: 2.83 | J287: 0.78 | K287: 1.2 | L287: Likely above 3°C warming with limited mitigation | M287: Oil price
A288: C7 | B288: R10EUROPE | C288: 2040 | D288: 43 | E288: 1.09 | F288: 1.01 | G288: 0.46 | H288: 0.67 | I288: 3.23 | J288: 0.82 | K288: 1.23 | L288: Likely above 3°C warming with limited mitigation | M288: Oil price
... A360: C7 | B360: R10EUROPE | C360: 2050 | D360: 10 | E360: 1 | F360: 1 | G360: 0.07 | H360: 0.85 | I360: 1.09 | J360: 0.97 | K360: 1.06 | L360: Likely above 3°C warming with limited mitigation | M360: Biomass price

Sheet ev_charging_uc
A10: =IFERROR(Veda!D5,"ts_12t") -> ts_annual | C10: day_night | D10: s1p1v1_d | F10: day_night | G10: s5p5v5_d | I10: day_night | J10: s2_w_p2_d | L10: day_night | M10: ts_064 | O10: day_night | P10: ts_096P50 | R10: day_night | S10: ts_096P10 | U10: day_night | V10: ts_096P90 | X10: day_night | Y10: ts_annual | AA10: day_night | AB10: ts_12t
C11: D | D11: S02b0202h08,S03aH03,S09aH05,S12aH07,S02b0202h11,S04aH05,S12d1209h07,S04aH06,S05aH04,S06aH02,S06aH03,S10aH04,S12aH06,S12d1209h10,S02b0202h10,S04aH02,S08aH07,S09aH02,S09aH03,S11aH03,S11aH04,S12d1209h13,S12d1209h18,S01aH03,S02b0202h14,S05aH02,S05aH03,S05aH06,S01aH05,S02b0202h17,S03aH06,S03aH07,S06aH05,S08c0807h15,S10aH02,S10aH06,S11aH06,S12aH04,S12aH05,S01aH02,S04aH04,S02aH04,S02aH05,S06aH07,S07aH07,S08c0807h18,S10aH03,S10aH05,S02b0202h16,S03aH02,S07aH05,S08c0807h11,S08c0807h17,S12d1209h14,S04aH03,S07aH04,S08aH03,S08c0807h07,S08c0807h13,S09aH04,S11aH07,S12aH02,S12d1209h08,S12d1209h12,S12d1209h15,S02aH06,S02b0202h15,S03aH05,S04aH07,S05aH05,S06aH04,S08aH04,S11aH02,S01aH06,S02aH03,S05aH07,S07aH03,S08aH06,S10aH07,S12d1209h09,S01aH04,S01aH07,S02aH07,S02b0202h07,S02b0202h12,S07aH02,S07aH06,S08c0807h12,S12d1209h16,S02b0202h13,S02b0202h18,S03aH04,S08aH05,S09aH07,S11aH05,S12aH03,S02aH02,S02b0202h09,S06aH06,S08c0807h08,S08c0807h10,S08c0807h14,S12d1209h11,S12d1209h17,S08aH02,S08c0807h09,S08c0807h16,S09aH06 | F11: D | G11: S02aH02,S02b0202h09,S02c0225h07,S02c0225h14,S02c0225h16,S03d0315h12,S03f0321h15,S03g0331h18,S06aH06,S06i0620h08,S06i0620h18,S11m1129h13,S12o1209h12,S12o1209h13,S12o1209h14,S12p1223h11,S02b0202h16,S02c0225h08,S03aH02,S03d0315h11,S03e0318h10,S03e0318h14,S03e0318h17,S03f0321h13,S03f0321h16,S03f0321h18,S03g0331h07,S03g0331h13,S07aH05,S07j0726h07,S08k0807h14,S10l1015h18,S11m1129h07,S11m1129h10,S12n1208h15,S12p1223h10,S02b0202h11,S02c0225h09,S03e0318h12,S03f0321h10,S03g0331h16,S04aH05,S06i0620h07,S10l1015h11,S11m1129h17,S12n1208h08,S12n1208h09,S12n1208h13,S12o1209h17,S12p1223h13,S02aH06,S02b0202h15,S02c0225h13,S03aH05,S04aH07,S05aH05,S05h0509h12,S06aH04,S06i0620h09,S06i0620h13,S08aH04,S10l1015h09,S10l1015h13,S11aH02,S11m1129h11,S12p1223h08,S03d0315h07,S03d0315h13,S03e0318h07,S03e0318h18,S04aH03,S06i0620h11,S07aH04,S07j0726h12,S08aH03,S08k0807h08,S08k0807h09,S09aH04,S10l1015h08,S10l1015h10,S10l1015h14,S11aH07,S11m1129h12,S12aH02,S12o1209h15,S12o1209h16,S12p1223h15,S02b0202h10,S02c0225h15,S03d0315h10,S03e0318h08,S03f0321h09,S03g0331h12,S04aH02,S07j0726h17,S08aH07,S09aH02,S09aH03,S11aH03,S11aH04,S12p1223h14,S12p1223h16,S01aH05,S02b0202h17,S03aH06,S03aH07,S05h0509h11,S06aH05,S06i0620h10,S06i0620h16,S08k0807h13,S08k0807h18,S10aH02,S10aH06,S10l1015h12,S11aH06,S11m1129h18,S12aH04,S12aH05,S12o1209h11,S12p1223h12,S02aH04,S02aH05,S02c0225h11,S03d0315h16,S03e0318h09,S03e0318h15,S03g0331h08,S03g0331h14,S05h0509h13,S05h0509h15,S06aH07,S06i0620h14,S07aH07,S07j0726h09,S10aH03,S10aH05,S11m1129h08,S12n1208h12,S12p1223h17,S01aH06,S02aH03,S02c0225h10,S02c0225h17,S02c0225h18,S03d0315h14,S03e0318h11,S03f0321h07,S03f0321h08,S05aH07,S05h0509h18,S07aH03,S07j0726h16,S08aH06,S08k0807h17,S10aH07,S11m1129h09,S11m1129h14,S12n1208h11,S03f0321h14,S04aH06,S05aH04,S05h0509h16,S06aH02,S06aH03,S06i0620h17,S07j0726h11,S10aH04,S10l1015h16,S12aH06,S12n1208h14,S01aH04,S01aH07,S02aH07,S02b0202h07,S02b0202h12,S03d0315h15,S03e0318h16,S05h0509h09,S07aH02,S07aH06,S10l1015h07,S10l1015h15,S03e0318h13,S06i0620h12,S07j0726h10,S07j0726h13,S07j0726h15,S08aH02,S09aH06,S12n1208h17,S12n1208h18,S12o1209h08,S12p1223h18,S01aH03,S02b0202h14,S03d0315h08,S03g0331h15,S03g0331h17,S05aH02,S05aH03,S05aH06,S05h0509h07,S05h0509h14,S05h0509h17,S08k0807h07,S08k0807h10,S08k0807h15,S10l1015h17,S11m1129h16,S12n1208h16,S12p1223h07,S01aH02,S02c0225h12,S04aH04,S05h0509h08,S06i0620h15,S08k0807h12,S11m1129h15,S12n1208h10,S02b0202h13,S02b0202h18,S03aH04,S03d0315h09,S03d0315h18,S03f0321h11,S03f0321h12,S03f0321h17,S03g0331h11,S07j0726h08,S07j0726h14,S07j0726h18,S08aH05,S09aH07,S11aH05,S12aH03,S12o1209h07,S12o1209h18,S12p1223h09,S02b0202h08,S03aH03,S03d0315h17,S03g0331h09,S03g0331h10,S05h0509h10,S08k0807h11,S08k0807h16,S09aH05,S12aH07,S12n1208h07,S12o1209h09,S12o1209h10 | I11: D | J11: S02aH06,S02b0202h15,S03aH05,S04aH07,S05aH05,S06aH04,S08aH04,S10d1025h18,S10d1026h07,S10d1027h13,S10d1028h10,S11aH02,S12e1219h11,S12e1219h17,S12e1222h12,S02b0202h10,S04aH02,S08aH07,S09aH02,S09aH03,S10d1022h17,S10d1023h12,S10d1024h08,S10d1025h09,S10d1026h13,S11aH03,S11aH04,S12e1218h08,S12e1219h09,S12e1219h15,S12e1221h12,S12e1221h18,S12e1222h11,S12e1223h11,S12e1223h18,S02b0202h16,S03aH02,S03c0331h07,S03c0331h08,S03c0331h09,S03c0331h15,S07aH05,S10d1022h07,S10d1023h07,S10d1023h13,S10d1023h16,S10d1026h15,S10d1028h15,S12e1217h11,S12e1218h18,S12e1219h12,S12e1222h13,S12e1223h13,S04aH03,S07aH04,S08aH03,S09aH04,S10d1022h12,S10d1025h17,S11aH07,S12aH02,S12e1217h09,S12e1217h13,S12e1219h07,S12e1220h15,S12e1220h17,S12e1221h08,S12e1223h16,S01aH02,S03c0331h14,S04aH04,S10d1022h11,S10d1023h11,S10d1026h09,S12e1220h08,S12e1220h16,S12e1221h10,S01aH05,S02b0202h17,S03aH06,S03aH07,S03c0331h12,S06aH05,S10aH02,S10aH06,S10d1022h14,S10d1023h14,S10d1023h15,S10d1023h18,S10d1026h12,S10d1028h14,S11aH06,S12aH04,S12aH05,S12e1217h10,S12e1218h16,S12e1220h14,S12e1221h16,S12e1222h08,S12e1222h15,S03c0331h13,S03c0331h16,S08aH02,S09aH06,S10d1022h09,S12e1219h16,S12e1221h13,S12e1221h17,S12e1222h17,S01aH03,S02b0202h14,S03c0331h11,S05aH02,S05aH03,S05aH06,S10d1022h18,S10d1023h08,S10d1024h13,S10d1025h13,S10d1027h18,S12e1217h16,S12e1219h10,S12e1219h18,S12e1220h12,S12e1220h13,S12e1220h18,S12e1221h15,S12e1222h07,S02b0202h13,S02b0202h18,S03aH04,S03c0331h10,S08aH05,S09aH07,S10d1024h16,S10d1025h14,S10d1027h11,S10d1028h12,S10d1028h17,S11aH05,S12aH03,S12e1217h18,S12e1218h09,S12e1218h11,S12e1220h07,S12e1221h07,S12e1222h09,S12e1222h18,S01aH06,S02aH03,S05aH07,S07aH03,S08aH06,S10aH07,S10d1022h10,S10d1022h13,S10d1023h09,S10d1024h07,S10d1024h15,S10d1025h12,S10d1026h11,S10d1026h18,S10d1027h12,S10d1028h07,S12e1217h08,S12e1218h15,S12e1221h09,S12e1222h10,S12e1223h10,S02b0202h08,S03aH03,S09aH05,S10d1024h17,S10d1025h10,S10d1026h16,S10d1027h16,S10d1028h09,S10d1028h16,S12aH07,S12e1217h07,S12e1218h07,S12e1219h08,S12e1219h13,S12e1219h14,S12e1223h07,S01aH04,S01aH07,S02aH07,S02b0202h07,S02b0202h12,S03c0331h18,S07aH02,S07aH06,S10d1024h11,S10d1025h07,S10d1026h17,S10d1027h08,S12e1217h14,S12e1218h12,S12e1218h13,S02b0202h11,S03c0331h17,S04aH05,S10d1022h08,S10d1022h16,S10d1024h10,S10d1026h10,S10d1027h17,S12e1217h15,S12e1218h17,S12e1220h09,S12e1220h11,S12e1222h14,S12e1222h16,S12e1223h08,S12e1223h12,S12e1223h14,S12e1223h15,S02aH02,S02b0202h09,S06aH06,S10d1023h17,S10d1024h14,S10d1024h18,S10d1025h11,S10d1025h16,S10d1027h07,S10d1028h08,S10d1028h13,S12e1220h10,S04aH06,S05aH04,S06aH02,S06aH03,S10aH04,S10d1023h10,S10d1024h12,S10d1025h15,S10d1027h09,S10d1027h14,S10d1028h11,S10d1028h18,S12aH06,S12e1217h12,S12e1217h17,S12e1218h10,S12e1218h14,S12e1221h11,S02aH04,S02aH05,S06aH07,S07aH07,S10aH03,S10aH05,S10d1022h15,S10d1024h09,S10d1025h08,S10d1026h08,S10d1026h14,S10d1027h10,S10d1027h15,S12e1221h14,S12e1223h09,S12e1223h17 | L11: D | M11: S01aH04,S01aH07,S02aH07,S07aH02,S07aH06,S04aH02,S02aH02,S06aH06,S01aH05,S03aH06,S03aH07,S06aH05,S03aH04,S01aH06,S02aH03,S05aH07,S07aH03,S01aH02,S04aH04,S02aH04,S02aH05,S06aH07,S07aH07,S04aH06,S05aH04,S06aH02,S06aH03,S04aH03,S07aH04,S04aH05,S01aH03,S05aH02,S05aH03,S05aH06,S03aH02,S07aH05,S02aH06,S03aH05,S04aH07,S05aH05,S06aH04,S03aH03 | O11: D | P11: S02aH06,S03aH05,S04aH07,S05aH05,S06aH04,S08aH04,S11aH02,S04aH03,S07aH04,S08aH03,S09aH04,S11aH07,S12aH02,S01aH02,S04aH04,S02aH02,S06aH06,S04aH06,S05aH04,S06aH02,S06aH03,S10aH04,S12aH06,S03aH04,S08aH05,S09aH07,S11aH05,S12aH03,S01aH06,S02aH03,S05aH07,S07aH03,S08aH06,S10aH07,S01aH04,S01aH07,S02aH07,S07aH02,S07aH06,S03aH03,S09aH05,S12aH07,S03aH02,S07aH05,S01aH05,S03aH06,S03aH07,S06aH05,S10aH02,S10aH06,S11aH06,S12aH04,S12aH05,S01aH03,S05aH02,S05aH03,S05aH06,S08aH02,S09aH06,S04aH05,S02aH04,S02aH05,S06aH07,S07aH07,S10aH03,S10aH05,S04aH02,S08aH07,S09aH02,S09aH03,S11aH03,S11aH04 | R11: D | S11: S01aH04,S01aH07,S02aH07,S07aH02,S07aH06,S03aH02,S07aH05,S04aH05,S04aH03,S07aH04,S08aH03,S09aH04,S11aH07,S12aH02,S02aH06,S03aH05,S04aH07,S05aH05,S06aH04,S08aH04,S11aH02,S01aH03,S05aH02,S05aH03,S05aH06,S04aH02,S08aH07,S09aH02,S09aH03,S11aH03,S11aH04,S01aH05,S03aH06,S03aH07,S06aH05,S10aH02,S10aH06,S11aH06,S12aH04,S12aH05,S02aH02,S06aH06,S08aH02,S09aH06,S02aH04,S02aH05,S06aH07,S07aH07,S10aH03,S10aH05,S04aH06,S05aH04,S06aH02,S06aH03,S10aH04,S12aH06,S01aH06,S02aH03,S05aH07,S07aH03,S08aH06,S10aH07,S03aH04,S08aH05,S09aH07,S11aH05,S12aH03,S03aH03,S09aH05,S12aH07,S01aH02,S04aH04 | U11: D | V11: S02aH04,S02aH05,S06aH07,S07aH07,S10aH03,S10aH05,S03aH02,S07aH05,S02aH06,S03aH05,S04aH07,S05aH05,S06aH04,S08aH04,S11aH02,S01aH05,S03aH06,S03aH07,S06aH05,S10aH02,S10aH06,S11aH06,S12aH04,S12aH05,S03aH03,S09aH05,S12aH07,S04aH02,S08aH07,S09aH02,S09aH03,S11aH03,S11aH04,S04aH03,S07aH04,S08aH03,S09aH04,S11aH07,S12aH02,S04aH05,S01aH04,S01aH07,S02aH07,S07aH02,S07aH06,S04aH06,S05aH04,S06aH02,S06aH03,S10aH04,S12aH06,S03aH04,S08aH05,S09aH07,S11aH05,S12aH03,S01aH06,S02aH03,S05aH07,S07aH03,S08aH06,S10aH07,S08aH02,S09aH06,S01aH03,S05aH02,S05aH03,S05aH06,S01aH02,S04aH04,S02aH02,S06aH06 | X11: D | Y11: AllSaAllH | AA11: D | AB11: WaD,RaD,FaD,SaD,FaP,SaP,WaP,RaP
C12: N | D12: S08c0807h02,S08c0807h04,S11aH08,S02b0202h19,S05aH08,S10aH08,S12d1209h22,S02b0202h20,S07aH01,S02b0202h23,S02b0202h24,S08c0807h01,S12d1209h23,S09aH01,S12d1209h02,S12d1209h06,S12d1209h01,S01aH08,S02aH08,S02b0202h01,S02b0202h03,S08c0807h24,S03aH08,S06aH08,S08c0807h20,S08c0807h23,S12aH01,S08c0807h22,S12d1209h03,S02aH01,S02b0202h02,S02b0202h06,S08c0807h06,S12d1209h19,S12d1209h21,S12d1209h24,S07aH08,S08aH08,S01aH01,S02b0202h21,S04aH01,S08c0807h03,S08c0807h05,S09aH08,S11aH01,S12d1209h20,S02b0202h04,S02b0202h05,S08aH01,S10aH01,S12d1209h04,S05aH01,S08c0807h21,S03aH01,S08c0807h19,S02b0202h22,S04aH08,S06aH01,S12aH08,S12d1209h05 | F12: N | G12: S02c0225h05,S03aH01,S03e0318h20,S03g0331h24,S05h0509h02,S07j0726h05,S08k0807h23,S11m1129h03,S11m1129h24,S12n1208h22,S12o1209h01,S02c0225h04,S03d0315h04,S03g0331h02,S03g0331h22,S06i0620h19,S10l1015h06,S12n1208h19,S12o1209h20,S12p1223h21,S12p1223h24,S02b0202h19,S03d0315h06,S03g0331h06,S05aH08,S05h0509h06,S05h0509h23,S07j0726h02,S08k0807h06,S08k0807h21,S10aH08,S12o1209h03,S03f0321h21,S07aH08,S07j0726h01,S07j0726h23,S08aH08,S08k0807h05,S10l1015h23,S11m1129h06,S12n1208h21,S12o1209h04,S12o1209h21,S02aH01,S02b0202h02,S02b0202h06,S02c0225h21,S03d0315h20,S03e0318h02,S03e0318h24,S03f0321h01,S03f0321h05,S03f0321h23,S03f0321h24,S03g0331h19,S05h0509h05,S05h0509h24,S10l1015h01,S11m1129h04,S12n1208h04,S12n1208h05,S12o1209h02,S02b0202h23,S02b0202h24,S03e0318h21,S06i0620h02,S06i0620h05,S06i0620h21,S06i0620h22,S08k0807h02,S02c0225h03,S02c0225h19,S02c0225h24,S03g0331h05,S10l1015h05,S12o1209h05,S12p1223h03,S03aH08,S03d0315h02,S03d0315h03,S03d0315h05,S03e0318h01,S03g0331h01,S03g0331h03,S03g0331h21,S06aH08,S07j0726h03,S12aH01,S12n1208h23,S12n1208h24,S01aH01,S02b0202h21,S03e0318h04,S03e0318h22,S04aH01,S05h0509h03,S06i0620h20,S09aH08,S11aH01,S11m1129h21,S12p1223h01,S12p1223h22,S12p1223h23,S02b0202h20,S02c0225h06,S02c0225h22,S03f0321h19,S03g0331h04,S05h0509h04,S05h0509h19,S06i0620h03,S07aH01,S07j0726h20,S10l1015h04,S12n1208h02,S12p1223h04,S02b0202h04,S02b0202h05,S03d0315h01,S03f0321h22,S06i0620h06,S07j0726h04,S07j0726h19,S08aH01,S10aH01,S10l1015h24,S12n1208h03,S12n1208h06,S12o1209h23,S02b0202h22,S03g0331h23,S04aH08,S06aH01,S07j0726h24,S08k0807h22,S08k0807h24,S11m1129h22,S12aH08,S12n1208h01,S12o1209h24,S03d0315h23,S03d0315h24,S03e0318h19,S03f0321h02,S03f0321h04,S05h0509h01,S06i0620h01,S07j0726h06,S07j0726h21,S08k0807h01,S08k0807h19,S08k0807h20,S09aH01,S11m1129h05,S11m1129h19,S12o1209h19,S12o1209h22,S01aH08,S02aH08,S02b0202h01,S02b0202h03,S02c0225h01,S02c0225h02,S02c0225h23,S03d0315h19,S03d0315h22,S03e0318h06,S03f0321h06,S05h0509h21,S10l1015h02,S10l1015h03,S10l1015h20,S10l1015h22,S11m1129h01,S11m1129h20,S02c0225h20,S03e0318h03,S03e0318h05,S03e0318h23,S03f0321h03,S05aH01,S05h0509h20,S06i0620h24,S10l1015h21,S12p1223h06,S03d0315h21,S03f0321h20,S03g0331h20,S05h0509h22,S06i0620h04,S06i0620h23,S07j0726h22,S08k0807h03,S08k0807h04,S10l1015h19,S11aH08,S11m1129h02,S11m1129h23,S12n1208h20,S12o1209h06,S12p1223h02,S12p1223h05,S12p1223h19,S12p1223h20 | I12: N | J12: S03c0331h02,S07aH08,S08aH08,S10d1024h05,S10d1025h23,S10d1026h05,S10d1027h04,S10d1027h19,S12e1217h22,S12e1217h23,S12e1219h01,S12e1219h20,S12e1222h19,S12e1223h22,S02b0202h23,S02b0202h24,S03c0331h05,S10d1022h02,S10d1023h24,S10d1025h05,S10d1026h01,S10d1026h02,S10d1026h19,S10d1027h02,S10d1027h05,S12e1220h20,S12e1221h04,S03c0331h23,S10d1022h03,S10d1025h01,S10d1025h19,S10d1026h21,S10d1026h24,S10d1027h21,S12e1218h24,S12e1219h22,S12e1220h23,S12e1220h24,S12e1223h02,S12e1223h03,S02aH01,S02b0202h02,S02b0202h06,S03c0331h06,S10d1022h01,S10d1022h06,S10d1022h22,S10d1022h24,S10d1023h01,S10d1027h20,S10d1028h02,S10d1028h06,S12e1217h20,S12e1217h21,S12e1218h05,S12e1218h20,S12e1221h19,S12e1221h22,S12e1222h02,S12e1222h22,S12e1223h05,S01aH08,S02aH08,S02b0202h01,S02b0202h03,S10d1024h02,S10d1024h04,S10d1025h22,S10d1027h06,S10d1027h23,S12e1220h01,S12e1221h06,S10d1022h23,S10d1023h21,S10d1025h06,S10d1028h01,S10d1028h04,S10d1028h21,S12e1218h06,S12e1219h04,S12e1219h19,S12e1220h02,S12e1222h03,S12e1222h24,S02b0202h22,S03c0331h01,S04aH08,S06aH01,S10d1024h01,S10d1024h22,S10d1025h04,S10d1026h06,S10d1026h20,S10d1027h01,S10d1028h03,S12aH08,S12e1219h21,S12e1222h01,S12e1223h01,S12e1223h24,S03c0331h20,S03c0331h22,S09aH01,S10d1023h04,S10d1023h05,S10d1023h19,S10d1026h04,S10d1028h20,S12e1217h05,S12e1218h01,S12e1219h06,S12e1221h02,S12e1221h03,S12e1221h23,S12e1222h04,S12e1222h21,S12e1223h04,S03c0331h04,S03c0331h21,S05aH01,S10d1022h05,S10d1023h20,S10d1026h23,S12e1218h19,S12e1219h02,S12e1219h23,S12e1220h19,S12e1221h24,S12e1222h06,S01aH01,S02b0202h21,S03c0331h24,S04aH01,S09aH08,S10d1022h20,S10d1023h03,S10d1023h06,S10d1024h23,S10d1024h24,S10d1025h20,S10d1025h21,S10d1025h24,S11aH01,S12e1217h06,S12e1217h19,S12e1218h02,S12e1218h03,S12e1220h05,S12e1221h05,S12e1222h23,S10d1023h02,S10d1024h06,S10d1027h22,S10d1028h19,S11aH08,S12e1217h02,S12e1218h21,S12e1218h23,S12e1223h06,S12e1223h21,S02b0202h04,S02b0202h05,S03c0331h03,S08aH01,S10aH01,S10d1022h04,S10d1022h19,S10d1023h22,S10d1026h03,S10d1027h03,S10d1027h24,S10d1028h05,S12e1217h24,S12e1218h22,S12e1220h21,S12e1220h22,S12e1223h19,S02b0202h19,S05aH08,S10aH08,S10d1024h20,S10d1028h22,S12e1217h03,S12e1218h04,S12e1220h04,S03aH01,S10d1022h21,S10d1028h23,S12e1217h01,S12e1219h03,S12e1219h05,S12e1221h21,S02b0202h20,S03c0331h19,S07aH01,S10d1024h19,S10d1024h21,S10d1025h02,S10d1026h22,S10d1028h24,S12e1217h04,S12e1220h03,S12e1220h06,S12e1221h01,S12e1221h20,S12e1222h05,S12e1223h20,S12e1223h23,S03aH08,S06aH08,S10d1023h23,S10d1024h03,S10d1025h03,S12aH01,S12e1219h24,S12e1222h20 | L12: N | M12: S03aH01,S05aH01,S01aH01,S04aH01,S01aH08,S02aH08,S03aH08,S06aH08,S07aH01,S02aH01,S05aH08,S07aH08,S04aH08,S06aH01 | O12: N | P12: S07aH08,S08aH08,S02aH01,S01aH08,S02aH08,S03aH01,S07aH01,S05aH01,S01aH01,S04aH01,S09aH08,S11aH01,S08aH01,S10aH01,S11aH08,S09aH01,S04aH08,S06aH01,S12aH08,S05aH08,S10aH08,S03aH08,S06aH08,S12aH01 | R12: N | S12: S08aH01,S10aH01,S05aH08,S10aH08,S02aH01,S07aH08,S08aH08,S09aH01,S03aH01,S04aH08,S06aH01,S12aH08,S03aH08,S06aH08,S12aH01,S07aH01,S01aH01,S04aH01,S09aH08,S11aH01,S05aH01,S11aH08,S01aH08,S02aH08 | U12: N | V12: S03aH08,S06aH08,S12aH01,S07aH08,S08aH08,S11aH08,S02aH01,S05aH08,S10aH08,S08aH01,S10aH01,S07aH01,S05aH01,S01aH01,S04aH01,S09aH08,S11aH01,S04aH08,S06aH01,S12aH08,S09aH01,S01aH08,S02aH08,S03aH01 | X12: N | Y12: AllSaAllH | AA12: N | AB12: SaN,WaN,FaN,RaP,FaP,SaP,WaP,RaN
I17: 0.75 | K17: share of charging at night
C18: ~UC_Sets: R_E: AllRegions
H21: =IF(H23=H24,"Not Required!","~UC_T: LO") -> Not Required!
C22: UC_N | D22: Pset_CI | E22: Pset_CO | F22: pset_pn | G22: Cset_CN | H22: TimeSlice | I22: UC_FLO | J22: UC_RHSRT | K22: UC_RHSRT~0
C23: UC_bev night chg limit | D23: ELC | E23: =G23 -> AuxStoIN | F23: *EV* | G23: AuxStoIN | H23: =HLOOKUP($A$10,$D$10:$CU$12,3,FALSE) -> AllSaAllH | I23: =1+I24 -> 0.25 | J23: 0 | K23: 3 | M23: night
D24: ELC | E24: =G24 -> AuxStoIN | F24: *EV* | G24: AuxStoIN | H24: =HLOOKUP($A$10,$D$10:$CU$12,2,FALSE) -> AllSaAllH | I24: =-$I$17 -> -0.75 | M24: day

Sheet s1p1v1_d
C9: =IF(A11="x","DeActivated","~TimeSlices") -> DeActivated | I9: =IF(A11="x","DeActivated","~TFM_DINS-AT") -> DeActivated | N9: =IF(A11="x","DeActivated","~TFM_DINS-AT") -> DeActivated | S9: =IF(A11="x","DeActivated","~TFM_DINS-AT") -> DeActivated | X9: =IF(A11="x","DeActivated","~TFM_DINS-AT") -> DeActivated | AC9: =IF(A11="x","DeActivated","~TFM_DINS-AT") -> DeActivated | AG9: =IF(A11="x","DeActivated","~TFM_DINS-AT") -> DeActivated | AK9: =IF(A11="x","DeActivated","~TFM_INS-AT") -> DeActivated
A10: s1p1v1_d | C10: season | D10: weekly | E10: daynite | F10: wparent | G10: dparent | I10: commodity | J10: timeslice | K10: com_fr | L10: process | N10: commodity | O10: timeslice | P10: com_fr | Q10: process | S10: commodity | T10: timeslice | U10: com_fr | V10: process | X10: g_yrfr | Y10: com_fr | Z10: timeslice | AA10: commodity | AC10: commodity | AD10: timeslice | AE10: com_fr | AG10: commodity | AH10: timeslice | AI10: com_pkflx | AK10: Year | AL10: timeslice | AM10: ncap_afs | AN10: pset_ci
A11: =IFERROR(IF(Veda!D5=A10,"ok","x"),"") -> x | C11: S01 | D11: a | E11: 0202h01 | F11: S01,S02,S03,S04,S05,S06,S07,S08,S09,S10,S11,S12 | G11: b | I11: elc_spv_001 | J11: S01aH01 | K11: 0 | L11: IMPNRGZ | N11: elc_won_001 | O11: S01aH01 | P11: 0.026254969 | Q11: IMPNRGZ | S11: elc_wof_001 | T11: S01aH01 | U11: 0.030999277 | V11: IMPNRGZ | X11: 0.024771689 | Y11: 0.0097827943 | Z11: S01aH01 | AA11: elc_roadtransport | AC11: elc_buildings | AD11: S01aH01 | AE11: 0.021406128 | AG11: ELC | AH11: S01aH01 | AI11: 0.29051279 | AK11: 2020 | AL11: S01 | AM11: 0.2265233 | AN11: hydro
C12: S02 | D12: b | E12: 0202h02 | F12: S02 | G12: b | I12: elc_spv_001 | J12: S01aH02 | K12: 0 | L12: IMPNRGZ | N12: elc_won_001 | O12: S01aH02 | P12: 0.0036180271 | Q12: IMPNRGZ | S12: elc_wof_001 | T12: S01aH02 | U12: 0.0042247837 | V12: IMPNRGZ | X12: 0.0035388128 | Y12: 0.0059087255 | Z12: S01aH02 | AA12: elc_roadtransport | AC12: elc_buildings | AD12: S01aH02 | AE12: 0.0042466859 | AG12: ELC | AH12: S01aH02 | AI12: 0.043835338 | AK12: 2020 | AL12: S02 | AM12: 0.18237548 | AN12: hydro
C13: S03 | D13: c | E13: 0202h03 | F13: S08 | G13: b | I13: elc_spv_001 | J13: S01aH03 | K13: 0.0027186497 | L13: IMPNRGZ | N13: elc_won_001 | O13: S01aH03 | P13: 0.0035272665 | Q13: IMPNRGZ | S13: elc_wof_001 | T13: S01aH03 | U13: 0.0043738353 | V13: IMPNRGZ | X13: 0.0035388128 | Y13: 0.0045214595 | Z13: S01aH03 | AA13: elc_roadtransport | AC13: elc_buildings | AD13: S01aH03 | AE13: 0.0044051999 | AG13: ELC | AH13: S01aH03 | AI13: 0.047390752 | AK13: 2020 | AL13: S03 | AM13: 0.18207885 | AN13: hydro
C14: S04 | D14: d | E14: 0202h04 | F14: S12 | G14: b | I14: elc_spv_001 | J14: S01aH04 | K14: 0.0050405901 | L14: IMPNRGZ | N14: elc_won_001 | O14: S01aH04 | P14: 0.0034559881 | Q14: IMPNRGZ | S14: elc_wof_001 | T14: S01aH04 | U14: 0.0044837047 | V14: IMPNRGZ | X14: 0.0035388128 | Y14: 0.0044803554 | Z14: S01aH04 | AA14: elc_roadtransport | AC14: elc_buildings | AD14: S01aH04 | AE14: 0.0044733956 | AG14: ELC | AH14: S01aH04 | AI14: 0.04500612 | AK14: 2020 | AL14: S04 | AM14: 0.24814815 | AN14: hydro
C15: S05 | E15: 0202h05 | G15: b | I15: elc_spv_001 | J15: S01aH05 | K15: 0.041974402 | L15: IMPNRGZ | N15: elc_won_001 | O15: S01aH05 | P15: 0.016552433 | Q15: IMPNRGZ | S15: elc_wof_001 | T15: S01aH05 | U15: 0.027340431 | V15: IMPNRGZ | X15: 0.021232877 | Y15: 0.027765872 | Z15: S01aH05 | AA15: elc_roadtransport | AC15: elc_buildings | AD15: S01aH05 | AE15: 0.026378195 | AG15: ELC | AH15: S01aH05 | AI15: 0.056535021 | AK15: 2020 | AL15: S05 | AM15: 0.35483871 | AN15: hydro
C16: S06 | E16: 0202h06 | G16: b | I16: elc_spv_001 | J16: S01aH06 | K16: 0.0035998388 | L16: IMPNRGZ | N16: elc_won_001 | O16: S01aH06 | P16: 0.0029731668 | Q16: IMPNRGZ | S16: elc_wof_001 | T16: S01aH06 | U16: 0.0044991124 | V16: IMPNRGZ | X16: 0.0035388128 | Y16: 0.0068849497 | Z16: S01aH06 | AA16: elc_roadtransport | AC16: elc_buildings | AD16: S01aH06 | AE16: 0.0045428868 | AG16: ELC | AH16: S01aH06 | AI16: 0.048485566 | AK16: 2020 | AL16: S06 | AM16: 0.38074074 | AN16: hydro
C17: S07 | E17: 0202h07 | G17: b | I17: elc_spv_001 | J17: S01aH07 | K17: 0 | L17: IMPNRGZ | N17: elc_won_001 | O17: S01aH07 | P17: 0.0031199516 | Q17: IMPNRGZ | S17: elc_wof_001 | T17: S01aH07 | U17: 0.0044215051 | V17: IMPNRGZ | X17: 0.0035388128 | Y17: 0.0068849497 | Z17: S01aH07 | AA17: elc_roadtransport | AC17: elc_buildings | AD17: S01aH07 | AE17: 0.0046130613 | AG17: ELC | AH17: S01aH07 | AI17: 0.044392857 | AK17: 2020 | AL17: S07 | AM17: 0.31541219 | AN17: hydro
C18: S08 | E18: 0202h08 | G18: b | I18: elc_spv_001 | J18: S01aH08 | K18: 0 | L18: IMPNRGZ | N18: elc_won_001 | O18: S01aH08 | P18: 0.022475735 | Q18: IMPNRGZ | S18: elc_wof_001 | T18: S01aH08 | U18: 0.027122878 | V18: IMPNRGZ | X18: 0.021232877 | Y18: 0.018702401 | Z18: S01aH08 | AA18: elc_roadtransport | AC18: elc_buildings | AD18: S01aH08 | AE18: 0.02408234 | AG18: ELC | AH18: S01aH08 | AI18: 0.17169254 | AK18: 2020 | AL18: S08 | AM18: 0.28172043 | AN18: hydro
C19: S09 | E19: 0202h09 | G19: b | I19: elc_spv_001 | J19: S02aH01 | K19: 0 | L19: IMPNRGZ | N19: elc_won_001 | O19: S02aH01 | P19: 0.030662171 | Q19: IMPNRGZ | S19: elc_wof_001 | T19: S02aH01 | U19: 0.026969863 | V19: IMPNRGZ | X19: 0.021575342 | Y19: 0.0085204982 | Z19: S02aH01 | AA19: elc_roadtransport | AC19: elc_buildings | AD19: S02aH01 | AE19: 0.019279749 | AG19: ELC | AH19: S02aH01 | AI19: 0.27606878 | AK19: 2020 | AL19: S09 | AM19: 0.26814815 | AN19: hydro
C20: S10 | E20: 0202h10 | G20: b | I20: elc_spv_001 | J20: S02aH02 | K20: 0.00063754206 | L20: IMPNRGZ | N20: elc_won_001 | O20: S02aH02 | P20: 0.0039701699 | Q20: IMPNRGZ | S20: elc_wof_001 | T20: S02aH02 | U20: 0.0035039165 | V20: IMPNRGZ | X20: 0.0030821918 | Y20: 0.0051463093 | Z20: S02aH02 | AA20: elc_roadtransport | AC20: elc_buildings | AD20: S02aH02 | AE20: 0.0037231056 | AG20: ELC | AH20: S02aH02 | AI20: 0.041805 | AK20: 2020 | AL20: S10 | AM20: 0.28387097 | AN20: hydro
C21: S11 | E21: 0202h11 | G21: b | I21: elc_spv_001 | J21: S02aH03 | K21: 0.0045098958 | L21: IMPNRGZ | N21: elc_won_001 | O21: S02aH03 | P21: 0.0038281094 | Q21: IMPNRGZ | S21: elc_wof_001 | T21: S02aH03 | U21: 0.0032995834 | V21: IMPNRGZ | X21: 0.0030821918 | Y21: 0.0039380454 | Z21: S02aH03 | AA21: elc_roadtransport | AC21: elc_buildings | AD21: S02aH03 | AE21: 0.0038687411 | AG21: ELC | AH21: S02aH03 | AI21: 0.04139704 | AK21: 2020 | AL21: S11 | AM21: 0.22666667 | AN21: hydro
C22: S12 | E22: 0202h12 | G22: b | I22: elc_spv_001 | J22: S02aH04 | K22: 0.0070170723 | L22: IMPNRGZ | N22: elc_won_001 | O22: S02aH04 | P22: 0.0033212782 | Q22: IMPNRGZ | S22: elc_wof_001 | T22: S02aH04 | U22: 0.0031972431 | V22: IMPNRGZ | X22: 0.0030821918 | Y22: 0.003902245 | Z22: S02aH04 | AA22: elc_roadtransport | AC22: elc_buildings | AD22: S02aH04 | AE22: 0.0039276066 | AG22: ELC | AH22: S02aH04 | AI22: 0.039243327 | AK22: 2020 | AL22: S12 | AM22: 0.23154122 | AN22: hydro
E23: 0202h13 | G23: b | I23: elc_spv_001 | J23: S02aH05 | K23: 0.047376693 | L23: IMPNRGZ | N23: elc_won_001 | O23: S02aH05 | P23: 0.018107647 | Q23: IMPNRGZ | S23: elc_wof_001 | T23: S02aH05 | U23: 0.019843625 | V23: IMPNRGZ | X23: 0.018493151 | Y23: 0.024183179 | Z23: S02aH05 | AA23: elc_roadtransport | AC23: elc_buildings | AD23: S02aH05 | AE23: 0.023140954 | AG23: ELC | AH23: S02aH05 | AI23: 0.059236362 | AK23: 2021 | AL23: S01 | AM23: 0.24366472 | AN23: hydro
E24: 0202h14 | G24: b | I24: elc_spv_001 | J24: S02aH06 | K24: 0.0054671533 | L24: IMPNRGZ | N24: elc_won_001 | O24: S02aH06 | P24: 0.0034686282 | Q24: IMPNRGZ | S24: elc_wof_001 | T24: S02aH06 | U24: 0.0038327945 | V24: IMPNRGZ | X24: 0.0030821918 | Y24: 0.0059965691 | Z24: S02aH06 | AA24: elc_roadtransport | AC24: elc_buildings | AD24: S02aH06 | AE24: 0.0039624835 | AG24: ELC | AH24: S02aH06 | AI24: 0.059386897 | AK24: 2021 | AL24: S02 | AM24: 0.24841143 | AN24: hydro
E25: 0202h15 | G25: b | I25: elc_spv_001 | J25: S02aH07 | K25: 0.0028447176 | L25: IMPNRGZ | N25: elc_won_001 | O25: S02aH07 | P25: 0.0035403844 | Q25: IMPNRGZ | S25: elc_wof_001 | T25: S02aH07 | U25: 0.0039029275 | V25: IMPNRGZ | X25: 0.0030821918 | Y25: 0.0059965691 | Z25: S02aH07 | AA25: elc_roadtransport | AC25: elc_buildings | AD25: S02aH07 | AE25: 0.0040535339 | AG25: ELC | AH25: S02aH07 | AI25: 0.039581327 | AK25: 2021 | AL25: S03 | AM25: 0.20436396 | AN25: hydro
E26: 0202h16 | G26: b | I26: elc_spv_001 | J26: S02aH08 | K26: 0 | L26: IMPNRGZ | N26: elc_won_001 | O26: S02aH08 | P26: 0.02501924 | Q26: IMPNRGZ | S26: elc_wof_001 | T26: S02aH08 | U26: 0.02448048 | V26: IMPNRGZ | X26: 0.018493151 | Y26: 0.016289188 | Z26: S02aH08 | AA26: elc_roadtransport | AC26: elc_buildings | AD26: S02aH08 | AE26: 0.021132042 | AG26: ELC | AH26: S02aH08 | AI26: 0.16756075 | AK26: 2021 | AL26: S04 | AM26: 0.20896095 | AN26: hydro
E27: 0202h17 | G27: b | I27: elc_spv_001 | J27: S02b0202h01 | K27: 0 | L27: IMPNRGZ | N27: elc_won_001 | O27: S02b0202h01 | P27: 3.6345216e-05 | Q27: IMPNRGZ | S27: elc_wof_001 | T27: S02b0202h01 | U27: 0.00030621002 | V27: IMPNRGZ | X27: 0.00011415525 | Y27: 2.1546545e-05 | Z27: S02b0202h01 | AA27: elc_roadtransport | AC27: elc_buildings | AD27: S02b0202h01 | AE27: 9.4838184e-05 | AG27: ELC | AH27: S02b0202h01 | AI27: 0 | AK27: 2021 | AL27: S05 | AM27: 0.29511299 | AN27: hydro
E28: 0202h18 | G28: b | I28: elc_spv_001 | J28: S02b0202h02 | K28: 0 | L28: IMPNRGZ | N28: elc_won_001 | O28: S02b0202h02 | P28: 3.9047846e-05 | Q28: IMPNRGZ | S28: elc_wof_001 | T28: S02b0202h02 | U28: 0.00030563629 | V28: IMPNRGZ | X28: 0.00011415525 | Y28: 1.4916839e-05 | Z28: S02b0202h02 | AA28: elc_roadtransport | AC28: elc_buildings | AD28: S02b0202h02 | AE28: 8.8624232e-05 | AG28: ELC | AH28: S02b0202h02 | AI28: 0 | AK28: 2021 | AL28: S06 | AM28: 0.36845059 | AN28: hydro
E29: 0202h19 | G29: b | I29: elc_spv_001 | J29: S02b0202h03 | K29: 0 | L29: IMPNRGZ | N29: elc_won_001 | O29: S02b0202h03 | P29: 3.4120995e-05 | Q29: IMPNRGZ | S29: elc_wof_001 | T29: S02b0202h03 | U29: 0.00030157663 | V29: IMPNRGZ | X29: 0.00011415525 | Y29: 1.6574265e-05 | Z29: S02b0202h03 | AA29: elc_roadtransport | AC29: elc_buildings | AD29: S02b0202h03 | AE29: 8.5582962e-05 | AG29: ELC | AH29: S02b0202h03 | AI29: 0 | AK29: 2021 | AL29: S07 | AM29: 0.33584287 | AN29: hydro
E30: 0202h20 | G30: b | I30: elc_spv_001 | J30: S02b0202h04 | K30: 0 | L30: IMPNRGZ | N30: elc_won_001 | O30: S02b0202h04 | P30: 4.4727446e-05 | Q30: IMPNRGZ | S30: elc_wof_001 | T30: S02b0202h04 | U30: 0.00034998146 | V30: IMPNRGZ | X30: 0.00011415525 | Y30: 1.4585353e-05 | Z30: S02b0202h04 | AA30: elc_roadtransport | AC30: elc_buildings | AD30: S02b0202h04 | AE30: 8.5710621e-05 | AG30: ELC | AH30: S02b0202h04 | AI30: 0 | AK30: 2021 | AL30: S08 | AM30: 0.30726049 | AN30: hydro
E31: 0202h21 | G31: b | I31: elc_spv_001 | J31: S02b0202h05 | K31: 0 | L31: IMPNRGZ | N31: elc_won_001 | O31: S02b0202h05 | P31: 4.832878e-05 | Q31: IMPNRGZ | S31: elc_wof_001 | T31: S02b0202h05 | U31: 0.00039516204 | V31: IMPNRGZ | X31: 0.00011415525 | Y31: 2.1215059e-05 | Z31: S02b0202h05 | AA31: elc_roadtransport | AC31: elc_buildings | AD31: S02b0202h05 | AE31: 8.6251291e-05 | AG31: ELC | AH31: S02b0202h05 | AI31: 0 | AK31: 2021 | AL31: S09 | AM31: 0.20010042 | AN31: hydro
E32: 0202h22 | G32: b | I32: elc_spv_001 | J32: S02b0202h06 | K32: 0 | L32: IMPNRGZ | N32: elc_won_001 | O32: S02b0202h06 | P32: 4.1652789e-05 | Q32: IMPNRGZ | S32: elc_wof_001 | T32: S02b0202h06 | U32: 0.00041938355 | V32: IMPNRGZ | X32: 0.00011415525 | Y32: 5.7678443e-05 | Z32: S02b0202h06 | AA32: elc_roadtransport | AC32: elc_buildings | AD32: S02b0202h06 | AE32: 9.7616628e-05 | AG32: ELC | AH32: S02b0202h06 | AI32: 0 | AK32: 2021 | AL32: S10 | AM32: 0.19293101 | AN32: hydro
E33: 0202h23 | G33: b | I33: elc_spv_001 | J33: S02b0202h07 | K33: 0 | L33: IMPNRGZ | N33: elc_won_001 | O33: S02b0202h07 | P33: 3.8205011e-05 | Q33: IMPNRGZ | S33: elc_wof_001 | T33: S02b0202h07 | U33: 0.00043927519 | V33: IMPNRGZ | X33: 0.00011415525 | Y33: 0.0001690575 | Z33: S02b0202h07 | AA33: elc_roadtransport | AC33: elc_buildings | AD33: S02b0202h07 | AE33: 0.00010350017 | AG33: ELC | AH33: S02b0202h07 | AI33: 0 | AK33: 2021 | AL33: S11 | AM33: 0.19123988 | AN33: hydro
E34: 0202h24 | G34: b | I34: elc_spv_001 | J34: S02b0202h08 | K34: 0 | L34: IMPNRGZ | N34: elc_won_001 | O34: S02b0202h08 | P34: 4.077031e-05 | Q34: IMPNRGZ | S34: elc_wof_001 | T34: S02b0202h08 | U34: 0.0004531237 | V34: IMPNRGZ | X34: 0.00011415525 | Y34: 0.00019060405 | Z34: S02b0202h08 | AA34: elc_roadtransport | AC34: elc_buildings | AD34: S02b0202h08 | AE34: 0.00011535737 | AG34: ELC | AH34: S02b0202h08 | AI34: 0 | AK34: 2021 | AL34: S12 | AM34: 0.18792909 | AN34: hydro
... E90: H08 | G90: a | I90: elc_spv_001 | J90: S07aH08 | K90: 0.0065538797 | L90: IMPNRGZ | N90: elc_won_001 | O90: S07aH08 | P90: 0.0074222702 | Q90: IMPNRGZ | S90: elc_wof_001 | T90: S07aH08 | U90: 0.019633435 | V90: IMPNRGZ | X90: 0.021232877 | Y90: 0.018702401 | Z90: S07aH08 | AA90: elc_roadtransport | AC90: elc_buildings | AD90: S07aH08 | AE90: 0.022203095 | AG90: ELC | AH90: S07aH08 | AI90: 0.13668704 | AK90: 2028 | AL90: S08 | AM90: 0.2751 | AN90: hydro
I91: elc_spv_001 | J91: S08aH01 | K91: 0.004231869 | L91: IMPNRGZ | N91: elc_won_001 | O91: S08aH01 | P91: 0.030541514 | Q91: IMPNRGZ | S91: elc_wof_001 | T91: S08aH01 | U91: 0.018247433 | V91: IMPNRGZ | X91: 0.023972603 | Y91: 0.0094672202 | Z91: S08aH01 | AA91: elc_roadtransport | AC91: elc_buildings | AD91: S08aH01 | AE91: 0.019037669 | AG91: ELC | AH91: S08aH01 | AI91: 0.228913 | AK91: 2028 | AL91: S09 | AM91: 0.2221 | AN91: hydro
I92: elc_spv_001 | J92: S08aH02 | K92: 0.0064478817 | L92: IMPNRGZ | N92: elc_won_001 | O92: S08aH02 | P92: 0.0040396016 | Q92: IMPNRGZ | S92: elc_wof_001 | T92: S08aH02 | U92: 0.0022715892 | V92: IMPNRGZ | X92: 0.0034246575 | Y92: 0.0057181215 | Z92: S08aH02 | AA92: elc_roadtransport | AC92: elc_buildings | AD92: S08aH02 | AE92: 0.0033905797 | AG92: ELC | AH92: S08aH02 | AI92: 0.11743105 | AK92: 2028 | AL92: S10 | AM92: 0.2049 | AN92: hydro
I93: elc_spv_001 | J93: S08aH03 | K93: 0.0089221238 | L93: IMPNRGZ | N93: elc_won_001 | O93: S08aH03 | P93: 0.0035606492 | Q93: IMPNRGZ | S93: elc_wof_001 | T93: S08aH03 | U93: 0.0021432406 | V93: IMPNRGZ | X93: 0.0034246575 | Y93: 0.004375606 | Z93: S08aH03 | AA93: elc_roadtransport | AC93: elc_buildings | AD93: S08aH03 | AE93: 0.0036293757 | AG93: ELC | AH93: S08aH03 | AI93: 0.096104774 | AK93: 2028 | AL93: S11 | AM93: 0.2204 | AN93: hydro
I94: elc_spv_001 | J94: S08aH04 | K94: 0.010417583 | L94: IMPNRGZ | N94: elc_won_001 | O94: S08aH04 | P94: 0.0035072796 | Q94: IMPNRGZ | S94: elc_wof_001 | T94: S08aH04 | U94: 0.0020947971 | V94: IMPNRGZ | X94: 0.0034246575 | Y94: 0.0043358278 | Z94: S08aH04 | AA94: elc_roadtransport | AC94: elc_buildings | AD94: S08aH04 | AE94: 0.003705689 | AG94: ELC | AH94: S08aH04 | AI94: 0.087133872 | AK94: 2028 | AL94: S12 | AM94: 0.1885 | AN94: hydro
I95: elc_spv_001 | J95: S08aH05 | K95: 0.060216585 | L95: IMPNRGZ | N95: elc_won_001 | O95: S08aH05 | P95: 0.014171736 | Q95: IMPNRGZ | S95: elc_wof_001 | T95: S08aH05 | U95: 0.013120532 | V95: IMPNRGZ | X95: 0.020547945 | Y95: 0.026870199 | Z95: S08aH05 | AA95: elc_roadtransport | AC95: elc_buildings | AD95: S08aH05 | AE95: 0.022621194 | AG95: ELC | AH95: S08aH05 | AI95: 0.10395389 | AK95: 2029 | AL95: S01 | AM95: 0.1708 | AN95: hydro
I96: elc_spv_001 | J96: S08aH06 | K96: 0.0075352177 | L96: IMPNRGZ | N96: elc_won_001 | O96: S08aH06 | P96: 0.0022904388 | Q96: IMPNRGZ | S96: elc_wof_001 | T96: S08aH06 | U96: 0.0027440087 | V96: IMPNRGZ | X96: 0.0034246575 | Y96: 0.0066628546 | Z96: S08aH06 | AA96: elc_roadtransport | AC96: elc_buildings | AD96: S08aH06 | AE96: 0.0037508387 | AG96: ELC | AH96: S08aH06 | AI96: 0.088458973 | AK96: 2029 | AL96: S02 | AM96: 0.1864 | AN96: hydro
I97: elc_spv_001 | J97: S08aH07 | K97: 0.0061244075 | L97: IMPNRGZ | N97: elc_won_001 | O97: S08aH07 | P97: 0.0021365595 | Q97: IMPNRGZ | S97: elc_wof_001 | T97: S08aH07 | U97: 0.0028294567 | V97: IMPNRGZ | X97: 0.0034246575 | Y97: 0.0066628546 | Z97: S08aH07 | AA97: elc_roadtransport | AC97: elc_buildings | AD97: S08aH07 | AE97: 0.0037172121 | AG97: ELC | AH97: S08aH07 | AI97: 0.095348213 | AK97: 2029 | AL97: S03 | AM97: 0.1716 | AN97: hydro
I98: elc_spv_001 | J98: S08aH08 | K98: 0.0049038216 | L98: IMPNRGZ | N98: elc_won_001 | O98: S08aH08 | P98: 0.014565344 | Q98: IMPNRGZ | S98: elc_wof_001 | T98: S08aH08 | U98: 0.017928232 | V98: IMPNRGZ | X98: 0.020547945 | Y98: 0.018099098 | Z98: S08aH08 | AA98: elc_roadtransport | AC98: elc_buildings | AD98: S08aH08 | AE98: 0.020473862 | AG98: ELC | AH98: S08aH08 | AI98: 0.16777482 | AK98: 2029 | AL98: S04 | AM98: 0.2054 | AN98: hydro
I99: elc_spv_001 | J99: S08c0807h01 | K99: 0 | L99: IMPNRGZ | N99: elc_won_001 | O99: S08c0807h01 | P99: 6.8511737e-05 | Q99: IMPNRGZ | S99: elc_wof_001 | T99: S08c0807h01 | U99: 3.9561544e-06 | V99: IMPNRGZ | X99: 0.00011415525 | Y99: 2.1546545e-05 | Z99: S08c0807h01 | AA99: elc_roadtransport | AC99: elc_buildings | AD99: S08c0807h01 | AE99: 0.00010067865 | AG99: ELC | AH99: S08c0807h01 | AI99: 0 | AK99: 2029 | AL99: S05 | AM99: 0.287 | AN99: hydro
I100: elc_spv_001 | J100: S08c0807h02 | K100: 0 | L100: IMPNRGZ | N100: elc_won_001 | O100: S08c0807h02 | P100: 3.2382263e-05 | Q100: IMPNRGZ | S100: elc_wof_001 | T100: S08c0807h02 | U100: 3.1545819e-06 | V100: IMPNRGZ | X100: 0.00011415525 | Y100: 1.4916839e-05 | Z100: S08c0807h02 | AA100: elc_roadtransport | AC100: elc_buildings | AD100: S08c0807h02 | AE100: 9.9011586e-05 | AG100: ELC | AH100: S08c0807h02 | AI100: 0 | AK100: 2029 | AL100: S06 | AM100: 0.3563 | AN100: hydro
I101: elc_spv_001 | J101: S08c0807h03 | K101: 0 | L101: IMPNRGZ | N101: elc_won_001 | O101: S08c0807h03 | P101: 6.8879762e-06 | Q101: IMPNRGZ | S101: elc_wof_001 | T101: S08c0807h03 | U101: 4.1536477e-06 | V101: IMPNRGZ | X101: 0.00011415525 | Y101: 1.6574265e-05 | Z101: S08c0807h03 | AA101: elc_roadtransport | AC101: elc_buildings | AD101: S08c0807h03 | AE101: 9.8651139e-05 | AG101: ELC | AH101: S08c0807h03 | AI101: 0 | AK101: 2029 | AL101: S07 | AM101: 0.302 | AN101: hydro
I102: elc_spv_001 | J102: S08c0807h04 | K102: 0 | L102: IMPNRGZ | N102: elc_won_001 | O102: S08c0807h04 | P102: 2.2935116e-05 | Q102: IMPNRGZ | S102: elc_wof_001 | T102: S08c0807h04 | U102: 2.8145552e-06 | V102: IMPNRGZ | X102: 0.00011415525 | Y102: 1.4585353e-05 | Z102: S08c0807h04 | AA102: elc_roadtransport | AC102: elc_buildings | AD102: S08c0807h04 | AE102: 9.7656156e-05 | AG102: ELC | AH102: S08c0807h04 | AI102: 0 | AK102: 2029 | AL102: S08 | AM102: 0.2747 | AN102: hydro
... I178: elc_spv_001 | J178: S12d1209h24 | K178: 0 | L178: IMPNRGZ | N178: elc_won_001 | O178: S12d1209h24 | P178: 2.0762053e-07 | Q178: IMPNRGZ | S178: elc_wof_001 | T178: S12d1209h24 | U178: 6.5780094e-05 | V178: IMPNRGZ | X178: 0.00011415525 | Y178: 2.9833677e-05 | Z178: S12d1209h24 | AA178: elc_roadtransport | AC178: elc_buildings | AD178: S12d1209h24 | AE178: 0.0001004053 | AG178: ELC | AH178: S12d1209h24 | AI178: 0 | AK178: 2035 | AL178: S12 | AM178: 0.215 | AN178: hydro
I179: elc_spv_002 | J179: S01aH01 | K179: 0 | L179: IMPNRGZ | N179: elc_won_002 | O179: S01aH01 | P179: 0.032260866 | Q179: IMPNRGZ | S179: elc_wof_002 | T179: S01aH01 | U179: 0.025467374 | V179: IMPNRGZ | AC179: elc_industry | AD179: S01aH01 | AE179: 0.024308733 | AK179: 2036 | AL179: S01 | AM179: 0.1666 | AN179: hydro
I180: elc_spv_002 | J180: S01aH02 | K180: 0 | L180: IMPNRGZ | N180: elc_won_002 | O180: S01aH02 | P180: 0.0047986725 | Q180: IMPNRGZ | S180: elc_wof_002 | T180: S01aH02 | U180: 0.0036339343 | V180: IMPNRGZ | AC180: elc_industry | AD180: S01aH02 | AE180: 0.0035677172 | AK180: 2036 | AL180: S02 | AM180: 0.1721 | AN180: hydro
I181: elc_spv_002 | J181: S01aH03 | K181: 0.0023928861 | L181: IMPNRGZ | N181: elc_won_002 | O181: S01aH03 | P181: 0.0046795982 | Q181: IMPNRGZ | S181: elc_wof_002 | T181: S01aH03 | U181: 0.0036705077 | V181: IMPNRGZ | AC181: elc_industry | AD181: S01aH03 | AE181: 0.0035803913 | AK181: 2036 | AL181: S03 | AM181: 0.1758 | AN181: hydro
I182: elc_spv_002 | J182: S01aH04 | K182: 0.0041918775 | L182: IMPNRGZ | N182: elc_won_002 | O182: S01aH04 | P182: 0.0045493988 | Q182: IMPNRGZ | S182: elc_wof_002 | T182: S01aH04 | U182: 0.0036509598 | V182: IMPNRGZ | AC182: elc_industry | AD182: S01aH04 | AE182: 0.003585844 | AK182: 2036 | AL182: S04 | AM182: 0.1906 | AN182: hydro
I183: elc_spv_002 | J183: S01aH05 | K183: 0.036538852 | L183: IMPNRGZ | N183: elc_won_002 | O183: S01aH05 | P183: 0.025678443 | Q183: IMPNRGZ | S183: elc_wof_002 | T183: S01aH05 | U183: 0.019448172 | V183: IMPNRGZ | AC183: elc_industry | AD183: S01aH05 | AE183: 0.02147811 | AK183: 2036 | AL183: S05 | AM183: 0.2935 | AN183: hydro
I184: elc_spv_002 | J184: S01aH06 | K184: 0.0034809836 | L184: IMPNRGZ | N184: elc_won_002 | O184: S01aH06 | P184: 0.0045265343 | Q184: IMPNRGZ | S184: elc_wof_002 | T184: S01aH06 | U184: 0.0033678885 | V184: IMPNRGZ | AC184: elc_industry | AD184: S01aH06 | AE184: 0.0035914002 | AK184: 2036 | AL184: S06 | AM184: 0.3457 | AN184: hydro
I185: elc_spv_002 | J185: S01aH07 | K185: 0 | L185: IMPNRGZ | N185: elc_won_002 | O185: S01aH07 | P185: 0.0045594211 | Q185: IMPNRGZ | S185: elc_wof_002 | T185: S01aH07 | U185: 0.0036974706 | V185: IMPNRGZ | AC185: elc_industry | AD185: S01aH07 | AE185: 0.0035970111 | AK185: 2036 | AL185: S07 | AM185: 0.3241 | AN185: hydro
I186: elc_spv_002 | J186: S01aH08 | K186: 0 | L186: IMPNRGZ | N186: elc_won_002 | O186: S01aH08 | P186: 0.026686794 | Q186: IMPNRGZ | S186: elc_wof_002 | T186: S01aH08 | U186: 0.024152583 | V186: IMPNRGZ | AC186: elc_industry | AD186: S01aH08 | AE186: 0.021294543 | AK186: 2036 | AL186: S08 | AM186: 0.2479 | AN186: hydro
I187: elc_spv_002 | J187: S02aH01 | K187: 0 | L187: IMPNRGZ | N187: elc_won_002 | O187: S02aH01 | P187: 0.023846763 | Q187: IMPNRGZ | S187: elc_wof_002 | T187: S02aH01 | U187: 0.031295623 | V187: IMPNRGZ | AC187: elc_industry | AD187: S02aH01 | AE187: 0.021207661 | AK187: 2036 | AL187: S09 | AM187: 0.2093 | AN187: hydro
I188: elc_spv_002 | J188: S02aH02 | K188: 0.00051548577 | L188: IMPNRGZ | N188: elc_won_002 | O188: S02aH02 | P188: 0.0037098643 | Q188: IMPNRGZ | S188: elc_wof_002 | T188: S02aH02 | U188: 0.0040034909 | V188: IMPNRGZ | AC188: elc_industry | AD188: S02aH02 | AE188: 0.0031071317 | AK188: 2036 | AL188: S10 | AM188: 0.1809 | AN188: hydro
I189: elc_spv_002 | J189: S02aH03 | K189: 0.0043698011 | L189: IMPNRGZ | N189: elc_won_002 | O189: S02aH03 | P189: 0.0038296049 | Q189: IMPNRGZ | S189: elc_wof_002 | T189: S02aH03 | U189: 0.0040794297 | V189: IMPNRGZ | AC189: elc_industry | AD189: S02aH03 | AE189: 0.0031187761 | AK189: 2036 | AL189: S11 | AM189: 0.209 | AN189: hydro
I190: elc_spv_002 | J190: S02aH04 | K190: 0.006667376 | L190: IMPNRGZ | N190: elc_won_002 | O190: S02aH04 | P190: 0.0038704388 | Q190: IMPNRGZ | S190: elc_wof_002 | T190: S02aH04 | U190: 0.0042095543 | V190: IMPNRGZ | AC190: elc_industry | AD190: S02aH04 | AE190: 0.0031234827 | AK190: 2036 | AL190: S12 | AM190: 0.2111 | AN190: hydro
... I346: elc_spv_002 | J346: S12d1209h24 | K346: 0 | L346: IMPNRGZ | N346: elc_won_002 | O346: S12d1209h24 | P346: 2.1981256e-06 | Q346: IMPNRGZ | S346: elc_wof_002 | T346: S12d1209h24 | U346: 2.3724455e-05 | V346: IMPNRGZ | AC346: elc_industry | AD346: S12d1209h24 | AE346: 0.00011242989 | AK346: 2049 | AL346: S12 | AM346: 0.2127 | AN346: hydro
I347: elc_spv_003 | J347: S01aH01 | K347: 0 | L347: IMPNRGZ | N347: elc_won_003 | O347: S01aH01 | P347: 0.032961294 | Q347: IMPNRGZ | S347: elc_wof_003 | T347: S01aH01 | U347: 0.033547497 | V347: IMPNRGZ | AK347: 2050 | AL347: S01 | AM347: 0.1716 | AN347: hydro
I348: elc_spv_003 | J348: S01aH02 | K348: 0 | L348: IMPNRGZ | N348: elc_won_003 | O348: S01aH02 | P348: 0.0046795692 | Q348: IMPNRGZ | S348: elc_wof_003 | T348: S01aH02 | U348: 0.0047945586 | V348: IMPNRGZ | AK348: 2050 | AL348: S02 | AM348: 0.166 | AN348: hydro
I349: elc_spv_003 | J349: S01aH03 | K349: 0.0030922425 | L349: IMPNRGZ | N349: elc_won_003 | O349: S01aH03 | P349: 0.0047953978 | Q349: IMPNRGZ | S349: elc_wof_003 | T349: S01aH03 | U349: 0.0049089563 | V349: IMPNRGZ | AK349: 2050 | AL349: S03 | AM349: 0.1524 | AN349: hydro
I350: elc_spv_003 | J350: S01aH04 | K350: 0.0053253552 | L350: IMPNRGZ | N350: elc_won_003 | O350: S01aH04 | P350: 0.0048145606 | Q350: IMPNRGZ | S350: elc_wof_003 | T350: S01aH04 | U350: 0.0049264756 | V350: IMPNRGZ | AK350: 2050 | AL350: S04 | AM350: 0.1871 | AN350: hydro
I351: elc_spv_003 | J351: S01aH05 | K351: 0.038892164 | L351: IMPNRGZ | N351: elc_won_003 | O351: S01aH05 | P351: 0.028300559 | Q351: IMPNRGZ | S351: elc_wof_003 | T351: S01aH05 | U351: 0.030367128 | V351: IMPNRGZ | AK351: 2050 | AL351: S05 | AM351: 0.3209 | AN351: hydro
I352: elc_spv_003 | J352: S01aH06 | K352: 0.0038879478 | L352: IMPNRGZ | N352: elc_won_003 | O352: S01aH06 | P352: 0.0046508535 | Q352: IMPNRGZ | S352: elc_wof_003 | T352: S01aH06 | U352: 0.0049914615 | V352: IMPNRGZ | AK352: 2050 | AL352: S06 | AM352: 0.3418 | AN352: hydro
I353: elc_spv_003 | J353: S01aH07 | K353: 0 | L353: IMPNRGZ | N353: elc_won_003 | O353: S01aH07 | P353: 0.0047500653 | Q353: IMPNRGZ | S353: elc_wof_003 | T353: S01aH07 | U353: 0.0050037482 | V353: IMPNRGZ | AK353: 2050 | AL353: S07 | AM353: 0.3012 | AN353: hydro
I354: elc_spv_003 | J354: S01aH08 | K354: 0 | L354: IMPNRGZ | N354: elc_won_003 | O354: S01aH08 | P354: 0.029195416 | Q354: IMPNRGZ | S354: elc_wof_003 | T354: S01aH08 | U354: 0.029368436 | V354: IMPNRGZ | AK354: 2050 | AL354: S08 | AM354: 0.2581 | AN354: hydro
I355: elc_spv_003 | J355: S02aH01 | K355: 0 | L355: IMPNRGZ | N355: elc_won_003 | O355: S02aH01 | P355: 0.02689504 | Q355: IMPNRGZ | S355: elc_wof_003 | T355: S02aH01 | U355: 0.025086334 | V355: IMPNRGZ | AK355: 2050 | AL355: S09 | AM355: 0.226 | AN355: hydro
I356: elc_spv_003 | J356: S02aH02 | K356: 0.00046193129 | L356: IMPNRGZ | N356: elc_won_003 | O356: S02aH02 | P356: 0.0043934473 | Q356: IMPNRGZ | S356: elc_wof_003 | T356: S02aH02 | U356: 0.0027667242 | V356: IMPNRGZ | AK356: 2050 | AL356: S10 | AM356: 0.194 | AN356: hydro
I357: elc_spv_003 | J357: S02aH03 | K357: 0.0047088892 | L357: IMPNRGZ | N357: elc_won_003 | O357: S02aH03 | P357: 0.0044481158 | Q357: IMPNRGZ | S357: elc_wof_003 | T357: S02aH03 | U357: 0.0025106518 | V357: IMPNRGZ | AK357: 2050 | AL357: S11 | AM357: 0.2035 | AN357: hydro
I358: elc_spv_003 | J358: S02aH04 | K358: 0.0069306632 | L358: IMPNRGZ | N358: elc_won_003 | O358: S02aH04 | P358: 0.0042793052 | Q358: IMPNRGZ | S358: elc_wof_003 | T358: S02aH04 | U358: 0.0023781204 | V358: IMPNRGZ | AK358: 2050 | AL358: S12 | AM358: 0.1942 | AN358: hydro
I359: elc_spv_003 | J359: S02aH05 | K359: 0.04376302 | L359: IMPNRGZ | N359: elc_won_003 | O359: S02aH05 | P359: 0.024644021 | Q359: IMPNRGZ | S359: elc_wof_003 | T359: S02aH05 | U359: 0.014807607 | V359: IMPNRGZ
I360: elc_spv_003 | J360: S02aH06 | K360: 0.00507022 | L360: IMPNRGZ | N360: elc_won_003 | O360: S02aH06 | P360: 0.004010838 | Q360: IMPNRGZ | S360: elc_wof_003 | T360: S02aH06 | U360: 0.0029057021 | V360: IMPNRGZ
I361: elc_spv_003 | J361: S02aH07 | K361: 0.0031007801 | L361: IMPNRGZ | N361: elc_won_003 | O361: S02aH07 | P361: 0.0041565926 | Q361: IMPNRGZ | S361: elc_wof_003 | T361: S02aH07 | U361: 0.0030690238 | V361: IMPNRGZ
I362: elc_spv_003 | J362: S02aH08 | K362: 0 | L362: IMPNRGZ | N362: elc_won_003 | O362: S02aH08 | P362: 0.024487745 | Q362: IMPNRGZ | S362: elc_wof_003 | T362: S02aH08 | U362: 0.023164321 | V362: IMPNRGZ
I363: elc_spv_003 | J363: S02b0202h01 | K363: 0 | L363: IMPNRGZ | N363: elc_won_003 | O363: S02b0202h01 | P363: 0.00037791138 | Q363: IMPNRGZ | S363: elc_wof_003 | T363: S02b0202h01 | U363: 0.00024899127 | V363: IMPNRGZ
I364: elc_spv_003 | J364: S02b0202h02 | K364: 0 | L364: IMPNRGZ | N364: elc_won_003 | O364: S02b0202h02 | P364: 0.00041733601 | Q364: IMPNRGZ | S364: elc_wof_003 | T364: S02b0202h02 | U364: 0.00025157855 | V364: IMPNRGZ
I365: elc_spv_003 | J365: S02b0202h03 | K365: 0 | L365: IMPNRGZ | N365: elc_won_003 | O365: S02b0202h03 | P365: 0.00042397377 | Q365: IMPNRGZ | S365: elc_wof_003 | T365: S02b0202h03 | U365: 0.00028464705 | V365: IMPNRGZ
I366: elc_spv_003 | J366: S02b0202h04 | K366: 0 | L366: IMPNRGZ | N366: elc_won_003 | O366: S02b0202h04 | P366: 0.00041465719 | Q366: IMPNRGZ | S366: elc_wof_003 | T366: S02b0202h04 | U366: 0.00033057375 | V366: IMPNRGZ
I367: elc_spv_003 | J367: S02b0202h05 | K367: 0 | L367: IMPNRGZ | N367: elc_won_003 | O367: S02b0202h05 | P367: 0.00041803831 | Q367: IMPNRGZ | S367: elc_wof_003 | T367: S02b0202h05 | U367: 0.00036635407 | V367: IMPNRGZ
I368: elc_spv_003 | J368: S02b0202h06 | K368: 0 | L368: IMPNRGZ | N368: elc_won_003 | O368: S02b0202h06 | P368: 0.00043582757 | Q368: IMPNRGZ | S368: elc_wof_003 | T368: S02b0202h06 | U368: 0.00037342637 | V368: IMPNRGZ
I369: elc_spv_003 | J369: S02b0202h07 | K369: 0 | L369: IMPNRGZ | N369: elc_won_003 | O369: S02b0202h07 | P369: 0.00043435918 | Q369: IMPNRGZ | S369: elc_wof_003 | T369: S02b0202h07 | U369: 0.00037667355 | V369: IMPNRGZ
I370: elc_spv_003 | J370: S02b0202h08 | K370: 0 | L370: IMPNRGZ | N370: elc_won_003 | O370: S02b0202h08 | P370: 0.00045046315 | Q370: IMPNRGZ | S370: elc_wof_003 | T370: S02b0202h08 | U370: 0.00038000008 | V370: IMPNRGZ
... I3202: elc_spv_019 | J3202: S12d1209h24 | K3202: 0 | L3202: IMPNRGZ | N3202: elc_won_019 | O3202: S12d1209h24 | P3202: 1.0318046e-05 | Q3202: IMPNRGZ | S3202: elc_wof_019 | T3202: S12d1209h24 | U3202: 1.1658636e-08 | V3202: IMPNRGZ
I3203: elc_spv_020 | J3203: S01aH01 | K3203: 0 | L3203: IMPNRGZ
I3204: elc_spv_020 | J3204: S01aH02 | K3204: 0 | L3204: IMPNRGZ
I3205: elc_spv_020 | J3205: S01aH03 | K3205: 0 | L3205: IMPNRGZ
I3206: elc_spv_020 | J3206: S01aH04 | K3206: 0.0033165965 | L3206: IMPNRGZ
I3207: elc_spv_020 | J3207: S01aH05 | K3207: 0.034489249 | L3207: IMPNRGZ
I3208: elc_spv_020 | J3208: S01aH06 | K3208: 0.0048883282 | L3208: IMPNRGZ
I3209: elc_spv_020 | J3209: S01aH07 | K3209: 0.0029674791 | L3209: IMPNRGZ
I3210: elc_spv_020 | J3210: S01aH08 | K3210: 0 | L3210: IMPNRGZ
I3211: elc_spv_020 | J3211: S02aH01 | K3211: 0 | L3211: IMPNRGZ
I3212: elc_spv_020 | J3212: S02aH02 | K3212: 0 | L3212: IMPNRGZ
I3213: elc_spv_020 | J3213: S02aH03 | K3213: 0.0023832015 | L3213: IMPNRGZ
I3214: elc_spv_020 | J3214: S02aH04 | K3214: 0.0047073821 | L3214: IMPNRGZ
... I4042: elc_spv_024 | J4042: S12d1209h24 | K4042: 0 | L4042: IMPNRGZ

Sheet s5p5v5_d
C9: =IF(A11="x","DeActivated","~TimeSlices") -> DeActivated | I9: =IF(A11="x","DeActivated","~TFM_DINS-AT") -> DeActivated | N9: =IF(A11="x","DeActivated","~TFM_DINS-AT") -> DeActivated | S9: =IF(A11="x","DeActivated","~TFM_DINS-AT") -> DeActivated | X9: =IF(A11="x","DeActivated","~TFM_DINS-AT") -> DeActivated | AC9: =IF(A11="x","DeActivated","~TFM_DINS-AT") -> DeActivated | AG9: =IF(A11="x","DeActivated","~TFM_DINS-AT") -> DeActivated | AK9: =IF(A11="x","DeActivated","~TFM_INS-AT") -> DeActivated
A10: s5p5v5_d | C10: season | D10: weekly | E10: daynite | F10: wparent | G10: dparent | I10: commodity | J10: timeslice | K10: com_fr | L10: process | N10: commodity | O10: timeslice | P10: com_fr | Q10: process | S10: commodity | T10: timeslice | U10: com_fr | V10: process | X10: g_yrfr | Y10: com_fr | Z10: timeslice | AA10: commodity | AC10: commodity | AD10: timeslice | AE10: com_fr | AG10: commodity | AH10: timeslice | AI10: com_pkflx | AK10: Year | AL10: timeslice | AM10: ncap_afs | AN10: pset_ci
A11: =IFERROR(IF(Veda!D5=A10,"ok","x"),"") -> x | C11: S01 | D11: a | E11: 0202h01 | F11: S01,S02,S03,S04,S05,S06,S07,S08,S09,S10,S11,S12 | G11: b | I11: elc_spv_001 | J11: S01aH01 | K11: 0 | L11: IMPNRGZ | N11: elc_won_001 | O11: S01aH01 | P11: 0.026254969 | Q11: IMPNRGZ | S11: elc_wof_001 | T11: S01aH01 | U11: 0.030999277 | V11: IMPNRGZ | X11: 0.024771689 | Y11: 0.0097827943 | Z11: S01aH01 | AA11: elc_roadtransport | AC11: elc_buildings | AD11: S01aH01 | AE11: 0.021406128 | AG11: ELC | AH11: S01aH01 | AI11: 0.29051279 | AK11: 2020 | AL11: S01 | AM11: 0.2265233 | AN11: hydro
C12: S02 | D12: b | E12: 0202h02 | F12: S02 | G12: b | I12: elc_spv_001 | J12: S01aH02 | K12: 0 | L12: IMPNRGZ | N12: elc_won_001 | O12: S01aH02 | P12: 0.0036180271 | Q12: IMPNRGZ | S12: elc_wof_001 | T12: S01aH02 | U12: 0.0042247837 | V12: IMPNRGZ | X12: 0.0035388128 | Y12: 0.0059087255 | Z12: S01aH02 | AA12: elc_roadtransport | AC12: elc_buildings | AD12: S01aH02 | AE12: 0.0042466859 | AG12: ELC | AH12: S01aH02 | AI12: 0.043835338 | AK12: 2020 | AL12: S02 | AM12: 0.18237548 | AN12: hydro
C13: S03 | D13: c | E13: 0202h03 | F13: S02 | G13: b | I13: elc_spv_001 | J13: S01aH03 | K13: 0.0027186497 | L13: IMPNRGZ | N13: elc_won_001 | O13: S01aH03 | P13: 0.0035272665 | Q13: IMPNRGZ | S13: elc_wof_001 | T13: S01aH03 | U13: 0.0043738353 | V13: IMPNRGZ | X13: 0.0035388128 | Y13: 0.0045214595 | Z13: S01aH03 | AA13: elc_roadtransport | AC13: elc_buildings | AD13: S01aH03 | AE13: 0.0044051999 | AG13: ELC | AH13: S01aH03 | AI13: 0.047390752 | AK13: 2020 | AL13: S03 | AM13: 0.18207885 | AN13: hydro
C14: S04 | D14: d | E14: 0202h04 | F14: S03 | G14: b | I14: elc_spv_001 | J14: S01aH04 | K14: 0.0050405901 | L14: IMPNRGZ | N14: elc_won_001 | O14: S01aH04 | P14: 0.0034559881 | Q14: IMPNRGZ | S14: elc_wof_001 | T14: S01aH04 | U14: 0.0044837047 | V14: IMPNRGZ | X14: 0.0035388128 | Y14: 0.0044803554 | Z14: S01aH04 | AA14: elc_roadtransport | AC14: elc_buildings | AD14: S01aH04 | AE14: 0.0044733956 | AG14: ELC | AH14: S01aH04 | AI14: 0.04500612 | AK14: 2020 | AL14: S04 | AM14: 0.24814815 | AN14: hydro
C15: S05 | D15: e | E15: 0202h05 | F15: S03 | G15: b | I15: elc_spv_001 | J15: S01aH05 | K15: 0.041974402 | L15: IMPNRGZ | N15: elc_won_001 | O15: S01aH05 | P15: 0.016552433 | Q15: IMPNRGZ | S15: elc_wof_001 | T15: S01aH05 | U15: 0.027340431 | V15: IMPNRGZ | X15: 0.021232877 | Y15: 0.027765872 | Z15: S01aH05 | AA15: elc_roadtransport | AC15: elc_buildings | AD15: S01aH05 | AE15: 0.026378195 | AG15: ELC | AH15: S01aH05 | AI15: 0.056535021 | AK15: 2020 | AL15: S05 | AM15: 0.35483871 | AN15: hydro
C16: S06 | D16: f | E16: 0202h06 | F16: S03 | G16: b | I16: elc_spv_001 | J16: S01aH06 | K16: 0.0035998388 | L16: IMPNRGZ | N16: elc_won_001 | O16: S01aH06 | P16: 0.0029731668 | Q16: IMPNRGZ | S16: elc_wof_001 | T16: S01aH06 | U16: 0.0044991124 | V16: IMPNRGZ | X16: 0.0035388128 | Y16: 0.0068849497 | Z16: S01aH06 | AA16: elc_roadtransport | AC16: elc_buildings | AD16: S01aH06 | AE16: 0.0045428868 | AG16: ELC | AH16: S01aH06 | AI16: 0.048485566 | AK16: 2020 | AL16: S06 | AM16: 0.38074074 | AN16: hydro
C17: S07 | D17: g | E17: 0202h07 | F17: S03 | G17: b | I17: elc_spv_001 | J17: S01aH07 | K17: 0 | L17: IMPNRGZ | N17: elc_won_001 | O17: S01aH07 | P17: 0.0031199516 | Q17: IMPNRGZ | S17: elc_wof_001 | T17: S01aH07 | U17: 0.0044215051 | V17: IMPNRGZ | X17: 0.0035388128 | Y17: 0.0068849497 | Z17: S01aH07 | AA17: elc_roadtransport | AC17: elc_buildings | AD17: S01aH07 | AE17: 0.0046130613 | AG17: ELC | AH17: S01aH07 | AI17: 0.044392857 | AK17: 2020 | AL17: S07 | AM17: 0.31541219 | AN17: hydro
C18: S08 | D18: h | E18: 0202h08 | F18: S05 | G18: b | I18: elc_spv_001 | J18: S01aH08 | K18: 0 | L18: IMPNRGZ | N18: elc_won_001 | O18: S01aH08 | P18: 0.022475735 | Q18: IMPNRGZ | S18: elc_wof_001 | T18: S01aH08 | U18: 0.027122878 | V18: IMPNRGZ | X18: 0.021232877 | Y18: 0.018702401 | Z18: S01aH08 | AA18: elc_roadtransport | AC18: elc_buildings | AD18: S01aH08 | AE18: 0.02408234 | AG18: ELC | AH18: S01aH08 | AI18: 0.17169254 | AK18: 2020 | AL18: S08 | AM18: 0.28172043 | AN18: hydro
C19: S09 | D19: i | E19: 0202h09 | F19: S06 | G19: b | I19: elc_spv_001 | J19: S02aH01 | K19: 0 | L19: IMPNRGZ | N19: elc_won_001 | O19: S02aH01 | P19: 0.030141232 | Q19: IMPNRGZ | S19: elc_wof_001 | T19: S02aH01 | U19: 0.026715372 | V19: IMPNRGZ | X19: 0.020776256 | Y19: 0.0082049242 | Z19: S02aH01 | AA19: elc_roadtransport | AC19: elc_buildings | AD19: S02aH01 | AE19: 0.018542482 | AG19: ELC | AH19: S02aH01 | AI19: 0.27679897 | AK19: 2020 | AL19: S09 | AM19: 0.26814815 | AN19: hydro
C20: S10 | D20: j | E20: 0202h10 | F20: S07 | G20: b | I20: elc_spv_001 | J20: S02aH02 | K20: 0.00052894771 | L20: IMPNRGZ | N20: elc_won_001 | O20: S02aH02 | P20: 0.0038533452 | Q20: IMPNRGZ | S20: elc_wof_001 | T20: S02aH02 | U20: 0.0034931512 | V20: IMPNRGZ | X20: 0.0029680365 | Y20: 0.0049557053 | Z20: S02aH02 | AA20: elc_roadtransport | AC20: elc_buildings | AD20: S02aH02 | AE20: 0.0035782629 | AG20: ELC | AH20: S02aH02 | AI20: 0.0434828 | AK20: 2020 | AL20: S10 | AM20: 0.28387097 | AN20: hydro
C21: S11 | D21: k | E21: 0202h11 | F21: S08 | G21: b | I21: elc_spv_001 | J21: S02aH03 | K21: 0.0043383291 | L21: IMPNRGZ | N21: elc_won_001 | O21: S02aH03 | P21: 0.0037261907 | Q21: IMPNRGZ | S21: elc_wof_001 | T21: S02aH03 | U21: 0.0032919367 | V21: IMPNRGZ | X21: 0.0029680365 | Y21: 0.0037921919 | Z21: S02aH03 | AA21: elc_roadtransport | AC21: elc_buildings | AD21: S02aH03 | AE21: 0.0037190812 | AG21: ELC | AH21: S02aH03 | AI21: 0.042886416 | AK21: 2020 | AL21: S11 | AM21: 0.22666667 | AN21: hydro
C22: S12 | D22: l | E22: 0202h12 | F22: S10 | G22: b | I22: elc_spv_001 | J22: S02aH04 | K22: 0.0067535888 | L22: IMPNRGZ | N22: elc_won_001 | O22: S02aH04 | P22: 0.0032627767 | Q22: IMPNRGZ | S22: elc_wof_001 | T22: S02aH04 | U22: 0.0031913539 | V22: IMPNRGZ | X22: 0.0029680365 | Y22: 0.0037577174 | Z22: S02aH04 | AA22: elc_roadtransport | AC22: elc_buildings | AD22: S02aH04 | AE22: 0.0037753184 | AG22: ELC | AH22: S02aH04 | AI22: 0.040814289 | AK22: 2020 | AL22: S12 | AM22: 0.23154122 | AN22: hydro
D23: m | E23: 0202h13 | F23: S11 | G23: b | I23: elc_spv_001 | J23: S02aH05 | K23: 0.04566102 | L23: IMPNRGZ | N23: elc_won_001 | O23: S02aH05 | P23: 0.017743657 | Q23: IMPNRGZ | S23: elc_wof_001 | T23: S02aH05 | U23: 0.019830593 | V23: IMPNRGZ | X23: 0.017808219 | Y23: 0.023287505 | Z23: S02aH05 | AA23: elc_roadtransport | AC23: elc_buildings | AD23: S02aH05 | AE23: 0.02223466 | AG23: ELC | AH23: S02aH05 | AI23: 0.061192204 | AK23: 2021 | AL23: S01 | AM23: 0.24366472 | AN23: hydro
D24: n | E24: 0202h14 | F24: S12 | G24: b | I24: elc_spv_001 | J24: S02aH06 | K24: 0.0052591051 | L24: IMPNRGZ | N24: elc_won_001 | O24: S02aH06 | P24: 0.0033435856 | Q24: IMPNRGZ | S24: elc_wof_001 | T24: S02aH06 | U24: 0.0038306277 | V24: IMPNRGZ | X24: 0.0029680365 | Y24: 0.005774474 | Z24: S02aH06 | AA24: elc_roadtransport | AC24: elc_buildings | AD24: S02aH06 | AE24: 0.0038070565 | AG24: ELC | AH24: S02aH06 | AI24: 0.061407749 | AK24: 2021 | AL24: S02 | AM24: 0.24841143 | AN24: hydro
D25: o | E25: 0202h15 | F25: S12 | G25: b | I25: elc_spv_001 | J25: S02aH07 | K25: 0.0027070785 | L25: IMPNRGZ | N25: elc_won_001 | O25: S02aH07 | P25: 0.003442825 | Q25: IMPNRGZ | S25: elc_wof_001 | T25: S02aH07 | U25: 0.0039011831 | V25: IMPNRGZ | X25: 0.0029680365 | Y25: 0.005774474 | Z25: S02aH07 | AA25: elc_roadtransport | AC25: elc_buildings | AD25: S02aH07 | AE25: 0.0038970894 | AG25: ELC | AH25: S02aH07 | AI25: 0.040997646 | AK25: 2021 | AL25: S03 | AM25: 0.20436396 | AN25: hydro
D26: p | E26: 0202h16 | F26: S12 | G26: b | I26: elc_spv_001 | J26: S02aH08 | K26: 0 | L26: IMPNRGZ | N26: elc_won_001 | O26: S02aH08 | P26: 0.024058218 | Q26: IMPNRGZ | S26: elc_wof_001 | T26: S02aH08 | U26: 0.02437546 | V26: IMPNRGZ | X26: 0.017808219 | Y26: 0.015685885 | Z26: S02aH08 | AA26: elc_roadtransport | AC26: elc_buildings | AD26: S02aH08 | AE26: 0.020333524 | AG26: ELC | AH26: S02aH08 | AI26: 0.16830822 | AK26: 2021 | AL26: S04 | AM26: 0.20896095 | AN26: hydro
E27: 0202h17 | G27: b | I27: elc_spv_001 | J27: S02b0202h01 | K27: 0 | L27: IMPNRGZ | N27: elc_won_001 | O27: S02b0202h01 | P27: 3.6345216e-05 | Q27: IMPNRGZ | S27: elc_wof_001 | T27: S02b0202h01 | U27: 0.00030621002 | V27: IMPNRGZ | X27: 0.00011415525 | Y27: 2.1546545e-05 | Z27: S02b0202h01 | AA27: elc_roadtransport | AC27: elc_buildings | AD27: S02b0202h01 | AE27: 9.4838184e-05 | AG27: ELC | AH27: S02b0202h01 | AI27: 0 | AK27: 2021 | AL27: S05 | AM27: 0.29511299 | AN27: hydro
E28: 0202h18 | G28: b | I28: elc_spv_001 | J28: S02b0202h02 | K28: 0 | L28: IMPNRGZ | N28: elc_won_001 | O28: S02b0202h02 | P28: 3.9047846e-05 | Q28: IMPNRGZ | S28: elc_wof_001 | T28: S02b0202h02 | U28: 0.00030563629 | V28: IMPNRGZ | X28: 0.00011415525 | Y28: 1.4916839e-05 | Z28: S02b0202h02 | AA28: elc_roadtransport | AC28: elc_buildings | AD28: S02b0202h02 | AE28: 8.8624232e-05 | AG28: ELC | AH28: S02b0202h02 | AI28: 0 | AK28: 2021 | AL28: S06 | AM28: 0.36845059 | AN28: hydro
E29: 0202h19 | G29: b | I29: elc_spv_001 | J29: S02b0202h03 | K29: 0 | L29: IMPNRGZ | N29: elc_won_001 | O29: S02b0202h03 | P29: 3.4120995e-05 | Q29: IMPNRGZ | S29: elc_wof_001 | T29: S02b0202h03 | U29: 0.00030157663 | V29: IMPNRGZ | X29: 0.00011415525 | Y29: 1.6574265e-05 | Z29: S02b0202h03 | AA29: elc_roadtransport | AC29: elc_buildings | AD29: S02b0202h03 | AE29: 8.5582962e-05 | AG29: ELC | AH29: S02b0202h03 | AI29: 0 | AK29: 2021 | AL29: S07 | AM29: 0.33584287 | AN29: hydro
E30: 0202h20 | G30: b | I30: elc_spv_001 | J30: S02b0202h04 | K30: 0 | L30: IMPNRGZ | N30: elc_won_001 | O30: S02b0202h04 | P30: 4.4727446e-05 | Q30: IMPNRGZ | S30: elc_wof_001 | T30: S02b0202h04 | U30: 0.00034998146 | V30: IMPNRGZ | X30: 0.00011415525 | Y30: 1.4585353e-05 | Z30: S02b0202h04 | AA30: elc_roadtransport | AC30: elc_buildings | AD30: S02b0202h04 | AE30: 8.5710621e-05 | AG30: ELC | AH30: S02b0202h04 | AI30: 0 | AK30: 2021 | AL30: S08 | AM30: 0.30726049 | AN30: hydro
E31: 0202h21 | G31: b | I31: elc_spv_001 | J31: S02b0202h05 | K31: 0 | L31: IMPNRGZ | N31: elc_won_001 | O31: S02b0202h05 | P31: 4.832878e-05 | Q31: IMPNRGZ | S31: elc_wof_001 | T31: S02b0202h05 | U31: 0.00039516204 | V31: IMPNRGZ | X31: 0.00011415525 | Y31: 2.1215059e-05 | Z31: S02b0202h05 | AA31: elc_roadtransport | AC31: elc_buildings | AD31: S02b0202h05 | AE31: 8.6251291e-05 | AG31: ELC | AH31: S02b0202h05 | AI31: 0 | AK31: 2021 | AL31: S09 | AM31: 0.20010042 | AN31: hydro
E32: 0202h22 | G32: b | I32: elc_spv_001 | J32: S02b0202h06 | K32: 0 | L32: IMPNRGZ | N32: elc_won_001 | O32: S02b0202h06 | P32: 4.1652789e-05 | Q32: IMPNRGZ | S32: elc_wof_001 | T32: S02b0202h06 | U32: 0.00041938355 | V32: IMPNRGZ | X32: 0.00011415525 | Y32: 5.7678443e-05 | Z32: S02b0202h06 | AA32: elc_roadtransport | AC32: elc_buildings | AD32: S02b0202h06 | AE32: 9.7616628e-05 | AG32: ELC | AH32: S02b0202h06 | AI32: 0 | AK32: 2021 | AL32: S10 | AM32: 0.19293101 | AN32: hydro
E33: 0202h23 | G33: b | I33: elc_spv_001 | J33: S02b0202h07 | K33: 0 | L33: IMPNRGZ | N33: elc_won_001 | O33: S02b0202h07 | P33: 3.8205011e-05 | Q33: IMPNRGZ | S33: elc_wof_001 | T33: S02b0202h07 | U33: 0.00043927519 | V33: IMPNRGZ | X33: 0.00011415525 | Y33: 0.0001690575 | Z33: S02b0202h07 | AA33: elc_roadtransport | AC33: elc_buildings | AD33: S02b0202h07 | AE33: 0.00010350017 | AG33: ELC | AH33: S02b0202h07 | AI33: 0 | AK33: 2021 | AL33: S11 | AM33: 0.19123988 | AN33: hydro
E34: 0202h24 | G34: b | I34: elc_spv_001 | J34: S02b0202h08 | K34: 0 | L34: IMPNRGZ | N34: elc_won_001 | O34: S02b0202h08 | P34: 4.077031e-05 | Q34: IMPNRGZ | S34: elc_wof_001 | T34: S02b0202h08 | U34: 0.0004531237 | V34: IMPNRGZ | X34: 0.00011415525 | Y34: 0.00019060405 | Z34: S02b0202h08 | AA34: elc_roadtransport | AC34: elc_buildings | AD34: S02b0202h08 | AE34: 0.00011535737 | AG34: ELC | AH34: S02b0202h08 | AI34: 0 | AK34: 2021 | AL34: S12 | AM34: 0.18792909 | AN34: hydro
E35: 0225h01 | G35: c | I35: elc_spv_001 | J35: S02b0202h09 | K35: 6.7134746e-06 | L35: IMPNRGZ | N35: elc_won_001 | O35: S02b0202h09 | P35: 5.7806853e-05 | Q35: IMPNRGZ | S35: elc_wof_001 | T35: S02b0202h09 | U35: 0.00045343731 | V35: IMPNRGZ | X35: 0.00011415525 | Y35: 0.00014585353 | Z35: S02b0202h09 | AA35: elc_roadtransport | AC35: elc_buildings | AD35: S02b0202h09 | AE35: 0.00012044492 | AG35: ELC | AH35: S02b0202h09 | AI35: 0 | AK35: 2022 | AL35: S01 | AM35: 0.15904663 | AN35: hydro
E36: 0225h02 | G36: c | I36: elc_spv_001 | J36: S02b0202h10 | K36: 3.1779496e-05 | L36: IMPNRGZ | N36: elc_won_001 | O36: S02b0202h10 | P36: 8.8524843e-05 | Q36: IMPNRGZ | S36: elc_wof_001 | T36: S02b0202h10 | U36: 0.00044599257 | V36: IMPNRGZ | X36: 0.00011415525 | Y36: 0.00014452759 | Z36: S02b0202h10 | AA36: elc_roadtransport | AC36: elc_buildings | AD36: S02b0202h10 | AE36: 0.0001224424 | AG36: ELC | AH36: S02b0202h10 | AI36: 0 | AK36: 2022 | AL36: S02 | AM36: 0.11712952 | AN36: hydro
E37: 0225h03 | G37: c | I37: elc_spv_001 | J37: S02b0202h11 | K37: 7.3716823e-05 | L37: IMPNRGZ | N37: elc_won_001 | O37: S02b0202h11 | P37: 0.00011134607 | Q37: IMPNRGZ | S37: elc_wof_001 | T37: S02b0202h11 | U37: 0.00043022328 | V37: IMPNRGZ | X37: 0.00011415525 | Y37: 0.00014088125 | Z37: S02b0202h11 | AA37: elc_roadtransport | AC37: elc_buildings | AD37: S02b0202h11 | AE37: 0.00012351998 | AG37: ELC | AH37: S02b0202h11 | AI37: 0 | AK37: 2022 | AL37: S03 | AM37: 0.098694114 | AN37: hydro
E38: 0225h04 | G38: c | I38: elc_spv_001 | J38: S02b0202h12 | K38: 0.00013723199 | L38: IMPNRGZ | N38: elc_won_001 | O38: S02b0202h12 | P38: 0.00013877373 | Q38: IMPNRGZ | S38: elc_wof_001 | T38: S02b0202h12 | U38: 0.00044873217 | V38: IMPNRGZ | X38: 0.00011415525 | Y38: 0.00014054977 | Z38: S02b0202h12 | AA38: elc_roadtransport | AC38: elc_buildings | AD38: S02b0202h12 | AE38: 0.00012240861 | AG38: ELC | AH38: S02b0202h12 | AI38: 0 | AK38: 2022 | AL38: S04 | AM38: 0.12179374 | AN38: hydro
... E358: 1223h12 | G358: p | I358: elc_spv_001 | J358: S11aH04 | K358: 0.0046204768 | L358: IMPNRGZ | N358: elc_won_001 | O358: S11aH04 | P358: 0.0068219652 | Q358: IMPNRGZ | S358: elc_wof_001 | T358: S11aH04 | U358: 0.0050652062 | V358: IMPNRGZ | X358: 0.0033105023 | Y358: 0.0041913002 | Z358: S11aH04 | AA358: elc_roadtransport | AC358: elc_buildings | AD358: S11aH04 | AE358: 0.003683952 | AG358: ELC | AH358: S11aH04 | AI358: 0.097965081 | AK358: 2050 | AL358: S12 | AM358: 0.1942 | AN358: hydro
E359: 1223h13 | G359: p | I359: elc_spv_001 | J359: S11aH05 | K359: 0.032945469 | L359: IMPNRGZ | N359: elc_won_001 | O359: S11aH05 | P359: 0.038270339 | Q359: IMPNRGZ | S359: elc_wof_001 | T359: S11aH05 | U359: 0.028913454 | V359: IMPNRGZ | X359: 0.019863014 | Y359: 0.025974525 | Z359: S11aH05 | AA359: elc_roadtransport | AC359: elc_buildings | AD359: S11aH05 | AE359: 0.021845076 | AG359: ELC | AH359: S11aH05 | AI359: 0.10285272
E360: 1223h14 | G360: p | I360: elc_spv_001 | J360: S11aH06 | K360: 0.0028458546 | L360: IMPNRGZ | N360: elc_won_001 | O360: S11aH06 | P360: 0.0065738306 | Q360: IMPNRGZ | S360: elc_wof_001 | T360: S11aH06 | U360: 0.0055841816 | V360: IMPNRGZ | X360: 0.0033105023 | Y360: 0.0064407594 | Z360: S11aH06 | AA360: elc_roadtransport | AC360: elc_buildings | AD360: S11aH06 | AE360: 0.0036991921 | AG360: ELC | AH360: S11aH06 | AI360: 0.11336038
E361: 1223h15 | G361: p | I361: elc_spv_001 | J361: S11aH07 | K361: 0 | L361: IMPNRGZ | N361: elc_won_001 | O361: S11aH07 | P361: 0.0066179552 | Q361: IMPNRGZ | S361: elc_wof_001 | T361: S11aH07 | U361: 0.0059450171 | V361: IMPNRGZ | X361: 0.0033105023 | Y361: 0.0064407594 | Z361: S11aH07 | AA361: elc_roadtransport | AC361: elc_buildings | AD361: S11aH07 | AE361: 0.0037689123 | AG361: ELC | AH361: S11aH07 | AI361: 0.10886392
E362: 1223h16 | G362: p | I362: elc_spv_001 | J362: S11aH08 | K362: 0 | L362: IMPNRGZ | N362: elc_won_001 | O362: S11aH08 | P362: 0.042096327 | Q362: IMPNRGZ | S362: elc_wof_001 | T362: S11aH08 | U362: 0.035257387 | V362: IMPNRGZ | X362: 0.019863014 | Y362: 0.017495794 | Z362: S11aH08 | AA362: elc_roadtransport | AC362: elc_buildings | AD362: S11aH08 | AE362: 0.020864541 | AG362: ELC | AH362: S11aH08 | AI362: 0.18621034
E363: 1223h17 | G363: p | I363: elc_spv_001 | J363: S11m1129h01 | K363: 0 | L363: IMPNRGZ | N363: elc_won_001 | O363: S11m1129h01 | P363: 4.8652778e-05 | Q363: IMPNRGZ | S363: elc_wof_001 | T363: S11m1129h01 | U363: 2.4994086e-06 | V363: IMPNRGZ | X363: 0.00011415525 | Y363: 2.1546545e-05 | Z363: S11m1129h01 | AA363: elc_roadtransport | AC363: elc_buildings | AD363: S11m1129h01 | AE363: 9.8234115e-05 | AG363: ELC | AH363: S11m1129h01 | AI363: 0
E364: 1223h18 | G364: p | I364: elc_spv_001 | J364: S11m1129h02 | K364: 0 | L364: IMPNRGZ | N364: elc_won_001 | O364: S11m1129h02 | P364: 6.1903108e-05 | Q364: IMPNRGZ | S364: elc_wof_001 | T364: S11m1129h02 | U364: 4.2767896e-06 | V364: IMPNRGZ | X364: 0.00011415525 | Y364: 1.4916839e-05 | Z364: S11m1129h02 | AA364: elc_roadtransport | AC364: elc_buildings | AD364: S11m1129h02 | AE364: 9.3289236e-05 | AG364: ELC | AH364: S11m1129h02 | AI364: 0
E365: 1223h19 | G365: p | I365: elc_spv_001 | J365: S11m1129h03 | K365: 0 | L365: IMPNRGZ | N365: elc_won_001 | O365: S11m1129h03 | P365: 6.4885153e-05 | Q365: IMPNRGZ | S365: elc_wof_001 | T365: S11m1129h03 | U365: 5.6066807e-06 | V365: IMPNRGZ | X365: 0.00011415525 | Y365: 1.6574265e-05 | Z365: S11m1129h03 | AA365: elc_roadtransport | AC365: elc_buildings | AD365: S11m1129h03 | AE365: 9.1321797e-05 | AG365: ELC | AH365: S11m1129h03 | AI365: 0
E366: 1223h20 | G366: p | I366: elc_spv_001 | J366: S11m1129h04 | K366: 0 | L366: IMPNRGZ | N366: elc_won_001 | O366: S11m1129h04 | P366: 5.1430058e-05 | Q366: IMPNRGZ | S366: elc_wof_001 | T366: S11m1129h04 | U366: 7.821759e-06 | V366: IMPNRGZ | X366: 0.00011415525 | Y366: 1.4585353e-05 | Z366: S11m1129h04 | AA366: elc_roadtransport | AC366: elc_buildings | AD366: S11m1129h04 | AE366: 9.2065219e-05 | AG366: ELC | AH366: S11m1129h04 | AI366: 0
E367: 1223h21 | G367: p | I367: elc_spv_001 | J367: S11m1129h05 | K367: 0 | L367: IMPNRGZ | N367: elc_won_001 | O367: S11m1129h05 | P367: 4.0592889e-05 | Q367: IMPNRGZ | S367: elc_wof_001 | T367: S11m1129h05 | U367: 8.7760887e-06 | V367: IMPNRGZ | X367: 0.00011415525 | Y367: 2.1215059e-05 | Z367: S11m1129h05 | AA367: elc_roadtransport | AC367: elc_buildings | AD367: S11m1129h05 | AE367: 9.5958795e-05 | AG367: ELC | AH367: S11m1129h05 | AI367: 0
E368: 1223h22 | G368: p | I368: elc_spv_001 | J368: S11m1129h06 | K368: 0 | L368: IMPNRGZ | N368: elc_won_001 | O368: S11m1129h06 | P368: 2.9960336e-05 | Q368: IMPNRGZ | S368: elc_wof_001 | T368: S11m1129h06 | U368: 8.0183479e-06 | V368: IMPNRGZ | X368: 0.00011415525 | Y368: 5.7678443e-05 | Z368: S11m1129h06 | AA368: elc_roadtransport | AC368: elc_buildings | AD368: S11m1129h06 | AE368: 0.00011489351 | AG368: ELC | AH368: S11m1129h06 | AI368: 0
E369: 1223h23 | G369: p | I369: elc_spv_001 | J369: S11m1129h07 | K369: 0 | L369: IMPNRGZ | N369: elc_won_001 | O369: S11m1129h07 | P369: 2.5598956e-05 | Q369: IMPNRGZ | S369: elc_wof_001 | T369: S11m1129h07 | U369: 9.6801644e-06 | V369: IMPNRGZ | X369: 0.00011415525 | Y369: 0.0001690575 | Z369: S11m1129h07 | AA369: elc_roadtransport | AC369: elc_buildings | AD369: S11m1129h07 | AE369: 0.0001235968 | AG369: ELC | AH369: S11m1129h07 | AI369: 0
E370: 1223h24 | G370: p | I370: elc_spv_001 | J370: S11m1129h08 | K370: 0 | L370: IMPNRGZ | N370: elc_won_001 | O370: S11m1129h08 | P370: 2.057737e-05 | Q370: IMPNRGZ | S370: elc_wof_001 | T370: S11m1129h08 | U370: 1.3852989e-05 | V370: IMPNRGZ | X370: 0.00011415525 | Y370: 0.00019060405 | Z370: S11m1129h08 | AA370: elc_roadtransport | AC370: elc_buildings | AD370: S11m1129h08 | AE370: 0.00013060674 | AG370: ELC | AH370: S11m1129h08 | AI370: 0
... E378: H08 | G378: a | I378: elc_spv_001 | J378: S11m1129h16 | K378: 0.00027391458 | L378: IMPNRGZ | N378: elc_won_001 | O378: S11m1129h16 | P378: 3.1533824e-10 | Q378: IMPNRGZ | S378: elc_wof_001 | T378: S11m1129h16 | U378: 7.5376836e-06 | V378: IMPNRGZ | X378: 0.00011415525 | Y378: 0.00017237236 | Z378: S11m1129h16 | AA378: elc_roadtransport | AC378: elc_buildings | AD378: S11m1129h16 | AE378: 0.00013891954 | AG378: ELC | AH378: S11m1129h16 | AI378: 0
I379: elc_spv_001 | J379: S11m1129h17 | K379: 0.00013959072 | L379: IMPNRGZ | N379: elc_won_001 | O379: S11m1129h17 | P379: 4.5559049e-09 | Q379: IMPNRGZ | S379: elc_wof_001 | T379: S11m1129h17 | U379: 1.9926808e-06 | V379: IMPNRGZ | X379: 0.00011415525 | Y379: 0.00022209515 | Z379: S11m1129h17 | AA379: elc_roadtransport | AC379: elc_buildings | AD379: S11m1129h17 | AE379: 0.00014358282 | AG379: ELC | AH379: S11m1129h17 | AI379: 0
I380: elc_spv_001 | J380: S11m1129h18 | K380: 0 | L380: IMPNRGZ | N380: elc_won_001 | O380: S11m1129h18 | P380: 1.0690074e-07 | Q380: IMPNRGZ | S380: elc_wof_001 | T380: S11m1129h18 | U380: 5.7286058e-07 | V380: IMPNRGZ | X380: 0.00011415525 | Y380: 0.00022209515 | Z380: S11m1129h18 | AA380: elc_roadtransport | AC380: elc_buildings | AD380: S11m1129h18 | AE380: 0.00014619231 | AG380: ELC | AH380: S11m1129h18 | AI380: 0
I381: elc_spv_001 | J381: S11m1129h19 | K381: 0 | L381: IMPNRGZ | N381: elc_won_001 | O381: S11m1129h19 | P381: 2.2487542e-07 | Q381: IMPNRGZ | S381: elc_wof_001 | T381: S11m1129h19 | U381: 0 | V381: IMPNRGZ | X381: 0.00011415525 | Y381: 0.00017237236 | Z381: S11m1129h19 | AA381: elc_roadtransport | AC381: elc_buildings | AD381: S11m1129h19 | AE381: 0.00014648893 | AG381: ELC | AH381: S11m1129h19 | AI381: 0
I382: elc_spv_001 | J382: S11m1129h20 | K382: 0 | L382: IMPNRGZ | N382: elc_won_001 | O382: S11m1129h20 | P382: 1.9397092e-07 | Q382: IMPNRGZ | S382: elc_wof_001 | T382: S11m1129h20 | U382: 0 | V382: IMPNRGZ | X382: 0.00011415525 | Y382: 0.00015579809 | Z382: S11m1129h20 | AA382: elc_roadtransport | AC382: elc_buildings | AD382: S11m1129h20 | AE382: 0.00013949401 | AG382: ELC | AH382: S11m1129h20 | AI382: 0
I383: elc_spv_001 | J383: S11m1129h21 | K383: 0 | L383: IMPNRGZ | N383: elc_won_001 | O383: S11m1129h21 | P383: 1.4730194e-07 | Q383: IMPNRGZ | S383: elc_wof_001 | T383: S11m1129h21 | U383: 0 | V383: IMPNRGZ | X383: 0.00011415525 | Y383: 0.00010939015 | Z383: S11m1129h21 | AA383: elc_roadtransport | AC383: elc_buildings | AD383: S11m1129h21 | AE383: 0.00013282574 | AG383: ELC | AH383: S11m1129h21 | AI383: 0
I384: elc_spv_001 | J384: S11m1129h22 | K384: 0 | L384: IMPNRGZ | N384: elc_won_001 | O384: S11m1129h22 | P384: 9.6667206e-08 | Q384: IMPNRGZ | S384: elc_wof_001 | T384: S11m1129h22 | U384: 0 | V384: IMPNRGZ | X384: 0.00011415525 | Y384: 7.9556473e-05 | Z384: S11m1129h22 | AA384: elc_roadtransport | AC384: elc_buildings | AD384: S11m1129h22 | AE384: 0.00012505361 | AG384: ELC | AH384: S11m1129h22 | AI384: 0
I385: elc_spv_001 | J385: S11m1129h23 | K385: 0 | L385: IMPNRGZ | N385: elc_won_001 | O385: S11m1129h23 | P385: 3.7081073e-07 | Q385: IMPNRGZ | S385: elc_wof_001 | T385: S11m1129h23 | U385: 0 | V385: IMPNRGZ | X385: 0.00011415525 | Y385: 5.6352501e-05 | Z385: S11m1129h23 | AA385: elc_roadtransport | AC385: elc_buildings | AD385: S11m1129h23 | AE385: 0.000118712 | AG385: ELC | AH385: S11m1129h23 | AI385: 0
I386: elc_spv_001 | J386: S11m1129h24 | K386: 0 | L386: IMPNRGZ | N386: elc_won_001 | O386: S11m1129h24 | P386: 2.5203404e-06 | Q386: IMPNRGZ | S386: elc_wof_001 | T386: S11m1129h24 | U386: 1.4504084e-06 | V386: IMPNRGZ | X386: 0.00011415525 | Y386: 2.9833677e-05 | Z386: S11m1129h24 | AA386: elc_roadtransport | AC386: elc_buildings | AD386: S11m1129h24 | AE386: 9.8801068e-05 | AG386: ELC | AH386: S11m1129h24 | AI386: 0
I387: elc_spv_001 | J387: S12aH01 | K387: 0 | L387: IMPNRGZ | N387: elc_won_001 | O387: S12aH01 | P387: 0.031473605 | Q387: IMPNRGZ | S387: elc_wof_001 | T387: S12aH01 | U387: 0.021325709 | V387: IMPNRGZ | X387: 0.022374429 | Y387: 0.0088360722 | Z387: S12aH01 | AA387: elc_roadtransport | AC387: elc_buildings | AD387: S12aH01 | AE387: 0.019122222 | AG387: ELC | AH387: S12aH01 | AI387: 0.29487295
I388: elc_spv_001 | J388: S12aH02 | K388: 0 | L388: IMPNRGZ | N388: elc_won_001 | O388: S12aH02 | P388: 0.0044340367 | Q388: IMPNRGZ | S388: elc_wof_001 | T388: S12aH02 | U388: 0.0034652388 | V388: IMPNRGZ | X388: 0.003196347 | Y388: 0.0053369134 | Z388: S12aH02 | AA388: elc_roadtransport | AC388: elc_buildings | AD388: S12aH02 | AE388: 0.003722419 | AG388: ELC | AH388: S12aH02 | AI388: 0.051691032
I389: elc_spv_001 | J389: S12aH03 | K389: 0.003048023 | L389: IMPNRGZ | N389: elc_won_001 | O389: S12aH03 | P389: 0.0043527238 | Q389: IMPNRGZ | S389: elc_wof_001 | T389: S12aH03 | U389: 0.0035611449 | V389: IMPNRGZ | X389: 0.003196347 | Y389: 0.0040838989 | Z389: S12aH03 | AA389: elc_roadtransport | AC389: elc_buildings | AD389: S12aH03 | AE389: 0.0038724775 | AG389: ELC | AH389: S12aH03 | AI389: 0.058217754
I390: elc_spv_001 | J390: S12aH04 | K390: 0.0050669839 | L390: IMPNRGZ | N390: elc_won_001 | O390: S12aH04 | P390: 0.0040878403 | Q390: IMPNRGZ | S390: elc_wof_001 | T390: S12aH04 | U390: 0.0035636924 | V390: IMPNRGZ | X390: 0.003196347 | Y390: 0.0040467726 | Z390: S12aH04 | AA390: elc_roadtransport | AC390: elc_buildings | AD390: S12aH04 | AE390: 0.0039287898 | AG390: ELC | AH390: S12aH04 | AI390: 0.056819961
... I466: elc_spv_001 | J466: S12p1223h24 | K466: 0 | L466: IMPNRGZ | N466: elc_won_001 | O466: S12p1223h24 | P466: 4.9350121e-07 | Q466: IMPNRGZ | S466: elc_wof_001 | T466: S12p1223h24 | U466: 3.3081466e-06 | V466: IMPNRGZ | X466: 0.00011415525 | Y466: 2.9833677e-05 | Z466: S12p1223h24 | AA466: elc_roadtransport | AC466: elc_buildings | AD466: S12p1223h24 | AE466: 0.00010004861 | AG466: ELC | AH466: S12p1223h24 | AI466: 0
I467: elc_spv_002 | J467: S01aH01 | K467: 0 | L467: IMPNRGZ | N467: elc_won_002 | O467: S01aH01 | P467: 0.032260866 | Q467: IMPNRGZ | S467: elc_wof_002 | T467: S01aH01 | U467: 0.025467374 | V467: IMPNRGZ | AC467: elc_industry | AD467: S01aH01 | AE467: 0.024308733
I468: elc_spv_002 | J468: S01aH02 | K468: 0 | L468: IMPNRGZ | N468: elc_won_002 | O468: S01aH02 | P468: 0.0047986725 | Q468: IMPNRGZ | S468: elc_wof_002 | T468: S01aH02 | U468: 0.0036339343 | V468: IMPNRGZ | AC468: elc_industry | AD468: S01aH02 | AE468: 0.0035677172
I469: elc_spv_002 | J469: S01aH03 | K469: 0.0023928861 | L469: IMPNRGZ | N469: elc_won_002 | O469: S01aH03 | P469: 0.0046795982 | Q469: IMPNRGZ | S469: elc_wof_002 | T469: S01aH03 | U469: 0.0036705077 | V469: IMPNRGZ | AC469: elc_industry | AD469: S01aH03 | AE469: 0.0035803913
I470: elc_spv_002 | J470: S01aH04 | K470: 0.0041918775 | L470: IMPNRGZ | N470: elc_won_002 | O470: S01aH04 | P470: 0.0045493988 | Q470: IMPNRGZ | S470: elc_wof_002 | T470: S01aH04 | U470: 0.0036509598 | V470: IMPNRGZ | AC470: elc_industry | AD470: S01aH04 | AE470: 0.003585844
I471: elc_spv_002 | J471: S01aH05 | K471: 0.036538852 | L471: IMPNRGZ | N471: elc_won_002 | O471: S01aH05 | P471: 0.025678443 | Q471: IMPNRGZ | S471: elc_wof_002 | T471: S01aH05 | U471: 0.019448172 | V471: IMPNRGZ | AC471: elc_industry | AD471: S01aH05 | AE471: 0.02147811
I472: elc_spv_002 | J472: S01aH06 | K472: 0.0034809836 | L472: IMPNRGZ | N472: elc_won_002 | O472: S01aH06 | P472: 0.0045265343 | Q472: IMPNRGZ | S472: elc_wof_002 | T472: S01aH06 | U472: 0.0033678885 | V472: IMPNRGZ | AC472: elc_industry | AD472: S01aH06 | AE472: 0.0035914002
I473: elc_spv_002 | J473: S01aH07 | K473: 0 | L473: IMPNRGZ | N473: elc_won_002 | O473: S01aH07 | P473: 0.0045594211 | Q473: IMPNRGZ | S473: elc_wof_002 | T473: S01aH07 | U473: 0.0036974706 | V473: IMPNRGZ | AC473: elc_industry | AD473: S01aH07 | AE473: 0.0035970111
I474: elc_spv_002 | J474: S01aH08 | K474: 0 | L474: IMPNRGZ | N474: elc_won_002 | O474: S01aH08 | P474: 0.026686794 | Q474: IMPNRGZ | S474: elc_wof_002 | T474: S01aH08 | U474: 0.024152583 | V474: IMPNRGZ | AC474: elc_industry | AD474: S01aH08 | AE474: 0.021294543
I475: elc_spv_002 | J475: S02aH01 | K475: 0 | L475: IMPNRGZ | N475: elc_won_002 | O475: S02aH01 | P475: 0.022629665 | Q475: IMPNRGZ | S475: elc_wof_002 | T475: S02aH01 | U475: 0.030714275 | V475: IMPNRGZ | AC475: elc_industry | AD475: S02aH01 | AE475: 0.020420337
I476: elc_spv_002 | J476: S02aH02 | K476: 0.00046857191 | L476: IMPNRGZ | N476: elc_won_002 | O476: S02aH02 | P476: 0.0034970137 | Q476: IMPNRGZ | S476: elc_wof_002 | T476: S02aH02 | U476: 0.0039794343 | V476: IMPNRGZ | AC476: elc_industry | AD476: S02aH02 | AE476: 0.002991497
I477: elc_spv_002 | J477: S02aH03 | K477: 0.0043002862 | L477: IMPNRGZ | N477: elc_won_002 | O477: S02aH03 | P477: 0.0036015932 | Q477: IMPNRGZ | S477: elc_wof_002 | T477: S02aH03 | U477: 0.0040541625 | V477: IMPNRGZ | AC477: elc_industry | AD477: S02aH03 | AE477: 0.0030027563
I478: elc_spv_002 | J478: S02aH04 | K478: 0.0065106675 | L478: IMPNRGZ | N478: elc_won_002 | O478: S02aH04 | P478: 0.0036283094 | Q478: IMPNRGZ | S478: elc_wof_002 | T478: S02aH04 | U478: 0.0041765416 | V478: IMPNRGZ | AC478: elc_industry | AD478: S02aH04 | AE478: 0.0030072528
... I922: elc_spv_002 | J922: S12p1223h24 | K922: 0 | L922: IMPNRGZ | N922: elc_won_002 | O922: S12p1223h24 | P922: 4.5962269e-06 | Q922: IMPNRGZ | S922: elc_wof_002 | T922: S12p1223h24 | U922: 3.9662053e-06 | V922: IMPNRGZ | AC922: elc_industry | AD922: S12p1223h24 | AE922: 0.00011240137
I923: elc_spv_003 | J923: S01aH01 | K923: 0 | L923: IMPNRGZ | N923: elc_won_003 | O923: S01aH01 | P923: 0.032961294 | Q923: IMPNRGZ | S923: elc_wof_003 | T923: S01aH01 | U923: 0.033547497 | V923: IMPNRGZ
I924: elc_spv_003 | J924: S01aH02 | K924: 0 | L924: IMPNRGZ | N924: elc_won_003 | O924: S01aH02 | P924: 0.0046795692 | Q924: IMPNRGZ | S924: elc_wof_003 | T924: S01aH02 | U924: 0.0047945586 | V924: IMPNRGZ
I925: elc_spv_003 | J925: S01aH03 | K925: 0.0030922425 | L925: IMPNRGZ | N925: elc_won_003 | O925: S01aH03 | P925: 0.0047953978 | Q925: IMPNRGZ | S925: elc_wof_003 | T925: S01aH03 | U925: 0.0049089563 | V925: IMPNRGZ
I926: elc_spv_003 | J926: S01aH04 | K926: 0.0053253552 | L926: IMPNRGZ | N926: elc_won_003 | O926: S01aH04 | P926: 0.0048145606 | Q926: IMPNRGZ | S926: elc_wof_003 | T926: S01aH04 | U926: 0.0049264756 | V926: IMPNRGZ
I927: elc_spv_003 | J927: S01aH05 | K927: 0.038892164 | L927: IMPNRGZ | N927: elc_won_003 | O927: S01aH05 | P927: 0.028300559 | Q927: IMPNRGZ | S927: elc_wof_003 | T927: S01aH05 | U927: 0.030367128 | V927: IMPNRGZ
I928: elc_spv_003 | J928: S01aH06 | K928: 0.0038879478 | L928: IMPNRGZ | N928: elc_won_003 | O928: S01aH06 | P928: 0.0046508535 | Q928: IMPNRGZ | S928: elc_wof_003 | T928: S01aH06 | U928: 0.0049914615 | V928: IMPNRGZ
I929: elc_spv_003 | J929: S01aH07 | K929: 0 | L929: IMPNRGZ | N929: elc_won_003 | O929: S01aH07 | P929: 0.0047500653 | Q929: IMPNRGZ | S929: elc_wof_003 | T929: S01aH07 | U929: 0.0050037482 | V929: IMPNRGZ
I930: elc_spv_003 | J930: S01aH08 | K930: 0 | L930: IMPNRGZ | N930: elc_won_003 | O930: S01aH08 | P930: 0.029195416 | Q930: IMPNRGZ | S930: elc_wof_003 | T930: S01aH08 | U930: 0.029368436 | V930: IMPNRGZ
I931: elc_spv_003 | J931: S02aH01 | K931: 0 | L931: IMPNRGZ | N931: elc_won_003 | O931: S02aH01 | P931: 0.025074286 | Q931: IMPNRGZ | S931: elc_wof_003 | T931: S02aH01 | U931: 0.024440656 | V931: IMPNRGZ
I932: elc_spv_003 | J932: S02aH02 | K932: 0.00040478475 | L932: IMPNRGZ | N932: elc_won_003 | O932: S02aH02 | P932: 0.0042382413 | Q932: IMPNRGZ | S932: elc_wof_003 | T932: S02aH02 | U932: 0.0027497513 | V932: IMPNRGZ
I933: elc_spv_003 | J933: S02aH03 | K933: 0.0045112656 | L933: IMPNRGZ | N933: elc_won_003 | O933: S02aH03 | P933: 0.0043214875 | Q933: IMPNRGZ | S933: elc_wof_003 | T933: S02aH03 | U933: 0.0024956607 | V933: IMPNRGZ
I934: elc_spv_003 | J934: S02aH04 | K934: 0.0066165159 | L934: IMPNRGZ | N934: elc_won_003 | O934: S02aH04 | P934: 0.0041687632 | Q934: IMPNRGZ | S934: elc_wof_003 | T934: S02aH04 | U934: 0.0023635012 | V934: IMPNRGZ
... I8674: elc_spv_019 | J8674: S12p1223h24 | K8674: 0 | L8674: IMPNRGZ | N8674: elc_won_019 | O8674: S12p1223h24 | P8674: 2.1994898e-05 | Q8674: IMPNRGZ | S8674: elc_wof_019 | T8674: S12p1223h24 | U8674: 0.00015449679 | V8674: IMPNRGZ
I8675: elc_spv_020 | J8675: S01aH01 | K8675: 0 | L8675: IMPNRGZ
I8676: elc_spv_020 | J8676: S01aH02 | K8676: 0 | L8676: IMPNRGZ
I8677: elc_spv_020 | J8677: S01aH03 | K8677: 0 | L8677: IMPNRGZ
I8678: elc_spv_020 | J8678: S01aH04 | K8678: 0.0033165965 | L8678: IMPNRGZ
I8679: elc_spv_020 | J8679: S01aH05 | K8679: 0.034489249 | L8679: IMPNRGZ
I8680: elc_spv_020 | J8680: S01aH06 | K8680: 0.0048883282 | L8680: IMPNRGZ
I8681: elc_spv_020 | J8681: S01aH07 | K8681: 0.0029674791 | L8681: IMPNRGZ
I8682: elc_spv_020 | J8682: S01aH08 | K8682: 0 | L8682: IMPNRGZ
I8683: elc_spv_020 | J8683: S02aH01 | K8683: 0 | L8683: IMPNRGZ
I8684: elc_spv_020 | J8684: S02aH02 | K8684: 0 | L8684: IMPNRGZ
I8685: elc_spv_020 | J8685: S02aH03 | K8685: 0.0022534731 | L8685: IMPNRGZ
I8686: elc_spv_020 | J8686: S02aH04 | K8686: 0.0045168087 | L8686: IMPNRGZ
... I10954: elc_spv_024 | J10954: S12p1223h24 | K10954: 0 | L10954: IMPNRGZ

Sheet s2_w_p2_d
C9: =IF(A11="x","DeActivated","~TimeSlices") -> DeActivated | I9: =IF(A11="x","DeActivated","~TFM_DINS-AT") -> DeActivated | N9: =IF(A11="x","DeActivated","~TFM_DINS-AT") -> DeActivated | S9: =IF(A11="x","DeActivated","~TFM_DINS-AT") -> DeActivated | X9: =IF(A11="x","DeActivated","~TFM_DINS-AT") -> DeActivated | AC9: =IF(A11="x","DeActivated","~TFM_DINS-AT") -> DeActivated | AG9: =IF(A11="x","DeActivated","~TFM_DINS-AT") -> DeActivated | AK9: =IF(A11="x","DeActivated","~TFM_INS-AT") -> DeActivated
A10: s2_w_p2_d | C10: season | D10: weekly | E10: daynite | F10: wparent | G10: dparent | I10: commodity | J10: timeslice | K10: com_fr | L10: process | N10: commodity | O10: timeslice | P10: com_fr | Q10: process | S10: commodity | T10: timeslice | U10: com_fr | V10: process | X10: g_yrfr | Y10: com_fr | Z10: timeslice | AA10: commodity | AC10: commodity | AD10: timeslice | AE10: com_fr | AG10: commodity | AH10: timeslice | AI10: com_pkflx | AK10: Year | AL10: timeslice | AM10: ncap_afs | AN10: pset_ci
A11: =IFERROR(IF(Veda!D5=A10,"ok","x"),"") -> x | C11: S01 | D11: a | E11: 0202h01 | F11: S01,S02,S03,S04,S05,S06,S07,S08,S09,S10,S11,S12 | G11: b | I11: elc_spv_001 | J11: S01aH01 | K11: 0 | L11: IMPNRGZ | N11: elc_won_001 | O11: S01aH01 | P11: 0.026254969 | Q11: IMPNRGZ | S11: elc_wof_001 | T11: S01aH01 | U11: 0.030999277 | V11: IMPNRGZ | X11: 0.024771689 | Y11: 0.0097827943 | Z11: S01aH01 | AA11: elc_roadtransport | AC11: elc_buildings | AD11: S01aH01 | AE11: 0.021406128 | AG11: ELC | AH11: S01aH01 | AI11: 0.29051279 | AK11: 2020 | AL11: S01 | AM11: 0.2265233 | AN11: hydro
C12: S02 | D12: b | E12: 0202h02 | F12: S02 | G12: b | I12: elc_spv_001 | J12: S01aH02 | K12: 0 | L12: IMPNRGZ | N12: elc_won_001 | O12: S01aH02 | P12: 0.0036180271 | Q12: IMPNRGZ | S12: elc_wof_001 | T12: S01aH02 | U12: 0.0042247837 | V12: IMPNRGZ | X12: 0.0035388128 | Y12: 0.0059087255 | Z12: S01aH02 | AA12: elc_roadtransport | AC12: elc_buildings | AD12: S01aH02 | AE12: 0.0042466859 | AG12: ELC | AH12: S01aH02 | AI12: 0.043835338 | AK12: 2020 | AL12: S02 | AM12: 0.18237548 | AN12: hydro
C13: S03 | D13: c | E13: 0202h03 | F13: S03 | G13: b | I13: elc_spv_001 | J13: S01aH03 | K13: 0.0027186497 | L13: IMPNRGZ | N13: elc_won_001 | O13: S01aH03 | P13: 0.0035272665 | Q13: IMPNRGZ | S13: elc_wof_001 | T13: S01aH03 | U13: 0.0043738353 | V13: IMPNRGZ | X13: 0.0035388128 | Y13: 0.0045214595 | Z13: S01aH03 | AA13: elc_roadtransport | AC13: elc_buildings | AD13: S01aH03 | AE13: 0.0044051999 | AG13: ELC | AH13: S01aH03 | AI13: 0.047390752 | AK13: 2020 | AL13: S03 | AM13: 0.18207885 | AN13: hydro
C14: S04 | D14: d | E14: 0202h04 | F14: S10 | G14: b | I14: elc_spv_001 | J14: S01aH04 | K14: 0.0050405901 | L14: IMPNRGZ | N14: elc_won_001 | O14: S01aH04 | P14: 0.0034559881 | Q14: IMPNRGZ | S14: elc_wof_001 | T14: S01aH04 | U14: 0.0044837047 | V14: IMPNRGZ | X14: 0.0035388128 | Y14: 0.0044803554 | Z14: S01aH04 | AA14: elc_roadtransport | AC14: elc_buildings | AD14: S01aH04 | AE14: 0.0044733956 | AG14: ELC | AH14: S01aH04 | AI14: 0.04500612 | AK14: 2020 | AL14: S04 | AM14: 0.24814815 | AN14: hydro
C15: S05 | D15: e | E15: 0202h05 | F15: S12 | G15: b | I15: elc_spv_001 | J15: S01aH05 | K15: 0.041974402 | L15: IMPNRGZ | N15: elc_won_001 | O15: S01aH05 | P15: 0.016552433 | Q15: IMPNRGZ | S15: elc_wof_001 | T15: S01aH05 | U15: 0.027340431 | V15: IMPNRGZ | X15: 0.021232877 | Y15: 0.027765872 | Z15: S01aH05 | AA15: elc_roadtransport | AC15: elc_buildings | AD15: S01aH05 | AE15: 0.026378195 | AG15: ELC | AH15: S01aH05 | AI15: 0.056535021 | AK15: 2020 | AL15: S05 | AM15: 0.35483871 | AN15: hydro
C16: S06 | E16: 0202h06 | G16: b | I16: elc_spv_001 | J16: S01aH06 | K16: 0.0035998388 | L16: IMPNRGZ | N16: elc_won_001 | O16: S01aH06 | P16: 0.0029731668 | Q16: IMPNRGZ | S16: elc_wof_001 | T16: S01aH06 | U16: 0.0044991124 | V16: IMPNRGZ | X16: 0.0035388128 | Y16: 0.0068849497 | Z16: S01aH06 | AA16: elc_roadtransport | AC16: elc_buildings | AD16: S01aH06 | AE16: 0.0045428868 | AG16: ELC | AH16: S01aH06 | AI16: 0.048485566 | AK16: 2020 | AL16: S06 | AM16: 0.38074074 | AN16: hydro
C17: S07 | E17: 0202h07 | G17: b | I17: elc_spv_001 | J17: S01aH07 | K17: 0 | L17: IMPNRGZ | N17: elc_won_001 | O17: S01aH07 | P17: 0.0031199516 | Q17: IMPNRGZ | S17: elc_wof_001 | T17: S01aH07 | U17: 0.0044215051 | V17: IMPNRGZ | X17: 0.0035388128 | Y17: 0.0068849497 | Z17: S01aH07 | AA17: elc_roadtransport | AC17: elc_buildings | AD17: S01aH07 | AE17: 0.0046130613 | AG17: ELC | AH17: S01aH07 | AI17: 0.044392857 | AK17: 2020 | AL17: S07 | AM17: 0.31541219 | AN17: hydro
C18: S08 | E18: 0202h08 | G18: b | I18: elc_spv_001 | J18: S01aH08 | K18: 0 | L18: IMPNRGZ | N18: elc_won_001 | O18: S01aH08 | P18: 0.022475735 | Q18: IMPNRGZ | S18: elc_wof_001 | T18: S01aH08 | U18: 0.027122878 | V18: IMPNRGZ | X18: 0.021232877 | Y18: 0.018702401 | Z18: S01aH08 | AA18: elc_roadtransport | AC18: elc_buildings | AD18: S01aH08 | AE18: 0.02408234 | AG18: ELC | AH18: S01aH08 | AI18: 0.17169254 | AK18: 2020 | AL18: S08 | AM18: 0.28172043 | AN18: hydro
C19: S09 | E19: 0202h09 | G19: b | I19: elc_spv_001 | J19: S02aH01 | K19: 0 | L19: IMPNRGZ | N19: elc_won_001 | O19: S02aH01 | P19: 0.030662171 | Q19: IMPNRGZ | S19: elc_wof_001 | T19: S02aH01 | U19: 0.026969863 | V19: IMPNRGZ | X19: 0.021575342 | Y19: 0.0085204982 | Z19: S02aH01 | AA19: elc_roadtransport | AC19: elc_buildings | AD19: S02aH01 | AE19: 0.019279749 | AG19: ELC | AH19: S02aH01 | AI19: 0.27606878 | AK19: 2020 | AL19: S09 | AM19: 0.26814815 | AN19: hydro
C20: S10 | E20: 0202h10 | G20: b | I20: elc_spv_001 | J20: S02aH02 | K20: 0.00063754206 | L20: IMPNRGZ | N20: elc_won_001 | O20: S02aH02 | P20: 0.0039701699 | Q20: IMPNRGZ | S20: elc_wof_001 | T20: S02aH02 | U20: 0.0035039165 | V20: IMPNRGZ | X20: 0.0030821918 | Y20: 0.0051463093 | Z20: S02aH02 | AA20: elc_roadtransport | AC20: elc_buildings | AD20: S02aH02 | AE20: 0.0037231056 | AG20: ELC | AH20: S02aH02 | AI20: 0.041805 | AK20: 2020 | AL20: S10 | AM20: 0.28387097 | AN20: hydro
C21: S11 | E21: 0202h11 | G21: b | I21: elc_spv_001 | J21: S02aH03 | K21: 0.0045098958 | L21: IMPNRGZ | N21: elc_won_001 | O21: S02aH03 | P21: 0.0038281094 | Q21: IMPNRGZ | S21: elc_wof_001 | T21: S02aH03 | U21: 0.0032995834 | V21: IMPNRGZ | X21: 0.0030821918 | Y21: 0.0039380454 | Z21: S02aH03 | AA21: elc_roadtransport | AC21: elc_buildings | AD21: S02aH03 | AE21: 0.0038687411 | AG21: ELC | AH21: S02aH03 | AI21: 0.04139704 | AK21: 2020 | AL21: S11 | AM21: 0.22666667 | AN21: hydro
C22: S12 | E22: 0202h12 | G22: b | I22: elc_spv_001 | J22: S02aH04 | K22: 0.0070170723 | L22: IMPNRGZ | N22: elc_won_001 | O22: S02aH04 | P22: 0.0033212782 | Q22: IMPNRGZ | S22: elc_wof_001 | T22: S02aH04 | U22: 0.0031972431 | V22: IMPNRGZ | X22: 0.0030821918 | Y22: 0.003902245 | Z22: S02aH04 | AA22: elc_roadtransport | AC22: elc_buildings | AD22: S02aH04 | AE22: 0.0039276066 | AG22: ELC | AH22: S02aH04 | AI22: 0.039243327 | AK22: 2020 | AL22: S12 | AM22: 0.23154122 | AN22: hydro
E23: 0202h13 | G23: b | I23: elc_spv_001 | J23: S02aH05 | K23: 0.047376693 | L23: IMPNRGZ | N23: elc_won_001 | O23: S02aH05 | P23: 0.018107647 | Q23: IMPNRGZ | S23: elc_wof_001 | T23: S02aH05 | U23: 0.019843625 | V23: IMPNRGZ | X23: 0.018493151 | Y23: 0.024183179 | Z23: S02aH05 | AA23: elc_roadtransport | AC23: elc_buildings | AD23: S02aH05 | AE23: 0.023140954 | AG23: ELC | AH23: S02aH05 | AI23: 0.059236362 | AK23: 2021 | AL23: S01 | AM23: 0.24366472 | AN23: hydro
E24: 0202h14 | G24: b | I24: elc_spv_001 | J24: S02aH06 | K24: 0.0054671533 | L24: IMPNRGZ | N24: elc_won_001 | O24: S02aH06 | P24: 0.0034686282 | Q24: IMPNRGZ | S24: elc_wof_001 | T24: S02aH06 | U24: 0.0038327945 | V24: IMPNRGZ | X24: 0.0030821918 | Y24: 0.0059965691 | Z24: S02aH06 | AA24: elc_roadtransport | AC24: elc_buildings | AD24: S02aH06 | AE24: 0.0039624835 | AG24: ELC | AH24: S02aH06 | AI24: 0.059386897 | AK24: 2021 | AL24: S02 | AM24: 0.24841143 | AN24: hydro
E25: 0202h15 | G25: b | I25: elc_spv_001 | J25: S02aH07 | K25: 0.0028447176 | L25: IMPNRGZ | N25: elc_won_001 | O25: S02aH07 | P25: 0.0035403844 | Q25: IMPNRGZ | S25: elc_wof_001 | T25: S02aH07 | U25: 0.0039029275 | V25: IMPNRGZ | X25: 0.0030821918 | Y25: 0.0059965691 | Z25: S02aH07 | AA25: elc_roadtransport | AC25: elc_buildings | AD25: S02aH07 | AE25: 0.0040535339 | AG25: ELC | AH25: S02aH07 | AI25: 0.039581327 | AK25: 2021 | AL25: S03 | AM25: 0.20436396 | AN25: hydro
E26: 0202h16 | G26: b | I26: elc_spv_001 | J26: S02aH08 | K26: 0 | L26: IMPNRGZ | N26: elc_won_001 | O26: S02aH08 | P26: 0.02501924 | Q26: IMPNRGZ | S26: elc_wof_001 | T26: S02aH08 | U26: 0.02448048 | V26: IMPNRGZ | X26: 0.018493151 | Y26: 0.016289188 | Z26: S02aH08 | AA26: elc_roadtransport | AC26: elc_buildings | AD26: S02aH08 | AE26: 0.021132042 | AG26: ELC | AH26: S02aH08 | AI26: 0.16756075 | AK26: 2021 | AL26: S04 | AM26: 0.20896095 | AN26: hydro
E27: 0202h17 | G27: b | I27: elc_spv_001 | J27: S02b0202h01 | K27: 0 | L27: IMPNRGZ | N27: elc_won_001 | O27: S02b0202h01 | P27: 3.6345216e-05 | Q27: IMPNRGZ | S27: elc_wof_001 | T27: S02b0202h01 | U27: 0.00030621002 | V27: IMPNRGZ | X27: 0.00011415525 | Y27: 2.1546545e-05 | Z27: S02b0202h01 | AA27: elc_roadtransport | AC27: elc_buildings | AD27: S02b0202h01 | AE27: 9.4838184e-05 | AG27: ELC | AH27: S02b0202h01 | AI27: 0 | AK27: 2021 | AL27: S05 | AM27: 0.29511299 | AN27: hydro
E28: 0202h18 | G28: b | I28: elc_spv_001 | J28: S02b0202h02 | K28: 0 | L28: IMPNRGZ | N28: elc_won_001 | O28: S02b0202h02 | P28: 3.9047846e-05 | Q28: IMPNRGZ | S28: elc_wof_001 | T28: S02b0202h02 | U28: 0.00030563629 | V28: IMPNRGZ | X28: 0.00011415525 | Y28: 1.4916839e-05 | Z28: S02b0202h02 | AA28: elc_roadtransport | AC28: elc_buildings | AD28: S02b0202h02 | AE28: 8.8624232e-05 | AG28: ELC | AH28: S02b0202h02 | AI28: 0 | AK28: 2021 | AL28: S06 | AM28: 0.36845059 | AN28: hydro
E29: 0202h19 | G29: b | I29: elc_spv_001 | J29: S02b0202h03 | K29: 0 | L29: IMPNRGZ | N29: elc_won_001 | O29: S02b0202h03 | P29: 3.4120995e-05 | Q29: IMPNRGZ | S29: elc_wof_001 | T29: S02b0202h03 | U29: 0.00030157663 | V29: IMPNRGZ | X29: 0.00011415525 | Y29: 1.6574265e-05 | Z29: S02b0202h03 | AA29: elc_roadtransport | AC29: elc_buildings | AD29: S02b0202h03 | AE29: 8.5582962e-05 | AG29: ELC | AH29: S02b0202h03 | AI29: 0 | AK29: 2021 | AL29: S07 | AM29: 0.33584287 | AN29: hydro
E30: 0202h20 | G30: b | I30: elc_spv_001 | J30: S02b0202h04 | K30: 0 | L30: IMPNRGZ | N30: elc_won_001 | O30: S02b0202h04 | P30: 4.4727446e-05 | Q30: IMPNRGZ | S30: elc_wof_001 | T30: S02b0202h04 | U30: 0.00034998146 | V30: IMPNRGZ | X30: 0.00011415525 | Y30: 1.4585353e-05 | Z30: S02b0202h04 | AA30: elc_roadtransport | AC30: elc_buildings | AD30: S02b0202h04 | AE30: 8.5710621e-05 | AG30: ELC | AH30: S02b0202h04 | AI30: 0 | AK30: 2021 | AL30: S08 | AM30: 0.30726049 | AN30: hydro
E31: 0202h21 | G31: b | I31: elc_spv_001 | J31: S02b0202h05 | K31: 0 | L31: IMPNRGZ | N31: elc_won_001 | O31: S02b0202h05 | P31: 4.832878e-05 | Q31: IMPNRGZ | S31: elc_wof_001 | T31: S02b0202h05 | U31: 0.00039516204 | V31: IMPNRGZ | X31: 0.00011415525 | Y31: 2.1215059e-05 | Z31: S02b0202h05 | AA31: elc_roadtransport | AC31: elc_buildings | AD31: S02b0202h05 | AE31: 8.6251291e-05 | AG31: ELC | AH31: S02b0202h05 | AI31: 0 | AK31: 2021 | AL31: S09 | AM31: 0.20010042 | AN31: hydro
E32: 0202h22 | G32: b | I32: elc_spv_001 | J32: S02b0202h06 | K32: 0 | L32: IMPNRGZ | N32: elc_won_001 | O32: S02b0202h06 | P32: 4.1652789e-05 | Q32: IMPNRGZ | S32: elc_wof_001 | T32: S02b0202h06 | U32: 0.00041938355 | V32: IMPNRGZ | X32: 0.00011415525 | Y32: 5.7678443e-05 | Z32: S02b0202h06 | AA32: elc_roadtransport | AC32: elc_buildings | AD32: S02b0202h06 | AE32: 9.7616628e-05 | AG32: ELC | AH32: S02b0202h06 | AI32: 0 | AK32: 2021 | AL32: S10 | AM32: 0.19293101 | AN32: hydro
E33: 0202h23 | G33: b | I33: elc_spv_001 | J33: S02b0202h07 | K33: 0 | L33: IMPNRGZ | N33: elc_won_001 | O33: S02b0202h07 | P33: 3.8205011e-05 | Q33: IMPNRGZ | S33: elc_wof_001 | T33: S02b0202h07 | U33: 0.00043927519 | V33: IMPNRGZ | X33: 0.00011415525 | Y33: 0.0001690575 | Z33: S02b0202h07 | AA33: elc_roadtransport | AC33: elc_buildings | AD33: S02b0202h07 | AE33: 0.00010350017 | AG33: ELC | AH33: S02b0202h07 | AI33: 0 | AK33: 2021 | AL33: S11 | AM33: 0.19123988 | AN33: hydro
E34: 0202h24 | G34: b | I34: elc_spv_001 | J34: S02b0202h08 | K34: 0 | L34: IMPNRGZ | N34: elc_won_001 | O34: S02b0202h08 | P34: 4.077031e-05 | Q34: IMPNRGZ | S34: elc_wof_001 | T34: S02b0202h08 | U34: 0.0004531237 | V34: IMPNRGZ | X34: 0.00011415525 | Y34: 0.00019060405 | Z34: S02b0202h08 | AA34: elc_roadtransport | AC34: elc_buildings | AD34: S02b0202h08 | AE34: 0.00011535737 | AG34: ELC | AH34: S02b0202h08 | AI34: 0 | AK34: 2021 | AL34: S12 | AM34: 0.18792909 | AN34: hydro
... E358: 1222h12 | G358: e | I358: elc_spv_001 | J358: S12e1218h12 | K358: 0.00023043743 | L358: IMPNRGZ | N358: elc_won_001 | O358: S12e1218h12 | P358: 5.5042678e-06 | Q358: IMPNRGZ | S358: elc_wof_001 | T358: S12e1218h12 | U358: 3.6120551e-06 | V358: IMPNRGZ | X358: 0.00011415525 | Y358: 0.00014054977 | Z358: S12e1218h12 | AA358: elc_roadtransport | AC358: elc_buildings | AD358: S12e1218h12 | AE358: 0.00014341862 | AG358: ELC | AH358: S12e1218h12 | AI358: 0 | AK358: 2050 | AL358: S12 | AM358: 0.1942 | AN358: hydro
E359: 1222h13 | G359: e | I359: elc_spv_001 | J359: S12e1218h13 | K359: 0.0001834664 | L359: IMPNRGZ | N359: elc_won_001 | O359: S12e1218h13 | P359: 3.845753e-07 | Q359: IMPNRGZ | S359: elc_wof_001 | T359: S12e1218h13 | U359: 1.6810846e-06 | V359: IMPNRGZ | X359: 0.00011415525 | Y359: 0.00014253868 | Z359: S12e1218h13 | AA359: elc_roadtransport | AC359: elc_buildings | AD359: S12e1218h13 | AE359: 0.00014178159 | AG359: ELC | AH359: S12e1218h13 | AI359: 0
E360: 1222h14 | G360: e | I360: elc_spv_001 | J360: S12e1218h14 | K360: 0.00027964734 | L360: IMPNRGZ | N360: elc_won_001 | O360: S12e1218h14 | P360: 2.2392497e-08 | Q360: IMPNRGZ | S360: elc_wof_001 | T360: S12e1218h14 | U360: 4.2106997e-07 | V360: IMPNRGZ | X360: 0.00011415525 | Y360: 0.0001488369 | Z360: S12e1218h14 | AA360: elc_roadtransport | AC360: elc_buildings | AD360: S12e1218h14 | AE360: 0.00014076408 | AG360: ELC | AH360: S12e1218h14 | AI360: 0
E361: 1222h15 | G361: e | I361: elc_spv_001 | J361: S12e1218h15 | K361: 0.00029587402 | L361: IMPNRGZ | N361: elc_won_001 | O361: S12e1218h15 | P361: 4.911005e-08 | Q361: IMPNRGZ | S361: elc_wof_001 | T361: S12e1218h15 | U361: 0 | V361: IMPNRGZ | X361: 0.00011415525 | Y361: 0.00015049433 | Z361: S12e1218h15 | AA361: elc_roadtransport | AC361: elc_buildings | AD361: S12e1218h15 | AE361: 0.00014160136 | AG361: ELC | AH361: S12e1218h15 | AI361: 0
E362: 1222h16 | G362: e | I362: elc_spv_001 | J362: S12e1218h16 | K362: 0.00024545696 | L362: IMPNRGZ | N362: elc_won_001 | O362: S12e1218h16 | P362: 6.5335145e-08 | Q362: IMPNRGZ | S362: elc_wof_001 | T362: S12e1218h16 | U362: 0 | V362: IMPNRGZ | X362: 0.00011415525 | Y362: 0.00017237236 | Z362: S12e1218h16 | AA362: elc_roadtransport | AC362: elc_buildings | AD362: S12e1218h16 | AE362: 0.00014207821 | AG362: ELC | AH362: S12e1218h16 | AI362: 0
E363: 1222h17 | G363: e | I363: elc_spv_001 | J363: S12e1218h17 | K363: 0.00010880167 | L363: IMPNRGZ | N363: elc_won_001 | O363: S12e1218h17 | P363: 5.2400403e-08 | Q363: IMPNRGZ | S363: elc_wof_001 | T363: S12e1218h17 | U363: 0 | V363: IMPNRGZ | X363: 0.00011415525 | Y363: 0.00022209515 | Z363: S12e1218h17 | AA363: elc_roadtransport | AC363: elc_buildings | AD363: S12e1218h17 | AE363: 0.00014769892 | AG363: ELC | AH363: S12e1218h17 | AI363: 0
E364: 1222h18 | G364: e | I364: elc_spv_001 | J364: S12e1218h18 | K364: 0 | L364: IMPNRGZ | N364: elc_won_001 | O364: S12e1218h18 | P364: 6.0029537e-08 | Q364: IMPNRGZ | S364: elc_wof_001 | T364: S12e1218h18 | U364: 0 | V364: IMPNRGZ | X364: 0.00011415525 | Y364: 0.00022209515 | Z364: S12e1218h18 | AA364: elc_roadtransport | AC364: elc_buildings | AD364: S12e1218h18 | AE364: 0.00015084157 | AG364: ELC | AH364: S12e1218h18 | AI364: 0
E365: 1222h19 | G365: e | I365: elc_spv_001 | J365: S12e1218h19 | K365: 0 | L365: IMPNRGZ | N365: elc_won_001 | O365: S12e1218h19 | P365: 5.3046563e-08 | Q365: IMPNRGZ | S365: elc_wof_001 | T365: S12e1218h19 | U365: 0 | V365: IMPNRGZ | X365: 0.00011415525 | Y365: 0.00017237236 | Z365: S12e1218h19 | AA365: elc_roadtransport | AC365: elc_buildings | AD365: S12e1218h19 | AE365: 0.0001521219 | AG365: ELC | AH365: S12e1218h19 | AI365: 0
E366: 1222h20 | G366: e | I366: elc_spv_001 | J366: S12e1218h20 | K366: 0 | L366: IMPNRGZ | N366: elc_won_001 | O366: S12e1218h20 | P366: 6.5891051e-09 | Q366: IMPNRGZ | S366: elc_wof_001 | T366: S12e1218h20 | U366: 0 | V366: IMPNRGZ | X366: 0.00011415525 | Y366: 0.00015579809 | Z366: S12e1218h20 | AA366: elc_roadtransport | AC366: elc_buildings | AD366: S12e1218h20 | AE366: 0.00014567516 | AG366: ELC | AH366: S12e1218h20 | AI366: 0
E367: 1222h21 | G367: e | I367: elc_spv_001 | J367: S12e1218h21 | K367: 0 | L367: IMPNRGZ | N367: elc_won_001 | O367: S12e1218h21 | P367: 0 | Q367: IMPNRGZ | S367: elc_wof_001 | T367: S12e1218h21 | U367: 0 | V367: IMPNRGZ | X367: 0.00011415525 | Y367: 0.00010939015 | Z367: S12e1218h21 | AA367: elc_roadtransport | AC367: elc_buildings | AD367: S12e1218h21 | AE367: 0.00013310083 | AG367: ELC | AH367: S12e1218h21 | AI367: 0
E368: 1222h22 | G368: e | I368: elc_spv_001 | J368: S12e1218h22 | K368: 0 | L368: IMPNRGZ | N368: elc_won_001 | O368: S12e1218h22 | P368: 0 | Q368: IMPNRGZ | S368: elc_wof_001 | T368: S12e1218h22 | U368: 0 | V368: IMPNRGZ | X368: 0.00011415525 | Y368: 7.9556473e-05 | Z368: S12e1218h22 | AA368: elc_roadtransport | AC368: elc_buildings | AD368: S12e1218h22 | AE368: 0.00012543007 | AG368: ELC | AH368: S12e1218h22 | AI368: 0
E369: 1222h23 | G369: e | I369: elc_spv_001 | J369: S12e1218h23 | K369: 0 | L369: IMPNRGZ | N369: elc_won_001 | O369: S12e1218h23 | P369: 0 | Q369: IMPNRGZ | S369: elc_wof_001 | T369: S12e1218h23 | U369: 0 | V369: IMPNRGZ | X369: 0.00011415525 | Y369: 5.6352501e-05 | Z369: S12e1218h23 | AA369: elc_roadtransport | AC369: elc_buildings | AD369: S12e1218h23 | AE369: 0.00011588199 | AG369: ELC | AH369: S12e1218h23 | AI369: 0
E370: 1222h24 | G370: e | I370: elc_spv_001 | J370: S12e1218h24 | K370: 0 | L370: IMPNRGZ | N370: elc_won_001 | O370: S12e1218h24 | P370: 8.3801468e-07 | Q370: IMPNRGZ | S370: elc_wof_001 | T370: S12e1218h24 | U370: 8.7873427e-07 | V370: IMPNRGZ | X370: 0.00011415525 | Y370: 2.9833677e-05 | Z370: S12e1218h24 | AA370: elc_roadtransport | AC370: elc_buildings | AD370: S12e1218h24 | AE370: 0.00010026263 | AG370: ELC | AH370: S12e1218h24 | AI370: 0
... E402: H08 | G402: a | I402: elc_spv_001 | J402: S12e1220h08 | K402: 0 | L402: IMPNRGZ | N402: elc_won_001 | O402: S12e1220h08 | P402: 9.2258503e-05 | Q402: IMPNRGZ | S402: elc_wof_001 | T402: S12e1220h08 | U402: 9.3737869e-05 | V402: IMPNRGZ | X402: 0.00011415525 | Y402: 0.00019060405 | Z402: S12e1220h08 | AA402: elc_roadtransport | AC402: elc_buildings | AD402: S12e1220h08 | AE402: 0.00014000939 | AG402: ELC | AH402: S12e1220h08 | AI402: 0
I403: elc_spv_001 | J403: S12e1220h09 | K403: 7.5145154e-07 | L403: IMPNRGZ | N403: elc_won_001 | O403: S12e1220h09 | P403: 8.1945118e-05 | Q403: IMPNRGZ | S403: elc_wof_001 | T403: S12e1220h09 | U403: 9.5769159e-05 | V403: IMPNRGZ | X403: 0.00011415525 | Y403: 0.00014585353 | Z403: S12e1220h09 | AA403: elc_roadtransport | AC403: elc_buildings | AD403: S12e1220h09 | AE403: 0.0001450181 | AG403: ELC | AH403: S12e1220h09 | AI403: 0
I404: elc_spv_001 | J404: S12e1220h10 | K404: 1.8238897e-05 | L404: IMPNRGZ | N404: elc_won_001 | O404: S12e1220h10 | P404: 6.2910786e-05 | Q404: IMPNRGZ | S404: elc_wof_001 | T404: S12e1220h10 | U404: 9.8298033e-05 | V404: IMPNRGZ | X404: 0.00011415525 | Y404: 0.00014452759 | Z404: S12e1220h10 | AA404: elc_roadtransport | AC404: elc_buildings | AD404: S12e1220h10 | AE404: 0.00014642985 | AG404: ELC | AH404: S12e1220h10 | AI404: 0
I405: elc_spv_001 | J405: S12e1220h11 | K405: 4.43708e-05 | L405: IMPNRGZ | N405: elc_won_001 | O405: S12e1220h11 | P405: 5.0267965e-05 | Q405: IMPNRGZ | S405: elc_wof_001 | T405: S12e1220h11 | U405: 9.3072442e-05 | V405: IMPNRGZ | X405: 0.00011415525 | Y405: 0.00014088125 | Z405: S12e1220h11 | AA405: elc_roadtransport | AC405: elc_buildings | AD405: S12e1220h11 | AE405: 0.00014661383 | AG405: ELC | AH405: S12e1220h11 | AI405: 0
I406: elc_spv_001 | J406: S12e1220h12 | K406: 6.3014412e-05 | L406: IMPNRGZ | N406: elc_won_001 | O406: S12e1220h12 | P406: 1.2932726e-05 | Q406: IMPNRGZ | S406: elc_wof_001 | T406: S12e1220h12 | U406: 5.6581861e-05 | V406: IMPNRGZ | X406: 0.00011415525 | Y406: 0.00014054977 | Z406: S12e1220h12 | AA406: elc_roadtransport | AC406: elc_buildings | AD406: S12e1220h12 | AE406: 0.00014661383 | AG406: ELC | AH406: S12e1220h12 | AI406: 0
I407: elc_spv_001 | J407: S12e1220h13 | K407: 7.779575e-05 | L407: IMPNRGZ | N407: elc_won_001 | O407: S12e1220h13 | P407: 3.5844103e-06 | Q407: IMPNRGZ | S407: elc_wof_001 | T407: S12e1220h13 | U407: 3.6025097e-05 | V407: IMPNRGZ | X407: 0.00011415525 | Y407: 0.00014253868 | Z407: S12e1220h13 | AA407: elc_roadtransport | AC407: elc_buildings | AD407: S12e1220h13 | AE407: 0.00014650494 | AG407: ELC | AH407: S12e1220h13 | AI407: 0
I408: elc_spv_001 | J408: S12e1220h14 | K408: 7.5104447e-05 | L408: IMPNRGZ | N408: elc_won_001 | O408: S12e1220h14 | P408: 3.4094903e-06 | Q408: IMPNRGZ | S408: elc_wof_001 | T408: S12e1220h14 | U408: 2.3009585e-05 | V408: IMPNRGZ | X408: 0.00011415525 | Y408: 0.0001488369 | Z408: S12e1220h14 | AA408: elc_roadtransport | AC408: elc_buildings | AD408: S12e1220h14 | AE408: 0.00014572773 | AG408: ELC | AH408: S12e1220h14 | AI408: 0
I409: elc_spv_001 | J409: S12e1220h15 | K409: 6.040347e-05 | L409: IMPNRGZ | N409: elc_won_001 | O409: S12e1220h15 | P409: 1.4366554e-06 | Q409: IMPNRGZ | S409: elc_wof_001 | T409: S12e1220h15 | U409: 2.2158668e-05 | V409: IMPNRGZ | X409: 0.00011415525 | Y409: 0.00015049433 | Z409: S12e1220h15 | AA409: elc_roadtransport | AC409: elc_buildings | AD409: S12e1220h15 | AE409: 0.00014534475 | AG409: ELC | AH409: S12e1220h15 | AI409: 0
I410: elc_spv_001 | J410: S12e1220h16 | K410: 4.6697646e-05 | L410: IMPNRGZ | N410: elc_won_001 | O410: S12e1220h16 | P410: 1.0635584e-06 | Q410: IMPNRGZ | S410: elc_wof_001 | T410: S12e1220h16 | U410: 2.3646242e-05 | V410: IMPNRGZ | X410: 0.00011415525 | Y410: 0.00017237236 | Z410: S12e1220h16 | AA410: elc_roadtransport | AC410: elc_buildings | AD410: S12e1220h16 | AE410: 0.00014534475 | AG410: ELC | AH410: S12e1220h16 | AI410: 0
I411: elc_spv_001 | J411: S12e1220h17 | K411: 6.3980202e-06 | L411: IMPNRGZ | N411: elc_won_001 | O411: S12e1220h17 | P411: 4.330511e-06 | Q411: IMPNRGZ | S411: elc_wof_001 | T411: S12e1220h17 | U411: 2.3732437e-05 | V411: IMPNRGZ | X411: 0.00011415525 | Y411: 0.00022209515 | Z411: S12e1220h17 | AA411: elc_roadtransport | AC411: elc_buildings | AD411: S12e1220h17 | AE411: 0.00014979402 | AG411: ELC | AH411: S12e1220h17 | AI411: 0
I412: elc_spv_001 | J412: S12e1220h18 | K412: 0 | L412: IMPNRGZ | N412: elc_won_001 | O412: S12e1220h18 | P412: 1.8893278e-05 | Q412: IMPNRGZ | S412: elc_wof_001 | T412: S12e1220h18 | U412: 2.4383306e-05 | V412: IMPNRGZ | X412: 0.00011415525 | Y412: 0.00022209515 | Z412: S12e1220h18 | AA412: elc_roadtransport | AC412: elc_buildings | AD412: S12e1220h18 | AE412: 0.00015042105 | AG412: ELC | AH412: S12e1220h18 | AI412: 0
I413: elc_spv_001 | J413: S12e1220h19 | K413: 0 | L413: IMPNRGZ | N413: elc_won_001 | O413: S12e1220h19 | P413: 3.4416921e-05 | Q413: IMPNRGZ | S413: elc_wof_001 | T413: S12e1220h19 | U413: 2.3509956e-05 | V413: IMPNRGZ | X413: 0.00011415525 | Y413: 0.00017237236 | Z413: S12e1220h19 | AA413: elc_roadtransport | AC413: elc_buildings | AD413: S12e1220h19 | AE413: 0.00015042105 | AG413: ELC | AH413: S12e1220h19 | AI413: 0
I414: elc_spv_001 | J414: S12e1220h20 | K414: 0 | L414: IMPNRGZ | N414: elc_won_001 | O414: S12e1220h20 | P414: 4.1444076e-05 | Q414: IMPNRGZ | S414: elc_wof_001 | T414: S12e1220h20 | U414: 2.3130373e-05 | V414: IMPNRGZ | X414: 0.00011415525 | Y414: 0.00015579809 | Z414: S12e1220h20 | AA414: elc_roadtransport | AC414: elc_buildings | AD414: S12e1220h20 | AE414: 0.00014515327 | AG414: ELC | AH414: S12e1220h20 | AI414: 0
... I490: elc_spv_001 | J490: S12e1223h24 | K490: 0 | L490: IMPNRGZ | N490: elc_won_001 | O490: S12e1223h24 | P490: 4.9350121e-07 | Q490: IMPNRGZ | S490: elc_wof_001 | T490: S12e1223h24 | U490: 3.3081466e-06 | V490: IMPNRGZ | X490: 0.00011415525 | Y490: 2.9833677e-05 | Z490: S12e1223h24 | AA490: elc_roadtransport | AC490: elc_buildings | AD490: S12e1223h24 | AE490: 0.00010004861 | AG490: ELC | AH490: S12e1223h24 | AI490: 0
I491: elc_spv_002 | J491: S01aH01 | K491: 0 | L491: IMPNRGZ | N491: elc_won_002 | O491: S01aH01 | P491: 0.032260866 | Q491: IMPNRGZ | S491: elc_wof_002 | T491: S01aH01 | U491: 0.025467374 | V491: IMPNRGZ | AC491: elc_industry | AD491: S01aH01 | AE491: 0.024308733
I492: elc_spv_002 | J492: S01aH02 | K492: 0 | L492: IMPNRGZ | N492: elc_won_002 | O492: S01aH02 | P492: 0.0047986725 | Q492: IMPNRGZ | S492: elc_wof_002 | T492: S01aH02 | U492: 0.0036339343 | V492: IMPNRGZ | AC492: elc_industry | AD492: S01aH02 | AE492: 0.0035677172
I493: elc_spv_002 | J493: S01aH03 | K493: 0.0023928861 | L493: IMPNRGZ | N493: elc_won_002 | O493: S01aH03 | P493: 0.0046795982 | Q493: IMPNRGZ | S493: elc_wof_002 | T493: S01aH03 | U493: 0.0036705077 | V493: IMPNRGZ | AC493: elc_industry | AD493: S01aH03 | AE493: 0.0035803913
I494: elc_spv_002 | J494: S01aH04 | K494: 0.0041918775 | L494: IMPNRGZ | N494: elc_won_002 | O494: S01aH04 | P494: 0.0045493988 | Q494: IMPNRGZ | S494: elc_wof_002 | T494: S01aH04 | U494: 0.0036509598 | V494: IMPNRGZ | AC494: elc_industry | AD494: S01aH04 | AE494: 0.003585844
I495: elc_spv_002 | J495: S01aH05 | K495: 0.036538852 | L495: IMPNRGZ | N495: elc_won_002 | O495: S01aH05 | P495: 0.025678443 | Q495: IMPNRGZ | S495: elc_wof_002 | T495: S01aH05 | U495: 0.019448172 | V495: IMPNRGZ | AC495: elc_industry | AD495: S01aH05 | AE495: 0.02147811
I496: elc_spv_002 | J496: S01aH06 | K496: 0.0034809836 | L496: IMPNRGZ | N496: elc_won_002 | O496: S01aH06 | P496: 0.0045265343 | Q496: IMPNRGZ | S496: elc_wof_002 | T496: S01aH06 | U496: 0.0033678885 | V496: IMPNRGZ | AC496: elc_industry | AD496: S01aH06 | AE496: 0.0035914002
I497: elc_spv_002 | J497: S01aH07 | K497: 0 | L497: IMPNRGZ | N497: elc_won_002 | O497: S01aH07 | P497: 0.0045594211 | Q497: IMPNRGZ | S497: elc_wof_002 | T497: S01aH07 | U497: 0.0036974706 | V497: IMPNRGZ | AC497: elc_industry | AD497: S01aH07 | AE497: 0.0035970111
I498: elc_spv_002 | J498: S01aH08 | K498: 0 | L498: IMPNRGZ | N498: elc_won_002 | O498: S01aH08 | P498: 0.026686794 | Q498: IMPNRGZ | S498: elc_wof_002 | T498: S01aH08 | U498: 0.024152583 | V498: IMPNRGZ | AC498: elc_industry | AD498: S01aH08 | AE498: 0.021294543
I499: elc_spv_002 | J499: S02aH01 | K499: 0 | L499: IMPNRGZ | N499: elc_won_002 | O499: S02aH01 | P499: 0.023846763 | Q499: IMPNRGZ | S499: elc_wof_002 | T499: S02aH01 | U499: 0.031295623 | V499: IMPNRGZ | AC499: elc_industry | AD499: S02aH01 | AE499: 0.021207661
I500: elc_spv_002 | J500: S02aH02 | K500: 0.00051548577 | L500: IMPNRGZ | N500: elc_won_002 | O500: S02aH02 | P500: 0.0037098643 | Q500: IMPNRGZ | S500: elc_wof_002 | T500: S02aH02 | U500: 0.0040034909 | V500: IMPNRGZ | AC500: elc_industry | AD500: S02aH02 | AE500: 0.0031071317
I501: elc_spv_002 | J501: S02aH03 | K501: 0.0043698011 | L501: IMPNRGZ | N501: elc_won_002 | O501: S02aH03 | P501: 0.0038296049 | Q501: IMPNRGZ | S501: elc_wof_002 | T501: S02aH03 | U501: 0.0040794297 | V501: IMPNRGZ | AC501: elc_industry | AD501: S02aH03 | AE501: 0.0031187761
I502: elc_spv_002 | J502: S02aH04 | K502: 0.006667376 | L502: IMPNRGZ | N502: elc_won_002 | O502: S02aH04 | P502: 0.0038704388 | Q502: IMPNRGZ | S502: elc_wof_002 | T502: S02aH04 | U502: 0.0042095543 | V502: IMPNRGZ | AC502: elc_industry | AD502: S02aH04 | AE502: 0.0031234827
... I970: elc_spv_002 | J970: S12e1223h24 | K970: 0 | L970: IMPNRGZ | N970: elc_won_002 | O970: S12e1223h24 | P970: 4.5962269e-06 | Q970: IMPNRGZ | S970: elc_wof_002 | T970: S12e1223h24 | U970: 3.9662053e-06 | V970: IMPNRGZ | AC970: elc_industry | AD970: S12e1223h24 | AE970: 0.00011240137
I971: elc_spv_003 | J971: S01aH01 | K971: 0 | L971: IMPNRGZ | N971: elc_won_003 | O971: S01aH01 | P971: 0.032961294 | Q971: IMPNRGZ | S971: elc_wof_003 | T971: S01aH01 | U971: 0.033547497 | V971: IMPNRGZ
I972: elc_spv_003 | J972: S01aH02 | K972: 0 | L972: IMPNRGZ | N972: elc_won_003 | O972: S01aH02 | P972: 0.0046795692 | Q972: IMPNRGZ | S972: elc_wof_003 | T972: S01aH02 | U972: 0.0047945586 | V972: IMPNRGZ
I973: elc_spv_003 | J973: S01aH03 | K973: 0.0030922425 | L973: IMPNRGZ | N973: elc_won_003 | O973: S01aH03 | P973: 0.0047953978 | Q973: IMPNRGZ | S973: elc_wof_003 | T973: S01aH03 | U973: 0.0049089563 | V973: IMPNRGZ
I974: elc_spv_003 | J974: S01aH04 | K974: 0.0053253552 | L974: IMPNRGZ | N974: elc_won_003 | O974: S01aH04 | P974: 0.0048145606 | Q974: IMPNRGZ | S974: elc_wof_003 | T974: S01aH04 | U974: 0.0049264756 | V974: IMPNRGZ
I975: elc_spv_003 | J975: S01aH05 | K975: 0.038892164 | L975: IMPNRGZ | N975: elc_won_003 | O975: S01aH05 | P975: 0.028300559 | Q975: IMPNRGZ | S975: elc_wof_003 | T975: S01aH05 | U975: 0.030367128 | V975: IMPNRGZ
I976: elc_spv_003 | J976: S01aH06 | K976: 0.0038879478 | L976: IMPNRGZ | N976: elc_won_003 | O976: S01aH06 | P976: 0.0046508535 | Q976: IMPNRGZ | S976: elc_wof_003 | T976: S01aH06 | U976: 0.0049914615 | V976: IMPNRGZ
I977: elc_spv_003 | J977: S01aH07 | K977: 0 | L977: IMPNRGZ | N977: elc_won_003 | O977: S01aH07 | P977: 0.0047500653 | Q977: IMPNRGZ | S977: elc_wof_003 | T977: S01aH07 | U977: 0.0050037482 | V977: IMPNRGZ
I978: elc_spv_003 | J978: S01aH08 | K978: 0 | L978: IMPNRGZ | N978: elc_won_003 | O978: S01aH08 | P978: 0.029195416 | Q978: IMPNRGZ | S978: elc_wof_003 | T978: S01aH08 | U978: 0.029368436 | V978: IMPNRGZ
I979: elc_spv_003 | J979: S02aH01 | K979: 0 | L979: IMPNRGZ | N979: elc_won_003 | O979: S02aH01 | P979: 0.02689504 | Q979: IMPNRGZ | S979: elc_wof_003 | T979: S02aH01 | U979: 0.025086334 | V979: IMPNRGZ
I980: elc_spv_003 | J980: S02aH02 | K980: 0.00046193129 | L980: IMPNRGZ | N980: elc_won_003 | O980: S02aH02 | P980: 0.0043934473 | Q980: IMPNRGZ | S980: elc_wof_003 | T980: S02aH02 | U980: 0.0027667242 | V980: IMPNRGZ
I981: elc_spv_003 | J981: S02aH03 | K981: 0.0047088892 | L981: IMPNRGZ | N981: elc_won_003 | O981: S02aH03 | P981: 0.0044481158 | Q981: IMPNRGZ | S981: elc_wof_003 | T981: S02aH03 | U981: 0.0025106518 | V981: IMPNRGZ
I982: elc_spv_003 | J982: S02aH04 | K982: 0.0069306632 | L982: IMPNRGZ | N982: elc_won_003 | O982: S02aH04 | P982: 0.0042793052 | Q982: IMPNRGZ | S982: elc_wof_003 | T982: S02aH04 | U982: 0.0023781204 | V982: IMPNRGZ
... I9130: elc_spv_019 | J9130: S12e1223h24 | K9130: 0 | L9130: IMPNRGZ | N9130: elc_won_019 | O9130: S12e1223h24 | P9130: 2.1994898e-05 | Q9130: IMPNRGZ | S9130: elc_wof_019 | T9130: S12e1223h24 | U9130: 0.00015449679 | V9130: IMPNRGZ
I9131: elc_spv_020 | J9131: S01aH01 | K9131: 0 | L9131: IMPNRGZ
I9132: elc_spv_020 | J9132: S01aH02 | K9132: 0 | L9132: IMPNRGZ
I9133: elc_spv_020 | J9133: S01aH03 | K9133: 0 | L9133: IMPNRGZ
I9134: elc_spv_020 | J9134: S01aH04 | K9134: 0.0033165965 | L9134: IMPNRGZ
I9135: elc_spv_020 | J9135: S01aH05 | K9135: 0.034489249 | L9135: IMPNRGZ
I9136: elc_spv_020 | J9136: S01aH06 | K9136: 0.0048883282 | L9136: IMPNRGZ
I9137: elc_spv_020 | J9137: S01aH07 | K9137: 0.0029674791 | L9137: IMPNRGZ
I9138: elc_spv_020 | J9138: S01aH08 | K9138: 0 | L9138: IMPNRGZ
I9139: elc_spv_020 | J9139: S02aH01 | K9139: 0 | L9139: IMPNRGZ
I9140: elc_spv_020 | J9140: S02aH02 | K9140: 0 | L9140: IMPNRGZ
I9141: elc_spv_020 | J9141: S02aH03 | K9141: 0.0023832015 | L9141: IMPNRGZ
I9142: elc_spv_020 | J9142: S02aH04 | K9142: 0.0047073821 | L9142: IMPNRGZ
... I11530: elc_spv_024 | J11530: S12e1223h24 | K11530: 0 | L11530: IMPNRGZ

Sheet ts_064
C9: =IF(A11="x","DeActivated","~TimeSlices") -> DeActivated | I9: =IF(A11="x","DeActivated","~TFM_DINS-AT") -> DeActivated | N9: =IF(A11="x","DeActivated","~TFM_DINS-AT") -> DeActivated | S9: =IF(A11="x","DeActivated","~TFM_DINS-AT") -> DeActivated | X9: =IF(A11="x","DeActivated","~TFM_DINS-AT") -> DeActivated | AC9: =IF(A11="x","DeActivated","~TFM_DINS-AT") -> DeActivated | AG9: =IF(A11="x","DeActivated","~TFM_DINS-AT") -> DeActivated | AK9: =IF(A11="x","DeActivated","~TFM_INS-AT") -> DeActivated
A10: ts_064 | C10: season | D10: weekly | E10: daynite | F10: wparent | G10: dparent | I10: commodity | J10: timeslice | K10: com_fr | L10: process | N10: commodity | O10: timeslice | P10: com_fr | Q10: process | S10: commodity | T10: timeslice | U10: com_fr | V10: process | X10: g_yrfr | Y10: com_fr | Z10: timeslice | AA10: commodity | AC10: commodity | AD10: timeslice | AE10: com_fr | AG10: commodity | AH10: timeslice | AI10: com_pkflx | AK10: Year | AL10: timeslice | AM10: ncap_afs | AN10: pset_ci
A11: =IFERROR(IF(Veda!D5=A10,"ok","x"),"") -> x | C11: S01 | D11: a | E11: H01 | F11: S01,S02,S03,S04,S05,S06,S07 | G11: a | I11: elc_spv_001 | J11: S01aH01 | K11: 0 | L11: IMPNRGZ | N11: elc_won_001 | O11: S01aH01 | P11: 0.057199567 | Q11: IMPNRGZ | S11: elc_wof_001 | T11: S01aH01 | U11: 0.060486366 | V11: IMPNRGZ | X11: 0.047146119 | Y11: 0.018618866 | Z11: S01aH01 | AA11: elc_roadtransport | AC11: elc_buildings | AD11: S01aH01 | AE11: 0.041328001 | AG11: ELC | AH11: S01aH01 | AI11: 0.29524363 | AK11: 2020 | AL11: S01 | AM11: 0.20444939 | AN11: hydro
C12: S02 | E12: H02 | G12: a | I12: elc_spv_001 | J12: S01aH02 | K12: 0.00063754206 | L12: IMPNRGZ | N12: elc_won_001 | O12: S01aH02 | P12: 0.0076289673 | Q12: IMPNRGZ | S12: elc_wof_001 | T12: S01aH02 | U12: 0.0081818239 | V12: IMPNRGZ | X12: 0.0067351598 | Y12: 0.011245639 | Z12: S01aH02 | AA12: elc_roadtransport | AC12: elc_buildings | AD12: S01aH02 | AE12: 0.0080851488 | AG12: ELC | AH12: S01aH02 | AI12: 0.047126124 | AK12: 2020 | AL12: S02 | AM12: 0.18207885 | AN12: hydro
C13: S03 | E13: H03 | G13: a | I13: elc_spv_001 | J13: S01aH03 | K13: 0.007235259 | L13: IMPNRGZ | N13: elc_won_001 | O13: S01aH03 | P13: 0.0074131828 | Q13: IMPNRGZ | S13: elc_wof_001 | T13: S01aH03 | U13: 0.0081268559 | V13: IMPNRGZ | X13: 0.0067351598 | Y13: 0.0086053585 | Z13: S01aH03 | AA13: elc_roadtransport | AC13: elc_buildings | AD13: S01aH03 | AE13: 0.0083943859 | AG13: ELC | AH13: S01aH03 | AI13: 0.047484009 | AK13: 2020 | AL13: S03 | AM13: 0.32478495 | AN13: hydro
C14: S04 | E14: H04 | G14: a | I14: elc_spv_001 | J14: S01aH04 | K14: 0.012089442 | L14: IMPNRGZ | N14: elc_won_001 | O14: S01aH04 | P14: 0.0068657912 | Q14: IMPNRGZ | S14: elc_wof_001 | T14: S01aH04 | U14: 0.0081269404 | V14: IMPNRGZ | X14: 0.0067351598 | Y14: 0.0085271279 | Z14: S01aH04 | AA14: elc_roadtransport | AC14: elc_buildings | AD14: S01aH04 | AE14: 0.0085234446 | AG14: ELC | AH14: S01aH04 | AI14: 0.04519733 | AK14: 2020 | AL14: S04 | AM14: 0.27493429 | AN14: hydro
C15: S05 | E15: H05 | G15: a | I15: elc_spv_001 | J15: S01aH05 | K15: 0.090128861 | L15: IMPNRGZ | N15: elc_won_001 | O15: S01aH05 | P15: 0.036095868 | Q15: IMPNRGZ | S15: elc_wof_001 | T15: S01aH05 | U15: 0.049841672 | V15: IMPNRGZ | X15: 0.040410959 | Y15: 0.052844724 | Z15: S01aH05 | AA15: elc_roadtransport | AC15: elc_buildings | AD15: S01aH05 | AE15: 0.050248408 | AG15: ELC | AH15: S01aH05 | AI15: 0.064766515 | AK15: 2020 | AL15: S05 | AM15: 0.28387097 | AN15: hydro
C16: S06 | E16: H06 | G16: a | I16: elc_spv_001 | J16: S01aH06 | K16: 0.0091093059 | L16: IMPNRGZ | N16: elc_won_001 | O16: S01aH06 | P16: 0.00717349 | Q16: IMPNRGZ | S16: elc_wof_001 | T16: S01aH06 | U16: 0.0087906453 | V16: IMPNRGZ | X16: 0.0067351598 | Y16: 0.013103614 | Z16: S01aH06 | AA16: elc_roadtransport | AC16: elc_buildings | AD16: S01aH06 | AE16: 0.0086310567 | AG16: ELC | AH16: S01aH06 | AI16: 0.062164802 | AK16: 2020 | AL16: S06 | AM16: 0.22666667 | AN16: hydro
C17: S07 | E17: H07 | G17: a | I17: elc_spv_001 | J17: S01aH07 | K17: 0.0028461972 | L17: IMPNRGZ | N17: elc_won_001 | O17: S01aH07 | P17: 0.0074319896 | Q17: IMPNRGZ | S17: elc_wof_001 | T17: S01aH07 | U17: 0.0087747327 | V17: IMPNRGZ | X17: 0.0067351598 | Y17: 0.013103614 | Z17: S01aH07 | AA17: elc_roadtransport | AC17: elc_buildings | AD17: S01aH07 | AE17: 0.0087947972 | AG17: ELC | AH17: S01aH07 | AI17: 0.045762432 | AK17: 2020 | AL17: S07 | AM17: 0.23154122 | AN17: hydro
E18: H08 | G18: a | I18: elc_spv_001 | J18: S01aH08 | K18: 0 | L18: IMPNRGZ | N18: elc_won_001 | O18: S01aH08 | P18: 0.051389275 | Q18: IMPNRGZ | S18: elc_wof_001 | T18: S01aH08 | U18: 0.053827686 | V18: IMPNRGZ | X18: 0.040410959 | Y18: 0.035594892 | Z18: S01aH08 | AA18: elc_roadtransport | AC18: elc_buildings | AD18: S01aH08 | AE18: 0.045933252 | AG18: ELC | AH18: S01aH08 | AI18: 0.17256843 | AK18: 2021 | AL18: S01 | AM18: 0.24603807 | AN18: hydro
I19: elc_spv_001 | J19: S02aH01 | K19: 0.00036332092 | L19: IMPNRGZ | N19: elc_won_001 | O19: S02aH01 | P19: 0.033072597 | Q19: IMPNRGZ | S19: elc_wof_001 | T19: S02aH01 | U19: 0.039032873 | V19: IMPNRGZ | X19: 0.024771689 | Y19: 0.0097827943 | Z19: S02aH01 | AA19: elc_roadtransport | AC19: elc_buildings | AD19: S02aH01 | AE19: 0.020824569 | AG19: ELC | AH19: S02aH01 | AI19: 0.27884033 | AK19: 2021 | AL19: S02 | AM19: 0.20436396 | AN19: hydro
I20: elc_spv_001 | J20: S02aH02 | K20: 0.0035441444 | L20: IMPNRGZ | N20: elc_won_001 | O20: S02aH02 | P20: 0.0048039431 | Q20: IMPNRGZ | S20: elc_wof_001 | T20: S02aH02 | U20: 0.0051220334 | V20: IMPNRGZ | X20: 0.0035388128 | Y20: 0.0059087255 | Z20: S02aH02 | AA20: elc_roadtransport | AC20: elc_buildings | AD20: S02aH02 | AE20: 0.0039245676 | AG20: ELC | AH20: S02aH02 | AI20: 0.096611285 | AK20: 2021 | AL20: S03 | AM20: 0.30209185 | AN20: hydro
I21: elc_spv_001 | J21: S02aH03 | K21: 0.0061719213 | L21: IMPNRGZ | N21: elc_won_001 | O21: S02aH03 | P21: 0.0045361726 | Q21: IMPNRGZ | S21: elc_wof_001 | T21: S02aH03 | U21: 0.0049534647 | V21: IMPNRGZ | X21: 0.0035388128 | Y21: 0.0045214595 | Z21: S02aH03 | AA21: elc_roadtransport | AC21: elc_buildings | AD21: S02aH03 | AE21: 0.0040913869 | AG21: ELC | AH21: S02aH03 | AI21: 0.09608046 | AK21: 2021 | AL21: S04 | AM21: 0.25368046 | AN21: hydro
I22: elc_spv_001 | J22: S02aH04 | K22: 0.008320515 | L22: IMPNRGZ | N22: elc_won_001 | O22: S02aH04 | P22: 0.0040664445 | Q22: IMPNRGZ | S22: elc_wof_001 | T22: S02aH04 | U22: 0.0047631234 | V22: IMPNRGZ | X22: 0.0035388128 | Y22: 0.0044803554 | Z22: S02aH04 | AA22: elc_roadtransport | AC22: elc_buildings | AD22: S02aH04 | AE22: 0.0041688717 | AG22: ELC | AH22: S02aH04 | AI22: 0.082359576 | AK22: 2021 | AL22: S05 | AM22: 0.19293101 | AN22: hydro
I23: elc_spv_001 | J23: S02aH05 | K23: 0.05508247 | L23: IMPNRGZ | N23: elc_won_001 | O23: S02aH05 | P23: 0.022077306 | Q23: IMPNRGZ | S23: elc_wof_001 | T23: S02aH05 | U23: 0.027726976 | V23: IMPNRGZ | X23: 0.021232877 | Y23: 0.027765872 | Z23: S02aH05 | AA23: elc_roadtransport | AC23: elc_buildings | AD23: S02aH05 | AE23: 0.024421643 | AG23: ELC | AH23: S02aH05 | AI23: 0.097979159 | AK23: 2021 | AL23: S06 | AM23: 0.19123988 | AN23: hydro
I24: elc_spv_001 | J24: S02aH06 | K24: 0.0070755046 | L24: IMPNRGZ | N24: elc_won_001 | O24: S02aH06 | P24: 0.0043650389 | Q24: IMPNRGZ | S24: elc_wof_001 | T24: S02aH06 | U24: 0.0060349919 | V24: IMPNRGZ | X24: 0.0035388128 | Y24: 0.0068849497 | Z24: S02aH06 | AA24: elc_roadtransport | AC24: elc_buildings | AD24: S02aH06 | AE24: 0.0041221074 | AG24: ELC | AH24: S02aH06 | AI24: 0.10502466 | AK24: 2021 | AL24: S07 | AM24: 0.18792909 | AN24: hydro
I25: elc_spv_001 | J25: S02aH07 | K25: 0.0048000052 | L25: IMPNRGZ | N25: elc_won_001 | O25: S02aH07 | P25: 0.0044255318 | Q25: IMPNRGZ | S25: elc_wof_001 | T25: S02aH07 | U25: 0.0065472181 | V25: IMPNRGZ | X25: 0.0035388128 | Y25: 0.0068849497 | Z25: S02aH07 | AA25: elc_roadtransport | AC25: elc_buildings | AD25: S02aH07 | AE25: 0.0042008238 | AG25: ELC | AH25: S02aH07 | AI25: 0.090436733 | AK25: 2022 | AL25: S01 | AM25: 0.13808808 | AN25: hydro
I26: elc_spv_001 | J26: S02aH08 | K26: 0.0010522575 | L26: IMPNRGZ | N26: elc_won_001 | O26: S02aH08 | P26: 0.029647516 | Q26: IMPNRGZ | S26: elc_wof_001 | T26: S02aH08 | U26: 0.039726037 | V26: IMPNRGZ | X26: 0.021232877 | Y26: 0.018702401 | Z26: S02aH08 | AA26: elc_roadtransport | AC26: elc_buildings | AD26: S02aH08 | AE26: 0.02275918 | AG26: ELC | AH26: S02aH08 | AI26: 0.1882533 | AK26: 2022 | AL26: S02 | AM26: 0.098694114 | AN26: hydro
I27: elc_spv_001 | J27: S03aH01 | K27: 0.020763828 | L27: IMPNRGZ | N27: elc_won_001 | O27: S03aH01 | P27: 0.085117212 | Q27: IMPNRGZ | S27: elc_wof_001 | T27: S03aH01 | U27: 0.079962826 | V27: IMPNRGZ | X27: 0.097488584 | Y27: 0.038500029 | Z27: S03aH01 | AA27: elc_roadtransport | AC27: elc_buildings | AD27: S03aH01 | AE27: 0.076231889 | AG27: ELC | AH27: S03aH01 | AI27: 0.2562471 | AK27: 2022 | AL27: S03 | AM27: 0.19812192 | AN27: hydro
I28: elc_spv_001 | J28: S03aH02 | K28: 0.025189276 | L28: IMPNRGZ | N28: elc_won_001 | O28: S03aH02 | P28: 0.010197204 | Q28: IMPNRGZ | S28: elc_wof_001 | T28: S03aH02 | U28: 0.010447027 | V28: IMPNRGZ | X28: 0.013926941 | Y28: 0.023253694 | Z28: S03aH02 | AA28: elc_roadtransport | AC28: elc_buildings | AD28: S03aH02 | AE28: 0.013770664 | AG28: ELC | AH28: S03aH02 | AI28: 0.13712137 | AK28: 2022 | AL28: S04 | AM28: 0.15490479 | AN28: hydro
I29: elc_spv_001 | J29: S03aH03 | K29: 0.033866339 | L29: IMPNRGZ | N29: elc_won_001 | O29: S03aH03 | P29: 0.0087245655 | Q29: IMPNRGZ | S29: elc_wof_001 | T29: S03aH03 | U29: 0.0099338216 | V29: IMPNRGZ | X29: 0.013926941 | Y29: 0.017794131 | Z29: S03aH03 | AA29: elc_roadtransport | AC29: elc_buildings | AD29: S03aH03 | AE29: 0.014632496 | AG29: ELC | AH29: S03aH03 | AI29: 0.121047 | AK29: 2022 | AL29: S05 | AM29: 0.11928497 | AN29: hydro
I30: elc_spv_001 | J30: S03aH04 | K30: 0.03997509 | L30: IMPNRGZ | N30: elc_won_001 | O30: S03aH04 | P30: 0.0083758455 | Q30: IMPNRGZ | S30: elc_wof_001 | T30: S03aH04 | U30: 0.0093162691 | V30: IMPNRGZ | X30: 0.013926941 | Y30: 0.017632366 | Z30: S03aH04 | AA30: elc_roadtransport | AC30: elc_buildings | AD30: S03aH04 | AE30: 0.014774925 | AG30: ELC | AH30: S03aH04 | AI30: 0.12308759 | AK30: 2022 | AL30: S06 | AM30: 0.15407642 | AN30: hydro
... I66: elc_spv_001 | J66: S07aH08 | K66: 0 | L66: IMPNRGZ | N66: elc_won_001 | O66: S07aH08 | P66: 0.018806753 | Q66: IMPNRGZ | S66: elc_wof_001 | T66: S07aH08 | U66: 0.016755782 | V66: IMPNRGZ | X66: 0.021232877 | Y66: 0.018702401 | Z66: S07aH08 | AA66: elc_roadtransport | AC66: elc_buildings | AD66: S07aH08 | AE66: 0.023450412 | AG66: ELC | AH66: S07aH08 | AI66: 0.17595661 | AK66: 2029 | AL66: S07 | AM66: 0.1898 | AN66: hydro
I67: elc_spv_002 | J67: S01aH01 | K67: 0 | L67: IMPNRGZ | N67: elc_won_002 | O67: S01aH01 | P67: 0.058241782 | Q67: IMPNRGZ | S67: elc_wof_002 | T67: S01aH01 | U67: 0.059389711 | V67: IMPNRGZ | AC67: elc_industry | AD67: S01aH01 | AE67: 0.046296111 | AK67: 2030 | AL67: S01 | AM67: 0.17745 | AN67: hydro
I68: elc_spv_002 | J68: S01aH02 | K68: 0.00051548577 | L68: IMPNRGZ | N68: elc_won_002 | O68: S01aH02 | P68: 0.0087893834 | Q68: IMPNRGZ | S68: elc_wof_002 | T68: S01aH02 | U68: 0.007927715 | V68: IMPNRGZ | AC68: elc_industry | AD68: S01aH02 | AE68: 0.0067881259 | AK68: 2030 | AL68: S02 | AM68: 0.1605 | AN68: hydro
I69: elc_spv_002 | J69: S01aH03 | K69: 0.0067661742 | L69: IMPNRGZ | N69: elc_won_002 | O69: S01aH03 | P69: 0.0087855213 | Q69: IMPNRGZ | S69: elc_wof_002 | T69: S01aH03 | U69: 0.0080379846 | V69: IMPNRGZ | AC69: elc_industry | AD69: S01aH03 | AE69: 0.0068128513 | AK69: 2030 | AL69: S03 | AM69: 0.29965 | AN69: hydro
I70: elc_spv_002 | J70: S01aH04 | K70: 0.01087102 | L70: IMPNRGZ | N70: elc_won_002 | O70: S01aH04 | P70: 0.0086955578 | Q70: IMPNRGZ | S70: elc_wof_002 | T70: S01aH04 | U70: 0.0081333198 | V70: IMPNRGZ | AC70: elc_industry | AD70: S01aH04 | AE70: 0.0068231703 | AK70: 2030 | AL70: S04 | AM70: 0.2532 | AN70: hydro
I71: elc_spv_002 | J71: S01aH05 | K71: 0.081463728 | L71: IMPNRGZ | N71: elc_won_002 | O71: S01aH05 | P71: 0.048859315 | Q71: IMPNRGZ | S71: elc_wof_002 | T71: S01aH05 | U71: 0.04307072 | V71: IMPNRGZ | AC71: elc_industry | AD71: S01aH05 | AE71: 0.04086768 | AK71: 2030 | AL71: S05 | AM71: 0.1952 | AN71: hydro
I72: elc_spv_002 | J72: S01aH06 | K72: 0.0083778082 | L72: IMPNRGZ | N72: elc_won_002 | O72: S01aH06 | P72: 0.0084698938 | Q72: IMPNRGZ | S72: elc_wof_002 | T72: S01aH06 | U72: 0.0076775426 | V72: IMPNRGZ | AC72: elc_industry | AD72: S01aH06 | AE72: 0.0068317745 | AK72: 2030 | AL72: S06 | AM72: 0.2285 | AN72: hydro
I73: elc_spv_002 | J73: S01aH07 | K73: 0.0025626876 | L73: IMPNRGZ | N73: elc_won_002 | O73: S01aH07 | P73: 0.0085672682 | Q73: IMPNRGZ | S73: elc_wof_002 | T73: S01aH07 | U73: 0.0081823068 | V73: IMPNRGZ | AC73: elc_industry | AD73: S01aH07 | AE73: 0.0068448665 | AK73: 2030 | AL73: S07 | AM73: 0.1824 | AN73: hydro
I74: elc_spv_002 | J74: S01aH08 | K74: 0 | L74: IMPNRGZ | N74: elc_won_002 | O74: S01aH08 | P74: 0.049536991 | Q74: IMPNRGZ | S74: elc_wof_002 | T74: S01aH08 | U74: 0.053973559 | V74: IMPNRGZ | AC74: elc_industry | AD74: S01aH08 | AE74: 0.040522658 | AK74: 2031 | AL74: S01 | AM74: 0.17805 | AN74: hydro
I75: elc_spv_002 | J75: S02aH01 | K75: 0.0003398552 | L75: IMPNRGZ | N75: elc_won_002 | O75: S02aH01 | P75: 0.039707261 | Q75: IMPNRGZ | S75: elc_wof_002 | T75: S02aH01 | U75: 0.036581096 | V75: IMPNRGZ | AC75: elc_industry | AD75: S02aH01 | AE75: 0.024380757 | AK75: 2031 | AL75: S02 | AM75: 0.162 | AN75: hydro
I76: elc_spv_002 | J76: S02aH02 | K76: 0.0032797032 | L76: IMPNRGZ | N76: elc_won_002 | O76: S02aH02 | P76: 0.0068022663 | Q76: IMPNRGZ | S76: elc_wof_002 | T76: S02aH02 | U76: 0.0054567507 | V76: IMPNRGZ | AC76: elc_industry | AD76: S02aH02 | AE76: 0.0035588937 | AK76: 2031 | AL76: S03 | AM76: 0.29585 | AN76: hydro
I77: elc_spv_002 | J77: S02aH03 | K77: 0.0053354399 | L77: IMPNRGZ | N77: elc_won_002 | O77: S02aH03 | P77: 0.006964034 | Q77: IMPNRGZ | S77: elc_wof_002 | T77: S02aH03 | U77: 0.0056651191 | V77: IMPNRGZ | AC77: elc_industry | AD77: S02aH03 | AE77: 0.0035722319 | AK77: 2031 | AL77: S04 | AM77: 0.2354 | AN77: hydro
I78: elc_spv_002 | J78: S02aH04 | K78: 0.0068708596 | L78: IMPNRGZ | N78: elc_won_002 | O78: S02aH04 | P78: 0.0070347463 | Q78: IMPNRGZ | S78: elc_wof_002 | T78: S02aH04 | U78: 0.0056048239 | V78: IMPNRGZ | AC78: elc_industry | AD78: S02aH04 | AE78: 0.0035784273 | AK78: 2031 | AL78: S05 | AM78: 0.195 | AN78: hydro
... I122: elc_spv_002 | J122: S07aH08 | K122: 0 | L122: IMPNRGZ | N122: elc_won_002 | O122: S07aH08 | P122: 0.020279487 | Q122: IMPNRGZ | S122: elc_wof_002 | T122: S07aH08 | U122: 0.018215222 | V122: IMPNRGZ | AC122: elc_industry | AD122: S07aH08 | AE122: 0.021293751 | AK122: 2037 | AL122: S07 | AM122: 0.209 | AN122: hydro
I123: elc_spv_003 | J123: S01aH01 | K123: 0 | L123: IMPNRGZ | N123: elc_won_003 | O123: S01aH01 | P123: 0.062778438 | Q123: IMPNRGZ | S123: elc_wof_003 | T123: S01aH01 | U123: 0.060866075 | V123: IMPNRGZ | AK123: 2038 | AL123: S01 | AM123: 0.1691 | AN123: hydro
I124: elc_spv_003 | J124: S01aH02 | K124: 0.00046193129 | L124: IMPNRGZ | N124: elc_won_003 | O124: S01aH02 | P124: 0.0095234797 | Q124: IMPNRGZ | S124: elc_wof_003 | T124: S01aH02 | U124: 0.0079412829 | V124: IMPNRGZ | AK124: 2038 | AL124: S02 | AM124: 0.1714 | AN124: hydro
I125: elc_spv_003 | J125: S01aH03 | K125: 0.0078077694 | L125: IMPNRGZ | N125: elc_won_003 | O125: S01aH03 | P125: 0.0097150533 | Q125: IMPNRGZ | S125: elc_wof_003 | T125: S01aH03 | U125: 0.0078023769 | V125: IMPNRGZ | AK125: 2038 | AL125: S03 | AM125: 0.2928 | AN125: hydro
I126: elc_spv_003 | J126: S01aH04 | K126: 0.012293148 | L126: IMPNRGZ | N126: elc_won_003 | O126: S01aH04 | P126: 0.0095942164 | Q126: IMPNRGZ | S126: elc_wof_003 | T126: S01aH04 | U126: 0.0076875368 | V126: IMPNRGZ | AK126: 2038 | AL126: S04 | AM126: 0.2358 | AN126: hydro
I127: elc_spv_003 | J127: S01aH05 | K127: 0.083076473 | L127: IMPNRGZ | N127: elc_won_003 | O127: S01aH05 | P127: 0.056128805 | Q127: IMPNRGZ | S127: elc_wof_003 | T127: S01aH05 | U127: 0.047481032 | V127: IMPNRGZ | AK127: 2038 | AL127: S05 | AM127: 0.1738 | AN127: hydro
I128: elc_spv_003 | J128: S01aH06 | K128: 0.0089697494 | L128: IMPNRGZ | N128: elc_won_003 | O128: S01aH06 | P128: 0.0091865735 | Q128: IMPNRGZ | S128: elc_wof_003 | T128: S01aH06 | U128: 0.008290845 | V128: IMPNRGZ | AK128: 2038 | AL128: S06 | AM128: 0.2364 | AN128: hydro
I129: elc_spv_003 | J129: S01aH07 | K129: 0.0031007801 | L129: IMPNRGZ | N129: elc_won_003 | O129: S01aH07 | P129: 0.0093848143 | Q129: IMPNRGZ | S129: elc_wof_003 | T129: S01aH07 | U129: 0.0084680758 | V129: IMPNRGZ | AK129: 2038 | AL129: S07 | AM129: 0.216 | AN129: hydro
I130: elc_spv_003 | J130: S01aH08 | K130: 0 | L130: IMPNRGZ | N130: elc_won_003 | O130: S01aH08 | P130: 0.05565956 | Q130: IMPNRGZ | S130: elc_wof_003 | T130: S01aH08 | U130: 0.05484635 | V130: IMPNRGZ | AK130: 2039 | AL130: S01 | AM130: 0.17665 | AN130: hydro
I131: elc_spv_003 | J131: S02aH01 | K131: 0.00024715828 | L131: IMPNRGZ | N131: elc_won_003 | O131: S02aH01 | P131: 0.036235409 | Q131: IMPNRGZ | S131: elc_wof_003 | T131: S02aH01 | U131: 0.044639003 | V131: IMPNRGZ | AK131: 2039 | AL131: S02 | AM131: 0.1518 | AN131: hydro
I132: elc_spv_003 | J132: S02aH02 | K132: 0.0033796471 | L132: IMPNRGZ | N132: elc_won_003 | O132: S02aH02 | P132: 0.0059379168 | Q132: IMPNRGZ | S132: elc_wof_003 | T132: S02aH02 | U132: 0.005542545 | V132: IMPNRGZ | AK132: 2039 | AL132: S03 | AM132: 0.291475 | AN132: hydro
I133: elc_spv_003 | J133: S02aH03 | K133: 0.0054789338 | L133: IMPNRGZ | N133: elc_won_003 | O133: S02aH03 | P133: 0.0060812873 | Q133: IMPNRGZ | S133: elc_wof_003 | T133: S02aH03 | U133: 0.005348108 | V133: IMPNRGZ | AK133: 2039 | AL133: S04 | AM133: 0.2176 | AN133: hydro
I134: elc_spv_003 | J134: S02aH04 | K134: 0.0069350465 | L134: IMPNRGZ | N134: elc_won_003 | O134: S02aH04 | P134: 0.006367967 | Q134: IMPNRGZ | S134: elc_wof_003 | T134: S02aH04 | U134: 0.0051678753 | V134: IMPNRGZ | AK134: 2039 | AL134: S05 | AM134: 0.1962 | AN134: hydro
... I213: elc_spv_004 | J213: S05aH03 | K213: 0.003525402 | L213: IMPNRGZ | N213: elc_won_004 | O213: S05aH03 | P213: 0.00431188 | Q213: IMPNRGZ | S213: elc_wof_004 | T213: S05aH03 | U213: 0.0017858944 | V213: IMPNRGZ | AK213: 2050 | AL213: S07 | AM213: 0.1942 | AN213: hydro
I214: elc_spv_004 | J214: S05aH04 | K214: 0.0049036406 | L214: IMPNRGZ | N214: elc_won_004 | O214: S05aH04 | P214: 0.0042555988 | Q214: IMPNRGZ | S214: elc_wof_004 | T214: S05aH04 | U214: 0.001826236 | V214: IMPNRGZ
I215: elc_spv_004 | J215: S05aH05 | K215: 0.030792821 | L215: IMPNRGZ | N215: elc_won_004 | O215: S05aH05 | P215: 0.025590462 | Q215: IMPNRGZ | S215: elc_wof_004 | T215: S05aH05 | U215: 0.010798937 | V215: IMPNRGZ
I216: elc_spv_004 | J216: S05aH06 | K216: 0.0029989474 | L216: IMPNRGZ | N216: elc_won_004 | O216: S05aH06 | P216: 0.004636844 | Q216: IMPNRGZ | S216: elc_wof_004 | T216: S05aH06 | U216: 0.0018035125 | V216: IMPNRGZ
I217: elc_spv_004 | J217: S05aH07 | K217: 0.0012740102 | L217: IMPNRGZ | N217: elc_won_004 | O217: S05aH07 | P217: 0.0047006861 | Q217: IMPNRGZ | S217: elc_wof_004 | T217: S05aH07 | U217: 0.0018229481 | V217: IMPNRGZ
I218: elc_spv_004 | J218: S05aH08 | K218: 0 | L218: IMPNRGZ | N218: elc_won_004 | O218: S05aH08 | P218: 0.026908705 | Q218: IMPNRGZ | S218: elc_wof_004 | T218: S05aH08 | U218: 0.011340235 | V218: IMPNRGZ
I219: elc_spv_004 | J219: S06aH01 | K219: 0 | L219: IMPNRGZ | N219: elc_won_004 | O219: S06aH01 | P219: 0.051805574 | Q219: IMPNRGZ | S219: elc_wof_004 | T219: S06aH01 | U219: 0.026156522 | V219: IMPNRGZ
I220: elc_spv_004 | J220: S06aH02 | K220: 0.00071614537 | L220: IMPNRGZ | N220: elc_won_004 | O220: S06aH02 | P220: 0.0066316515 | Q220: IMPNRGZ | S220: elc_wof_004 | T220: S06aH02 | U220: 0.0038218253 | V220: IMPNRGZ
I221: elc_spv_004 | J221: S06aH03 | K221: 0.003761364 | L221: IMPNRGZ | N221: elc_won_004 | O221: S06aH03 | P221: 0.006693878 | Q221: IMPNRGZ | S221: elc_wof_004 | T221: S06aH03 | U221: 0.003891392 | V221: IMPNRGZ
I222: elc_spv_004 | J222: S06aH04 | K222: 0.0054357807 | L222: IMPNRGZ | N222: elc_won_004 | O222: S06aH04 | P222: 0.0066320471 | Q222: IMPNRGZ | S222: elc_wof_004 | T222: S06aH04 | U222: 0.003974654 | V222: IMPNRGZ
I223: elc_spv_004 | J223: S06aH05 | K223: 0.033780576 | L223: IMPNRGZ | N223: elc_won_004 | O223: S06aH05 | P223: 0.041917073 | Q223: IMPNRGZ | S223: elc_wof_004 | T223: S06aH05 | U223: 0.025661709 | V223: IMPNRGZ
I224: elc_spv_004 | J224: S06aH06 | K224: 0.00282957 | L224: IMPNRGZ | N224: elc_won_004 | O224: S06aH06 | P224: 0.0068343122 | Q224: IMPNRGZ | S224: elc_wof_004 | T224: S06aH06 | U224: 0.0041385837 | V224: IMPNRGZ
I225: elc_spv_004 | J225: S06aH07 | K225: 0 | L225: IMPNRGZ | N225: elc_won_004 | O225: S06aH07 | P225: 0.0068301109 | Q225: IMPNRGZ | S225: elc_wof_004 | T225: S06aH07 | U225: 0.0040949819 | V225: IMPNRGZ
... I1074: elc_spv_019 | J1074: S07aH08 | K1074: 0 | L1074: IMPNRGZ | N1074: elc_won_019 | O1074: S07aH08 | P1074: 0.010925776 | Q1074: IMPNRGZ | S1074: elc_wof_019 | T1074: S07aH08 | U1074: 0.020391851 | V1074: IMPNRGZ
I1075: elc_spv_020 | J1075: S01aH01 | K1075: 0 | L1075: IMPNRGZ
I1076: elc_spv_020 | J1076: S01aH02 | K1076: 0 | L1076: IMPNRGZ
I1077: elc_spv_020 | J1077: S01aH03 | K1077: 0.0023845296 | L1077: IMPNRGZ
I1078: elc_spv_020 | J1078: S01aH04 | K1078: 0.0081085416 | L1078: IMPNRGZ
I1079: elc_spv_020 | J1079: S01aH05 | K1079: 0.07653129 | L1079: IMPNRGZ
I1080: elc_spv_020 | J1080: S01aH06 | K1080: 0.011032349 | L1080: IMPNRGZ
I1081: elc_spv_020 | J1081: S01aH07 | K1081: 0.0073786775 | L1081: IMPNRGZ
I1082: elc_spv_020 | J1082: S01aH08 | K1082: 0.001715019 | L1082: IMPNRGZ
I1083: elc_spv_020 | J1083: S02aH01 | K1083: 0 | L1083: IMPNRGZ
I1084: elc_spv_020 | J1084: S02aH02 | K1084: 0.0012658058 | L1084: IMPNRGZ
I1085: elc_spv_020 | J1085: S02aH03 | K1085: 0.0038158002 | L1085: IMPNRGZ
I1086: elc_spv_020 | J1086: S02aH04 | K1086: 0.0058668588 | L1086: IMPNRGZ
... I1354: elc_spv_024 | J1354: S07aH08 | K1354: 0 | L1354: IMPNRGZ

Sheet ts_096P50
C9: =IF(A11="x","DeActivated","~TimeSlices") -> DeActivated | I9: =IF(A11="x","DeActivated","~TFM_DINS-AT") -> DeActivated | N9: =IF(A11="x","DeActivated","~TFM_DINS-AT") -> DeActivated | S9: =IF(A11="x","DeActivated","~TFM_DINS-AT") -> DeActivated | X9: =IF(A11="x","DeActivated","~TFM_DINS-AT") -> DeActivated | AC9: =IF(A11="x","DeActivated","~TFM_DINS-AT") -> DeActivated | AG9: =IF(A11="x","DeActivated","~TFM_DINS-AT") -> DeActivated | AK9: =IF(A11="x","DeActivated","~TFM_INS-AT") -> DeActivated
A10: ts_096P50 | C10: season | D10: weekly | E10: daynite | F10: wparent | G10: dparent | I10: commodity | J10: timeslice | K10: com_fr | L10: process | N10: commodity | O10: timeslice | P10: com_fr | Q10: process | S10: commodity | T10: timeslice | U10: com_fr | V10: process | X10: g_yrfr | Y10: com_fr | Z10: timeslice | AA10: commodity | AC10: commodity | AD10: timeslice | AE10: com_fr | AG10: commodity | AH10: timeslice | AI10: com_pkflx | AK10: Year | AL10: timeslice | AM10: ncap_afs | AN10: pset_ci
A11: =IFERROR(IF(Veda!D5=A10,"ok","x"),"") -> x | C11: S01 | D11: a | E11: H01 | F11: S01,S02,S03,S04,S05,S06,S07,S08,S09,S10,S11,S12 | G11: a | I11: elc_spv_001 | J11: S01aH01 | K11: 0 | L11: IMPNRGZ | N11: elc_won_001 | O11: S01aH01 | P11: 0.026254969 | Q11: IMPNRGZ | S11: elc_wof_001 | T11: S01aH01 | U11: 0.030999277 | V11: IMPNRGZ | X11: 0.024771689 | Y11: 0.0097827943 | Z11: S01aH01 | AA11: elc_roadtransport | AC11: elc_buildings | AD11: S01aH01 | AE11: 0.021406128 | AG11: ELC | AH11: S01aH01 | AI11: 0.29051279 | AK11: 2020 | AL11: S01 | AM11: 0.2265233 | AN11: hydro
C12: S02 | E12: H02 | G12: a | I12: elc_spv_001 | J12: S01aH02 | K12: 0 | L12: IMPNRGZ | N12: elc_won_001 | O12: S01aH02 | P12: 0.0036180271 | Q12: IMPNRGZ | S12: elc_wof_001 | T12: S01aH02 | U12: 0.0042247837 | V12: IMPNRGZ | X12: 0.0035388128 | Y12: 0.0059087255 | Z12: S01aH02 | AA12: elc_roadtransport | AC12: elc_buildings | AD12: S01aH02 | AE12: 0.0042466859 | AG12: ELC | AH12: S01aH02 | AI12: 0.043835338 | AK12: 2020 | AL12: S02 | AM12: 0.18237548 | AN12: hydro
C13: S03 | E13: H03 | G13: a | I13: elc_spv_001 | J13: S01aH03 | K13: 0.0027186497 | L13: IMPNRGZ | N13: elc_won_001 | O13: S01aH03 | P13: 0.0035272665 | Q13: IMPNRGZ | S13: elc_wof_001 | T13: S01aH03 | U13: 0.0043738353 | V13: IMPNRGZ | X13: 0.0035388128 | Y13: 0.0045214595 | Z13: S01aH03 | AA13: elc_roadtransport | AC13: elc_buildings | AD13: S01aH03 | AE13: 0.0044051999 | AG13: ELC | AH13: S01aH03 | AI13: 0.047390752 | AK13: 2020 | AL13: S03 | AM13: 0.18207885 | AN13: hydro
C14: S04 | E14: H04 | G14: a | I14: elc_spv_001 | J14: S01aH04 | K14: 0.0050405901 | L14: IMPNRGZ | N14: elc_won_001 | O14: S01aH04 | P14: 0.0034559881 | Q14: IMPNRGZ | S14: elc_wof_001 | T14: S01aH04 | U14: 0.0044837047 | V14: IMPNRGZ | X14: 0.0035388128 | Y14: 0.0044803554 | Z14: S01aH04 | AA14: elc_roadtransport | AC14: elc_buildings | AD14: S01aH04 | AE14: 0.0044733956 | AG14: ELC | AH14: S01aH04 | AI14: 0.04500612 | AK14: 2020 | AL14: S04 | AM14: 0.24814815 | AN14: hydro
C15: S05 | E15: H05 | G15: a | I15: elc_spv_001 | J15: S01aH05 | K15: 0.041974402 | L15: IMPNRGZ | N15: elc_won_001 | O15: S01aH05 | P15: 0.016552433 | Q15: IMPNRGZ | S15: elc_wof_001 | T15: S01aH05 | U15: 0.027340431 | V15: IMPNRGZ | X15: 0.021232877 | Y15: 0.027765872 | Z15: S01aH05 | AA15: elc_roadtransport | AC15: elc_buildings | AD15: S01aH05 | AE15: 0.026378195 | AG15: ELC | AH15: S01aH05 | AI15: 0.056535021 | AK15: 2020 | AL15: S05 | AM15: 0.35483871 | AN15: hydro
C16: S06 | E16: H06 | G16: a | I16: elc_spv_001 | J16: S01aH06 | K16: 0.0035998388 | L16: IMPNRGZ | N16: elc_won_001 | O16: S01aH06 | P16: 0.0029731668 | Q16: IMPNRGZ | S16: elc_wof_001 | T16: S01aH06 | U16: 0.0044991124 | V16: IMPNRGZ | X16: 0.0035388128 | Y16: 0.0068849497 | Z16: S01aH06 | AA16: elc_roadtransport | AC16: elc_buildings | AD16: S01aH06 | AE16: 0.0045428868 | AG16: ELC | AH16: S01aH06 | AI16: 0.048485566 | AK16: 2020 | AL16: S06 | AM16: 0.38074074 | AN16: hydro
C17: S07 | E17: H07 | G17: a | I17: elc_spv_001 | J17: S01aH07 | K17: 0 | L17: IMPNRGZ | N17: elc_won_001 | O17: S01aH07 | P17: 0.0031199516 | Q17: IMPNRGZ | S17: elc_wof_001 | T17: S01aH07 | U17: 0.0044215051 | V17: IMPNRGZ | X17: 0.0035388128 | Y17: 0.0068849497 | Z17: S01aH07 | AA17: elc_roadtransport | AC17: elc_buildings | AD17: S01aH07 | AE17: 0.0046130613 | AG17: ELC | AH17: S01aH07 | AI17: 0.044392857 | AK17: 2020 | AL17: S07 | AM17: 0.31541219 | AN17: hydro
C18: S08 | E18: H08 | G18: a | I18: elc_spv_001 | J18: S01aH08 | K18: 0 | L18: IMPNRGZ | N18: elc_won_001 | O18: S01aH08 | P18: 0.022475735 | Q18: IMPNRGZ | S18: elc_wof_001 | T18: S01aH08 | U18: 0.027122878 | V18: IMPNRGZ | X18: 0.021232877 | Y18: 0.018702401 | Z18: S01aH08 | AA18: elc_roadtransport | AC18: elc_buildings | AD18: S01aH08 | AE18: 0.02408234 | AG18: ELC | AH18: S01aH08 | AI18: 0.17169254 | AK18: 2020 | AL18: S08 | AM18: 0.28172043 | AN18: hydro
C19: S09 | I19: elc_spv_001 | J19: S02aH01 | K19: 0 | L19: IMPNRGZ | N19: elc_won_001 | O19: S02aH01 | P19: 0.030944599 | Q19: IMPNRGZ | S19: elc_wof_001 | T19: S02aH01 | U19: 0.029487088 | V19: IMPNRGZ | X19: 0.022374429 | Y19: 0.0088360722 | Z19: S02aH01 | AA19: elc_roadtransport | AC19: elc_buildings | AD19: S02aH01 | AE19: 0.019921873 | AG19: ELC | AH19: S02aH01 | AI19: 0.27967182 | AK19: 2020 | AL19: S09 | AM19: 0.26814815 | AN19: hydro
C20: S10 | I20: elc_spv_001 | J20: S02aH02 | K20: 0.00063754206 | L20: IMPNRGZ | N20: elc_won_001 | O20: S02aH02 | P20: 0.0040109402 | Q20: IMPNRGZ | S20: elc_wof_001 | T20: S02aH02 | U20: 0.0039570402 | V20: IMPNRGZ | X20: 0.003196347 | Y20: 0.0053369134 | Z20: S02aH02 | AA20: elc_roadtransport | AC20: elc_buildings | AD20: S02aH02 | AE20: 0.003838463 | AG20: ELC | AH20: S02aH02 | AI20: 0.046873202 | AK20: 2020 | AL20: S10 | AM20: 0.28387097 | AN20: hydro
C21: S11 | I21: elc_spv_001 | J21: S02aH03 | K21: 0.0045166093 | L21: IMPNRGZ | N21: elc_won_001 | O21: S02aH03 | P21: 0.0038859163 | Q21: IMPNRGZ | S21: elc_wof_001 | T21: S02aH03 | U21: 0.0037530207 | V21: IMPNRGZ | X21: 0.003196347 | Y21: 0.0040838989 | Z21: S02aH03 | AA21: elc_roadtransport | AC21: elc_buildings | AD21: S02aH03 | AE21: 0.003989186 | AG21: ELC | AH21: S02aH03 | AI21: 0.046370311 | AK21: 2020 | AL21: S11 | AM21: 0.22666667 | AN21: hydro
C22: S12 | I22: elc_spv_001 | J22: S02aH04 | K22: 0.0070488518 | L22: IMPNRGZ | N22: elc_won_001 | O22: S02aH04 | P22: 0.003409803 | Q22: IMPNRGZ | S22: elc_wof_001 | T22: S02aH04 | U22: 0.0036432357 | V22: IMPNRGZ | X22: 0.003196347 | Y22: 0.0040467726 | Z22: S02aH04 | AA22: elc_roadtransport | AC22: elc_buildings | AD22: S02aH04 | AE22: 0.004050049 | AG22: ELC | AH22: S02aH04 | AI22: 0.044183157 | AK22: 2020 | AL22: S12 | AM22: 0.23154122 | AN22: hydro
I23: elc_spv_001 | J23: S02aH05 | K23: 0.048154459 | L23: IMPNRGZ | N23: elc_won_001 | O23: S02aH05 | P23: 0.019543435 | Q23: IMPNRGZ | S23: elc_wof_001 | T23: S02aH05 | U23: 0.022501241 | V23: IMPNRGZ | X23: 0.019178082 | Y23: 0.025078852 | Z23: S02aH05 | AA23: elc_roadtransport | AC23: elc_buildings | AD23: S02aH05 | AE23: 0.023870213 | AG23: ELC | AH23: S02aH05 | AI23: 0.063964576 | AK23: 2021 | AL23: S01 | AM23: 0.24366472 | AN23: hydro
I24: elc_spv_001 | J24: S02aH06 | K24: 0.0055094671 | L24: IMPNRGZ | N24: elc_won_001 | O24: S02aH06 | P24: 0.0042003233 | Q24: IMPNRGZ | S24: elc_wof_001 | T24: S02aH06 | U24: 0.0042915329 | V24: IMPNRGZ | X24: 0.003196347 | Y24: 0.0062186643 | Z24: S02aH06 | AA24: elc_roadtransport | AC24: elc_buildings | AD24: S02aH06 | AE24: 0.00408817 | AG24: ELC | AH24: S02aH06 | AI24: 0.063959516 | AK24: 2021 | AL24: S02 | AM24: 0.24841143 | AN24: hydro
I25: elc_spv_001 | J25: S02aH07 | K25: 0.0028461972 | L25: IMPNRGZ | N25: elc_won_001 | O25: S02aH07 | P25: 0.004312038 | Q25: IMPNRGZ | S25: elc_wof_001 | T25: S02aH07 | U25: 0.0043532276 | V25: IMPNRGZ | X25: 0.003196347 | Y25: 0.0062186643 | Z25: S02aH07 | AA25: elc_roadtransport | AC25: elc_buildings | AD25: S02aH07 | AE25: 0.0041817359 | AG25: ELC | AH25: S02aH07 | AI25: 0.044163057 | AK25: 2021 | AL25: S03 | AM25: 0.20436396 | AN25: hydro
I26: elc_spv_001 | J26: S02aH08 | K26: 0 | L26: IMPNRGZ | N26: elc_won_001 | O26: S02aH08 | P26: 0.02891354 | Q26: IMPNRGZ | S26: elc_wof_001 | T26: S02aH08 | U26: 0.026704808 | V26: IMPNRGZ | X26: 0.019178082 | Y26: 0.016892491 | Z26: S02aH08 | AA26: elc_roadtransport | AC26: elc_buildings | AD26: S02aH08 | AE26: 0.021850912 | AG26: ELC | AH26: S02aH08 | AI26: 0.17035959 | AK26: 2021 | AL26: S04 | AM26: 0.20896095 | AN26: hydro
I27: elc_spv_001 | J27: S03aH01 | K27: 0.00036332092 | L27: IMPNRGZ | N27: elc_won_001 | O27: S03aH01 | P27: 0.033072597 | Q27: IMPNRGZ | S27: elc_wof_001 | T27: S03aH01 | U27: 0.039032873 | V27: IMPNRGZ | X27: 0.024771689 | Y27: 0.0097827943 | Z27: S03aH01 | AA27: elc_roadtransport | AC27: elc_buildings | AD27: S03aH01 | AE27: 0.020824569 | AG27: ELC | AH27: S03aH01 | AI27: 0.27884033 | AK27: 2021 | AL27: S05 | AM27: 0.29511299 | AN27: hydro
I28: elc_spv_001 | J28: S03aH02 | K28: 0.0035441444 | L28: IMPNRGZ | N28: elc_won_001 | O28: S03aH02 | P28: 0.0048039431 | Q28: IMPNRGZ | S28: elc_wof_001 | T28: S03aH02 | U28: 0.0051220334 | V28: IMPNRGZ | X28: 0.0035388128 | Y28: 0.0059087255 | Z28: S03aH02 | AA28: elc_roadtransport | AC28: elc_buildings | AD28: S03aH02 | AE28: 0.0039245676 | AG28: ELC | AH28: S03aH02 | AI28: 0.096611285 | AK28: 2021 | AL28: S06 | AM28: 0.36845059 | AN28: hydro
I29: elc_spv_001 | J29: S03aH03 | K29: 0.0061719213 | L29: IMPNRGZ | N29: elc_won_001 | O29: S03aH03 | P29: 0.0045361726 | Q29: IMPNRGZ | S29: elc_wof_001 | T29: S03aH03 | U29: 0.0049534647 | V29: IMPNRGZ | X29: 0.0035388128 | Y29: 0.0045214595 | Z29: S03aH03 | AA29: elc_roadtransport | AC29: elc_buildings | AD29: S03aH03 | AE29: 0.0040913869 | AG29: ELC | AH29: S03aH03 | AI29: 0.09608046 | AK29: 2021 | AL29: S07 | AM29: 0.33584287 | AN29: hydro
I30: elc_spv_001 | J30: S03aH04 | K30: 0.008320515 | L30: IMPNRGZ | N30: elc_won_001 | O30: S03aH04 | P30: 0.0040664445 | Q30: IMPNRGZ | S30: elc_wof_001 | T30: S03aH04 | U30: 0.0047631234 | V30: IMPNRGZ | X30: 0.0035388128 | Y30: 0.0044803554 | Z30: S03aH04 | AA30: elc_roadtransport | AC30: elc_buildings | AD30: S03aH04 | AE30: 0.0041688717 | AG30: ELC | AH30: S03aH04 | AI30: 0.082359576 | AK30: 2021 | AL30: S08 | AM30: 0.30726049 | AN30: hydro
I31: elc_spv_001 | J31: S03aH05 | K31: 0.05508247 | L31: IMPNRGZ | N31: elc_won_001 | O31: S03aH05 | P31: 0.022077306 | Q31: IMPNRGZ | S31: elc_wof_001 | T31: S03aH05 | U31: 0.027726976 | V31: IMPNRGZ | X31: 0.021232877 | Y31: 0.027765872 | Z31: S03aH05 | AA31: elc_roadtransport | AC31: elc_buildings | AD31: S03aH05 | AE31: 0.024421643 | AG31: ELC | AH31: S03aH05 | AI31: 0.097979159 | AK31: 2021 | AL31: S09 | AM31: 0.20010042 | AN31: hydro
I32: elc_spv_001 | J32: S03aH06 | K32: 0.0070755046 | L32: IMPNRGZ | N32: elc_won_001 | O32: S03aH06 | P32: 0.0043650389 | Q32: IMPNRGZ | S32: elc_wof_001 | T32: S03aH06 | U32: 0.0060349919 | V32: IMPNRGZ | X32: 0.0035388128 | Y32: 0.0068849497 | Z32: S03aH06 | AA32: elc_roadtransport | AC32: elc_buildings | AD32: S03aH06 | AE32: 0.0041221074 | AG32: ELC | AH32: S03aH06 | AI32: 0.10502466 | AK32: 2021 | AL32: S10 | AM32: 0.19293101 | AN32: hydro
I33: elc_spv_001 | J33: S03aH07 | K33: 0.0048000052 | L33: IMPNRGZ | N33: elc_won_001 | O33: S03aH07 | P33: 0.0044255318 | Q33: IMPNRGZ | S33: elc_wof_001 | T33: S03aH07 | U33: 0.0065472181 | V33: IMPNRGZ | X33: 0.0035388128 | Y33: 0.0068849497 | Z33: S03aH07 | AA33: elc_roadtransport | AC33: elc_buildings | AD33: S03aH07 | AE33: 0.0042008238 | AG33: ELC | AH33: S03aH07 | AI33: 0.090436733 | AK33: 2021 | AL33: S11 | AM33: 0.19123988 | AN33: hydro
I34: elc_spv_001 | J34: S03aH08 | K34: 0.0010522575 | L34: IMPNRGZ | N34: elc_won_001 | O34: S03aH08 | P34: 0.029647516 | Q34: IMPNRGZ | S34: elc_wof_001 | T34: S03aH08 | U34: 0.039726037 | V34: IMPNRGZ | X34: 0.021232877 | Y34: 0.018702401 | Z34: S03aH08 | AA34: elc_roadtransport | AC34: elc_buildings | AD34: S03aH08 | AE34: 0.02275918 | AG34: ELC | AH34: S03aH08 | AI34: 0.1882533 | AK34: 2021 | AL34: S12 | AM34: 0.18792909 | AN34: hydro
... I106: elc_spv_001 | J106: S12aH08 | K106: 0 | L106: IMPNRGZ | N106: elc_won_001 | O106: S12aH08 | P106: 0.018806753 | Q106: IMPNRGZ | S106: elc_wof_001 | T106: S12aH08 | U106: 0.016755782 | V106: IMPNRGZ | X106: 0.021232877 | Y106: 0.018702401 | Z106: S12aH08 | AA106: elc_roadtransport | AC106: elc_buildings | AD106: S12aH08 | AE106: 0.023450412 | AG106: ELC | AH106: S12aH08 | AI106: 0.17595661 | AK106: 2029 | AL106: S12 | AM106: 0.1898 | AN106: hydro
I107: elc_spv_002 | J107: S01aH01 | K107: 0 | L107: IMPNRGZ | N107: elc_won_002 | O107: S01aH01 | P107: 0.032260866 | Q107: IMPNRGZ | S107: elc_wof_002 | T107: S01aH01 | U107: 0.025467374 | V107: IMPNRGZ | AC107: elc_industry | AD107: S01aH01 | AE107: 0.024308733 | AK107: 2030 | AL107: S01 | AM107: 0.182 | AN107: hydro
I108: elc_spv_002 | J108: S01aH02 | K108: 0 | L108: IMPNRGZ | N108: elc_won_002 | O108: S01aH02 | P108: 0.0047986725 | Q108: IMPNRGZ | S108: elc_wof_002 | T108: S01aH02 | U108: 0.0036339343 | V108: IMPNRGZ | AC108: elc_industry | AD108: S01aH02 | AE108: 0.0035677172 | AK108: 2030 | AL108: S02 | AM108: 0.1729 | AN108: hydro
I109: elc_spv_002 | J109: S01aH03 | K109: 0.0023928861 | L109: IMPNRGZ | N109: elc_won_002 | O109: S01aH03 | P109: 0.0046795982 | Q109: IMPNRGZ | S109: elc_wof_002 | T109: S01aH03 | U109: 0.0036705077 | V109: IMPNRGZ | AC109: elc_industry | AD109: S01aH03 | AE109: 0.0035803913 | AK109: 2030 | AL109: S03 | AM109: 0.1605 | AN109: hydro
I110: elc_spv_002 | J110: S01aH04 | K110: 0.0041918775 | L110: IMPNRGZ | N110: elc_won_002 | O110: S01aH04 | P110: 0.0045493988 | Q110: IMPNRGZ | S110: elc_wof_002 | T110: S01aH04 | U110: 0.0036509598 | V110: IMPNRGZ | AC110: elc_industry | AD110: S01aH04 | AE110: 0.003585844 | AK110: 2030 | AL110: S04 | AM110: 0.2216 | AN110: hydro
I111: elc_spv_002 | J111: S01aH05 | K111: 0.036538852 | L111: IMPNRGZ | N111: elc_won_002 | O111: S01aH05 | P111: 0.025678443 | Q111: IMPNRGZ | S111: elc_wof_002 | T111: S01aH05 | U111: 0.019448172 | V111: IMPNRGZ | AC111: elc_industry | AD111: S01aH05 | AE111: 0.02147811 | AK111: 2030 | AL111: S05 | AM111: 0.3309 | AN111: hydro
I112: elc_spv_002 | J112: S01aH06 | K112: 0.0034809836 | L112: IMPNRGZ | N112: elc_won_002 | O112: S01aH06 | P112: 0.0045265343 | Q112: IMPNRGZ | S112: elc_wof_002 | T112: S01aH06 | U112: 0.0033678885 | V112: IMPNRGZ | AC112: elc_industry | AD112: S01aH06 | AE112: 0.0035914002 | AK112: 2030 | AL112: S06 | AM112: 0.3429 | AN112: hydro
I113: elc_spv_002 | J113: S01aH07 | K113: 0 | L113: IMPNRGZ | N113: elc_won_002 | O113: S01aH07 | P113: 0.0045594211 | Q113: IMPNRGZ | S113: elc_wof_002 | T113: S01aH07 | U113: 0.0036974706 | V113: IMPNRGZ | AC113: elc_industry | AD113: S01aH07 | AE113: 0.0035970111 | AK113: 2030 | AL113: S07 | AM113: 0.3032 | AN113: hydro
I114: elc_spv_002 | J114: S01aH08 | K114: 0 | L114: IMPNRGZ | N114: elc_won_002 | O114: S01aH08 | P114: 0.026686794 | Q114: IMPNRGZ | S114: elc_wof_002 | T114: S01aH08 | U114: 0.024152583 | V114: IMPNRGZ | AC114: elc_industry | AD114: S01aH08 | AE114: 0.021294543 | AK114: 2030 | AL114: S08 | AM114: 0.2692 | AN114: hydro
I115: elc_spv_002 | J115: S02aH01 | K115: 0 | L115: IMPNRGZ | N115: elc_won_002 | O115: S02aH01 | P115: 0.025980917 | Q115: IMPNRGZ | S115: elc_wof_002 | T115: S02aH01 | U115: 0.033922338 | V115: IMPNRGZ | AC115: elc_industry | AD115: S02aH01 | AE115: 0.021987378 | AK115: 2030 | AL115: S09 | AM115: 0.2372 | AN115: hydro
I116: elc_spv_002 | J116: S02aH02 | K116: 0.00051548577 | L116: IMPNRGZ | N116: elc_won_002 | O116: S02aH02 | P116: 0.0039907109 | Q116: IMPNRGZ | S116: elc_wof_002 | T116: S02aH02 | U116: 0.0042937807 | V116: IMPNRGZ | AC116: elc_industry | AD116: S02aH02 | AE116: 0.0032204088 | AK116: 2030 | AL116: S10 | AM116: 0.1952 | AN116: hydro
I117: elc_spv_002 | J117: S02aH03 | K117: 0.0043732881 | L117: IMPNRGZ | N117: elc_won_002 | O117: S02aH03 | P117: 0.0041059231 | Q117: IMPNRGZ | S117: elc_wof_002 | T117: S02aH03 | U117: 0.0043674769 | V117: IMPNRGZ | AC117: elc_industry | AD117: S02aH03 | AE117: 0.00323246 | AK117: 2030 | AL117: S11 | AM117: 0.2285 | AN117: hydro
I118: elc_spv_002 | J118: S02aH04 | K118: 0.0066791424 | L118: IMPNRGZ | N118: elc_won_002 | O118: S02aH04 | P118: 0.004146159 | Q118: IMPNRGZ | S118: elc_wof_002 | T118: S02aH04 | U118: 0.0044823601 | V118: IMPNRGZ | AC118: elc_industry | AD118: S02aH04 | AE118: 0.0032373263 | AK118: 2030 | AL118: S12 | AM118: 0.1824 | AN118: hydro
... I202: elc_spv_002 | J202: S12aH08 | K202: 0 | L202: IMPNRGZ | N202: elc_won_002 | O202: S12aH08 | P202: 0.020279487 | Q202: IMPNRGZ | S202: elc_wof_002 | T202: S12aH08 | U202: 0.018215222 | V202: IMPNRGZ | AC202: elc_industry | AD202: S12aH08 | AE202: 0.021293751 | AK202: 2037 | AL202: S12 | AM202: 0.209 | AN202: hydro
I203: elc_spv_003 | J203: S01aH01 | K203: 0 | L203: IMPNRGZ | N203: elc_won_003 | O203: S01aH01 | P203: 0.032961294 | Q203: IMPNRGZ | S203: elc_wof_003 | T203: S01aH01 | U203: 0.033547497 | V203: IMPNRGZ | AK203: 2038 | AL203: S01 | AM203: 0.1667 | AN203: hydro
I204: elc_spv_003 | J204: S01aH02 | K204: 0 | L204: IMPNRGZ | N204: elc_won_003 | O204: S01aH02 | P204: 0.0046795692 | Q204: IMPNRGZ | S204: elc_wof_003 | T204: S01aH02 | U204: 0.0047945586 | V204: IMPNRGZ | AK204: 2038 | AL204: S02 | AM204: 0.1715 | AN204: hydro
I205: elc_spv_003 | J205: S01aH03 | K205: 0.0030922425 | L205: IMPNRGZ | N205: elc_won_003 | O205: S01aH03 | P205: 0.0047953978 | Q205: IMPNRGZ | S205: elc_wof_003 | T205: S01aH03 | U205: 0.0049089563 | V205: IMPNRGZ | AK205: 2038 | AL205: S03 | AM205: 0.1714 | AN205: hydro
I206: elc_spv_003 | J206: S01aH04 | K206: 0.0053253552 | L206: IMPNRGZ | N206: elc_won_003 | O206: S01aH04 | P206: 0.0048145606 | Q206: IMPNRGZ | S206: elc_wof_003 | T206: S01aH04 | U206: 0.0049264756 | V206: IMPNRGZ | AK206: 2038 | AL206: S04 | AM206: 0.1988 | AN206: hydro
I207: elc_spv_003 | J207: S01aH05 | K207: 0.038892164 | L207: IMPNRGZ | N207: elc_won_003 | O207: S01aH05 | P207: 0.028300559 | Q207: IMPNRGZ | S207: elc_wof_003 | T207: S01aH05 | U207: 0.030367128 | V207: IMPNRGZ | AK207: 2038 | AL207: S05 | AM207: 0.3226 | AN207: hydro
I208: elc_spv_003 | J208: S01aH06 | K208: 0.0038879478 | L208: IMPNRGZ | N208: elc_won_003 | O208: S01aH06 | P208: 0.0046508535 | Q208: IMPNRGZ | S208: elc_wof_003 | T208: S01aH06 | U208: 0.0049914615 | V208: IMPNRGZ | AK208: 2038 | AL208: S06 | AM208: 0.3233 | AN208: hydro
I209: elc_spv_003 | J209: S01aH07 | K209: 0 | L209: IMPNRGZ | N209: elc_won_003 | O209: S01aH07 | P209: 0.0047500653 | Q209: IMPNRGZ | S209: elc_wof_003 | T209: S01aH07 | U209: 0.0050037482 | V209: IMPNRGZ | AK209: 2038 | AL209: S07 | AM209: 0.3265 | AN209: hydro
