Workbook

Sheet Veda
G1: 1-25,36-40 | H1: 8 | I1: 13 | J1: 18 | K1: 23 | L1: 28 | M1: 33 | N1: 38
D2: ="~Inputcell: "&_xlfn.TEXTJOIN(",",TRUE,G1:EE1) -> ~Inputcell: 1-25,36-40,8,13,18,23,28,33,38
D3: 3
D5: =VLOOKUP(D3,$C$9:$E$999,2,FALSE) -> ts_annual | E5: =VLOOKUP(D3,$C$9:$E$999,3,FALSE) -> C3
B7: ~Scenmap
A8: priority | B8: scen | C8: case_no | D8: timeslice | E8: climate | AM8: bio price multiplier
A9: 5 | B9: =VLOOKUP(E9,$AK$9:$AL$15,2,FALSE)&"."&VLOOKUP(D9,$AH$9:$AI$24,2,FALSE) -> e 1.5 deg no OS.xAnn | C9: 1 | D9: =VLOOKUP(AJ9,$AG$9:$AH$22,2,FALSE) -> ts_annual | E9: C1 | G9: Limit warming to 1.5°C (>50%) with no or limited overshoot | AG9: 1 | AH9: ts_annual | AI9: xAnn | AJ9: 1 | AK9: C1 | AL9: e 1.5 deg no OS | AM9: 5
A10: 5 | B10: =VLOOKUP(E10,$AK$9:$AL$15,2,FALSE)&"."&VLOOKUP(D10,$AH$9:$AI$24,2,FALSE) -> d 1.5 deg OS.xAnn | C10: =C9+1 -> 2 | D10: =VLOOKUP(AJ10,$AG$9:$AH$22,2,FALSE) -> ts_annual | E10: C2 | G10: Limit warming to 1.5°C (>67%) with high overshoot | S10: IEA | AG10: 2 | AH10: ts_12t | AI10: x12 | AJ10: 1 | AK10: C2 | AL10: d 1.5 deg OS | AM10: 4
A11: 5 | B11: =VLOOKUP(E11,$AK$9:$AL$15,2,FALSE)&"."&VLOOKUP(D11,$AH$9:$AI$24,2,FALSE) -> c 2 deg (67%).xAnn | C11: =C10+1 -> 3 | D11: =VLOOKUP(AJ11,$AG$9:$AH$22,2,FALSE) -> ts_annual | E11: C3 | G11: Limit warming to 2°C (>67%) with higher action post-2030 | S11: 2022 | AG11: 3 | AH11: ts_012 | AI11: =AH11 -> ts_012 | AJ11: 1 | AK11: C3 | AL11: c 2 deg (67%) | AM11: 3
A12: 5 | B12: =VLOOKUP(E12,$AK$9:$AL$15,2,FALSE)&"."&VLOOKUP(D12,$AH$9:$AI$24,2,FALSE) -> b 2 deg (50%).xAnn | C12: =C11+1 -> 4 | D12: =VLOOKUP(AJ12,$AG$9:$AH$22,2,FALSE) -> ts_annual | E12: C4 | G12: Limit warming to 2°C (>50%) with immediate action | S12: =SUMIFS(iea_data!I3:I9999,iea_data!$B$3:$B$9999,Veda!$S$11)+T28-T29 -> 229.26 | T12: base-year generation (TWh) | AG12: 4 | AH12: ts_030 | AI12: =AH12 -> ts_030 | AJ12: 1 | AK12: C4 | AL12: b 2 deg (50%) | AM12: 3
A13: 5 | B13: =VLOOKUP(E13,$AK$9:$AL$15,2,FALSE)&"."&VLOOKUP(D13,$AH$9:$AI$24,2,FALSE) -> a 3 deg.xAnn | C13: =C12+1 -> 5 | D13: =VLOOKUP(AJ13,$AG$9:$AH$22,2,FALSE) -> ts_annual | E13: C7 | G13: Likely above 3°C warming with limited mitigation | AG13: 5 | AH13: ts_048 | AI13: =AH13 -> ts_048 | AJ13: 1 | AK13: C7 | AL13: a 3 deg | AM13: 1.5
A14: 5 | B14: =VLOOKUP(E14,$AK$9:$AL$15,2,FALSE)&"."&VLOOKUP(D14,$AH$9:$AI$24,2,FALSE) -> e 1.5 deg no OS.x12 | C14: =C13+1 -> 6 | D14: =VLOOKUP(AJ14,$AG$9:$AH$22,2,FALSE) -> ts_12t | E14: =E9 -> C1 | T14: =S12 -> 229.26 | U14: =$S$12*J15 -> 291.1602 | V14: =$S$12*K15 -> 385.1568 | W14: =$S$12*L15 -> 518.1276 | X14: =$S$12*M15 -> 669.4392 | Y14: =$S$12*N15 -> 1027.0848 | Z14: =$S$12*O15 -> 1377.8526 | AG14: 6 | AH14: ts_072 | AI14: =AH14 -> ts_072 | AJ14: =AJ9+1 -> 2
A15: 5 | B15: =VLOOKUP(E15,$AK$9:$AL$15,2,FALSE)&"."&VLOOKUP(D15,$AH$9:$AI$24,2,FALSE) -> d 1.5 deg OS.x12 | C15: =C14+1 -> 7 | D15: =VLOOKUP(AJ15,$AG$9:$AH$22,2,FALSE) -> ts_12t | E15: =E10 -> C2 | G15: Electricity growth relative to 2020 | I15: =SUMIFS(ar6_r10!$F$2:$F$999,ar6_r10!$A$2:$A$999,Veda!$E$5,ar6_r10!$C$2:$C$999,Veda!I$17,ar6_r10!$M$2:$M$999,Veda!$G15) -> 1 | J15: =SUMIFS(ar6_r10!$F$2:$F$999,ar6_r10!$A$2:$A$999,Veda!$E$5,ar6_r10!$C$2:$C$999,Veda!J$17,ar6_r10!$M$2:$M$999,Veda!$G15) -> 1.27 | K15: =SUMIFS(ar6_r10!$F$2:$F$999,ar6_r10!$A$2:$A$999,Veda!$E$5,ar6_r10!$C$2:$C$999,Veda!K$17,ar6_r10!$M$2:$M$999,Veda!$G15) -> 1.68 | L15: =SUMIFS(ar6_r10!$F$2:$F$999,ar6_r10!$A$2:$A$999,Veda!$E$5,ar6_r10!$C$2:$C$999,Veda!L$17,ar6_r10!$M$2:$M$999,Veda!$G15) -> 2.26 | M15: =SUMIFS(ar6_r10!$F$2:$F$999,ar6_r10!$A$2:$A$999,Veda!$E$5,ar6_r10!$C$2:$C$999,Veda!M$17,ar6_r10!$M$2:$M$999,Veda!$G15) -> 2.92 | N15: =SUMIFS(ar6_r10!$F$2:$F$999,ar6_r10!$A$2:$A$999,Veda!$E$5,ar6_r10!$C$2:$C$999,Veda!N$17,ar6_r10!$M$2:$M$999,Veda!$G15) -> 4.48 | O15: =SUMIFS(ar6_r10!$F$2:$F$999,ar6_r10!$A$2:$A$999,Veda!$E$5,ar6_r10!$C$2:$C$999,Veda!O$17,ar6_r10!$M$2:$M$999,Veda!$G15) -> 6.01 | AG15: 7 | AH15: ts_144 | AI15: =AH15 -> ts_144 | AJ15: =AJ10+1 -> 2
A16: 5 | B16: =VLOOKUP(E16,$AK$9:$AL$15,2,FALSE)&"."&VLOOKUP(D16,$AH$9:$AI$24,2,FALSE) -> c 2 deg (67%).x12 | C16: =C15+1 -> 8 | D16: =VLOOKUP(AJ16,$AG$9:$AH$22,2,FALSE) -> ts_12t | E16: =E11 -> C3 | S16: ~TFM_INS-TS | AG16: 8 | AH16: ts_288 | AI16: =AH16 -> ts_288 | AJ16: =AJ11+1 -> 2
A17: 5 | B17: =VLOOKUP(E17,$AK$9:$AL$15,2,FALSE)&"."&VLOOKUP(D17,$AH$9:$AI$24,2,FALSE) -> b 2 deg (50%).x12 | C17: =C16+1 -> 9 | D17: =VLOOKUP(AJ17,$AG$9:$AH$22,2,FALSE) -> ts_12t | E17: =E12 -> C4 | I17: 2020 | J17: =U17 -> 2025 | K17: =V17 -> 2030 | L17: =W17 -> 2035 | M17: =X17 -> 2040 | N17: =Y17 -> 2045 | O17: =Z17 -> 2050 | S17: commodity | T17: 2022 | U17: 2025 | V17: 2030 | W17: 2035 | X17: 2040 | Y17: 2045 | Z17: 2050 | AA17: attribute | AG17: 9 | AH17: s1v1_d | AI17: f2d96 | AJ17: =AJ12+1 -> 2
A18: 5 | B18: =VLOOKUP(E18,$AK$9:$AL$15,2,FALSE)&"."&VLOOKUP(D18,$AH$9:$AI$24,2,FALSE) -> a 3 deg.x12 | C18: =C17+1 -> 10 | D18: =VLOOKUP(AJ18,$AG$9:$AH$22,2,FALSE) -> ts_12t | E18: =E13 -> C7 | G18: Hydrogen as a share of electricity | I18: =SUMIFS(ar6_r10!$F$2:$F$999,ar6_r10!$A$2:$A$999,Veda!$E$5,ar6_r10!$C$2:$C$999,Veda!I$17,ar6_r10!$M$2:$M$999,Veda!$G18) -> 0 | J18: =SUMIFS(ar6_r10!$F$2:$F$999,ar6_r10!$A$2:$A$999,Veda!$E$5,ar6_r10!$C$2:$C$999,Veda!J$17,ar6_r10!$M$2:$M$999,Veda!$G18) -> 0 | K18: =SUMIFS(ar6_r10!$F$2:$F$999,ar6_r10!$A$2:$A$999,Veda!$E$5,ar6_r10!$C$2:$C$999,Veda!K$17,ar6_r10!$M$2:$M$999,Veda!$G18) -> 0 | L18: =SUMIFS(ar6_r10!$F$2:$F$999,ar6_r10!$A$2:$A$999,Veda!$E$5,ar6_r10!$C$2:$C$999,Veda!L$17,ar6_r10!$M$2:$M$999,Veda!$G18) -> 0.01 | M18: =SUMIFS(ar6_r10!$F$2:$F$999,ar6_r10!$A$2:$A$999,Veda!$E$5,ar6_r10!$C$2:$C$999,Veda!M$17,ar6_r10!$M$2:$M$999,Veda!$G18) -> 0.02 | N18: =SUMIFS(ar6_r10!$F$2:$F$999,ar6_r10!$A$2:$A$999,Veda!$E$5,ar6_r10!$C$2:$C$999,Veda!N$17,ar6_r10!$M$2:$M$999,Veda!$G18) -> 0.02 | O18: =SUMIFS(ar6_r10!$F$2:$F$999,ar6_r10!$A$2:$A$999,Veda!$E$5,ar6_r10!$C$2:$C$999,Veda!O$17,ar6_r10!$M$2:$M$999,Veda!$G18) -> 0.03 | S18: hydrogen_allsect | T18: =I18*T$14 -> 0 | U18: =J18*U$14 -> 0 | V18: =K18*V$14 -> 0 | W18: =L18*W$14 -> 5.181276 | X18: =M18*X$14 -> 13.388784 | Y18: =N18*Y$14 -> 20.541696 | Z18: =O18*Z$14 -> 41.335578 | AA18: demand | AG18: 10 | AH18: ts_096 | AI18: e96 | AJ18: =AJ13+1 -> 2
A19: 5 | B19: =VLOOKUP(E19,$AK$9:$AL$15,2,FALSE)&"."&VLOOKUP(D19,$AH$9:$AI$24,2,FALSE) -> e 1.5 deg no OS.ts_012 | C19: =C18+1 -> 11 | D19: =VLOOKUP(AJ19,$AG$9:$AH$22,2,FALSE) -> ts_012 | E19: =E14 -> C1 | G19: Industry electricity share | I19: =SUMIFS(ar6_r10!$F$2:$F$999,ar6_r10!$A$2:$A$999,Veda!$E$5,ar6_r10!$C$2:$C$999,Veda!I$17,ar6_r10!$M$2:$M$999,Veda!$G19) -> 0.49 | J19: =SUMIFS(ar6_r10!$F$2:$F$999,ar6_r10!$A$2:$A$999,Veda!$E$5,ar6_r10!$C$2:$C$999,Veda!J$17,ar6_r10!$M$2:$M$999,Veda!$G19) -> 0.45 | K19: =SUMIFS(ar6_r10!$F$2:$F$999,ar6_r10!$A$2:$A$999,Veda!$E$5,ar6_r10!$C$2:$C$999,Veda!K$17,ar6_r10!$M$2:$M$999,Veda!$G19) -> 0.43 | L19: =SUMIFS(ar6_r10!$F$2:$F$999,ar6_r10!$A$2:$A$999,Veda!$E$5,ar6_r10!$C$2:$C$999,Veda!L$17,ar6_r10!$M$2:$M$999,Veda!$G19) -> 0.42 | M19: =SUMIFS(ar6_r10!$F$2:$F$999,ar6_r10!$A$2:$A$999,Veda!$E$5,ar6_r10!$C$2:$C$999,Veda!M$17,ar6_r10!$M$2:$M$999,Veda!$G19) -> 0.4 | N19: =SUMIFS(ar6_r10!$F$2:$F$999,ar6_r10!$A$2:$A$999,Veda!$E$5,ar6_r10!$C$2:$C$999,Veda!N$17,ar6_r10!$M$2:$M$999,Veda!$G19) -> 0.41 | O19: =SUMIFS(ar6_r10!$F$2:$F$999,ar6_r10!$A$2:$A$999,Veda!$E$5,ar6_r10!$C$2:$C$999,Veda!O$17,ar6_r10!$M$2:$M$999,Veda!$G19) -> 0.38 | S19: elc_industry | T19: =I19*T$14 -> 112.3374 | U19: =J19*U$14 -> 131.02209 | V19: =K19*V$14 -> 165.61742 | W19: =L19*W$14 -> 217.61359 | X19: =M19*X$14 -> 267.77568 | Y19: =N19*Y$14 -> 421.10477 | Z19: =O19*Z$14 -> 523.58399 | AA19: demand | AG19: 11 | AH19: s1p1v1_d | AI19: d9d | AJ19: =AJ14+1 -> 3
A20: 5 | B20: =VLOOKUP(E20,$AK$9:$AL$15,2,FALSE)&"."&VLOOKUP(D20,$AH$9:$AI$24,2,FALSE) -> d 1.5 deg OS.ts_012 | C20: =C19+1 -> 12 | D20: =VLOOKUP(AJ20,$AG$9:$AH$22,2,FALSE) -> ts_012 | E20: =E15 -> C2 | G20: Residential and commercial electricity share | I20: =SUMIFS(ar6_r10!$F$2:$F$999,ar6_r10!$A$2:$A$999,Veda!$E$5,ar6_r10!$C$2:$C$999,Veda!I$17,ar6_r10!$M$2:$M$999,Veda!$G20) -> 0.49 | J20: =SUMIFS(ar6_r10!$F$2:$F$999,ar6_r10!$A$2:$A$999,Veda!$E$5,ar6_r10!$C$2:$C$999,Veda!J$17,ar6_r10!$M$2:$M$999,Veda!$G20) -> 0.52 | K20: =SUMIFS(ar6_r10!$F$2:$F$999,ar6_r10!$A$2:$A$999,Veda!$E$5,ar6_r10!$C$2:$C$999,Veda!K$17,ar6_r10!$M$2:$M$999,Veda!$G20) -> 0.54 | L20: =SUMIFS(ar6_r10!$F$2:$F$999,ar6_r10!$A$2:$A$999,Veda!$E$5,ar6_r10!$C$2:$C$999,Veda!L$17,ar6_r10!$M$2:$M$999,Veda!$G20) -> 0.51 | M20: =SUMIFS(ar6_r10!$F$2:$F$999,ar6_r10!$A$2:$A$999,Veda!$E$5,ar6_r10!$C$2:$C$999,Veda!M$17,ar6_r10!$M$2:$M$999,Veda!$G20) -> 0.51 | N20: =SUMIFS(ar6_r10!$F$2:$F$999,ar6_r10!$A$2:$A$999,Veda!$E$5,ar6_r10!$C$2:$C$999,Veda!N$17,ar6_r10!$M$2:$M$999,Veda!$G20) -> 0.48 | O20: =SUMIFS(ar6_r10!$F$2:$F$999,ar6_r10!$A$2:$A$999,Veda!$E$5,ar6_r10!$C$2:$C$999,Veda!O$17,ar6_r10!$M$2:$M$999,Veda!$G20) -> 0.47 | S20: elc_buildings | T20: =I20*T$14 -> 112.3374 | U20: =J20*U$14 -> 151.4033 | V20: =K20*V$14 -> 207.98467 | W20: =L20*W$14 -> 264.24508 | X20: =M20*X$14 -> 341.41399 | Y20: =N20*Y$14 -> 493.0007 | Z20: =O20*Z$14 -> 647.59072 | AA20: demand | AG20: 12 | AH20: s5p5v5_d | AI20: c15d | AJ20: =AJ15+1 -> 3
A21: 5 | B21: =VLOOKUP(E21,$AK$9:$AL$15,2,FALSE)&"."&VLOOKUP(D21,$AH$9:$AI$24,2,FALSE) -> c 2 deg (67%).ts_012 | C21: =C20+1 -> 13 | D21: =VLOOKUP(AJ21,$AG$9:$AH$22,2,FALSE) -> ts_012 | E21: =E16 -> C3 | G21: Transportation electricity share | I21: =SUMIFS(ar6_r10!$F$2:$F$999,ar6_r10!$A$2:$A$999,Veda!$E$5,ar6_r10!$C$2:$C$999,Veda!I$17,ar6_r10!$M$2:$M$999,Veda!$G21) -> 0.01 | J21: =SUMIFS(ar6_r10!$F$2:$F$999,ar6_r10!$A$2:$A$999,Veda!$E$5,ar6_r10!$C$2:$C$999,Veda!J$17,ar6_r10!$M$2:$M$999,Veda!$G21) -> 0.01 | K21: =SUMIFS(ar6_r10!$F$2:$F$999,ar6_r10!$A$2:$A$999,Veda!$E$5,ar6_r10!$C$2:$C$999,Veda!K$17,ar6_r10!$M$2:$M$999,Veda!$G21) -> 0.02 | L21: =SUMIFS(ar6_r10!$F$2:$F$999,ar6_r10!$A$2:$A$999,Veda!$E$5,ar6_r10!$C$2:$C$999,Veda!L$17,ar6_r10!$M$2:$M$999,Veda!$G21) -> 0.02 | M21: =SUMIFS(ar6_r10!$F$2:$F$999,ar6_r10!$A$2:$A$999,Veda!$E$5,ar6_r10!$C$2:$C$999,Veda!M$17,ar6_r10!$M$2:$M$999,Veda!$G21) -> 0.03 | N21: =SUMIFS(ar6_r10!$F$2:$F$999,ar6_r10!$A$2:$A$999,Veda!$E$5,ar6_r10!$C$2:$C$999,Veda!N$17,ar6_r10!$M$2:$M$999,Veda!$G21) -> 0.05 | O21: =SUMIFS(ar6_r10!$F$2:$F$999,ar6_r10!$A$2:$A$999,Veda!$E$5,ar6_r10!$C$2:$C$999,Veda!O$17,ar6_r10!$M$2:$M$999,Veda!$G21) -> 0.05 | S21: elc_transport | T21: =I21*T$14 -> 2.2926 | U21: =T21 -> 2.2926 | V21: =U21 -> 2.2926 | W21: =V21 -> 2.2926 | X21: =W21 -> 2.2926 | Y21: =X21 -> 2.2926 | Z21: =Y21 -> 2.2926 | AA21: demand | AC21: non-road transport demand assumed to be constant | AJ21: =AJ16+1 -> 3
A22: 5 | B22: =VLOOKUP(E22,$AK$9:$AL$15,2,FALSE)&"."&VLOOKUP(D22,$AH$9:$AI$24,2,FALSE) -> b 2 deg (50%).ts_012 | C22: =C21+1 -> 14 | D22: =VLOOKUP(AJ22,$AG$9:$AH$22,2,FALSE) -> ts_012 | E22: =E17 -> C4 | S22: elc_roadtransport | T22: =T14-SUM(T19:T21) -> 2.2926 | U22: =U14-SUM(U19:U21) -> 6.442206 | V22: =V14-SUM(V19:V21) -> 9.262104 | W22: =W14-SUM(W19:W21) -> 33.976332 | X22: =X14-SUM(X19:X21) -> 57.956928 | Y22: =Y14-SUM(Y19:Y21) -> 110.68673 | Z22: =Z14-SUM(Z19:Z21) -> 204.38529 | AA22: demand | AJ22: =AJ17+1 -> 3
A23: 5 | B23: =VLOOKUP(E23,$AK$9:$AL$15,2,FALSE)&"."&VLOOKUP(D23,$AH$9:$AI$24,2,FALSE) -> a 3 deg.ts_012 | C23: =C22+1 -> 15 | D23: =VLOOKUP(AJ23,$AG$9:$AH$22,2,FALSE) -> ts_012 | E23: =E18 -> C7 | S23: * | AJ23: =AJ18+1 -> 3
A24: 5 | B24: =VLOOKUP(E24,$AK$9:$AL$15,2,FALSE)&"."&VLOOKUP(D24,$AH$9:$AI$24,2,FALSE) -> e 1.5 deg no OS.ts_030 | C24: =C23+1 -> 16 | D24: =VLOOKUP(AJ24,$AG$9:$AH$22,2,FALSE) -> ts_030 | E24: =E19 -> C1 | G24: CO2 price | I24: 0 | J24: 0 | K24: =SUMIFS(ar6_r10!$F$2:$F$999,ar6_r10!$A$2:$A$999,Veda!$E$5,ar6_r10!$C$2:$C$999,Veda!K$17,ar6_r10!$M$2:$M$999,Veda!$G24) -> 48.97 | L24: =SUMIFS(ar6_r10!$F$2:$F$999,ar6_r10!$A$2:$A$999,Veda!$E$5,ar6_r10!$C$2:$C$999,Veda!L$17,ar6_r10!$M$2:$M$999,Veda!$G24) -> 87.7 | M24: =SUMIFS(ar6_r10!$F$2:$F$999,ar6_r10!$A$2:$A$999,Veda!$E$5,ar6_r10!$C$2:$C$999,Veda!M$17,ar6_r10!$M$2:$M$999,Veda!$G24) -> 122.55 | N24: =SUMIFS(ar6_r10!$F$2:$F$999,ar6_r10!$A$2:$A$999,Veda!$E$5,ar6_r10!$C$2:$C$999,Veda!N$17,ar6_r10!$M$2:$M$999,Veda!$G24) -> 179.54 | O24: =SUMIFS(ar6_r10!$F$2:$F$999,ar6_r10!$A$2:$A$999,Veda!$E$5,ar6_r10!$C$2:$C$999,Veda!O$17,ar6_r10!$M$2:$M$999,Veda!$G24) -> 211.71 | S24: co2net | U24: 0 | V24: =K24/1000 -> 0.04897 | W24: =L24/1000 -> 0.0877 | X24: =M24/1000 -> 0.12255 | Y24: =N24/1000 -> 0.17954 | Z24: =O24/1000 -> 0.21171 | AA24: com_taxnet | AJ24: =AJ19+1 -> 4
A25: 5 | B25: =VLOOKUP(E25,$AK$9:$AL$15,2,FALSE)&"."&VLOOKUP(D25,$AH$9:$AI$24,2,FALSE) -> d 1.5 deg OS.ts_030 | C25: =C24+1 -> 17 | D25: =VLOOKUP(AJ25,$AG$9:$AH$22,2,FALSE) -> ts_030 | E25: =E20 -> C2 | AJ25: =AJ20+1 -> 4
A26: 5 | B26: =VLOOKUP(E26,$AK$9:$AL$15,2,FALSE)&"."&VLOOKUP(D26,$AH$9:$AI$24,2,FALSE) -> c 2 deg (67%).ts_030 | C26: =C25+1 -> 18 | D26: =VLOOKUP(AJ26,$AG$9:$AH$22,2,FALSE) -> ts_030 | E26: =E21 -> C3 | S26: ~TFM_INS-TS | AJ26: =AJ21+1 -> 4
A27: 5 | B27: =VLOOKUP(E27,$AK$9:$AL$15,2,FALSE)&"."&VLOOKUP(D27,$AH$9:$AI$24,2,FALSE) -> b 2 deg (50%).ts_030 | C27: =C26+1 -> 19 | D27: =VLOOKUP(AJ27,$AG$9:$AH$22,2,FALSE) -> ts_030 | E27: =E22 -> C4 | S27: process | T27: =T17 -> 2022 | U27: =U17 -> 2025 | V27: =V17 -> 2030 | W27: =W17 -> 2035 | X27: =X17 -> 2040 | Y27: =Y17 -> 2045 | Z27: =Z17 -> 2050 | AA27: attribute | AB27: limtype | AJ27: =AJ22+1 -> 4
A28: 5 | B28: =VLOOKUP(E28,$AK$9:$AL$15,2,FALSE)&"."&VLOOKUP(D28,$AH$9:$AI$24,2,FALSE) -> a 3 deg.ts_030 | C28: =C27+1 -> 20 | D28: =VLOOKUP(AJ28,$AG$9:$AH$22,2,FALSE) -> ts_030 | E28: =E23 -> C7 | Q28: =SUMIFS(iea_data!G3:G9999,iea_data!$B$3:$B$9999,Veda!$S$11) -> 10.76 | S28: Trd_electricity import | T28: =Q28 -> 10.76 | AA28: ACT_BND | AB28: FX | AJ28: =AJ23+1 -> 4
A29: 5 | B29: =VLOOKUP(E29,$AK$9:$AL$15,2,FALSE)&"."&VLOOKUP(D29,$AH$9:$AI$24,2,FALSE) -> e 1.5 deg no OS.ts_048 | C29: =C28+1 -> 21 | D29: =VLOOKUP(AJ29,$AG$9:$AH$22,2,FALSE) -> ts_048 | E29: =E24 -> C1 | Q29: =SUMIFS(iea_data!H3:H9999,iea_data!$B$3:$B$9999,Veda!$S$11) -> -12.27 | S29: Trd_electricity export | T29: =-1*Q29 -> 12.27 | AA29: ACT_BND | AB29: FX | AJ29: =AJ24+1 -> 5
A30: 5 | B30: =VLOOKUP(E30,$AK$9:$AL$15,2,FALSE)&"."&VLOOKUP(D30,$AH$9:$AI$24,2,FALSE) -> d 1.5 deg OS.ts_048 | C30: =C29+1 -> 22 | D30: =VLOOKUP(AJ30,$AG$9:$AH$22,2,FALSE) -> ts_048 | E30: =E25 -> C2 | AJ30: =AJ25+1 -> 5
A31: 5 | B31: =VLOOKUP(E31,$AK$9:$AL$15,2,FALSE)&"."&VLOOKUP(D31,$AH$9:$AI$24,2,FALSE) -> c 2 deg (67%).ts_048 | C31: =C30+1 -> 23 | D31: =VLOOKUP(AJ31,$AG$9:$AH$22,2,FALSE) -> ts_048 | E31: =E26 -> C3 | AJ31: =AJ26+1 -> 5
A32: 5 | B32: =VLOOKUP(E32,$AK$9:$AL$15,2,FALSE)&"."&VLOOKUP(D32,$AH$9:$AI$24,2,FALSE) -> b 2 deg (50%).ts_048 | C32: =C31+1 -> 24 | D32: =VLOOKUP(AJ32,$AG$9:$AH$22,2,FALSE) -> ts_048 | E32: =E27 -> C4 | AJ32: =AJ27+1 -> 5
A33: 5 | B33: =VLOOKUP(E33,$AK$9:$AL$15,2,FALSE)&"."&VLOOKUP(D33,$AH$9:$AI$24,2,FALSE) -> a 3 deg.ts_048 | C33: =C32+1 -> 25 | D33: =VLOOKUP(AJ33,$AG$9:$AH$22,2,FALSE) -> ts_048 | E33: =E28 -> C7 | AJ33: =AJ28+1 -> 5
A34: 5 | B34: =VLOOKUP(E34,$AK$9:$AL$15,2,FALSE)&"."&VLOOKUP(D34,$AH$9:$AI$24,2,FALSE) -> e 1.5 deg no OS.ts_072 | C34: =C33+1 -> 26 | D34: =VLOOKUP(AJ34,$AG$9:$AH$22,2,FALSE) -> ts_072 | E34: =E29 -> C1 | AJ34: =AJ29+1 -> 6
A35: 5 | B35: =VLOOKUP(E35,$AK$9:$AL$15,2,FALSE)&"."&VLOOKUP(D35,$AH$9:$AI$24,2,FALSE) -> d 1.5 deg OS.ts_072 | C35: =C34+1 -> 27 | D35: =VLOOKUP(AJ35,$AG$9:$AH$22,2,FALSE) -> ts_072 | E35: =E30 -> C2 | AJ35: =AJ30+1 -> 6
A36: 5 | B36: =VLOOKUP(E36,$AK$9:$AL$15,2,FALSE)&"."&VLOOKUP(D36,$AH$9:$AI$24,2,FALSE) -> c 2 deg (67%).ts_072 | C36: =C35+1 -> 28 | D36: =VLOOKUP(AJ36,$AG$9:$AH$22,2,FALSE) -> ts_072 | E36: =E31 -> C3 | G36: C7 | AJ36: =AJ31+1 -> 6
A37: 5 | B37: =VLOOKUP(E37,$AK$9:$AL$15,2,FALSE)&"."&VLOOKUP(D37,$AH$9:$AI$24,2,FALSE) -> b 2 deg (50%).ts_072 | C37: =C36+1 -> 29 | D37: =VLOOKUP(AJ37,$AG$9:$AH$22,2,FALSE) -> ts_072 | E37: =E32 -> C4 | G37: Gas Price | I37: =SUMIFS(ar6_r10!$F$2:$F$999,ar6_r10!$A$2:$A$999,Veda!$G$36,ar6_r10!$C$2:$C$999,Veda!I$17,ar6_r10!$M$2:$M$999,Veda!$G37) -> 1 | J37: =SUMIFS(ar6_r10!$F$2:$F$999,ar6_r10!$A$2:$A$999,Veda!$G$36,ar6_r10!$C$2:$C$999,Veda!J$17,ar6_r10!$M$2:$M$999,Veda!$G37) -> 1.04 | K37: =SUMIFS(ar6_r10!$F$2:$F$999,ar6_r10!$A$2:$A$999,Veda!$G$36,ar6_r10!$C$2:$C$999,Veda!K$17,ar6_r10!$M$2:$M$999,Veda!$G37) -> 1.37 | L37: =SUMIFS(ar6_r10!$F$2:$F$999,ar6_r10!$A$2:$A$999,Veda!$G$36,ar6_r10!$C$2:$C$999,Veda!L$17,ar6_r10!$M$2:$M$999,Veda!$G37) -> 1.3 | M37: =SUMIFS(ar6_r10!$F$2:$F$999,ar6_r10!$A$2:$A$999,Veda!$G$36,ar6_r10!$C$2:$C$999,Veda!M$17,ar6_r10!$M$2:$M$999,Veda!$G37) -> 1.55 | N37: =SUMIFS(ar6_r10!$F$2:$F$999,ar6_r10!$A$2:$A$999,Veda!$G$36,ar6_r10!$C$2:$C$999,Veda!N$17,ar6_r10!$M$2:$M$999,Veda!$G37) -> 1.63 | O37: =SUMIFS(ar6_r10!$F$2:$F$999,ar6_r10!$A$2:$A$999,Veda!$G$36,ar6_r10!$C$2:$C$999,Veda!O$17,ar6_r10!$M$2:$M$999,Veda!$G37) -> 1.71 | AJ37: =AJ32+1 -> 6
A38: 5 | B38: =VLOOKUP(E38,$AK$9:$AL$15,2,FALSE)&"."&VLOOKUP(D38,$AH$9:$AI$24,2,FALSE) -> a 3 deg.ts_072 | C38: =C37+1 -> 30 | D38: =VLOOKUP(AJ38,$AG$9:$AH$22,2,FALSE) -> ts_072 | E38: =E33 -> C7 | G38: Coal Price | I38: =SUMIFS(ar6_r10!$F$2:$F$999,ar6_r10!$A$2:$A$999,Veda!$G$36,ar6_r10!$C$2:$C$999,Veda!I$17,ar6_r10!$M$2:$M$999,Veda!$G38) -> 1 | J38: =SUMIFS(ar6_r10!$F$2:$F$999,ar6_r10!$A$2:$A$999,Veda!$G$36,ar6_r10!$C$2:$C$999,Veda!J$17,ar6_r10!$M$2:$M$999,Veda!$G38) -> 1.08 | K38: =SUMIFS(ar6_r10!$F$2:$F$999,ar6_r10!$A$2:$A$999,Veda!$G$36,ar6_r10!$C$2:$C$999,Veda!K$17,ar6_r10!$M$2:$M$999,Veda!$G38) -> 1.2 | L38: =SUMIFS(ar6_r10!$F$2:$F$999,ar6_r10!$A$2:$A$999,Veda!$G$36,ar6_r10!$C$2:$C$999,Veda!L$17,ar6_r10!$M$2:$M$999,Veda!$G38) -> 1.34 | M38: =SUMIFS(ar6_r10!$F$2:$F$999,ar6_r10!$A$2:$A$999,Veda!$G$36,ar6_r10!$C$2:$C$999,Veda!M$17,ar6_r10!$M$2:$M$999,Veda!$G38) -> 1.52 | N38: =SUMIFS(ar6_r10!$F$2:$F$999,ar6_r10!$A$2:$A$999,Veda!$G$36,ar6_r10!$C$2:$C$999,Veda!N$17,ar6_r10!$M$2:$M$999,Veda!$G38) -> 1.46 | O38: =SUMIFS(ar6_r10!$F$2:$F$999,ar6_r10!$A$2:$A$999,Veda!$G$36,ar6_r10!$C$2:$C$999,Veda!O$17,ar6_r10!$M$2:$M$999,Veda!$G38) -> 1.57 | AJ38: =AJ33+1 -> 6
A39: 5 | B39: =VLOOKUP(E39,$AK$9:$AL$15,2,FALSE)&"."&VLOOKUP(D39,$AH$9:$AI$24,2,FALSE) -> e 1.5 deg no OS.ts_144 | C39: =C38+1 -> 31 | D39: =VLOOKUP(AJ39,$AG$9:$AH$22,2,FALSE) -> ts_144 | E39: =E34 -> C1 | G39: Oil Price | I39: =SUMIFS(ar6_r10!$F$2:$F$999,ar6_r10!$A$2:$A$999,Veda!$G$36,ar6_r10!$C$2:$C$999,Veda!I$17,ar6_r10!$M$2:$M$999,Veda!$G39) -> 1 | J39: =SUMIFS(ar6_r10!$F$2:$F$999,ar6_r10!$A$2:$A$999,Veda!$G$36,ar6_r10!$C$2:$C$999,Veda!J$17,ar6_r10!$M$2:$M$999,Veda!$G39) -> 1.15 | K39: =SUMIFS(ar6_r10!$F$2:$F$999,ar6_r10!$A$2:$A$999,Veda!$G$36,ar6_r10!$C$2:$C$999,Veda!K$17,ar6_r10!$M$2:$M$999,Veda!$G39) -> 1.6 | L39: =SUMIFS(ar6_r10!$F$2:$F$999,ar6_r10!$A$2:$A$999,Veda!$G$36,ar6_r10!$C$2:$C$999,Veda!L$17,ar6_r10!$M$2:$M$999,Veda!$G39) -> 1.33 | M39: =SUMIFS(ar6_r10!$F$2:$F$999,ar6_r10!$A$2:$A$999,Veda!$G$36,ar6_r10!$C$2:$C$999,Veda!M$17,ar6_r10!$M$2:$M$999,Veda!$G39) -> 1.47 | N39: =SUMIFS(ar6_r10!$F$2:$F$999,ar6_r10!$A$2:$A$999,Veda!$G$36,ar6_r10!$C$2:$C$999,Veda!N$17,ar6_r10!$M$2:$M$999,Veda!$G39) -> 1.61 | O39: =SUMIFS(ar6_r10!$F$2:$F$999,ar6_r10!$A$2:$A$999,Veda!$G$36,ar6_r10!$C$2:$C$999,Veda!O$17,ar6_r10!$M$2:$M$999,Veda!$G39) -> 1.77 | AJ39: =AJ34+1 -> 7
A40: 5 | B40: =VLOOKUP(E40,$AK$9:$AL$15,2,FALSE)&"."&VLOOKUP(D40,$AH$9:$AI$24,2,FALSE) -> d 1.5 deg OS.ts_144 | C40: =C39+1 -> 32 | D40: =VLOOKUP(AJ40,$AG$9:$AH$22,2,FALSE) -> ts_144 | E40: =E35 -> C2 | G40: Biomass Price | I40: =SUMIFS(ar6_r10!$F$2:$F$999,ar6_r10!$A$2:$A$999,Veda!$G$36,ar6_r10!$C$2:$C$999,Veda!I$17,ar6_r10!$M$2:$M$999,Veda!$G40) -> 1 | J40: =SUMIFS(ar6_r10!$F$2:$F$999,ar6_r10!$A$2:$A$999,Veda!$G$36,ar6_r10!$C$2:$C$999,Veda!J$17,ar6_r10!$M$2:$M$999,Veda!$G40) -> 0.84 | K40: =SUMIFS(ar6_r10!$F$2:$F$999,ar6_r10!$A$2:$A$999,Veda!$G$36,ar6_r10!$C$2:$C$999,Veda!K$17,ar6_r10!$M$2:$M$999,Veda!$G40) -> 0.79 | L40: =SUMIFS(ar6_r10!$F$2:$F$999,ar6_r10!$A$2:$A$999,Veda!$G$36,ar6_r10!$C$2:$C$999,Veda!L$17,ar6_r10!$M$2:$M$999,Veda!$G40) -> 0.82 | M40: =SUMIFS(ar6_r10!$F$2:$F$999,ar6_r10!$A$2:$A$999,Veda!$G$36,ar6_r10!$C$2:$C$999,Veda!M$17,ar6_r10!$M$2:$M$999,Veda!$G40) -> 0.86 | N40: =SUMIFS(ar6_r10!$F$2:$F$999,ar6_r10!$A$2:$A$999,Veda!$G$36,ar6_r10!$C$2:$C$999,Veda!N$17,ar6_r10!$M$2:$M$999,Veda!$G40) -> 0.88 | O40: =SUMIFS(ar6_r10!$F$2:$F$999,ar6_r10!$A$2:$A$999,Veda!$G$36,ar6_r10!$C$2:$C$999,Veda!O$17,ar6_r10!$M$2:$M$999,Veda!$G40) -> 0.9 | AJ40: =AJ35+1 -> 7
A41: 5 | B41: =VLOOKUP(E41,$AK$9:$AL$15,2,FALSE)&"."&VLOOKUP(D41,$AH$9:$AI$24,2,FALSE) -> c 2 deg (67%).ts_144 | C41: =C40+1 -> 33 | D41: =VLOOKUP(AJ41,$AG$9:$AH$22,2,FALSE) -> ts_144 | E41: =E36 -> C3 | AJ41: =AJ36+1 -> 7
A42: 5 | B42: =VLOOKUP(E42,$AK$9:$AL$15,2,FALSE)&"."&VLOOKUP(D42,$AH$9:$AI$24,2,FALSE) -> b 2 deg (50%).ts_144 | C42: =C41+1 -> 34 | D42: =VLOOKUP(AJ42,$AG$9:$AH$22,2,FALSE) -> ts_144 | E42: =E37 -> C4 | AJ42: =AJ37+1 -> 7
A43: 5 | B43: =VLOOKUP(E43,$AK$9:$AL$15,2,FALSE)&"."&VLOOKUP(D43,$AH$9:$AI$24,2,FALSE) -> a 3 deg.ts_144 | C43: =C42+1 -> 35 | D43: =VLOOKUP(AJ43,$AG$9:$AH$22,2,FALSE) -> ts_144 | E43: =E38 -> C7 | G43: ~TFM_INS-TS: attribute=flo_cost;pset_pn=-IMP*Z | AJ43: =AJ38+1 -> 7
A44: 5 | B44: =VLOOKUP(E44,$AK$9:$AL$15,2,FALSE)&"."&VLOOKUP(D44,$AH$9:$AI$24,2,FALSE) -> e 1.5 deg no OS.ts_288 | C44: =C43+1 -> 36 | D44: =VLOOKUP(AJ44,$AG$9:$AH$22,2,FALSE) -> ts_288 | E44: =E39 -> C1 | G44: commodity | H44: pset_co | I44: 2022 | J44: =J17 -> 2025 | K44: =K17 -> 2030 | L44: =L17 -> 2035 | M44: =M17 -> 2040 | N44: =N17 -> 2045 | O44: =O17 -> 2050 | R44: low | S44: high | AJ44: =AJ39+1 -> 8
A45: 5 | B45: =VLOOKUP(E45,$AK$9:$AL$15,2,FALSE)&"."&VLOOKUP(D45,$AH$9:$AI$24,2,FALSE) -> d 1.5 deg OS.ts_288 | C45: =C44+1 -> 37 | D45: =VLOOKUP(AJ45,$AG$9:$AH$22,2,FALSE) -> ts_288 | E45: =E40 -> C2 | G45: Gas | H45: =G45 -> Gas | I45: =AVERAGE($R45:$S45)*I37 -> 25.75 | J45: =AVERAGE($R45:$S45)*J37 -> 26.78 | K45: =AVERAGE($R45:$S45)*K37 -> 35.2775 | L45: =AVERAGE($R45:$S45)*L37 -> 33.475 | M45: =AVERAGE($R45:$S45)*M37 -> 39.9125 | N45: =AVERAGE($R45:$S45)*N37 -> 41.9725 | O45: =AVERAGE($R45:$S45)*O37 -> 44.0325 | R45: =HLOOKUP($G45&"_"&R$44,fuel_prices!$B$10:$I$11,2,FALSE) -> 20.6 | S45: =HLOOKUP($G45&"_"&S$44,fuel_prices!$B$10:$I$11,2,FALSE) -> 30.9 | AJ45: =AJ40+1 -> 8
A46: 5 | B46: =VLOOKUP(E46,$AK$9:$AL$15,2,FALSE)&"."&VLOOKUP(D46,$AH$9:$AI$24,2,FALSE) -> c 2 deg (67%).ts_288 | C46: =C45+1 -> 38 | D46: =VLOOKUP(AJ46,$AG$9:$AH$22,2,FALSE) -> ts_288 | E46: =E41 -> C3 | G46: Coal | H46: =G46 -> Coal | I46: =AVERAGE($R46:$S46)*I38 -> 9.15 | J46: =AVERAGE($R46:$S46)*J38 -> 9.882 | K46: =AVERAGE($R46:$S46)*K38 -> 10.98 | L46: =AVERAGE($R46:$S46)*L38 -> 12.261 | M46: =AVERAGE($R46:$S46)*M38 -> 13.908 | N46: =AVERAGE($R46:$S46)*N38 -> 13.359 | O46: =AVERAGE($R46:$S46)*O38 -> 14.3655 | R46: =HLOOKUP($G46&"_"&R$44,fuel_prices!$B$10:$I$11,2,FALSE) -> 7.6 | S46: =HLOOKUP($G46&"_"&S$44,fuel_prices!$B$10:$I$11,2,FALSE) -> 10.7 | AJ46: =AJ41+1 -> 8
A47: 5 | B47: =VLOOKUP(E47,$AK$9:$AL$15,2,FALSE)&"."&VLOOKUP(D47,$AH$9:$AI$24,2,FALSE) -> b 2 deg (50%).ts_288 | C47: =C46+1 -> 39 | D47: =VLOOKUP(AJ47,$AG$9:$AH$22,2,FALSE) -> ts_288 | E47: =E42 -> C4 | G47: Oil | H47: =G47 -> Oil | I47: =AVERAGE($R47:$S47)*I39 -> 50 | J47: =AVERAGE($R47:$S47)*J39 -> 57.5 | K47: =AVERAGE($R47:$S47)*K39 -> 80 | L47: =AVERAGE($R47:$S47)*L39 -> 66.5 | M47: =AVERAGE($R47:$S47)*M39 -> 73.5 | N47: =AVERAGE($R47:$S47)*N39 -> 80.5 | O47: =AVERAGE($R47:$S47)*O39 -> 88.5 | R47: =HLOOKUP($G47&"_"&R$44,fuel_prices!$B$10:$I$11,2,FALSE) -> 45 | S47: =HLOOKUP($G47&"_"&S$44,fuel_prices!$B$10:$I$11,2,FALSE) -> 55 | AJ47: =AJ42+1 -> 8
A48: 5 | B48: =VLOOKUP(E48,$AK$9:$AL$15,2,FALSE)&"."&VLOOKUP(D48,$AH$9:$AI$24,2,FALSE) -> a 3 deg.ts_288 | C48: =C47+1 -> 40 | D48: =VLOOKUP(AJ48,$AG$9:$AH$22,2,FALSE) -> ts_288 | E48: =E43 -> C7 | G48: Bioenergy | H48: =G48 -> Bioenergy | I48: =AVERAGE($R48:$S48)*I40 -> 22 | O48: =VLOOKUP($E$5,$AK$9:$AM$15,3,FALSE)*I48 -> 66 | R48: =HLOOKUP($G48&"_"&R$44,fuel_prices!$B$10:$I$11,2,FALSE) -> 18 | S48: =HLOOKUP($G48&"_"&S$44,fuel_prices!$B$10:$I$11,2,FALSE) -> 26 | AJ48: =AJ43+1 -> 8
AJ49: =AJ44+1 -> 9
AJ50: =AJ45+1 -> 9
AJ51: =AJ46+1 -> 9
AJ52: =AJ47+1 -> 9
AJ53: =AJ48+1 -> 9
AJ54: =AJ49+1 -> 10
AJ55: =AJ50+1 -> 10
AJ56: =AJ51+1 -> 10
AJ57: =AJ52+1 -> 10
AJ58: =AJ53+1 -> 10
AJ59: =AJ54+1 -> 11
AJ60: =AJ55+1 -> 11
... AJ78: =AJ73+1 -> 14

Sheet fuel_prices
A9: Fuel Prices
A10: iso | B10: gas_low | C10: gas_high | D10: coal_low | E10: coal_high | F10: oil_low | G10: oil_high | H10: bioenergy_low | I10: bioenergy_high | J10: Notes
A11: ZAF | B11: 20.6 | C11: 30.9 | D11: 7.6 | E11: 10.7 | F11: 45 | G11: 55 | H11: 18 | I11: 26 | J11: Limited gas, abundant cheap coal

Sheet iea_data
A9: IEA Baseline Data
A10: iso | B10: year | C10: industry_twh | D10: buildings_agri_twh | E10: nonroad_transport_twh | F10: road_transport_twh | G10: imports_twh | H10: exports_twh | I10: total_production_twh
A11: ZAF | B11: 2000 | C11: 142.39 | D11: 49.83 | E11: 3.43 | F11: 0.03 | G11: 15.72 | H11: -3.39 | I11: 207.84
A12: ZAF | B12: 2001 | C12: 146.94 | D12: 57.1 | E12: 3.48 | F12: 0.02 | G12: 9.2 | H12: -7 | I12: 208.17
A13: ZAF | B13: 2002 | C13: 154.36 | D13: 53.29 | E13: 3.3 | F13: 0.02 | G13: 9.5 | H13: -7.24 | I13: 218.56
A14: ZAF | B14: 2003 | C14: 149.14 | D14: 60.29 | E14: 3.27 | F14: 0.02 | G14: 8.19 | H14: -10.26 | I14: 231.25
A15: ZAF | B15: 2004 | C15: 161.48 | D15: 67.38 | E15: 3.29 | F15: 0.02 | G15: 9.82 | H15: -13.25 | I15: 240.93
A16: ZAF | B16: 2005 | C16: 155.32 | D16: 69.59 | E16: 3.28 | F16: 0.02 | G16: 11.08 | H16: -13.42 | I16: 242.06
A17: ZAF | B17: 2006 | C17: 161.09 | D17: 74.34 | E17: 3.28 | F17: 0.02 | G17: 10.62 | H17: -13.59 | I17: 250.85
A18: ZAF | B18: 2007 | C18: 165.17 | D18: 77.16 | E18: 3.15 | F18: 0.02 | G18: 11.35 | H18: -14.5 | I18: 260.5
A19: ZAF | B19: 2008 | C19: 166.07 | D19: 75.49 | E19: 3.09 | F19: 0.02 | G19: 10.57 | H19: -14.17 | I19: 255.52
A20: ZAF | B20: 2009 | C20: 165.68 | D20: 73.45 | E20: 2.9 | F20: 0.02 | G20: 12.3 | H20: -14.05 | I20: 246.82
A21: ZAF | B21: 2010 | C21: 171.41 | D21: 76.43 | E21: 2.94 | F21: 0.02 | G21: 12.19 | H21: -14.67 | I21: 256.65
A22: ZAF | B22: 2011 | C22: 171.22 | D22: 76.88 | E22: 3.12 | F22: 0.03 | G22: 11.89 | H22: -14.96 | I22: 259.58
... A33: ZAF | B33: 2022 | C33: 140.8 | D33: 85.66 | E33: 1.67 | F33: 0.05 | G33: 10.76 | H33: -12.27 | I33: 230.77

Sheet ar6_r10
A9: AR6 Scenario Drivers
A10: Category | B10: Region | C10: Year | D10: count | E10: mean | F10: median | G10: std | H10: min | I10: max | J10: q25 | K10: q75 | L10: category_description | M10: attribute
A11: C1 | B11: R10AFRICA | C11: 2020 | D11: 58 | E11: 4.4 | F11: 0.43 | G11: 5.71 | H11: 0 | I11: 15.58 | J11: 0 | K11: 8.31 | L11: Limit warming to 1.5°C (>50%) with no or limited overshoot | M11: CO2 price
A12: C1 | B12: R10AFRICA | C12: 2025 | D12: 58 | E12: 132.94 | F12: 113.94 | G12: 135.33 | H12: 13.36 | I12: 626.48 | J12: 28.22 | K12: 179.27 | L12: Limit warming to 1.5°C (>50%) with no or limited overshoot | M12: CO2 price
A13: C1 | B13: R10AFRICA | C13: 2030 | D13: 58 | E13: 191.57 | F13: 180.17 | G13: 130.46 | H13: 3.02 | I13: 673.46 | J13: 89.49 | K13: 241.69 | L13: Limit warming to 1.5°C (>50%) with no or limited overshoot | M13: CO2 price
A14: C1 | B14: R10AFRICA | C14: 2035 | D14: 58 | E14: 278.86 | F14: 243.45 | G14: 167.16 | H14: 9.51 | I14: 859.53 | J14: 142.95 | K14: 358.71 | L14: Limit warming to 1.5°C (>50%) with no or limited overshoot | M14: CO2 price
A15: C1 | B15: R10AFRICA | C15: 2040 | D15: 58 | E15: 397.63 | F15: 326.01 | G15: 215.59 | H15: 115.55 | I15: 1097.01 | J15: 239.53 | K15: 539.74 | L15: Limit warming to 1.5°C (>50%) with no or limited overshoot | M15: CO2 price
A16: C1 | B16: R10AFRICA | C16: 2045 | D16: 58 | E16: 527.26 | F16: 415.81 | G16: 250.01 | H16: 193.42 | I16: 1269.88 | J16: 353.85 | K16: 714.5 | L16: Limit warming to 1.5°C (>50%) with no or limited overshoot | M16: CO2 price
A17: C1 | B17: R10AFRICA | C17: 2050 | D17: 58 | E17: 649.79 | F17: 605.23 | G17: 268.91 | H17: 209.76 | I17: 1271.76 | J17: 451.31 | K17: 863.42 | L17: Limit warming to 1.5°C (>50%) with no or limited overshoot | M17: CO2 price
A18: C2 | B18: R10AFRICA | C18: 2020 | D18: 76 | E18: 1.95 | F18: 0 | G18: 3.61 | H18: 0 | I18: 15.58 | J18: 0 | K18: 0.55 | L18: Limit warming to 1.5°C (>67%) with high overshoot | M18: CO2 price
A19: C2 | B19: R10AFRICA | C19: 2025 | D19: 65 | E19: 42.95 | F19: 32.69 | G19: 45.96 | H19: 0 | I19: 174.97 | J19: 5.54 | K19: 61.39 | L19: Limit warming to 1.5°C (>67%) with high overshoot | M19: CO2 price
A20: C2 | B20: R10AFRICA | C20: 2030 | D20: 76 | E20: 55.8 | F20: 49.85 | G20: 54.52 | H20: 0 | I20: 221.93 | J20: 10.8 | K20: 78.77 | L20: Limit warming to 1.5°C (>67%) with high overshoot | M20: CO2 price
A21: C2 | B21: R10AFRICA | C21: 2035 | D21: 65 | E21: 217.07 | F21: 152.99 | G21: 316.2 | H21: 29.98 | I21: 2037.12 | J21: 95.06 | K21: 208.88 | L21: Limit warming to 1.5°C (>67%) with high overshoot | M21: CO2 price
A22: C2 | B22: R10AFRICA | C22: 2040 | D22: 76 | E22: 257.11 | F22: 191.71 | G22: 381.8 | H22: 0 | I22: 2600 | J22: 106.05 | K22: 261.57 | L22: Limit warming to 1.5°C (>67%) with high overshoot | M22: CO2 price
... A360: C7 | B360: R10AFRICA | C360: 2050 | D360: 7 | E360: 0.94 | F360: 0.9 | G360: 0.15 | H360: 0.84 | I360: 1.28 | J360: 0.87 | K360: 0.92 | L360: Likely above 3°C warming with limited mitigation | M360: Biomass price

Sheet ev_charging_uc
A10: =IFERROR(Veda!D5,"ts_216c") -> ts_annual | C10: day_night | D10: ts_012 | F10: day_night | G10: ts_024 | I10: day_night | J10: ts_036 | L10: day_night | M10: ts_048 | O10: day_night | P10: ts_annual | R10: day_night | S10: ts_12t | U10: day_night | V10: ts_60c | X10: day_night | Y10: ts_216c
C11: D | D11: S03aH02,S02aH02,S01aH02 | F11: D | G11: S02aH04,S02aH02,S03aH03,S01aH03,S02aH03,S03aH04,S01aH04,S03aH02,S01aH02 | I11: D | J11: S01aH02,S04aH04,S01aH04,S02aH03,S04aH02,S03aH02,S03aH04,S02aH02,S01aH03,S03aH03,S02aH04,S04aH03 | L11: D | M11: S03aH04,S04aH03,S04aH06,S04aH02,S01aH05,S03aH06,S01aH06,S02aH03,S01aH02,S04aH04,S01aH04,S02aH02,S03aH03,S01aH03,S02aH06,S03aH05,S02aH04,S02aH05,S04aH05,S03aH02 | O11: D | P11: AllSaAllH | R11: D | S11: WaD,SaD,FaD,RaD,WaP,FaP,SaP,RaP | U11: D | V11: S02aH06,S03aH08,S04aH07,S06aH04,S06aH08,S01aH04,S01aH07,S02aH07,S01aH03,S05aH02,S05aH03,S05aH06,S01aH02,S04aH04,S03aH04,S04aH06,S05aH04,S06aH02,S06aH03,S02aH04,S06aH07,S01aH06,S02aH03,S05aH07,S03aH03,S01aH08,S02aH08,S03aH06,S03aH07,S05aH08,S04aH08,S02aH02,S06aH06,S04aH02,S03aH02,S04aH03 | X11: D | Y11: S05aH11,S08aH07,S09aH03,S11aH03,S11aH04,S12aH11,S01aH09,S03aH04,S06aH14,S08aH05,S09aH07,S09aH13,S10aH09,S10aH10,S11aH05,S11aH10,S12aH03,S03aH03,S08aH12,S08aH14,S09aH05,S12aH07,S04aH04,S05aH10,S09aH11,S01aH11,S04aH10,S06aH06,S06aH10,S11aH08,S12aH12,S01aH03,S02aH10,S05aH03,S05aH06,S12aH09,S01aH14,S04aH14,S05aH08,S06aH13,S09aH06,S09aH12,S10aH08,S12aH13,S01aH06,S01aH12,S02aH03,S05aH07,S06aH09,S06aH11,S07aH03,S07aH11,S08aH06,S09aH09,S09aH10,S10aH07,S10aH14,S11aH14,S12aH10,S02aH14,S03aH11,S04aH03,S05aH13,S07aH04,S07aH09,S08aH03,S09aH04,S11aH07,S01aH05,S01aH08,S02aH08,S03aH06,S03aH07,S03aH12,S06aH05,S08aH10,S09aH14,S10aH06,S11aH06,S12aH04,S12aH05,S02aH06,S03aH05,S03aH08,S03aH10,S04aH07,S05aH05,S06aH04,S06aH08,S06aH12,S08aH04,S08aH13,S01aH04,S01aH07,S01aH13,S02aH07,S02aH09,S03aH13,S04aH09,S04aH11,S05aH12,S07aH06,S08aH09,S10aH11,S11aH13,S01aH10,S02aH11,S04aH12,S07aH05,S07aH10,S08aH11,S10aH12,S10aH13,S11aH11,S11aH12,S02aH13,S04aH05,S04aH08,S07aH12,S07aH13,S11aH09,S12aH08,S02aH12,S04aH06,S04aH13,S05aH04,S06aH03,S09aH08,S10aH04,S12aH06,S12aH14,S02aH04,S02aH05,S03aH09,S03aH14,S05aH09,S05aH14,S06aH07,S07aH07,S07aH08,S07aH14,S08aH08,S10aH03,S10aH05
C12: N | D12: S02aH03,S03aH01,S03aH03,S01aH03,S02aH01,S01aH01 | F12: N | G12: S02aH01,S02aH06,S03aH05,S03aH01,S01aH06,S01aH01,S02aH05,S01aH05,S03aH06 | I12: N | J12: S01aH05,S03aH06,S01aH01,S04aH01,S04aH06,S02aH05,S03aH01,S02aH06,S03aH05,S02aH01,S01aH06,S04aH05 | L12: N | M12: S01aH07,S02aH07,S02aH01,S01aH01,S04aH01,S04aH08,S01aH08,S02aH08,S03aH07,S03aH01,S03aH08,S04aH07 | O12: N | P12: AllSaAllH | R12: N | S12: SaN,WaN,FaN,FaP,SaP,RaP,WaP,RaN | U12: N | V12: S03aH09,S05aH09,S01aH09,S01aH08,S02aH08,S02aH09,S04aH09,S05aH01,S06aH09,S03aH08,S03aH10,S06aH08,S01aH01,S04aH01,S06aH02,S02aH02,S04aH10,S06aH10,S01aH02,S05aH10,S04aH08,S06aH01,S05aH08,S03aH01,S01aH10,S03aH02,S04aH02,S02aH01,S02aH10,S05aH02 | X12: N | Y12: S03aH02,S04aH18,S05aH01,S06aH15,S06aH16,S07aH02,S10aH17,S02aH02,S02aH16,S03aH17,S08aH16,S11aH15,S11aH18,S02aH17,S10aH02,S01aH15,S03aH01,S05aH16,S10aH15,S12aH16,S04aH17,S05aH15,S09aH01,S12aH02,S01aH16,S06aH01,S08aH17,S08aH18,S10aH18,S11aH17,S01aH01,S04aH01,S06aH02,S07aH15,S07aH16,S09aH15,S09aH16,S11aH01,S01aH17,S02aH01,S04aH16,S05aH02,S05aH18,S09aH18,S12aH17,S01aH02,S05aH17,S07aH18,S11aH16,S06aH18,S08aH01,S10aH01,S02aH18,S03aH16,S04aH02,S06aH17,S09aH02,S03aH15,S03aH18,S08aH02,S09aH17,S02aH15,S04aH15,S07aH01,S07aH17,S10aH16,S12aH18,S01aH18,S08aH15,S11aH02,S12aH01,S12aH15
I17: 0.75 | K17: share of charging at night
C18: ~UC_Sets: R_E: AllRegions
H21: =IF(H23=H24,"Not Required!","~UC_T: LO") -> Not Required!
C22: UC_N | D22: Pset_CI | E22: Pset_CO | F22: pset_pn | G22: Cset_CN | H22: TimeSlice | I22: UC_FLO | J22: UC_RHSRT | K22: UC_RHSRT~0
C23: UC_bev night chg limit | D23: ELC | E23: =G23 -> AuxStoIN | F23: *EV* | G23: AuxStoIN | H23: =HLOOKUP($A$10,$D$10:$CU$12,3,FALSE) -> AllSaAllH | I23: =1+I24 -> 0.25 | J23: 0 | K23: 3 | M23: night
D24: ELC | E24: =G24 -> AuxStoIN | F24: *EV* | G24: AuxStoIN | H24: =HLOOKUP($A$10,$D$10:$CU$12,2,FALSE) -> AllSaAllH | I24: =-$I$17 -> -0.75 | M24: day

Sheet ts_012
C9: =IF(A11="x","DeActivated","~TimeSlices") -> DeActivated | I9: =IF(A11="x","DeActivated","~TFM_DINS-AT") -> DeActivated | N9: =IF(A11="x","DeActivated","~TFM_DINS-AT") -> DeActivated | S9: =IF(A11="x","DeActivated","~TFM_DINS-AT") -> DeActivated | X9: =IF(A11="x","DeActivated","~TFM_DINS-TSL: attribute=FLO_EMIS; other_indexes=ACT") -> DeActivated | AJ9: =IF(A11="x","DeActivated","~TFM_INS-TSL: attribute=FLO_SHAR; limtype=FX") -> DeActivated | AV9: =IF(A11="x","DeActivated","~TFM_INS-TSL: attribute=FLO_SHAR; limtype=FX") -> DeActivated | BH9: =IF(A11="x","DeActivated","~TFM_DINS-TSL: attribute=NCAP_PKCNT") -> DeActivated | BS9: =IF(A11="x","DeActivated","~TFM_INS-AT") -> DeActivated | BX9: =IF(A11="x","DeActivated","~TFM_DINS-AT") -> DeActivated | CC9: =IF(A11="x","DeActivated","~TFM_DINS-AT") -> DeActivated | CG9: =IF(A11="x","DeActivated","~TFM_DINS-AT") -> DeActivated | CK9: =IF(A11="x","DeActivated","~TFM_INS-AT") -> DeActivated
A10: ts_012 | C10: season | D10: weekly | E10: daynite | F10: wparent | G10: dparent | I10: commodity | J10: timeslice | K10: com_fr | L10: process | N10: commodity | O10: timeslice | P10: com_fr | Q10: process | S10: commodity | T10: timeslice | U10: com_fr | V10: process | X10: process | Y10: commodity | Z10: S01aH01 | AA10: S01aH02 | AB10: S01aH03 | AC10: S02aH01 | AD10: S02aH02 | AE10: S02aH03 | AF10: S03aH01 | AG10: S03aH02 | AH10: S03aH03 | AJ10: process | AK10: commodity | AL10: S01aH01 | AM10: S01aH02 | AN10: S01aH03 | AO10: S02aH01 | AP10: S02aH02 | AQ10: S02aH03 | AR10: S03aH01 | AS10: S03aH02 | AT10: S03aH03 | AV10: process | AW10: commodity | AX10: S01aH01 | AY10: S01aH02 | AZ10: S01aH03 | BA10: S02aH01 | BB10: S02aH02 | BC10: S02aH03 | BD10: S03aH01 | BE10: S03aH02 | BF10: S03aH03 | BH10: process | BI10: S01aH01 | BJ10: S01aH02 | BK10: S01aH03 | BL10: S02aH01 | BM10: S02aH02 | BN10: S02aH03 | BO10: S03aH01 | BP10: S03aH02 | BQ10: S03aH03 | BS10: process | BT10: commodity | BU10: other_indexes | BV10: ncap_com | BX10: g_yrfr | BY10: com_fr | BZ10: timeslice | CA10: commodity | CC10: commodity | CD10: timeslice | CE10: com_fr | CG10: commodity | CH10: timeslice | CI10: com_pkflx | CK10: Year | CL10: timeslice | CM10: ncap_afs | CN10: pset_ci
A11: =IFERROR(IF(Veda!D5=A10,"ok","x"),"") -> x | C11: S01 | D11: a | E11: H01 | F11: S01,S02,S03 | G11: a | I11: elc_spv_ZAF_001 | J11: S01aH01 | K11: 0.011541313 | L11: IMPNRGZ | N11: elc_won_ZAF_001 | O11: S01aH01 | P11: 0.094917083 | Q11: IMPNRGZ | S11: elc_wof_ZAF_001 | T11: S01aH01 | U11: 0.14189169 | V11: IMPNRGZ | X11: distr_solelc_spv_ZAF_001 | Y11: DEF_E | Z11: 0.92899408 | AA11: 0.098416658 | AB11: 0.7905373 | AC11: 0 | AD11: 0.086374039 | AE11: 0.85714286 | AF11: 0.84232603 | AG11: 0.079696527 | AH11: 0.7859922 | AJ11: distr_sol* | AK11: ELC4H | AL11: 0.86556135 | AM11: 0.032351612 | AN11: 0.1403913 | AO11: 0 | AP11: 0.043283869 | AQ11: 0.2801233 | AR11: 0.70596801 | AS11: 0.024715046 | AT11: 0.34594185 | AV11: distr_sol* | AW11: ELC8H | AX11: 0 | AY11: 0.028186451 | AZ11: 0.18856074 | BA11: 0 | BB11: 0.012318336 | BC11: 0.35367736 | BD11: 0 | BE11: 0.010104536 | BF11: 0.10766033 | BH11: distr_solelc_spv_ZAF_001 | BI11: 0.021544156 | BJ11: 0.53529847 | BK11: 0.069509218 | BL11: 0 | BM11: 0.42548206 | BN11: 0.035504886 | BO11: 0.044627602 | BP11: 0.60864567 | BQ11: 0.068259104 | BS11: distr_sol* | BT11: DEF_C | BU11: OUT | BV11: 0.27522905 | BX11: 0.13504566 | BY11: 0.053332007 | BZ11: S01aH01 | CA11: elc_roadtransport | CC11: elc_buildings | CD11: S01aH01 | CE11: 0.096063649 | CG11: ELC | CH11: S01aH01 | CI11: 0.16784921 | CK11: 2020 | CL11: S01 | CM11: 0.1252 | CN11: hydro
C12: S02 | E12: H02 | G12: a | I12: elc_spv_ZAF_001 | J12: S01aH02 | K12: 0.40966011 | L12: IMPNRGZ | N12: elc_won_ZAF_001 | O12: S01aH02 | P12: 0.20427442 | Q12: IMPNRGZ | S12: elc_wof_ZAF_001 | T12: S01aH02 | U12: 0.17745345 | V12: IMPNRGZ | X12: distr_solelc_spv_ZAF_002 | Y12: DEF_E | Z12: 0.93852529 | AA12: 0.1062844 | AB12: 0.78982814 | AC12: 0 | AD12: 0.078988928 | AE12: 0.85714286 | AF12: 0.84795533 | AG12: 0.07349237 | AH12: 0.77706809 | AJ12: distr_won* | AK12: ELC4H | AL12: 0.0039654151 | AM12: 0.017406715 | AN12: 0.021437322 | AO12: 0.0027237818 | AP12: 0.012794927 | AQ12: 0.0055298843 | AR12: 0.0051669204 | AS12: 0.022602194 | AT12: 0.018315913 | AV12: distr_won* | AW12: ELC8H | AX12: 0.03335199 | AY12: 0.014528433 | AZ12: 0.030975534 | BA12: 0.021015031 | BB12: 0.012706833 | BC12: 0.017628705 | BD12: 0.034567627 | BE12: 0.038938746 | BF12: 0.021053134 | BH12: distr_solelc_spv_ZAF_002 | BI12: 0.021098174 | BJ12: 0.54505394 | BK12: 0.077536921 | BL12: 0 | BM12: 0.42438212 | BN12: 0.03897434 | BO12: 0.047816359 | BP12: 0.63567454 | BQ12: 0.083166003 | BS12: distr_won* | BT12: DEF_C | BU12: OUT | BV12: 0.27522905 | BX12: 0.19292237 | BY12: 0.27018936 | BZ12: S01aH02 | CA12: elc_roadtransport | CC12: elc_buildings | CD12: S01aH02 | CE12: 0.21131599 | CG12: ELC | CH12: S01aH02 | CI12: 0.18811595 | CK12: 2020 | CL12: S02 | CM12: 0.078466667 | CN12: hydro
C13: S03 | E13: H03 | G13: a | I13: elc_spv_ZAF_001 | J13: S01aH03 | K13: 0.037236437 | L13: IMPNRGZ | N13: elc_won_ZAF_001 | O13: S01aH03 | P13: 0.12436852 | Q13: IMPNRGZ | S13: elc_wof_ZAF_001 | T13: S01aH03 | U13: 0.14840869 | V13: IMPNRGZ | X13: distr_solelc_spv_ZAF_003 | Y13: DEF_E | Z13: 0.93829248 | AA13: 0.12940942 | AB13: 0.81339715 | AC13: 0 | AD13: 0.10576413 | AE13: 0.88307494 | AF13: 0.83232323 | AG13: 0.077896578 | AH13: 0.77145147 | AJ13: distr_wof* | AK13: ELC4H | AL13: 0.0042305662 | AM13: 0.0047905191 | AN13: 0.002129576 | AO13: 0.0027968255 | AP13: 0.001729322 | AQ13: 0.001335759 | AR13: 0.0039500475 | AS13: 0.0071324761 | AT13: 0.0020969843 | AV13: distr_wof* | AW13: ELC8H | AX13: 0.0065929357 | AY13: 0.0059278522 | AZ13: 0.0086611516 | BA13: 0.009755426 | BB13: 0.0063715079 | BC13: 0.0038399991 | BD13: 0.0069442865 | BE13: 0.010226445 | BF13: 0.012507806 | BH13: distr_solelc_spv_ZAF_003 | BI13: 0.023762742 | BJ13: 0.54117161 | BK13: 0.078973938 | BL13: 0 | BM13: 0.37798578 | BN13: 0.03140878 | BO13: 0.060077679 | BP13: 0.64032887 | BQ13: 0.090891611 | BS13: distr_wof* | BT13: DEF_C | BU13: OUT | BV13: 0.27522905 | BX13: 0.13504566 | BY13: 0.13949233 | BZ13: S01aH03 | CA13: elc_roadtransport | CC13: elc_buildings | CD13: S01aH03 | CE13: 0.15272227 | CG13: ELC | CH13: S01aH03 | CI13: 0.22084433 | CK13: 2020 | CL13: S03 | CM13: 0.10894 | CN13: hydro
I14: elc_spv_ZAF_001 | J14: S02aH01 | K14: 0 | L14: IMPNRGZ | N14: elc_won_ZAF_001 | O14: S02aH01 | P14: 0.06701279 | Q14: IMPNRGZ | S14: elc_wof_ZAF_001 | T14: S02aH01 | U14: 0.048064228 | V14: IMPNRGZ | X14: distr_solelc_spv_ZAF_004 | Y14: DEF_E | Z14: 0.92509059 | AA14: 0.12990724 | AB14: 0.82893577 | AC14: 0 | AD14: 0.088296494 | AE14: 0.90691647 | AF14: 0.81901846 | AG14: 0.080928264 | AH14: 0.78311996 | BH14: distr_solelc_spv_ZAF_004 | BI14: 0.026826399 | BJ14: 0.52958558 | BK14: 0.066849174 | BL14: 0 | BM14: 0.39479288 | BN14: 0.023518147 | BO14: 0.065963377 | BP14: 0.62946408 | BQ14: 0.081327988 | BX14: 0.051141553 | BY14: 0.020196737 | BZ14: S02aH01 | CA14: elc_roadtransport | CC14: elc_buildings | CD14: S02aH01 | CE14: 0.038053023 | CG14: ELC | CH14: S02aH01 | CI14: 0.13593048 | CK14: 2021 | CL14: S01 | CM14: 0.3028 | CN14: hydro
I15: elc_spv_ZAF_001 | J15: S02aH02 | K15: 0.12331111 | L15: IMPNRGZ | N15: elc_won_ZAF_001 | O15: S02aH02 | P15: 0.1262899 | Q15: IMPNRGZ | S15: elc_wof_ZAF_001 | T15: S02aH02 | U15: 0.063066427 | V15: IMPNRGZ | X15: distr_solelc_spv_ZAF_005 | Y15: DEF_E | Z15: 0.92867893 | AA15: 0.11584031 | AB15: 0.82377654 | AC15: 0 | AD15: 0.082288338 | AE15: 0.88903028 | AF15: 0.81986525 | AG15: 0.08230677 | AH15: 0.78980012 | BH15: distr_solelc_spv_ZAF_005 | BI15: 0.025659293 | BJ15: 0.53008135 | BK15: 0.062162488 | BL15: 0 | BM15: 0.41258284 | BN15: 0.027248685 | BO15: 0.062577237 | BP15: 0.62194392 | BQ15: 0.073077637 | BX15: 0.073059361 | BY15: 0.10232023 | BZ15: S02aH02 | CA15: elc_roadtransport | CC15: elc_buildings | CD15: S02aH02 | CE15: 0.085227601 | CG15: ELC | CH15: S02aH02 | CI15: 0.12575896 | CK15: 2021 | CL15: S02 | CM15: 0.066333333 | CN15: hydro
I16: elc_spv_ZAF_001 | J16: S02aH03 | K16: 0.0072028954 | L16: IMPNRGZ | N16: elc_won_ZAF_001 | O16: S02aH03 | P16: 0.05757298 | Q16: IMPNRGZ | S16: elc_wof_ZAF_001 | T16: S02aH03 | U16: 0.045061668 | V16: IMPNRGZ | X16: distr_solelc_spv_ZAF_006 | Y16: DEF_E | Z16: 0.95874557 | AA16: 0.12851295 | AB16: 0.75049827 | AC16: 0 | AD16: 0.12760787 | AE16: 0.85811563 | AF16: 0.8961039 | AG16: 0.075743987 | AH16: 0.72651165 | BH16: distr_solelc_spv_ZAF_006 | BI16: 0.014721624 | BJ16: 0.55358439 | BK16: 0.10830879 | BL16: 0 | BM16: 0.36646 | BN16: 0.039351041 | BO16: 0.039896532 | BP16: 0.6506824 | BQ16: 0.11869629 | BX16: 0.051141553 | BY16: 0.052825498 | BZ16: S02aH03 | CA16: elc_roadtransport | CC16: elc_buildings | CD16: S02aH03 | CE16: 0.065491197 | CG16: ELC | CH16: S02aH03 | CI16: 0.13858796 | CK16: 2021 | CL16: S03 | CM16: 0.20572 | CN16: hydro
I17: elc_spv_ZAF_001 | J17: S03aH01 | K17: 0.018673103 | L17: IMPNRGZ | N17: elc_won_ZAF_001 | O17: S03aH01 | P17: 0.05900543 | Q17: IMPNRGZ | S17: elc_wof_ZAF_001 | T17: S03aH01 | U17: 0.10856213 | V17: IMPNRGZ | X17: distr_solelc_spv_ZAF_007 | Y17: DEF_E | Z17: 0.9501268 | AA17: 0.13845082 | AB17: 0.76141502 | AC17: 0 | AD17: 0.15392715 | AE17: 0.85910517 | AF17: 0.88655213 | AG17: 0.082272844 | AH17: 0.74089411 | BH17: distr_solelc_spv_ZAF_007 | BI17: 0.018687772 | BJ17: 0.54108579 | BK17: 0.10199276 | BL17: 0 | BM17: 0.33797713 | BN17: 0.036757895 | BO17: 0.044089104 | BP17: 0.63764711 | BQ17: 0.10917211 | BX17: 0.10547945 | BY17: 0.041655769 | BZ17: S03aH01 | CA17: elc_roadtransport | CC17: elc_buildings | CD17: S03aH01 | CE17: 0.072929595 | CG17: ELC | CH17: S03aH01 | CI17: 0.12643215 | CK17: 2022 | CL17: S01 | CM17: 0.6472 | CN17: hydro
I18: elc_spv_ZAF_001 | J18: S03aH02 | K18: 0.36381403 | L18: IMPNRGZ | N18: elc_won_ZAF_001 | O18: S03aH02 | P18: 0.16783982 | Q18: IMPNRGZ | S18: elc_wof_ZAF_001 | T18: S03aH02 | U18: 0.14723236 | V18: IMPNRGZ | X18: distr_solelc_spv_ZAF_008 | Y18: DEF_E | Z18: 0.9602705 | AA18: 0.10303612 | AB18: 0.77911537 | AC18: 0 | AD18: 0.097115798 | AE18: 0.85714286 | AF18: 0.89633038 | AG18: 0.073369342 | AH18: 0.75508391 | BH18: distr_solelc_spv_ZAF_008 | BI18: 0.013003343 | BJ18: 0.56589764 | BK18: 0.09122252 | BL18: 0 | BM18: 0.42734956 | BN18: 0.043932753 | BO18: 0.036199531 | BP18: 0.64645569 | BQ18: 0.097790518 | BX18: 0.15068493 | BY18: 0.21103548 | BZ18: S03aH02 | CA18: elc_roadtransport | CC18: elc_buildings | CD18: S03aH02 | CE18: 0.16127614 | CG18: ELC | CH18: S03aH02 | CI18: 0.15828873 | CK18: 2022 | CL18: S02 | CM18: 0.1762 | CN18: hydro
I19: elc_spv_ZAF_001 | J19: S03aH03 | K19: 0.028561008 | L19: IMPNRGZ | N19: elc_won_ZAF_001 | O19: S03aH03 | P19: 0.098719054 | Q19: IMPNRGZ | S19: elc_wof_ZAF_001 | T19: S03aH03 | U19: 0.12025935 | V19: IMPNRGZ | X19: distr_solelc_spv_ZAF_009 | Y19: DEF_E | Z19: 0.94919054 | AA19: 0.11242705 | AB19: 0.77164191 | AC19: 0 | AD19: 0.10004689 | AE19: 0.85714286 | AF19: 0.88936459 | AG19: 0.071061713 | AH19: 0.75396161 | BH19: distr_solelc_spv_ZAF_009 | BI19: 0.017406009 | BJ19: 0.55666116 | BK19: 0.09202118 | BL19: 0 | BM19: 0.4023874 | BN19: 0.042320517 | BO19: 0.042409108 | BP19: 0.64781684 | BQ19: 0.099066422 | BX19: 0.10547945 | BY19: 0.10895259 | BZ19: S03aH03 | CA19: elc_roadtransport | CC19: elc_buildings | CD19: S03aH03 | CE19: 0.11692054 | CG19: ELC | CH19: S03aH03 | CI19: 0.20409847 | CK19: 2022 | CL19: S03 | CM19: 0.34526 | CN19: hydro
I20: elc_spv_ZAF_002 | J20: S01aH01 | K20: 0.010913439 | L20: IMPNRGZ | N20: elc_won_ZAF_002 | O20: S01aH01 | P20: 0.095496888 | Q20: IMPNRGZ | S20: elc_wof_ZAF_002 | T20: S01aH01 | U20: 0.14332091 | V20: IMPNRGZ | X20: distr_solelc_spv_ZAF_010 | Y20: DEF_E | Z20: 0.96025204 | AA20: 0.17891794 | AB20: 0.74470964 | AC20: 0 | AD20: 0.1819115 | AE20: 0.85722854 | AF20: 0.90127505 | AG20: 0.1203567 | AH20: 0.70922464 | BH20: distr_solelc_spv_ZAF_010 | BI20: 0.012676769 | BJ20: 0.48703933 | BK20: 0.11355664 | BL20: 0 | BM20: 0.27389468 | BN20: 0.033150347 | BO20: 0.033910851 | BP20: 0.58262746 | BQ20: 0.12669242 | CC20: elc_industry | CD20: S01aH01 | CE20: 0.13308094 | CK20: 2025 | CL20: S01 | CM20: 0.37473333 | CN20: hydro
I21: elc_spv_ZAF_002 | J21: S01aH02 | K21: 0.402771 | L21: IMPNRGZ | N21: elc_won_ZAF_002 | O21: S01aH02 | P21: 0.2018171 | Q21: IMPNRGZ | S21: elc_wof_ZAF_002 | T21: S01aH02 | U21: 0.17679872 | V21: IMPNRGZ | X21: distr_solelc_spv_ZAF_011 | Y21: DEF_E | Z21: 0.95519865 | AA21: 0.15980434 | AB21: 0.75215372 | AC21: 0 | AD21: 0.18516529 | AE21: 0.85714286 | AF21: 0.89718928 | AG21: 0.10369447 | AH21: 0.72590224 | BH21: distr_solelc_spv_ZAF_011 | BI21: 0.016497959 | BJ21: 0.50661409 | BK21: 0.10786288 | BL21: 0 | BM21: 0.28515673 | BN21: 0.034550803 | BO21: 0.039291132 | BP21: 0.60623088 | BQ21: 0.11847859 | CC21: elc_industry | CD21: S01aH02 | CE21: 0.19392633 | CK21: 2025 | CL21: S02 | CM21: 0.17863333 | CN21: hydro
I22: elc_spv_ZAF_002 | J22: S01aH03 | K22: 0.040107473 | L22: IMPNRGZ | N22: elc_won_ZAF_002 | O22: S01aH03 | P22: 0.1397454 | Q22: IMPNRGZ | S22: elc_wof_ZAF_002 | T22: S01aH03 | U22: 0.16120063 | V22: IMPNRGZ | X22: distr_solelc_spv_ZAF_012 | Y22: DEF_E | Z22: 0.96047285 | AA22: 0.16021441 | AB22: 0.73853236 | AC22: 0 | AD22: 0.18002685 | AE22: 0.85770036 | AF22: 0.89973178 | AG22: 0.1010028 | AH22: 0.70228802 | BH22: distr_solelc_spv_ZAF_012 | BI22: 0.010884293 | BJ22: 0.50740589 | BK22: 0.11679869 | BL22: 0 | BM22: 0.30287504 | BN22: 0.036592677 | BO22: 0.031169911 | BP22: 0.61279915 | BQ22: 0.13381202 | CC22: elc_industry | CD22: S01aH03 | CE22: 0.13599539 | CK22: 2025 | CL22: S03 | CM22: 0.10224 | CN22: hydro
I23: elc_spv_ZAF_002 | J23: S02aH01 | K23: 0 | L23: IMPNRGZ | N23: elc_won_ZAF_002 | O23: S02aH01 | P23: 0.056072228 | Q23: IMPNRGZ | S23: elc_wof_ZAF_002 | T23: S02aH01 | U23: 0.042678435 | V23: IMPNRGZ | X23: distr_solelc_spv_ZAF_013 | Y23: DEF_E | Z23: 0.95604396 | AA23: 0.14883494 | AB23: 0.7512989 | AC23: 0 | AD23: 0.18939073 | AE23: 0.85911433 | AF23: 0.89784726 | AG23: 0.094646575 | AH23: 0.71945637 | BH23: distr_solelc_spv_ZAF_013 | BI23: 0.014899621 | BJ23: 0.53044726 | BK23: 0.11305623 | BL23: 0 | BM23: 0.31323904 | BN23: 0.036599423 | BO23: 0.03887808 | BP23: 0.62726416 | BQ23: 0.12363892 | CC23: elc_industry | CD23: S02aH01 | CE23: 0.05028774 | CK23: 2026 | CL23: S01 | CM23: 0.34346667 | CN23: hydro
I24: elc_spv_ZAF_002 | J24: S02aH02 | K24: 0.11875969 | L24: IMPNRGZ | N24: elc_won_ZAF_002 | O24: S02aH02 | P24: 0.10753569 | Q24: IMPNRGZ | S24: elc_wof_ZAF_002 | T24: S02aH02 | U24: 0.057579963 | V24: IMPNRGZ | X24: distr_solelc_spv_ZAF_014 | Y24: DEF_E | Z24: 0.96449704 | AA24: 0.13724444 | AB24: 0.73816357 | AC24: 0 | AD24: 0.16542776 | AE24: 0.85773752 | AF24: 0.90151515 | AG24: 0.084242486 | AH24: 0.7026545 | BH24: distr_solelc_spv_ZAF_014 | BI24: 0.011048173 | BJ24: 0.54429729 | BK24: 0.1207129 | BL24: 0 | BM24: 0.34066656 | BN24: 0.039745052 | BO24: 0.034074905 | BP24: 0.64339922 | BQ24: 0.1363181 | CC24: elc_industry | CD24: S02aH02 | CE24: 0.073427345 | CK24: 2026 | CL24: S02 | CM24: 0.19226667 | CN24: hydro
I25: elc_spv_ZAF_002 | J25: S02aH03 | K25: 0.0076346439 | L25: IMPNRGZ | N25: elc_won_ZAF_002 | O25: S02aH03 | P25: 0.057844422 | Q25: IMPNRGZ | S25: elc_wof_ZAF_002 | T25: S02aH03 | U25: 0.042031748 | V25: IMPNRGZ | X25: distr_solelc_spv_ZAF_015 | Y25: DEF_E | Z25: 0.92014711 | AA25: 0.17123679 | AB25: 0.83559297 | AC25: 0 | AD25: 0.16614966 | AE25: 0.93526786 | AF25: 0.82224866 | AG25: 0.11706628 | AH25: 0.78274186 | BH25: distr_solelc_spv_ZAF_015 | BI25: 0.021123307 | BJ25: 0.44484469 | BK25: 0.060667622 | BL25: 0 | BM25: 0.28536803 | BN25: 0.012802154 | BO25: 0.050493347 | BP25: 0.53412726 | BQ25: 0.074162449 | CC25: elc_industry | CD25: S02aH03 | CE25: 0.051699126 | CK25: 2026 | CL25: S03 | CM25: 0.20544 | CN25: hydro
I26: elc_spv_ZAF_002 | J26: S03aH01 | K26: 0.019318815 | L26: IMPNRGZ | N26: elc_won_ZAF_002 | O26: S03aH01 | P26: 0.065080106 | Q26: IMPNRGZ | S26: elc_wof_ZAF_002 | T26: S03aH01 | U26: 0.10765832 | V26: IMPNRGZ | X26: distr_solelc_spv_ZAF_016 | Y26: DEF_E | Z26: 0.92189547 | AA26: 0.15430368 | AB26: 0.83769388 | AC26: 0 | AD26: 0.11371599 | AE26: 0.93526786 | AF26: 0.81787145 | AG26: 0.10306581 | AH26: 0.78618659 | BH26: distr_solelc_spv_ZAF_016 | BI26: 0.023319497 | BJ26: 0.47583749 | BK26: 0.060461887 | BL26: 0 | BM26: 0.34469064 | BN26: 0.0154472 | BO26: 0.057342329 | BP26: 0.57145782 | BQ26: 0.072764819 | CC26: elc_industry | CD26: S03aH01 | CE26: 0.10394521 | CK26: 2027 | CL26: S01 | CM26: 0.25593333 | CN26: hydro
I27: elc_spv_ZAF_002 | J27: S03aH02 | K27: 0.36689412 | L27: IMPNRGZ | N27: elc_won_ZAF_002 | O27: S03aH02 | P27: 0.16571497 | Q27: IMPNRGZ | S27: elc_wof_ZAF_002 | T27: S03aH02 | U27: 0.14386262 | V27: IMPNRGZ | X27: distr_solelc_spv_ZAF_017 | Y27: DEF_E | Z27: 0.93110281 | AA27: 0.16127166 | AB27: 0.82200081 | AC27: 0 | AD27: 0.14276559 | AE27: 0.90751614 | AF27: 0.82259335 | AG27: 0.097450807 | AH27: 0.77369379 | BH27: distr_solelc_spv_ZAF_017 | BI27: 0.020378097 | BJ27: 0.48501702 | BK27: 0.071632741 | BL27: 0 | BM27: 0.32255287 | BN27: 0.020831629 | BO27: 0.052753501 | BP27: 0.58551774 | BQ27: 0.082303772 | CC27: elc_industry | CD27: S03aH02 | CE27: 0.15142985 | CK27: 2027 | CL27: S02 | CM27: 0.11793333 | CN27: hydro
I28: elc_spv_ZAF_002 | J28: S03aH03 | K28: 0.033600814 | L28: IMPNRGZ | N28: elc_won_ZAF_002 | O28: S03aH03 | P28: 0.1106932 | Q28: IMPNRGZ | S28: elc_wof_ZAF_002 | T28: S03aH03 | U28: 0.12486865 | V28: IMPNRGZ | X28: distr_solelc_spv_ZAF_018 | Y28: DEF_E | Z28: 0.95500978 | AA28: 0.18329285 | AB28: 0.76567621 | AC28: 0 | AD28: 0.20289944 | AE28: 0.8633691 | AF28: 0.87803883 | AG28: 0.13340151 | AH28: 0.72778391 | BH28: distr_solelc_spv_ZAF_018 | BI28: 0.010968855 | BJ28: 0.4339993 | BK28: 0.089331968 | BL28: 0 | BM28: 0.25612872 | BN28: 0.028200455 | BO28: 0.029401667 | BP28: 0.53204998 | BQ28: 0.10428076 | CC28: elc_industry | CD28: S03aH03 | CE28: 0.10620805 | CK28: 2027 | CL28: S03 | CM28: 0.0801 | CN28: hydro
I29: elc_spv_ZAF_003 | J29: S01aH01 | K29: 0.012346698 | L29: IMPNRGZ | N29: elc_won_ZAF_003 | O29: S01aH01 | P29: 0.10234343 | Q29: IMPNRGZ | S29: elc_wof_ZAF_003 | T29: S01aH01 | U29: 0.11985598 | V29: IMPNRGZ | X29: distr_solelc_spv_ZAF_019 | Y29: DEF_E | Z29: 0.94843618 | AA29: 0.1773971 | AB29: 0.77851827 | AC29: 0 | AD29: 0.18237609 | AE29: 0.86917559 | AF29: 0.85648242 | AG29: 0.11471626 | AH29: 0.73801678 | BH29: distr_solelc_spv_ZAF_019 | BI29: 0.014972455 | BJ29: 0.4587518 | BK29: 0.087840939 | BL29: 0 | BM29: 0.27511307 | BN29: 0.02538381 | BO29: 0.038707187 | BP29: 0.56194435 | BQ29: 0.10178115 | CK29: 2028 | CL29: S01 | CM29: 0.3096 | CN29: hydro
I30: elc_spv_ZAF_003 | J30: S01aH02 | K30: 0.40169021 | L30: IMPNRGZ | N30: elc_won_ZAF_003 | O30: S01aH02 | P30: 0.17625711 | Q30: IMPNRGZ | S30: elc_wof_ZAF_003 | T30: S01aH02 | U30: 0.18117462 | V30: IMPNRGZ | X30: distr_solelc_spv_ZAF_020 | Y30: DEF_E | Z30: 0.93914172 | AA30: 0.17669525 | AB30: 0.80641602 | AC30: 0 | AD30: 0.17691703 | AE30: 0.91393698 | AF30: 0.83255438 | AG30: 0.10788304 | AH30: 0.76375443 | BH30: distr_solelc_spv_ZAF_020 | BI30: 0.018799148 | BJ30: 0.469005 | BK30: 0.078841458 | BL30: 0 | BM30: 0.29068919 | BN30: 0.019735413 | BO30: 0.04999182 | BP30: 0.57557767 | BQ30: 0.089128151 | CK30: 2028 | CL30: S02 | CM30: 0.1346 | CN30: hydro
I31: elc_spv_ZAF_003 | J31: S01aH03 | K31: 0.041033454 | L31: IMPNRGZ | N31: elc_won_ZAF_003 | O31: S01aH03 | P31: 0.17480586 | Q31: IMPNRGZ | S31: elc_wof_ZAF_003 | T31: S01aH03 | U31: 0.17685879 | V31: IMPNRGZ | X31: distr_solelc_spv_ZAF_021 | Y31: DEF_E | Z31: 0.94669248 | AA31: 0.16435914 | AB31: 0.78460931 | AC31: 0 | AD31: 0.16088514 | AE31: 0.87800437 | AF31: 0.85022869 | AG31: 0.094932714 | AH31: 0.7444675 | BH31: distr_solelc_spv_ZAF_021 | BI31: 0.01813632 | BJ31: 0.49611395 | BK31: 0.090293205 | BL31: 0 | BM31: 0.30934614 | BN31: 0.027451137 | BO31: 0.046247703 | BP31: 0.60211023 | BQ31: 0.10073282 | CK31: 2028 | CL31: S03 | CM31: 0.14776 | CN31: hydro
I32: elc_spv_ZAF_003 | J32: S02aH01 | K32: 0 | L32: IMPNRGZ | N32: elc_won_ZAF_003 | O32: S02aH01 | P32: 0.041052094 | Q32: IMPNRGZ | S32: elc_wof_ZAF_003 | T32: S02aH01 | U32: 0.040582604 | V32: IMPNRGZ | X32: distr_solelc_spv_ZAF_022 | Y32: DEF_E | Z32: 0.98478445 | AA32: 0.17083375 | AB32: 0.74911782 | AC32: 0 | AD32: 0.19045055 | AE32: 0.84397241 | AF32: 0.92200802 | AG32: 0.19587429 | AH32: 0.724067 | BH32: distr_solelc_spv_ZAF_022 | BI32: 0.0019124541 | BJ32: 0.41388918 | BK32: 0.078221917 | BL32: 0 | BM32: 0.32128138 | BN32: 0.036517677 | BO32: 0.013064759 | BP32: 0.43444601 | BQ32: 0.077825072 | CK32: 2029 | CL32: S01 | CM32: 0.25398333 | CN32: hydro
I33: elc_spv_ZAF_003 | J33: S02aH02 | K33: 0.10624903 | L33: IMPNRGZ | N33: elc_won_ZAF_003 | O33: S02aH02 | P33: 0.086080159 | Q33: IMPNRGZ | S33: elc_wof_ZAF_003 | T33: S02aH02 | U33: 0.056379517 | V33: IMPNRGZ | X33: distr_solelc_spv_ZAF_023 | Y33: DEF_E | Z33: 0.98300924 | AA33: 0.17387068 | AB33: 0.75000665 | AC33: 0 | AD33: 0.19487076 | AE33: 0.8450382 | AF33: 0.91835676 | AG33: 0.19920972 | AH33: 0.72189166 | BH33: distr_solelc_spv_ZAF_023 | BI33: 0.0019597829 | BJ33: 0.41173339 | BK33: 0.074456261 | BL33: 0 | BM33: 0.31843964 | BN33: 0.037257086 | BO33: 0.011354906 | BP33: 0.42576437 | BQ33: 0.074701492 | CK33: 2029 | CL33: S02 | CM33: 0.11596667 | CN33: hydro
I34: elc_spv_ZAF_003 | J34: S02aH03 | K34: 0.0061801442 | L34: IMPNRGZ | N34: elc_won_ZAF_003 | O34: S02aH03 | P34: 0.046886572 | Q34: IMPNRGZ | S34: elc_wof_ZAF_003 | T34: S02aH03 | U34: 0.044243071 | V34: IMPNRGZ | X34: distr_solelc_spv_ZAF_024 | Y34: DEF_E | Z34: 0.98647506 | AA34: 0.17562267 | AB34: 0.74461128 | AC34: 0 | AD34: 0.19325725 | AE34: 0.82522954 | AF34: 0.92277597 | AG34: 0.19643146 | AH34: 0.72888138 | BH34: distr_solelc_spv_ZAF_024 | BI34: 0.0015448918 | BJ34: 0.41690284 | BK34: 0.085280039 | BL34: 0 | BM34: 0.32600243 | BN34: 0.039666717 | BO34: 0.013123013 | BP34: 0.44334662 | BQ34: 0.081335925 | CK34: 2029 | CL34: S03 | CM34: 0.20442 | CN34: hydro
I35: elc_spv_ZAF_003 | J35: S03aH01 | K35: 0.024381176 | L35: IMPNRGZ | N35: elc_won_ZAF_003 | O35: S03aH01 | P35: 0.082460121 | Q35: IMPNRGZ | S35: elc_wof_ZAF_003 | T35: S03aH01 | U35: 0.092307512 | V35: IMPNRGZ | X35: distr_solelc_spv_ZAF_025 | Y35: DEF_E | Z35: 0.9898563 | AA35: 0.15639886 | AB35: 0.72565073 | AC35: 0 | AD35: 0.17885525 | AE35: 0.80010083 | AF35: 0.92238984 | AG35: 0.17676253 | AH35: 0.70418349 | BH35: distr_solelc_spv_ZAF_025 | BI35: 0.0011748317 | BJ35: 0.43923898 | BK35: 0.096043578 | BL35: 0 | BM35: 0.34300631 | BN35: 0.049517075 | BO35: 0.012311541 | BP35: 0.47070816 | BQ35: 0.091831773 | CK35: 2030 | CL35: S01 | CM35: 0.28353333 | CN35: hydro
I36: elc_spv_ZAF_003 | J36: S03aH02 | K36: 0.37123297 | L36: IMPNRGZ | N36: elc_won_ZAF_003 | O36: S03aH02 | P36: 0.1517032 | Q36: IMPNRGZ | S36: elc_wof_ZAF_003 | T36: S03aH02 | U36: 0.14878487 | V36: IMPNRGZ | X36: distr_solelc_spv_ZAF_026 | Y36: DEF_E | Z36: 0.98616907 | AA36: 0.16048869 | AB36: 0.7219341 | AC36: 0 | AD36: 0.15923542 | AE36: 0.81574316 | AF36: 0.92359706 | AG36: 0.1457877 | AH36: 0.69929788 | BH36: distr_solelc_spv_ZAF_026 | BI36: 0.0018481417 | BJ36: 0.46295319 | BK36: 0.091070424 | BL36: 0 | BM36: 0.37952071 | BN36: 0.059045443 | BO36: 0.0095048655 | BP36: 0.51896464 | BQ36: 0.09607157 | CK36: 2030 | CL36: S02 | CM36: 0.069066667 | CN36: hydro
I37: elc_spv_ZAF_003 | J37: S03aH03 | K37: 0.036886318 | L37: IMPNRGZ | N37: elc_won_ZAF_003 | O37: S03aH03 | P37: 0.13841144 | Q37: IMPNRGZ | S37: elc_wof_ZAF_003 | T37: S03aH03 | U37: 0.13981304 | V37: IMPNRGZ | X37: distr_solelc_spv_ZAF_027 | Y37: DEF_E | Z37: 0.98293986 | AA37: 0.17245491 | AB37: 0.73495105 | AC37: 0 | AD37: 0.17164665 | AE37: 0.83205559 | AF37: 0.92487654 | AG37: 0.15816435 | AH37: 0.70821391 | BH37: distr_solelc_spv_ZAF_027 | BI37: 0.0020496878 | BJ37: 0.44177431 | BK37: 0.086587647 | BL37: 0 | BM37: 0.35833625 | BN37: 0.05318935 | BO37: 0.0094263308 | BP37: 0.50050928 | BQ37: 0.093977573 | CK37: 2030 | CL37: S03 | CM37: 0.22374 | CN37: hydro
I38: elc_spv_ZAF_004 | J38: S01aH01 | K38: 0.014192966 | L38: IMPNRGZ | N38: elc_won_ZAF_004 | O38: S01aH01 | P38: 0.075488061 | Q38: IMPNRGZ | S38: elc_wof_ZAF_004 | T38: S01aH01 | U38: 0.14137386 | V38: IMPNRGZ | X38: distr_solelc_spv_ZAF_028 | Y38: DEF_E | Z38: 0.97608945 | AA38: 0.19110124 | AB38: 0.75379281 | AC38: 0 | AD38: 0.19760987 | AE38: 0.85936395 | AF38: 0.91996997 | AG38: 0.19510607 | AH38: 0.73054604 | BH38: distr_solelc_spv_ZAF_028 | BI38: 0.0030546922 | BJ38: 0.3873282 | BK38: 0.069951481 | BL38: 0 | BM38: 0.29978923 | BN38: 0.034266279 | BO38: 0.012566584 | BP38: 0.43134999 | BQ38: 0.071941757 | CK38: 2031 | CL38: S01 | CM38: 0.2595 | CN38: hydro
I39: elc_spv_ZAF_004 | J39: S01aH02 | K39: 0.40026617 | L39: IMPNRGZ | N39: elc_won_ZAF_004 | O39: S01aH02 | P39: 0.19912272 | Q39: IMPNRGZ | S39: elc_wof_ZAF_004 | T39: S01aH02 | U39: 0.18925255 | V39: IMPNRGZ | X39: distr_solelc_spv_ZAF_029 | Y39: DEF_E | Z39: 0.98024225 | AA39: 0.19081416 | AB39: 0.74871177 | AC39: 0 | AD39: 0.19442879 | AE39: 0.85092812 | AF39: 0.92317907 | AG39: 0.19098885 | AH39: 0.72346126 | BH39: distr_solelc_spv_ZAF_029 | BI39: 0.002519254 | BJ39: 0.40661292 | BK39: 0.074678797 | BL39: 0 | BM39: 0.32842237 | BN39: 0.042529301 | BO39: 0.010061293 | BP39: 0.45222622 | BQ39: 0.079285251 | CK39: 2031 | CL39: S02 | CM39: 0.0799 | CN39: hydro
I40: elc_spv_ZAF_004 | J40: S01aH03 | K40: 0.035367699 | L40: IMPNRGZ | N40: elc_won_ZAF_004 | O40: S01aH03 | P40: 0.13572086 | Q40: IMPNRGZ | S40: elc_wof_ZAF_004 | T40: S01aH03 | U40: 0.15835181 | V40: IMPNRGZ | X40: distr_solelc_spv_ZAF_030 | Y40: DEF_E | Z40: 0.98135573 | AA40: 0.18883187 | AB40: 0.75136527 | AC40: 0 | AD40: 0.19672154 | AE40: 0.84880729 | AF40: 0.92569412 | AG40: 0.19128931 | AH40: 0.72745022 | BH40: distr_solelc_spv_ZAF_030 | BI40: 0.0020486923 | BJ40: 0.41182127 | BK40: 0.076557568 | BL40: 0 | BM40: 0.33645088 | BN40: 0.041968211 | BO40: 0.0087002394 | BP40: 0.44677655 | BQ40: 0.077985909 | CK40: 2031 | CL40: S03 | CM40: 0.22068 | CN40: hydro
... I97: elc_spv_ZAF_010 | J97: S02aH03 | K97: 0.0071399368 | L97: IMPNRGZ | N97: elc_won_ZAF_010 | O97: S02aH03 | P97: 0.055979288 | Q97: IMPNRGZ | S97: elc_wof_ZAF_010 | T97: S02aH03 | U97: 0.053064292 | V97: IMPNRGZ | X97: distr_wonelc_won_ZAF_024 | Y97: DEF_E | Z97: 0.32570294 | AA97: 0.49220148 | AB97: 0.39572171 | AC97: 0.32054644 | AD97: 0.4553373 | AE97: 0.38601508 | AF97: 0.24621391 | AG97: 0.40433792 | AH97: 0.32183206 | BH97: distr_wonelc_won_ZAF_024 | BI97: 0.24593191 | BJ97: 0.11960177 | BK97: 0.1671844 | BL97: 0.23978494 | BM97: 0.12648286 | BN97: 0.20257592 | BO97: 0.371442 | BP97: 0.2154438 | BQ97: 0.31963438 | CK97: 2050 | CL97: S03 | CM97: 0.13136 | CN97: hydro
I98: elc_spv_ZAF_010 | J98: S03aH01 | K98: 0.015063952 | L98: IMPNRGZ | N98: elc_won_ZAF_010 | O98: S03aH01 | P98: 0.081153715 | Q98: IMPNRGZ | S98: elc_wof_ZAF_010 | T98: S03aH01 | U98: 0.1148595 | V98: IMPNRGZ | X98: distr_wonelc_won_ZAF_025 | Y98: DEF_E | Z98: 0.42069026 | AA98: 0.53567988 | AB98: 0.44082764 | AC98: 0.44507323 | AD98: 0.48725082 | AE98: 0.42892178 | AF98: 0.35979165 | AG98: 0.42367283 | AH98: 0.38817492 | BH98: distr_wonelc_won_ZAF_025 | BI98: 0.14335351 | BJ98: 0.081192328 | BK98: 0.11840436 | BL98: 0.17597412 | BM98: 0.10243447 | BN98: 0.15531995 | BO98: 0.20044789 | BP98: 0.17130885 | BQ98: 0.20335026
I99: elc_spv_ZAF_010 | J99: S03aH02 | K99: 0.3697372 | L99: IMPNRGZ | N99: elc_won_ZAF_010 | O99: S03aH02 | P99: 0.20000245 | Q99: IMPNRGZ | S99: elc_wof_ZAF_010 | T99: S03aH02 | U99: 0.16209461 | V99: IMPNRGZ | X99: distr_wonelc_won_ZAF_026 | Y99: DEF_E | Z99: 0.46223898 | AA99: 0.60438892 | AB99: 0.44641955 | AC99: 0.42087754 | AD99: 0.49872116 | AE99: 0.41654376 | AF99: 0.36066216 | AG99: 0.46476143 | AH99: 0.38126813 | BH99: distr_wonelc_won_ZAF_026 | BI99: 0.098180283 | BJ99: 0.05659413 | BK99: 0.10824842 | BL99: 0.099894726 | BM99: 0.062966234 | BN99: 0.12029464 | BO99: 0.15293712 | BP99: 0.10356782 | BQ99: 0.1956865
I100: elc_spv_ZAF_010 | J100: S03aH03 | K100: 0.056279582 | L100: IMPNRGZ | N100: elc_won_ZAF_010 | O100: S03aH03 | P100: 0.17884738 | Q100: IMPNRGZ | S100: elc_wof_ZAF_010 | T100: S03aH03 | U100: 0.13242244 | V100: IMPNRGZ | X100: distr_wonelc_won_ZAF_027 | Y100: DEF_E | Z100: 0.37246845 | AA100: 0.49509125 | AB100: 0.40548276 | AC100: 0.33303352 | AD100: 0.4637183 | AE100: 0.44615869 | AF100: 0.30261713 | AG100: 0.43289774 | AH100: 0.35140452 | BH100: distr_wonelc_won_ZAF_027 | BI100: 0.25725283 | BJ100: 0.12827988 | BK100: 0.19622497 | BL100: 0.2783401 | BM100: 0.16167169 | BN100: 0.20231161 | BO100: 0.35583288 | BP100: 0.22901479 | BQ100: 0.28730198
I101: elc_spv_ZAF_011 | J101: S01aH01 | K101: 0.009089214 | L101: IMPNRGZ | N101: elc_won_ZAF_011 | O101: S01aH01 | P101: 0.09272406 | Q101: IMPNRGZ | S101: elc_wof_ZAF_011 | T101: S01aH01 | U101: 0.12068721 | V101: IMPNRGZ | X101: distr_wonelc_won_ZAF_028 | Y101: DEF_E | Z101: 0.32463422 | AA101: 0.47539793 | AB101: 0.37354706 | AC101: 0.29974672 | AD101: 0.44798907 | AE101: 0.35986195 | AF101: 0.30825701 | AG101: 0.41366565 | AH101: 0.33073667 | BH101: distr_wonelc_won_ZAF_028 | BI101: 0.2548535 | BJ101: 0.14368595 | BK101: 0.17235986 | BL101: 0.31362596 | BM101: 0.19481814 | BN101: 0.24179119 | BO101: 0.36250079 | BP101: 0.26351576 | BQ101: 0.27723138
I102: elc_spv_ZAF_011 | J102: S01aH02 | K102: 0.39872672 | L102: IMPNRGZ | N102: elc_won_ZAF_011 | O102: S01aH02 | P102: 0.12396274 | Q102: IMPNRGZ | S102: elc_wof_ZAF_011 | T102: S01aH02 | U102: 0.18005641 | V102: IMPNRGZ | X102: distr_wonelc_won_ZAF_029 | Y102: DEF_E | Z102: 0.27352175 | AA102: 0.4260671 | AB102: 0.31909602 | AC102: 0.35840975 | AD102: 0.45253253 | AE102: 0.32381446 | AF102: 0.2944654 | AG102: 0.41938047 | AH102: 0.28003855 | BH102: distr_wonelc_won_ZAF_029 | BI102: 0.31028811 | BJ102: 0.20189793 | BK102: 0.28419287 | BL102: 0.29044257 | BM102: 0.24809716 | BN102: 0.31533734 | BO102: 0.31027895 | BP102: 0.26441484 | BQ102: 0.3726265
I103: elc_spv_ZAF_011 | J103: S01aH03 | K103: 0.059424854 | L103: IMPNRGZ | N103: elc_won_ZAF_011 | O103: S01aH03 | P103: 0.12872652 | Q103: IMPNRGZ | S103: elc_wof_ZAF_011 | T103: S01aH03 | U103: 0.14276958 | V103: IMPNRGZ | X103: distr_wonelc_won_ZAF_030 | Y103: DEF_E | Z103: 0.310225 | AA103: 0.42142241 | AB103: 0.36542938 | AC103: 0.36538354 | AD103: 0.44007328 | AE103: 0.36882049 | AF103: 0.29958351 | AG103: 0.41363176 | AH103: 0.3110123 | BH103: distr_wonelc_won_ZAF_030 | BI103: 0.22986635 | BJ103: 0.18013362 | BK103: 0.20422139 | BL103: 0.24965137 | BM103: 0.22444328 | BN103: 0.24586025 | BO103: 0.27413746 | BP103: 0.24952501 | BQ103: 0.30795817
I104: elc_spv_ZAF_011 | J104: S02aH01 | K104: 0 | L104: IMPNRGZ | N104: elc_won_ZAF_011 | O104: S02aH01 | P104: 0.079335943 | Q104: IMPNRGZ | S104: elc_wof_ZAF_011 | T104: S02aH01 | U104: 0.043663626 | V104: IMPNRGZ | X104: distr_wonelc_won_ZAF_031 | Y104: DEF_E | Z104: 0.26748404 | AA104: 0.45050535 | AB104: 0.33060794 | AC104: 0.29858237 | AD104: 0.42703618 | AE104: 0.30826197 | AF104: 0.2748249 | AG104: 0.43734141 | AH104: 0.30500762 | BH104: distr_wonelc_won_ZAF_031 | BI104: 0.31378502 | BJ104: 0.18785291 | BK104: 0.22879423 | BL104: 0.34940728 | BM104: 0.26978853 | BN104: 0.30742763 | BO104: 0.34487911 | BP104: 0.2633418 | BQ104: 0.31585856
I105: elc_spv_ZAF_011 | J105: S02aH02 | K105: 0.084991398 | L105: IMPNRGZ | N105: elc_won_ZAF_011 | O105: S02aH02 | P105: 0.08541941 | Q105: IMPNRGZ | S105: elc_wof_ZAF_011 | T105: S02aH02 | U105: 0.06530675 | V105: IMPNRGZ | X105: distr_wonelc_won_ZAF_032 | Y105: DEF_E | Z105: 0.25461455 | AA105: 0.44244344 | AB105: 0.36422721 | AC105: 0.2571196 | AD105: 0.38049084 | AE105: 0.32688967 | AF105: 0.24437035 | AG105: 0.41443582 | AH105: 0.30759865 | BH105: distr_wonelc_won_ZAF_032 | BI105: 0.36610484 | BJ105: 0.17193382 | BK105: 0.24561106 | BL105: 0.40992127 | BM105: 0.24560752 | BN105: 0.32041296 | BO105: 0.41104818 | BP105: 0.23919652 | BQ105: 0.33901986
I106: elc_spv_ZAF_011 | J106: S02aH03 | K106: 0.0072085437 | L106: IMPNRGZ | N106: elc_won_ZAF_011 | O106: S02aH03 | P106: 0.0668656 | Q106: IMPNRGZ | S106: elc_wof_ZAF_011 | T106: S02aH03 | U106: 0.053077548 | V106: IMPNRGZ | X106: distr_wonelc_won_ZAF_033 | Y106: DEF_E | Z106: 0.23964836 | AA106: 0.40521113 | AB106: 0.32151934 | AC106: 0.24032728 | AD106: 0.35823689 | AE106: 0.31640222 | AF106: 0.22695701 | AG106: 0.40916674 | AH106: 0.28130207 | BH106: distr_wonelc_won_ZAF_033 | BI106: 0.44413324 | BJ106: 0.25746319 | BK106: 0.31236045 | BL106: 0.45757108 | BM106: 0.33193834 | BN106: 0.34561758 | BO106: 0.46500135 | BP106: 0.2722216 | BQ106: 0.39053272
I107: elc_spv_ZAF_011 | J107: S03aH01 | K107: 0.016907441 | L107: IMPNRGZ | N107: elc_won_ZAF_011 | O107: S03aH01 | P107: 0.10140687 | Q107: IMPNRGZ | S107: elc_wof_ZAF_011 | T107: S03aH01 | U107: 0.10988716 | V107: IMPNRGZ | X107: distr_wonelc_won_ZAF_034 | Y107: DEF_E | Z107: 0.2861706 | AA107: 0.41549486 | AB107: 0.29188556 | AC107: 0.34169315 | AD107: 0.42068472 | AE107: 0.30437241 | AF107: 0.3102061 | AG107: 0.40974192 | AH107: 0.26662205 | BH107: distr_wonelc_won_ZAF_034 | BI107: 0.33901222 | BJ107: 0.26411734 | BK107: 0.26919351 | BL107: 0.34529686 | BM107: 0.32138696 | BN107: 0.31241623 | BO107: 0.30111645 | BP107: 0.274885 | BQ107: 0.31377798
I108: elc_spv_ZAF_011 | J108: S03aH02 | K108: 0.37266908 | L108: IMPNRGZ | N108: elc_won_ZAF_011 | O108: S03aH02 | P108: 0.16580773 | Q108: IMPNRGZ | S108: elc_wof_ZAF_011 | T108: S03aH02 | U108: 0.16032736 | V108: IMPNRGZ | X108: distr_wonelc_won_ZAF_035 | Y108: DEF_E | Z108: 0.28005406 | AA108: 0.31274235 | AB108: 0.26993385 | AC108: 0.32164148 | AD108: 0.36007502 | AE108: 0.27416697 | AF108: 0.2848514 | AG108: 0.27585083 | AH108: 0.25826159 | BH108: distr_wonelc_won_ZAF_035 | BI108: 0.31374548 | BJ108: 0.35167118 | BK108: 0.46263121 | BL108: 0.3109841 | BM108: 0.31100981 | BN108: 0.32668233 | BO108: 0.31455985 | BP108: 0.38100159 | BQ108: 0.47690761
I109: elc_spv_ZAF_011 | J109: S03aH03 | K109: 0.050982747 | L109: IMPNRGZ | N109: elc_won_ZAF_011 | O109: S03aH03 | P109: 0.15575113 | Q109: IMPNRGZ | S109: elc_wof_ZAF_011 | T109: S03aH03 | U109: 0.12422436 | V109: IMPNRGZ | X109: distr_wonelc_won_ZAF_036 | Y109: DEF_E | Z109: 0.28521743 | AA109: 0.39228791 | AB109: 0.25843003 | AC109: 0.36697913 | AD109: 0.37595769 | AE109: 0.31173347 | AF109: 0.32245721 | AG109: 0.40455853 | AH109: 0.22735012 | BH109: distr_wonelc_won_ZAF_036 | BI109: 0.32958551 | BJ109: 0.26478824 | BK109: 0.43082359 | BL109: 0.28904528 | BM109: 0.31366605 | BN109: 0.30218833 | BO109: 0.28032024 | BP109: 0.23547496 | BQ109: 0.43778296
... I115: elc_spv_ZAF_012 | J115: S02aH03 | K115: 0.0075194917 | L115: IMPNRGZ | N115: elc_won_ZAF_012 | O115: S02aH03 | P115: 0.053986487 | Q115: IMPNRGZ | S115: elc_wof_ZAF_012 | T115: S02aH03 | U115: 0.05460625 | V115: IMPNRGZ | X115: distr_wonelc_won_ZAF_042 | Y115: DEF_E | Z115: 0.22159239 | AA115: 0.39961226 | AB115: 0.29450537 | AC115: 0.24542677 | AD115: 0.36172933 | AE115: 0.28193765 | AF115: 0.21731284 | AG115: 0.42644452 | AH115: 0.27588008 | BH115: distr_wonelc_won_ZAF_042 | BI115: 0.43256276 | BJ115: 0.21443465 | BK115: 0.32662882 | BL115: 0.42089894 | BM115: 0.25254466 | BN115: 0.35001521 | BO115: 0.44124502 | BP115: 0.20154972 | BQ115: 0.38808828
I116: elc_spv_ZAF_012 | J116: S03aH01 | K116: 0.013210639 | L116: IMPNRGZ | N116: elc_won_ZAF_012 | O116: S03aH01 | P116: 0.083077488 | Q116: IMPNRGZ | S116: elc_wof_ZAF_012 | T116: S03aH01 | U116: 0.10927049 | V116: IMPNRGZ
I117: elc_spv_ZAF_012 | J117: S03aH02 | K117: 0.37102944 | L117: IMPNRGZ | N117: elc_won_ZAF_012 | O117: S03aH02 | P117: 0.16388845 | Q117: IMPNRGZ | S117: elc_wof_ZAF_012 | T117: S03aH02 | U117: 0.15154195 | V117: IMPNRGZ
I118: elc_spv_ZAF_012 | J118: S03aH03 | K118: 0.056713098 | L118: IMPNRGZ | N118: elc_won_ZAF_012 | O118: S03aH03 | P118: 0.11479433 | Q118: IMPNRGZ | S118: elc_wof_ZAF_012 | T118: S03aH03 | U118: 0.1229477 | V118: IMPNRGZ
I119: elc_spv_ZAF_013 | J119: S01aH01 | K119: 0.0078588577 | L119: IMPNRGZ | N119: elc_won_ZAF_013 | O119: S01aH01 | P119: 0.099004648 | Q119: IMPNRGZ | S119: elc_wof_ZAF_013 | T119: S01aH01 | U119: 0.12289183 | V119: IMPNRGZ
I120: elc_spv_ZAF_013 | J120: S01aH02 | K120: 0.39969469 | L120: IMPNRGZ | N120: elc_won_ZAF_013 | O120: S01aH02 | P120: 0.19009614 | Q120: IMPNRGZ | S120: elc_wof_ZAF_013 | T120: S01aH02 | U120: 0.16732951 | V120: IMPNRGZ
I121: elc_spv_ZAF_013 | J121: S01aH03 | K121: 0.05963191 | L121: IMPNRGZ | N121: elc_won_ZAF_013 | O121: S01aH03 | P121: 0.13606822 | Q121: IMPNRGZ | S121: elc_wof_ZAF_013 | T121: S01aH03 | U121: 0.12096111 | V121: IMPNRGZ
I122: elc_spv_ZAF_013 | J122: S02aH01 | K122: 0 | L122: IMPNRGZ | N122: elc_won_ZAF_013 | O122: S02aH01 | P122: 0.047214994 | Q122: IMPNRGZ | S122: elc_wof_ZAF_013 | T122: S02aH01 | U122: 0.060805898 | V122: IMPNRGZ
I123: elc_spv_ZAF_013 | J123: S02aH02 | K123: 0.089383081 | L123: IMPNRGZ | N123: elc_won_ZAF_013 | O123: S02aH02 | P123: 0.08118895 | Q123: IMPNRGZ | S123: elc_wof_ZAF_013 | T123: S02aH02 | U123: 0.083581226 | V123: IMPNRGZ
I124: elc_spv_ZAF_013 | J124: S02aH03 | K124: 0.0073105781 | L124: IMPNRGZ | N124: elc_won_ZAF_013 | O124: S02aH03 | P124: 0.055843664 | Q124: IMPNRGZ | S124: elc_wof_ZAF_013 | T124: S02aH03 | U124: 0.057049652 | V124: IMPNRGZ
I125: elc_spv_ZAF_013 | J125: S03aH01 | K125: 0.016016818 | L125: IMPNRGZ | N125: elc_won_ZAF_013 | O125: S03aH01 | P125: 0.086734922 | Q125: IMPNRGZ | S125: elc_wof_ZAF_013 | T125: S03aH01 | U125: 0.11241028 | V125: IMPNRGZ
I126: elc_spv_ZAF_013 | J126: S03aH02 | K126: 0.36916785 | L126: IMPNRGZ | N126: elc_won_ZAF_013 | O126: S03aH02 | P126: 0.18377876 | Q126: IMPNRGZ | S126: elc_wof_ZAF_013 | T126: S03aH02 | U126: 0.15841583 | V126: IMPNRGZ
I127: elc_spv_ZAF_013 | J127: S03aH03 | K127: 0.050936213 | L127: IMPNRGZ | N127: elc_won_ZAF_013 | O127: S03aH03 | P127: 0.12006971 | Q127: IMPNRGZ | S127: elc_wof_ZAF_013 | T127: S03aH03 | U127: 0.11655468 | V127: IMPNRGZ
... I190: elc_spv_ZAF_020 | J190: S03aH03 | K190: 0.04135671 | L190: IMPNRGZ | N190: elc_won_ZAF_020 | O190: S03aH03 | P190: 0.16616785 | Q190: IMPNRGZ | S190: elc_wof_ZAF_020 | T190: S03aH03 | U190: 0.11352677 | V190: IMPNRGZ
I191: elc_spv_ZAF_021 | J191: S01aH01 | K191: 0.010180049 | L191: IMPNRGZ | N191: elc_won_ZAF_021 | O191: S01aH01 | P191: 0.13287964 | Q191: IMPNRGZ
I192: elc_spv_ZAF_021 | J192: S01aH02 | K192: 0.3978177 | L192: IMPNRGZ | N192: elc_won_ZAF_021 | O192: S01aH02 | P192: 0.14658067 | Q192: IMPNRGZ
I193: elc_spv_ZAF_021 | J193: S01aH03 | K193: 0.050682237 | L193: IMPNRGZ | N193: elc_won_ZAF_021 | O193: S01aH03 | P193: 0.16746512 | Q193: IMPNRGZ
I194: elc_spv_ZAF_021 | J194: S02aH01 | K194: 0 | L194: IMPNRGZ | N194: elc_won_ZAF_021 | O194: S02aH01 | P194: 0.049069743 | Q194: IMPNRGZ
I195: elc_spv_ZAF_021 | J195: S02aH02 | K195: 0.093937854 | L195: IMPNRGZ | N195: elc_won_ZAF_021 | O195: S02aH02 | P195: 0.042601504 | Q195: IMPNRGZ
I196: elc_spv_ZAF_021 | J196: S02aH03 | K196: 0.0058351808 | L196: IMPNRGZ | N196: elc_won_ZAF_021 | O196: S02aH03 | P196: 0.056899783 | Q196: IMPNRGZ
I197: elc_spv_ZAF_021 | J197: S03aH01 | K197: 0.020275805 | L197: IMPNRGZ | N197: elc_won_ZAF_021 | O197: S03aH01 | P197: 0.11749185 | Q197: IMPNRGZ
I198: elc_spv_ZAF_021 | J198: S03aH02 | K198: 0.37710814 | L198: IMPNRGZ | N198: elc_won_ZAF_021 | O198: S03aH02 | P198: 0.1339507 | Q198: IMPNRGZ
I199: elc_spv_ZAF_021 | J199: S03aH03 | K199: 0.044163037 | L199: IMPNRGZ | N199: elc_won_ZAF_021 | O199: S03aH03 | P199: 0.15306099 | Q199: IMPNRGZ
I200: elc_spv_ZAF_022 | J200: S01aH01 | K200: 0.0013517534 | L200: IMPNRGZ | N200: elc_won_ZAF_022 | O200: S01aH01 | P200: 0.094002235 | Q200: IMPNRGZ
I201: elc_spv_ZAF_022 | J201: S01aH02 | K201: 0.41791936 | L201: IMPNRGZ | N201: elc_won_ZAF_022 | O201: S01aH02 | P201: 0.10064368 | Q201: IMPNRGZ
I202: elc_spv_ZAF_022 | J202: S01aH03 | K202: 0.055288512 | L202: IMPNRGZ | N202: elc_won_ZAF_022 | O202: S01aH03 | P202: 0.17531386 | Q202: IMPNRGZ
... I388: elc_spv_ZAF_042 | J388: S03aH03 | K388: 0.05311262 | L388: IMPNRGZ | N388: elc_won_ZAF_042 | O388: S03aH03 | P388: 0.12807527 | Q388: IMPNRGZ
I389: elc_spv_ZAF_043 | J389: S01aH01 | K389: 0.0009617949 | L389: IMPNRGZ
I390: elc_spv_ZAF_043 | J390: S01aH02 | K390: 0.39255478 | L390: IMPNRGZ
I391: elc_spv_ZAF_043 | J391: S01aH03 | K391: 0.059329596 | L391: IMPNRGZ
I392: elc_spv_ZAF_043 | J392: S02aH01 | K392: 0 | L392: IMPNRGZ
I393: elc_spv_ZAF_043 | J393: S02aH02 | K393: 0.11997018 | L393: IMPNRGZ
I394: elc_spv_ZAF_043 | J394: S02aH03 | K394: 0.014118492 | L394: IMPNRGZ
I395: elc_spv_ZAF_043 | J395: S03aH01 | K395: 0.0051458659 | L395: IMPNRGZ
I396: elc_spv_ZAF_043 | J396: S03aH02 | K396: 0.35652291 | L396: IMPNRGZ
I397: elc_spv_ZAF_043 | J397: S03aH03 | K397: 0.051396374 | L397: IMPNRGZ

Sheet ts_024
C9: =IF(A11="x","DeActivated","~TimeSlices") -> DeActivated | I9: =IF(A11="x","DeActivated","~TFM_DINS-AT") -> DeActivated | N9: =IF(A11="x","DeActivated","~TFM_DINS-AT") -> DeActivated | S9: =IF(A11="x","DeActivated","~TFM_DINS-AT") -> DeActivated | X9: =IF(A11="x","DeActivated","~TFM_DINS-TSL: attribute=FLO_EMIS; other_indexes=ACT") -> DeActivated | AS9: =IF(A11="x","DeActivated","~TFM_INS-TSL: attribute=FLO_SHAR; limtype=FX") -> DeActivated | BN9: =IF(A11="x","DeActivated","~TFM_INS-TSL: attribute=FLO_SHAR; limtype=FX") -> DeActivated | CI9: =IF(A11="x","DeActivated","~TFM_DINS-TSL: attribute=NCAP_PKCNT") -> DeActivated | DC9: =IF(A11="x","DeActivated","~TFM_INS-AT") -> DeActivated | DH9: =IF(A11="x","DeActivated","~TFM_DINS-AT") -> DeActivated | DM9: =IF(A11="x","DeActivated","~TFM_DINS-AT") -> DeActivated | DQ9: =IF(A11="x","DeActivated","~TFM_DINS-AT") -> DeActivated | DU9: =IF(A11="x","DeActivated","~TFM_INS-AT") -> DeActivated
A10: ts_024 | C10: season | D10: weekly | E10: daynite | F10: wparent | G10: dparent | I10: commodity | J10: timeslice | K10: com_fr | L10: process | N10: commodity | O10: timeslice | P10: com_fr | Q10: process | S10: commodity | T10: timeslice | U10: com_fr | V10: process | X10: process | Y10: commodity | Z10: S01aH01 | AA10: S01aH02 | AB10: S01aH03 | AC10: S01aH04 | AD10: S01aH05 | AE10: S01aH06 | AF10: S02aH01 | AG10: S02aH02 | AH10: S02aH03 | AI10: S02aH04 | AJ10: S02aH05 | AK10: S02aH06 | AL10: S03aH01 | AM10: S03aH02 | AN10: S03aH03 | AO10: S03aH04 | AP10: S03aH05 | AQ10: S03aH06 | AS10: process | AT10: commodity | AU10: S01aH01 | AV10: S01aH02 | AW10: S01aH03 | AX10: S01aH04 | AY10: S01aH05 | AZ10: S01aH06 | BA10: S02aH01 | BB10: S02aH02 | BC10: S02aH03 | BD10: S02aH04 | BE10: S02aH05 | BF10: S02aH06 | BG10: S03aH01 | BH10: S03aH02 | BI10: S03aH03 | BJ10: S03aH04 | BK10: S03aH05 | BL10: S03aH06 | BN10: process | BO10: commodity | BP10: S01aH01 | BQ10: S01aH02 | BR10: S01aH03 | BS10: S01aH04 | BT10: S01aH05 | BU10: S01aH06 | BV10: S02aH01 | BW10: S02aH02 | BX10: S02aH03 | BY10: S02aH04 | BZ10: S02aH05 | CA10: S02aH06 | CB10: S03aH01 | CC10: S03aH02 | CD10: S03aH03 | CE10: S03aH04 | CF10: S03aH05 | CG10: S03aH06 | CI10: process | CJ10: S01aH01 | CK10: S01aH02 | CL10: S01aH03 | CM10: S01aH04 | CN10: S01aH05 | CO10: S01aH06 | CP10: S02aH01 | CQ10: S02aH02 | CR10: S02aH03 | CS10: S02aH04 | CT10: S02aH05 | CU10: S02aH06 | CV10: S03aH01 | CW10: S03aH02 | CX10: S03aH03 | CY10: S03aH04 | CZ10: S03aH05 | DA10: S03aH06 | DC10: process | DD10: commodity | DE10: other_indexes | DF10: ncap_com | DH10: g_yrfr | DI10: com_fr | DJ10: timeslice | DK10: commodity | DM10: commodity | DN10: timeslice | DO10: com_fr | DQ10: commodity | DR10: timeslice | DS10: com_pkflx | DU10: Year | DV10: timeslice | DW10: ncap_afs | DX10: pset_ci
A11: =IFERROR(IF(Veda!D5=A10,"ok","x"),"") -> x | C11: S01 | D11: a | E11: H01 | F11: S01,S02,S03 | G11: a | I11: elc_spv_ZAF_001 | J11: S01aH01 | K11: 0.011541313 | L11: IMPNRGZ | N11: elc_won_ZAF_001 | O11: S01aH01 | P11: 0.094917083 | Q11: IMPNRGZ | S11: elc_wof_ZAF_001 | T11: S01aH01 | U11: 0.14189169 | V11: IMPNRGZ | X11: distr_solelc_spv_ZAF_001 | Y11: DEF_E | Z11: 0.92899408 | AA11: 0.12436401 | AB11: 0.093065636 | AC11: 0.15496565 | AD11: 0.54101181 | AE11: 0 | AF11: 0 | AG11: 0.061330887 | AH11: 0.073565684 | AI11: 0.098680194 | AJ11: 0 | AK11: 0 | AL11: 0.84232603 | AM11: 0.10705753 | AN11: 0.074493818 | AO11: 0.11523323 | AP11: 0.52072504 | AQ11: 0 | AS11: distr_sol* | AT11: ELC4H | AU11: 0.86556135 | AV11: 0.095373567 | AW11: 0.01609613 | AX11: 0.0010439479 | AY11: 0.011062311 | AZ11: 0.12721901 | BA11: 0 | BB11: 0.12182006 | BC11: 0.032440119 | BD11: 0.0089157028 | BE11: 0.071350001 | BF11: 0 | BG11: 0.70596801 | BH11: 0.044061647 | BI11: 0.011740129 | BJ11: 0.014652447 | BK11: 0.064426705 | BL11: 0.70708793 | BN11: distr_sol* | BO11: ELC8H | BP11: 0 | BQ11: 0 | BR11: 0.035994658 | BS11: 0.0026918278 | BT11: 0.0093894164 | BU11: 0.0026370448 | BV11: 0 | BW11: 0 | BX11: 0.0088409986 | BY11: 0.022942795 | BZ11: 0.081064777 | CA11: 0 | CB11: 0 | CC11: 0 | CD11: 0.017921053 | CE11: 0.0026376309 | CF11: 0.0055017457 | CG11: 0 | CI11: distr_solelc_spv_ZAF_001 | CJ11: 0.021544156 | CK11: 0.42922018 | CL11: 0.54708494 | CM11: 0.35112058 | CN11: 0.13544394 | CO11: 0 | CP11: 0 | CQ11: 0.28098606 | CR11: 0.44153718 | CS11: 0.2485342 | CT11: 0 | CU11: 0 | CV11: 0.044627602 | CW11: 0.50734343 | CX11: 0.61990148 | CY11: 0.37442093 | CZ11: 0.1033928 | DA11: 0 | DC11: distr_sol* | DD11: DEF_C | DE11: OUT | DF11: 0.21312909 | DH11: 0.13504566 | DI11: 0.053332007 | DJ11: S01aH01 | DK11: elc_roadtransport | DM11: elc_buildings | DN11: S01aH01 | DO11: 0.096063649 | DQ11: ELC | DR11: S01aH01 | DS11: 0.16784921 | DU11: 2020 | DV11: S01 | DW11: 0.1252 | DX11: hydro
C12: S02 | E12: H02 | G12: a | I12: elc_spv_ZAF_001 | J12: S01aH02 | K12: 0.032847915 | L12: IMPNRGZ | N12: elc_won_ZAF_001 | O12: S01aH02 | P12: 0.015250939 | Q12: IMPNRGZ | S12: elc_wof_ZAF_001 | T12: S01aH02 | U12: 0.018251977 | V12: IMPNRGZ | X12: distr_solelc_spv_ZAF_002 | Y12: DEF_E | Z12: 0.93852529 | AA12: 0.13255428 | AB12: 0.10186482 | AC12: 0.16305404 | AD12: 0.52321879 | AE12: 0 | AF12: 0 | AG12: 0.05279114 | AH12: 0.069722361 | AI12: 0.092299084 | AJ12: 0 | AK12: 0 | AL12: 0.84795533 | AM12: 0.099866726 | AN12: 0.069247929 | AO12: 0.1159312 | AP12: 0.46797051 | AQ12: 0 | AS12: distr_won* | AT12: ELC4H | AU12: 0.0053686038 | AV12: 0.00071044611 | AW12: 0.019319258 | AX12: 0.015921303 | AY12: 0.027039031 | AZ12: 0.012935742 | BA12: 0.0037237679 | BB12: 0.0040825259 | BC12: 0.013707657 | BD12: 0.0016120027 | BE12: 0 | BF12: 0.0023585482 | BG12: 0.0053157657 | BH12: 0.013908633 | BI12: 0.023107096 | BJ12: 0.0093818007 | BK12: 0.0082543089 | BL12: 0.018693496 | BN12: distr_won* | BO12: ELC8H | BP12: 0.025339237 | BQ12: 0.015801547 | BR12: 0.01488761 | BS12: 0.038829841 | BT12: 0.031490838 | BU12: 0.033351026 | BV12: 0.01347685 | BW12: 0.014232248 | BX12: 0.012584427 | BY12: 0.028920518 | BZ12: 0.031240662 | CA12: 0.01317538 | CB12: 0.033263697 | CC12: 0.015807541 | CD12: 0.040634883 | CE12: 0.035310458 | CF12: 0.026882374 | CG12: 0.020840325 | CI12: distr_solelc_spv_ZAF_002 | CJ12: 0.021098174 | CK12: 0.44363143 | CL12: 0.55632311 | CM12: 0.37772361 | CN12: 0.16503484 | CO12: 0 | CP12: 0 | CQ12: 0.29967591 | CR12: 0.43823837 | CS12: 0.27282038 | CT12: 0 | CU12: 0 | CV12: 0.047816359 | CW12: 0.54131927 | CX12: 0.64615846 | CY12: 0.42971898 | CZ12: 0.15244304 | DA12: 0 | DC12: distr_won* | DD12: DEF_C | DE12: OUT | DF12: 0.21312909 | DH12: 0.019292237 | DI12: 0.032212084 | DJ12: S01aH02 | DK12: elc_roadtransport | DM12: elc_buildings | DN12: S01aH02 | DO12: 0.016427936 | DQ12: ELC | DR12: S01aH02 | DS12: 0.15589029 | DU12: 2020 | DV12: S02 | DW12: 0.078466667 | DX12: hydro
C13: S03 | E13: H03 | G13: a | I13: elc_spv_ZAF_001 | J13: S01aH03 | K13: 0.37681219 | L13: IMPNRGZ | N13: elc_won_ZAF_001 | O13: S01aH03 | P13: 0.18902348 | Q13: IMPNRGZ | S13: elc_wof_ZAF_001 | T13: S01aH03 | U13: 0.15920147 | V13: IMPNRGZ | X13: distr_solelc_spv_ZAF_003 | Y13: DEF_E | Z13: 0.93829248 | AA13: 0.1706581 | AB13: 0.12384904 | AC13: 0.2634612 | AD13: 0.53990915 | AE13: 0.97869822 | AF13: 0 | AG13: 0.35812958 | AH13: 0.080782922 | AI13: 0.24889724 | AJ13: 0 | AK13: 0 | AL13: 0.83232323 | AM13: 0.10651018 | AN13: 0.074046936 | AO13: 0.11171149 | AP13: 0.43353961 | AQ13: 0.9969697 | AS13: distr_wof* | AT13: ELC4H | AU13: 0.0038577591 | AV13: 0.00027879027 | AW13: 0.0051332072 | AX13: 0.0043677065 | AY13: 0.0032844719 | AZ13: 0.0015224164 | BA13: 0.0027968255 | BB13: 0.00097221232 | BC13: 0.0013545888 | BD13: 0 | BE13: 0.0022677566 | BF13: 0.0013823827 | BG13: 0.0025486846 | BH13: 0.00020509229 | BI13: 0.0074844764 | BJ13: 0.006039865 | BK13: 0.0041753465 | BL13: 0.00099194122 | BN13: distr_wof* | BO13: ELC8H | BP13: 0.0085536925 | BQ13: 0.018567813 | BR13: 0.0041552845 | BS13: 0.0054339352 | BT13: 0.0082929211 | BU13: 0.0090172797 | BV13: 0.009755426 | BW13: 0.016631325 | BX13: 0.0035587176 | BY13: 0.0021965209 | BZ13: 0.0014201592 | CA13: 0.0033296056 | CB13: 0.0078725655 | CC13: 0.0095351711 | CD13: 0.008455529 | CE13: 0.0062508917 | CF13: 0.0077071599 | CG13: 0.013271861 | CI13: distr_solelc_spv_ZAF_003 | CJ13: 0.023762742 | CK13: 0.43480411 | CL13: 0.55299022 | CM13: 0.36623868 | CN13: 0.18629449 | CO13: 5.6879514e-05 | CP13: 0 | CQ13: 0.17653712 | CR13: 0.40036897 | CS13: 0.21986146 | CT13: 0 | CU13: 0 | CV13: 0.060077679 | CW13: 0.55350266 | CX13: 0.64997622 | CY13: 0.4539687 | CZ13: 0.18225916 | DA13: 2.6824825e-06 | DC13: distr_wof* | DD13: DEF_C | DE13: OUT | DF13: 0.21312909 | DH13: 0.17363014 | DI13: 0.23797728 | DJ13: S01aH03 | DK13: elc_roadtransport | DM13: elc_buildings | DN13: S01aH03 | DO13: 0.19488805 | DQ13: ELC | DR13: S01aH03 | DS13: 0.1725429 | DU13: 2020 | DV13: S03 | DW13: 0.10894 | DX13: hydro
E14: H04 | G14: a | I14: elc_spv_ZAF_001 | J14: S01aH04 | K14: 0.026871009 | L14: IMPNRGZ | N14: elc_won_ZAF_001 | O14: S01aH04 | P14: 0.02243972 | Q14: IMPNRGZ | S14: elc_wof_ZAF_001 | T14: S01aH04 | U14: 0.020679218 | V14: IMPNRGZ | X14: distr_solelc_spv_ZAF_004 | Y14: DEF_E | Z14: 0.92509059 | AA14: 0.1526317 | AB14: 0.12642086 | AC14: 0.31771396 | AD14: 0.57918346 | AE14: 0 | AF14: 0 | AG14: 0.098680281 | AH14: 0.081585066 | AI14: 0.43326443 | AJ14: 0 | AK14: 0 | AL14: 0.81901846 | AM14: 0.11852376 | AN14: 0.076250479 | AO14: 0.12450368 | AP14: 0.50531303 | AQ14: 0 | CI14: distr_solelc_spv_ZAF_004 | CJ14: 0.026826399 | CK14: 0.44157242 | CL14: 0.53936482 | CM14: 0.31526546 | CN14: 0.15267876 | CO14: 0 | CP14: 0 | CQ14: 0.29689312 | CR14: 0.40567063 | CS14: 0.16462703 | CT14: 0 | CU14: 0 | CV14: 0.065963377 | CW14: 0.53921076 | CX14: 0.63949223 | CY14: 0.42379835 | CZ14: 0.14549756 | DA14: 0 | DH14: 0.019292237 | DI14: 0.037534081 | DJ14: S01aH04 | DK14: elc_roadtransport | DM14: elc_buildings | DN14: S01aH04 | DO14: 0.022022741 | DQ14: ELC | DR14: S01aH04 | DS14: 0.17143874 | DU14: 2021 | DV14: S01 | DW14: 0.3028 | DX14: hydro
E15: H05 | G15: a | I15: elc_spv_ZAF_001 | J15: S01aH05 | K15: 0.010365429 | L15: IMPNRGZ | N15: elc_won_ZAF_001 | O15: S01aH05 | P15: 0.021812481 | Q15: IMPNRGZ | S15: elc_wof_ZAF_001 | T15: S01aH05 | U15: 0.021004028 | V15: IMPNRGZ | X15: distr_solelc_spv_ZAF_005 | Y15: DEF_E | Z15: 0.92867893 | AA15: 0.13809504 | AB15: 0.11201159 | AC15: 0.28851574 | AD15: 0.57625567 | AE15: 0 | AF15: 0 | AG15: 0.059219771 | AH15: 0.073866373 | AI15: 0.33436803 | AJ15: 0 | AK15: 0 | AL15: 0.81986525 | AM15: 0.10812809 | AN15: 0.078993901 | AO15: 0.13916183 | AP15: 0.55252108 | AQ15: 0 | CI15: distr_solelc_spv_ZAF_005 | CJ15: 0.025659293 | CK15: 0.44224972 | CL15: 0.53984043 | CM15: 0.30075213 | CN15: 0.13438529 | CO15: 0 | CP15: 0 | CQ15: 0.30006598 | CR15: 0.42508471 | CS15: 0.19074079 | CT15: 0 | CU15: 0 | CV15: 0.062577237 | CW15: 0.54228317 | CX15: 0.63079512 | CY15: 0.39133333 | CZ15: 0.12021013 | DA15: 0 | DH15: 0.019292237 | DI15: 0.029130928 | DJ15: S01aH05 | DK15: elc_roadtransport | DM15: elc_buildings | DN15: S01aH05 | DO15: 0.022481033 | DQ15: ELC | DR15: S01aH05 | DS15: 0.16499957 | DU15: 2021 | DV15: S02 | DW15: 0.066333333 | DX15: hydro
E16: H06 | G16: a | I16: elc_spv_ZAF_001 | J16: S01aH06 | K16: 0 | L16: IMPNRGZ | N16: elc_won_ZAF_001 | O16: S01aH06 | P16: 0.08011632 | Q16: IMPNRGZ | S16: elc_wof_ZAF_001 | T16: S01aH06 | U16: 0.10672545 | V16: IMPNRGZ | X16: distr_solelc_spv_ZAF_006 | Y16: DEF_E | Z16: 0.95874557 | AA16: 0.22144881 | AB16: 0.11669867 | AC16: 0.1647325 | AD16: 0.47456876 | AE16: 0.95549301 | AF16: 0 | AG16: 0.70070276 | AH16: 0.079999259 | AI16: 0.10162007 | AJ16: 0 | AK16: 0 | AL16: 0.8961039 | AM16: 0.11924245 | AN16: 0.068619401 | AO16: 0.095659126 | AP16: 0.27589634 | AQ16: 0.96892981 | CI16: distr_solelc_spv_ZAF_006 | CJ16: 0.014721624 | CK16: 0.37936213 | CL16: 0.57294242 | CM16: 0.45594948 | CN16: 0.23579746 | CO16: 0.013282914 | CP16: 0 | CQ16: 0.060010584 | CR16: 0.40050994 | CS16: 0.27545729 | CT16: 0 | CU16: 0 | CV16: 0.039896532 | CW16: 0.52359571 | CX16: 0.66480315 | CY16: 0.51474359 | CZ16: 0.28636911 | DA16: 0.0059522632 | DH16: 0.096461187 | DI16: 0.072827321 | DJ16: S01aH06 | DK16: elc_roadtransport | DM16: elc_buildings | DN16: S01aH06 | DO16: 0.10821849 | DQ16: ELC | DR16: S01aH06 | DS16: 0.22616622 | DU16: 2021 | DV16: S03 | DW16: 0.20572 | DX16: hydro
I17: elc_spv_ZAF_001 | J17: S02aH01 | K17: 0 | L17: IMPNRGZ | N17: elc_won_ZAF_001 | O17: S02aH01 | P17: 0.06701279 | Q17: IMPNRGZ | S17: elc_wof_ZAF_001 | T17: S02aH01 | U17: 0.048064228 | V17: IMPNRGZ | X17: distr_solelc_spv_ZAF_007 | Y17: DEF_E | Z17: 0.9501268 | AA17: 0.21829803 | AB17: 0.12903611 | AC17: 0.18840148 | AD17: 0.49626727 | AE17: 0.96094675 | AF17: 0 | AG17: 0.65625147 | AH17: 0.10758692 | AI17: 0.13894635 | AJ17: 0 | AK17: 0 | AL17: 0.88655213 | AM17: 0.1216765 | AN17: 0.076670243 | AO17: 0.10729337 | AP17: 0.34007357 | AQ17: 0.97276062 | CI17: distr_solelc_spv_ZAF_007 | CJ17: 0.018687772 | CK17: 0.39701677 | CL17: 0.55709346 | CM17: 0.43215885 | CN17: 0.22715785 | CO17: 0.010926529 | CP17: 0 | CQ17: 0.073423835 | CR17: 0.36737194 | CS17: 0.25730526 | CT17: 0 | CU17: 0 | CV17: 0.044089104 | CW17: 0.5320838 | CX17: 0.64937637 | CY17: 0.4922925 | CZ17: 0.24868564 | DA17: 0.0046453209 | DH17: 0.051141553 | DI17: 0.020196737 | DJ17: S02aH01 | DK17: elc_roadtransport | DM17: elc_buildings | DN17: S02aH01 | DO17: 0.038053023 | DQ17: ELC | DR17: S02aH01 | DS17: 0.13593048 | DU17: 2022 | DV17: S01 | DW17: 0.6472 | DX17: hydro
I18: elc_spv_ZAF_001 | J18: S02aH02 | K18: 0.0081433991 | L18: IMPNRGZ | N18: elc_won_ZAF_001 | O18: S02aH02 | P18: 0.010363417 | Q18: IMPNRGZ | S18: elc_wof_ZAF_001 | T18: S02aH02 | U18: 0.0067235627 | V18: IMPNRGZ | X18: distr_solelc_spv_ZAF_008 | Y18: DEF_E | Z18: 0.9602705 | AA18: 0.1343281 | AB18: 0.094519892 | AC18: 0.13861259 | AD18: 0.4727391 | AE18: 0 | AF18: 0 | AG18: 0.47924848 | AH18: 0.064003199 | AI18: 0.069234647 | AJ18: 0 | AK18: 0 | AL18: 0.89633038 | AM18: 0.10818401 | AN18: 0.065478094 | AO18: 0.10366259 | AP18: 0.32529579 | AQ18: 0 | CI18: distr_solelc_spv_ZAF_008 | CJ18: 0.013003343 | CK18: 0.41657608 | CL18: 0.58248892 | CM18: 0.43708463 | CN18: 0.20147301 | CO18: 0 | CP18: 0 | CQ18: 0.14954517 | CR18: 0.45821671 | CS18: 0.30752927 | CT18: 0 | CU18: 0 | CV18: 0.036199531 | CW18: 0.51380351 | CX18: 0.66119482 | CY18: 0.46554362 | CZ18: 0.21899 | DA18: 0 | DH18: 0.0073059361 | DI18: 0.012198659 | DJ18: S02aH02 | DK18: elc_roadtransport | DM18: elc_buildings | DN18: S02aH02 | DO18: 0.0071060791 | DQ18: ELC | DR18: S02aH02 | DS18: 0.073113452 | DU18: 2022 | DV18: S02 | DW18: 0.1762 | DX18: hydro
I19: elc_spv_ZAF_001 | J19: S02aH03 | K19: 0.11516771 | L19: IMPNRGZ | N19: elc_won_ZAF_001 | O19: S02aH03 | P19: 0.11592649 | Q19: IMPNRGZ | S19: elc_wof_ZAF_001 | T19: S02aH03 | U19: 0.056342864 | V19: IMPNRGZ | X19: distr_solelc_spv_ZAF_009 | Y19: DEF_E | Z19: 0.94919054 | AA19: 0.16099624 | AB19: 0.10473956 | AC19: 0.15456878 | AD19: 0.49649598 | AE19: 0.96686391 | AF19: 0 | AG19: 0.47669878 | AH19: 0.067242409 | AI19: 0.057131368 | AJ19: 0 | AK19: 0 | AL19: 0.88936459 | AM19: 0.09931171 | AN19: 0.065606686 | AO19: 0.10655162 | AP19: 0.3381166 | AQ19: 0.98939394 | CI19: distr_solelc_spv_ZAF_009 | CJ19: 0.017406009 | CK19: 0.42043676 | CL19: 0.57179721 | CM19: 0.43125112 | CN19: 0.20504715 | CO19: 0.0015699975 | CP19: 0 | CQ19: 0.13756688 | CR19: 0.4318119 | CS19: 0.29624362 | CT19: 0 | CU19: 0 | CV19: 0.042409108 | CW19: 0.53770112 | CX19: 0.66005192 | CY19: 0.47400571 | CZ19: 0.21849017 | DA19: 0.00019381476 | DH19: 0.065753425 | DI19: 0.090121572 | DJ19: S02aH03 | DK19: elc_roadtransport | DM19: elc_buildings | DN19: S02aH03 | DO19: 0.078121522 | DQ19: ELC | DR19: S02aH03 | DS19: 0.11436444 | DU19: 2022 | DV19: S03 | DW19: 0.34526 | DX19: hydro
I20: elc_spv_ZAF_001 | J20: S02aH04 | K20: 0.0072028954 | L20: IMPNRGZ | N20: elc_won_ZAF_001 | O20: S02aH04 | P20: 0.0098858253 | Q20: IMPNRGZ | S20: elc_wof_ZAF_001 | T20: S02aH04 | U20: 0.0062522343 | V20: IMPNRGZ | X20: distr_solelc_spv_ZAF_010 | Y20: DEF_E | Z20: 0.96025204 | AA20: 0.35917535 | AB20: 0.16195613 | AC20: 0.19514019 | AD20: 0.46940464 | AE20: 0.94536141 | AF20: 0 | AG20: 0.90524003 | AH20: 0.1256984 | AI20: 0.14573923 | AJ20: 0 | AK20: 0 | AL20: 0.90127505 | AM20: 0.18255099 | AN20: 0.10962385 | AO20: 0.12748544 | AP20: 0.24537445 | AQ20: 0.946934 | CI20: distr_solelc_spv_ZAF_010 | CJ20: 0.012676769 | CK20: 0.28581135 | CL20: 0.50939799 | CM20: 0.44291746 | CN20: 0.25490159 | CO20: 0.019415482 | CP20: 0 | CQ20: 0.01247993 | CR20: 0.30294077 | CS20: 0.23205243 | CT20: 0 | CU20: 0 | CV20: 0.033910851 | CW20: 0.42994552 | CX20: 0.59959212 | CY20: 0.49735785 | CZ20: 0.31970747 | DA20: 0.013956321 | DH20: 0.0073059361 | DI20: 0.01421409 | DJ20: S02aH04 | DK20: elc_roadtransport | DM20: elc_buildings | DN20: S02aH04 | DO20: 0.009302833 | DQ20: ELC | DR20: S02aH04 | DS20: 0.10042749 | DU20: 2025 | DV20: S01 | DW20: 0.37473333 | DX20: hydro
I21: elc_spv_ZAF_001 | J21: S02aH05 | K21: 0 | L21: IMPNRGZ | N21: elc_won_ZAF_001 | O21: S02aH05 | P21: 0.0086571098 | Q21: IMPNRGZ | S21: elc_wof_ZAF_001 | T21: S02aH05 | U21: 0.0062984988 | V21: IMPNRGZ | X21: distr_solelc_spv_ZAF_011 | Y21: DEF_E | Z21: 0.95519865 | AA21: 0.27932661 | AB21: 0.14795277 | AC21: 0.19079948 | AD21: 0.48542862 | AE21: 0.95114706 | AF21: 0 | AG21: 0.80713852 | AH21: 0.13186774 | AI21: 0.14659805 | AJ21: 0 | AK21: 0 | AL21: 0.89718928 | AM21: 0.1556543 | AN21: 0.095974807 | AO21: 0.1270742 | AP21: 0.30362895 | AQ21: 0.95618262 | CI21: distr_solelc_spv_ZAF_011 | CJ21: 0.016497959 | CK21: 0.34584629 | CL21: 0.52447718 | CM21: 0.43686189 | CN21: 0.23869856 | CO21: 0.015895939 | CP21: 0 | CQ21: 0.025899265 | CR21: 0.31396311 | CS21: 0.24185562 | CT21: 0 | CU21: 0 | CV21: 0.039291132 | CW21: 0.48031136 | CX21: 0.62022194 | CY21: 0.48931715 | CZ21: 0.28650703 | DA21: 0.010705192 | DH21: 0.0073059361 | DI21: 0.011031831 | DJ21: S02aH05 | DK21: elc_roadtransport | DM21: elc_buildings | DN21: S02aH05 | DO21: 0.0097177768 | DQ21: ELC | DR21: S02aH05 | DS21: 0.091700152 | DU21: 2025 | DV21: S02 | DW21: 0.17863333 | DX21: hydro
I22: elc_spv_ZAF_001 | J22: S02aH06 | K22: 0 | L22: IMPNRGZ | N22: elc_won_ZAF_001 | O22: S02aH06 | P22: 0.039030044 | Q22: IMPNRGZ | S22: elc_wof_ZAF_001 | T22: S02aH06 | U22: 0.032510935 | V22: IMPNRGZ | X22: distr_solelc_spv_ZAF_012 | Y22: DEF_E | Z22: 0.96047285 | AA22: 0.31974029 | AB22: 0.14246662 | AC22: 0.17433218 | AD22: 0.44854385 | AE22: 0.94523262 | AF22: 0 | AG22: 0.86905835 | AH22: 0.12044375 | AI22: 0.11720118 | AJ22: 0 | AK22: 0 | AL22: 0.89973178 | AM22: 0.16951206 | AN22: 0.087796188 | AO22: 0.097847305 | AP22: 0.20755304 | AQ22: 0.9536807 | CI22: distr_solelc_spv_ZAF_012 | CJ22: 0.010884293 | CK22: 0.28779752 | CL22: 0.53180682 | CM22: 0.46195945 | CN22: 0.26287612 | CO22: 0.018551057 | CP22: 0 | CQ22: 0.020372904 | CR22: 0.33426417 | CS22: 0.25614874 | CT22: 0 | CU22: 0 | CV22: 0.031169911 | CW22: 0.42860978 | CX22: 0.63326463 | CY22: 0.53065268 | CZ22: 0.34167361 | DA22: 0.012871565 | DH22: 0.03652968 | DI22: 0.027579577 | DJ22: S02aH06 | DK22: elc_roadtransport | DM22: elc_buildings | DN22: S02aH06 | DO22: 0.046470587 | DQ22: ELC | DR22: S02aH06 | DS22: 0.14293842 | DU22: 2025 | DV22: S03 | DW22: 0.10224 | DX22: hydro
I23: elc_spv_ZAF_001 | J23: S03aH01 | K23: 0.018673103 | L23: IMPNRGZ | N23: elc_won_ZAF_001 | O23: S03aH01 | P23: 0.05900543 | Q23: IMPNRGZ | S23: elc_wof_ZAF_001 | T23: S03aH01 | U23: 0.10856213 | V23: IMPNRGZ | X23: distr_solelc_spv_ZAF_013 | Y23: DEF_E | Z23: 0.95604396 | AA23: 0.25430272 | AB23: 0.13616007 | AC23: 0.17631517 | AD23: 0.47877806 | AE23: 0.95266272 | AF23: 0 | AG23: 0.79609111 | AH23: 0.13165662 | AI23: 0.15003268 | AJ23: 0 | AK23: 0 | AL23: 0.89784726 | AM23: 0.16211691 | AN23: 0.085394444 | AO23: 0.10125138 | AP23: 0.2616339 | AQ23: 0.96363636 | CI23: distr_solelc_spv_ZAF_013 | CJ23: 0.014899621 | CK23: 0.35753094 | CL23: 0.54966019 | CM23: 0.45792328 | CN23: 0.25262742 | CO23: 0.016168584 | CP23: 0 | CQ23: 0.03563406 | CR23: 0.34408404 | CS23: 0.25619596 | CT23: 0 | CU23: 0 | CV23: 0.03887808 | CW23: 0.48467115 | CX23: 0.64310783 | CY23: 0.51171929 | CZ23: 0.3043375 | DA23: 0.0098831352 | DH23: 0.10547945 | DI23: 0.041655769 | DJ23: S03aH01 | DK23: elc_roadtransport | DM23: elc_buildings | DN23: S03aH01 | DO23: 0.072929595 | DQ23: ELC | DR23: S03aH01 | DS23: 0.12643215 | DU23: 2026 | DV23: S01 | DW23: 0.34346667 | DX23: hydro
I24: elc_spv_ZAF_001 | J24: S03aH02 | K24: 0.030326127 | L24: IMPNRGZ | N24: elc_won_ZAF_001 | O24: S03aH02 | P24: 0.0093600416 | Q24: IMPNRGZ | S24: elc_wof_ZAF_001 | T24: S03aH02 | U24: 0.01450588 | V24: IMPNRGZ | X24: distr_solelc_spv_ZAF_014 | Y24: DEF_E | Z24: 0.96449704 | AA24: 0.26874622 | AB24: 0.12183227 | AC24: 0.15986642 | AD24: 0.44172662 | AE24: 0.94690352 | AF24: 0 | AG24: 0.83974806 | AH24: 0.10635153 | AI24: 0.11280622 | AJ24: 0 | AK24: 0 | AL24: 0.90151515 | AM24: 0.14198902 | AN24: 0.073906722 | AO24: 0.085809127 | AP24: 0.17567782 | AQ24: 0.95772391 | CI24: distr_solelc_spv_ZAF_014 | CJ24: 0.011048173 | CK24: 0.33541065 | CL24: 0.56750691 | CM24: 0.48057786 | CN24: 0.27231229 | CO24: 0.018420032 | CP24: 0 | CQ24: 0.02845286 | CR24: 0.37535697 | CS24: 0.27821536 | CT24: 0 | CU24: 0 | CV24: 0.034074905 | CW24: 0.48152308 | CX24: 0.66138546 | CY24: 0.54413175 | CZ24: 0.35288314 | DA24: 0.011442361 | DH24: 0.015068493 | DI24: 0.025159734 | DJ24: S03aH02 | DK24: elc_roadtransport | DM24: elc_buildings | DN24: S03aH02 | DO24: 0.012235882 | DQ24: ELC | DR24: S03aH02 | DS24: 0.11372025 | DU24: 2026 | DV24: S02 | DW24: 0.19226667 | DX24: hydro
I25: elc_spv_ZAF_001 | J25: S03aH03 | K25: 0.3334879 | L25: IMPNRGZ | N25: elc_won_ZAF_001 | O25: S03aH03 | P25: 0.15847978 | Q25: IMPNRGZ | S25: elc_wof_ZAF_001 | T25: S03aH03 | U25: 0.13272648 | V25: IMPNRGZ | X25: distr_solelc_spv_ZAF_015 | Y25: DEF_E | Z25: 0.92014711 | AA25: 0.22497497 | AB25: 0.16382558 | AC25: 0.36949929 | AD25: 0.58409203 | AE25: 0.98698225 | AF25: 0 | AG25: 0.46523648 | AH25: 0.13698766 | AI25: 0.58468247 | AJ25: 0 | AK25: 0 | AL25: 0.82224866 | AM25: 0.15836378 | AN25: 0.11023447 | AO25: 0.15532309 | AP25: 0.50320987 | AQ25: 0 | CI25: distr_solelc_spv_ZAF_015 | CJ25: 0.021123307 | CK25: 0.32346469 | CL25: 0.45833136 | CM25: 0.27758737 | CN25: 0.14705281 | CO25: 6.6335138e-06 | CP25: 0 | CQ25: 0.1258147 | CR25: 0.30309618 | CS25: 0.089615077 | CT25: 0 | CU25: 0 | CV25: 0.050493347 | CW25: 0.41986133 | CX25: 0.54682347 | CY25: 0.37597895 | CZ25: 0.14315819 | DA25: 0 | DH25: 0.13561644 | DI25: 0.18587574 | DJ25: S03aH03 | DK25: elc_roadtransport | DM25: elc_buildings | DN25: S03aH03 | DO25: 0.14904026 | DQ25: ELC | DR25: S03aH03 | DS25: 0.14202991 | DU25: 2026 | DV25: S03 | DW25: 0.20544 | DX25: hydro
I26: elc_spv_ZAF_001 | J26: S03aH04 | K26: 0.02238077 | L26: IMPNRGZ | N26: elc_won_ZAF_001 | O26: S03aH04 | P26: 0.022514515 | Q26: IMPNRGZ | S26: elc_wof_ZAF_001 | T26: S03aH04 | U26: 0.017248161 | V26: IMPNRGZ | X26: distr_solelc_spv_ZAF_016 | Y26: DEF_E | Z26: 0.92189547 | AA26: 0.18724773 | AB26: 0.14907831 | AC26: 0.36529956 | AD26: 0.5924485 | AE26: 0 | AF26: 0 | AG26: 0.17614911 | AH26: 0.10380025 | AI26: 0.57510931 | AJ26: 0 | AK26: 0 | AL26: 0.81787145 | AM26: 0.1553815 | AN26: 0.096238237 | AO26: 0.14598206 | AP26: 0.52501842 | AQ26: 0 | CI26: distr_solelc_spv_ZAF_016 | CJ26: 0.023319497 | CK26: 0.3710921 | CL26: 0.48747586 | CM26: 0.27986879 | CN26: 0.14336442 | CO26: 0 | CP26: 0 | CQ26: 0.23906673 | CR26: 0.35642663 | CS26: 0.1081304 | CT26: 0 | CU26: 0 | CV26: 0.057342329 | CW26: 0.47027659 | CX26: 0.58270018 | CY26: 0.37667683 | CZ26: 0.1326769 | DA26: 0 | DH26: 0.015068493 | DI26: 0.02931656 | DJ26: S03aH04 | DK26: elc_roadtransport | DM26: elc_buildings | DN26: S03aH04 | DO26: 0.016905289 | DQ26: ELC | DR26: S03aH04 | DS26: 0.13654052 | DU26: 2027 | DV26: S01 | DW26: 0.25593333 | DX26: hydro
I27: elc_spv_ZAF_001 | J27: S03aH05 | K27: 0.0061802378 | L27: IMPNRGZ | N27: elc_won_ZAF_001 | O27: S03aH05 | P27: 0.020466814 | Q27: IMPNRGZ | S27: elc_wof_ZAF_001 | T27: S03aH05 | U27: 0.017549424 | V27: IMPNRGZ | X27: distr_solelc_spv_ZAF_017 | Y27: DEF_E | Z27: 0.93110281 | AA27: 0.22210085 | AB27: 0.15302347 | AC27: 0.33102396 | AD27: 0.55894273 | AE27: 0.98224852 | AF27: 0 | AG27: 0.48259241 | AH27: 0.11093707 | AI27: 0.43146803 | AJ27: 0 | AK27: 0 | AL27: 0.82259335 | AM27: 0.14091021 | AN27: 0.090248979 | AO27: 0.12941591 | AP27: 0.45597306 | AQ27: 0 | CI27: distr_solelc_spv_ZAF_017 | CJ27: 0.020378097 | CK27: 0.35001997 | CL27: 0.50001669 | CM27: 0.32420407 | CN27: 0.17570665 | CO27: 0.00030369396 | CP27: 0 | CQ27: 0.13531689 | CR27: 0.34335687 | CS27: 0.1458214 | CT27: 0 | CU27: 0 | CV27: 0.052753501 | CW27: 0.46795235 | CX27: 0.59858056 | CY27: 0.41148322 | CZ27: 0.16464319 | DA27: 0 | DH27: 0.015068493 | DI27: 0.022753151 | DJ27: S03aH05 | DK27: elc_roadtransport | DM27: elc_buildings | DN27: S03aH05 | DO27: 0.017207872 | DQ27: ELC | DR27: S03aH05 | DS27: 0.1717414 | DU27: 2027 | DV27: S02 | DW27: 0.11793333 | DX27: hydro
I28: elc_spv_ZAF_001 | J28: S03aH06 | K28: 0 | L28: IMPNRGZ | N28: elc_won_ZAF_001 | O28: S03aH06 | P28: 0.055737724 | Q28: IMPNRGZ | S28: elc_wof_ZAF_001 | T28: S03aH06 | U28: 0.085461765 | V28: IMPNRGZ | X28: distr_solelc_spv_ZAF_018 | Y28: DEF_E | Z28: 0.95500978 | AA28: 0.35051182 | AB28: 0.16707859 | AC28: 0.25250229 | AD28: 0.50322728 | AE28: 0.9484244 | AF28: 0 | AG28: 0.88951606 | AH28: 0.14984296 | AI28: 0.24700266 | AJ28: 0 | AK28: 0 | AL28: 0.87803883 | AM28: 0.17308391 | AN28: 0.12305195 | AO28: 0.16356844 | AP28: 0.34382285 | AQ28: 0.95105533 | CI28: distr_solelc_spv_ZAF_018 | CJ28: 0.010968855 | CK28: 0.24205295 | CL28: 0.45532668 | CM28: 0.36055564 | CN28: 0.19969529 | CO28: 0.01301457 | CP28: 0 | CQ28: 0.02683032 | CR28: 0.28160632 | CS28: 0.19740319 | CT28: 0 | CU28: 0 | CV28: 0.029401667 | CW28: 0.37350639 | CX28: 0.54966593 | CY28: 0.43116048 | CZ28: 0.24743578 | DA28: 0.010273814 | DH28: 0.075342466 | DI28: 0.056882878 | DJ28: S03aH06 | DK28: elc_roadtransport | DM28: elc_buildings | DN28: S03aH06 | DO28: 0.082807375 | DQ28: ELC | DR28: S03aH06 | DS28: 0.20962743 | DU28: 2027 | DV28: S03 | DW28: 0.0801 | DX28: hydro
I29: elc_spv_ZAF_002 | J29: S01aH01 | K29: 0.010913439 | L29: IMPNRGZ | N29: elc_won_ZAF_002 | O29: S01aH01 | P29: 0.095496888 | Q29: IMPNRGZ | S29: elc_wof_ZAF_002 | T29: S01aH01 | U29: 0.14332091 | V29: IMPNRGZ | X29: distr_solelc_spv_ZAF_019 | Y29: DEF_E | Z29: 0.94843618 | AA29: 0.30316472 | AB29: 0.16466192 | AC29: 0.28494206 | AD29: 0.52423478 | AE29: 0.95384615 | AF29: 0 | AG29: 0.77080404 | AH29: 0.13328593 | AI29: 0.28964401 | AJ29: 0 | AK29: 0 | AL29: 0.85648242 | AM29: 0.16995717 | AN29: 0.10553444 | AO29: 0.15105743 | AP29: 0.37459104 | AQ29: 0.95908312 | CI29: distr_solelc_spv_ZAF_019 | CJ29: 0.014972455 | CK29: 0.29245621 | CL29: 0.47722909 | CM29: 0.35389949 | CN29: 0.2010288 | CO29: 0.011991656 | CP29: 0 | CQ29: 0.044770239 | CR29: 0.30070672 | CS29: 0.17768667 | CT29: 0 | CU29: 0 | CV29: 0.038707187 | CW29: 0.42132489 | CX29: 0.57756874 | CY29: 0.4393153 | CZ29: 0.2311731 | DA29: 0.0083959307 | DM29: elc_industry | DN29: S01aH01 | DO29: 0.13308094 | DU29: 2028 | DV29: S01 | DW29: 0.3096 | DX29: hydro
I30: elc_spv_ZAF_002 | J30: S01aH02 | K30: 0.032782421 | L30: IMPNRGZ | N30: elc_won_ZAF_002 | O30: S01aH02 | P30: 0.013983557 | Q30: IMPNRGZ | S30: elc_wof_ZAF_002 | T30: S01aH02 | U30: 0.017858475 | V30: IMPNRGZ | X30: distr_solelc_spv_ZAF_020 | Y30: DEF_E | Z30: 0.93914172 | AA30: 0.26997862 | AB30: 0.1658605 | AC30: 0.32696252 | AD30: 0.54868513 | AE30: 0.96753243 | AF30: 0 | AG30: 0.65699213 | AH30: 0.13457029 | AI30: 0.43199264 | AJ30: 0 | AK30: 0 | AL30: 0.83255438 | AM30: 0.16119639 | AN30: 0.10000301 | AO30: 0.15295294 | AP30: 0.45771286 | AQ30: 0.97589287 | CI30: distr_solelc_spv_ZAF_020 | CJ30: 0.018799148 | CK30: 0.31964175 | CL30: 0.48560092 | CM30: 0.33032491 | CN30: 0.18682528 | CO30: 0.0069480037 | CP30: 0 | CQ30: 0.085378137 | CR30: 0.31350153 | CS30: 0.13814789 | CT30: 0 | CU30: 0 | CV30: 0.04999182 | CW30: 0.44994182 | CX30: 0.58953721 | CY30: 0.42160255 | CZ30: 0.19131824 | DA30: 0.0021952529 | DM30: elc_industry | DN30: S01aH02 | DO30: 0.019150682 | DU30: 2028 | DV30: S02 | DW30: 0.1346 | DX30: hydro
I31: elc_spv_ZAF_002 | J31: S01aH03 | K31: 0.36998858 | L31: IMPNRGZ | N31: elc_won_ZAF_002 | O31: S01aH03 | P31: 0.18783354 | Q31: IMPNRGZ | S31: elc_wof_ZAF_002 | T31: S01aH03 | U31: 0.15894025 | V31: IMPNRGZ | X31: distr_solelc_spv_ZAF_021 | Y31: DEF_E | Z31: 0.94669248 | AA31: 0.26225065 | AB31: 0.15364557 | AC31: 0.27232063 | AD31: 0.51510967 | AE31: 0.96036053 | AF31: 0 | AG31: 0.66708274 | AH31: 0.11585212 | AI31: 0.27292336 | AJ31: 0 | AK31: 0 | AL31: 0.85022869 | AM31: 0.1471204 | AN31: 0.087035125 | AO31: 0.12161638 | AP31: 0.37510205 | AQ31: 0.96841875 | CI31: distr_solelc_spv_ZAF_021 | CJ31: 0.01813632 | CK31: 0.34431162 | CL31: 0.51298087 | CM31: 0.36950044 | CN31: 0.20961877 | CO31: 0.010586646 | CP31: 0 | CQ31: 0.072526583 | CR31: 0.33565942 | CS31: 0.19215796 | CT31: 0 | CU31: 0 | CV31: 0.046247703 | CW31: 0.47862775 | CX31: 0.61583051 | CY31: 0.45606512 | CZ31: 0.22251421 | DA31: 0.0053100838 | DM31: elc_industry | DN31: S01aH03 | DO31: 0.17477565 | DU31: 2028 | DV31: S03 | DW31: 0.14776 | DX31: hydro
I32: elc_spv_ZAF_002 | J32: S01aH04 | K32: 0.027912121 | L32: IMPNRGZ | N32: elc_won_ZAF_002 | O32: S01aH04 | P32: 0.022045526 | Q32: IMPNRGZ | S32: elc_wof_ZAF_002 | T32: S01aH04 | U32: 0.022465373 | V32: IMPNRGZ | X32: distr_solelc_spv_ZAF_022 | Y32: DEF_E | Z32: 0.98478445 | AA32: 0.36073018 | AB32: 0.14857118 | AC32: 0.18568142 | AD32: 0.45411375 | AE32: 0.95246684 | AF32: 0 | AG32: 0.84375 | AH32: 0.13696314 | AI32: 0.15914029 | AJ32: 0.8899344 | AK32: 0 | AL32: 0.92200802 | AM32: 0.26232772 | AN32: 0.18190261 | AO32: 0.23798164 | AP32: 0.2494799 | AQ32: 0.97104053 | CI32: distr_solelc_spv_ZAF_022 | CJ32: 0.0019124541 | CK32: 0.19478807 | CL32: 0.43823375 | CM32: 0.33286023 | CN32: 0.17231249 | CO32: 0.0084761395 | CP32: 0 | CQ32: 0.029846394 | CR32: 0.35366304 | CS32: 0.24447194 | CT32: 0.011151799 | CU32: 0 | CV32: 0.013064759 | CW32: 0.26713284 | CX32: 0.45303636 | CY32: 0.31451519 | CZ32: 0.2101664 | DA32: 0.0040187834 | DM32: elc_industry | DN32: S01aH04 | DO32: 0.019438472 | DU32: 2029 | DV32: S01 | DW32: 0.25398333 | DX32: hydro
I33: elc_spv_ZAF_002 | J33: S01aH05 | K33: 0.012195352 | L33: IMPNRGZ | N33: elc_won_ZAF_002 | O33: S01aH05 | P33: 0.022578377 | Q33: IMPNRGZ | S33: elc_wof_ZAF_002 | T33: S01aH05 | U33: 0.023217514 | V33: IMPNRGZ | X33: distr_solelc_spv_ZAF_023 | Y33: DEF_E | Z33: 0.98300924 | AA33: 0.38009318 | AB33: 0.14865234 | AC33: 0.18929062 | AD33: 0.47449894 | AE33: 0.94662038 | AF33: 0 | AG33: 0.859375 | AH33: 0.13886496 | AI33: 0.14507151 | AJ33: 0.8422961 | AK33: 0 | AL33: 0.91835676 | AM33: 0.27444687 | AN33: 0.18375 | AO33: 0.23800508 | AP33: 0.2578079 | AQ33: 0.96405315 | CI33: distr_solelc_spv_ZAF_023 | CJ33: 0.0019597829 | CK33: 0.17782989 | CL33: 0.43772267 | CM33: 0.32273973 | CN33: 0.15964538 | CO33: 0.0077617436 | CP33: 0 | CQ33: 0.021660937 | CR33: 0.35141505 | CS33: 0.25308845 | CT33: 0.0077111553 | CU33: 0 | CV33: 0.011354906 | CW33: 0.24929345 | CX33: 0.44537225 | CY33: 0.30318873 | CZ33: 0.2015355 | DA33: 0.0036372427 | DM33: elc_industry | DN33: S01aH05 | DO33: 0.019462046 | DU33: 2029 | DV33: S02 | DW33: 0.11596667 | DX33: hydro
I34: elc_spv_ZAF_002 | J34: S01aH06 | K34: 0 | L34: IMPNRGZ | N34: elc_won_ZAF_002 | O34: S01aH06 | P34: 0.095121495 | Q34: IMPNRGZ | S34: elc_wof_ZAF_002 | T34: S01aH06 | U34: 0.11551775 | V34: IMPNRGZ | X34: distr_solelc_spv_ZAF_024 | Y34: DEF_E | Z34: 0.98647506 | AA34: 0.36986668 | AB34: 0.15451756 | AC34: 0.18467894 | AD34: 0.43707828 | AE34: 0.95285494 | AF34: 0 | AG34: 0.83951476 | AH34: 0.13769735 | AI34: 0.16726392 | AJ34: 0.75877586 | AK34: 0 | AL34: 0.92277597 | AM34: 0.26043642 | AN34: 0.18268383 | AO34: 0.23357547 | AP34: 0.22952763 | AQ34: 0.97550645 | CI34: distr_solelc_spv_ZAF_024 | CJ34: 0.0015448918 | CK34: 0.2081468 | CL34: 0.44009795 | CM34: 0.35299838 | CN34: 0.19426575 | CO34: 0.0099392292 | CP34: 0 | CQ34: 0.028677772 | CR34: 0.3590385 | CS34: 0.24644784 | CT34: 0.031219181 | CU34: 0 | CV34: 0.013123013 | CW34: 0.27494387 | CX34: 0.46205804 | CY34: 0.33190501 | CZ34: 0.21930128 | DA34: 0.0036290355 | DM34: elc_industry | DN34: S01aH06 | DO34: 0.097094874 | DU34: 2029 | DV34: S03 | DW34: 0.20442 | DX34: hydro
I35: elc_spv_ZAF_002 | J35: S02aH01 | K35: 0 | L35: IMPNRGZ | N35: elc_won_ZAF_002 | O35: S02aH01 | P35: 0.056072228 | Q35: IMPNRGZ | S35: elc_wof_ZAF_002 | T35: S02aH01 | U35: 0.042678435 | V35: IMPNRGZ | X35: distr_solelc_spv_ZAF_025 | Y35: DEF_E | Z35: 0.9898563 | AA35: 0.37383592 | AB35: 0.131448 | AC35: 0.14227517 | AD35: 0.37418179 | AE35: 0.94366875 | AF35: 0 | AG35: 0.897704 | AH35: 0.11897545 | AI35: 0.1275952 | AJ35: 0.61473586 | AK35: 0 | AL35: 0.92238984 | AM35: 0.2513597 | AN35: 0.15962046 | AO35: 0.17541116 | AP35: 0.18010265 | AQ35: 0.96190743 | CI35: distr_solelc_spv_ZAF_025 | CJ35: 0.0011748317 | CK35: 0.19893254 | CL35: 0.4659397 | CM35: 0.38539932 | CN35: 0.22217895 | CO35: 0.012945355 | CP35: 0 | CQ35: 0.010153803 | CR35: 0.37998992 | CS35: 0.27833017 | CT35: 0.068289361 | CU35: 0 | CV35: 0.012311541 | CW35: 0.27617294 | CX35: 0.49232319 | CY35: 0.37065242 | CZ35: 0.24360167 | DA35: 0.0057136649 | DM35: elc_industry | DN35: S02aH01 | DO35: 0.05028774 | DU35: 2030 | DV35: S01 | DW35: 0.28353333 | DX35: hydro
I36: elc_spv_ZAF_002 | J36: S02aH02 | K36: 0.0083861728 | L36: IMPNRGZ | N36: elc_won_ZAF_002 | O36: S02aH02 | P36: 0.0083146195 | Q36: IMPNRGZ | S36: elc_wof_ZAF_002 | T36: S02aH02 | U36: 0.0059962467 | V36: IMPNRGZ | X36: distr_solelc_spv_ZAF_026 | Y36: DEF_E | Z36: 0.98616907 | AA36: 0.43565726 | AB36: 0.12648381 | AC36: 0.14002235 | AD36: 0.39076674 | AE36: 0.93609766 | AF36: 0 | AG36: 0.984375 | AH36: 0.094816521 | AI36: 0.072753116 | AJ36: 0.71142467 | AK36: 0 | AL36: 0.92359706 | AM36: 0.25659252 | AN36: 0.12241314 | AO36: 0.15161409 | AP36: 0.18173353 | AQ36: 0.94815044 | CI36: distr_solelc_spv_ZAF_026 | CJ36: 0.0018481417 | CK36: 0.15380758 | CL36: 0.4973027 | CM36: 0.37518411 | CN36: 0.1952488 | CO36: 0.013412012 | CP36: 0 | CQ36: 0.00038538869 | CR36: 0.42164686 | CS36: 0.34441862 | CT36: 0.068899481 | CU36: 0 | CV36: 0.0095048655 | CW36: 0.27513038 | CX36: 0.54605734 | CY36: 0.39013832 | CZ36: 0.25025691 | DA36: 0.0064211507 | DM36: elc_industry | DN36: S02aH02 | DO36: 0.0072698622 | DU36: 2030 | DV36: S02 | DW36: 0.069066667 | DX36: hydro
I37: elc_spv_ZAF_002 | J37: S02aH03 | K37: 0.11037352 | L37: IMPNRGZ | N37: elc_won_ZAF_002 | O37: S02aH03 | P37: 0.099221067 | Q37: IMPNRGZ | S37: elc_wof_ZAF_002 | T37: S02aH03 | U37: 0.051583716 | V37: IMPNRGZ | X37: distr_solelc_spv_ZAF_027 | Y37: DEF_E | Z37: 0.98293986 | AA37: 0.47159299 | AB37: 0.13890265 | AC37: 0.16603928 | AD37: 0.44789354 | AE37: 0.93418578 | AF37: 0 | AG37: 0 | AH37: 0.10605686 | AI37: 0.089226152 | AJ37: 0.8233611 | AK37: 0 | AL37: 0.92487654 | AM37: 0.28811626 | AN37: 0.13445162 | AO37: 0.18203322 | AP37: 0.23272036 | AQ37: 0.94716261 | CI37: distr_solelc_spv_ZAF_027 | CJ37: 0.0020496878 | CK37: 0.14553092 | CL37: 0.47469025 | CM37: 0.36589148 | CN37: 0.17993355 | CO37: 0.0120577 | CP37: 0 | CQ37: 0 | CR37: 0.39815139 | CS37: 0.33061452 | CT37: 0.04171093 | CU37: 0 | CV37: 0.0094263308 | CW37: 0.25899437 | CX37: 0.52734427 | CY37: 0.38170516 | CZ37: 0.24510907 | DA37: 0.0062057568 | DM37: elc_industry | DN37: S02aH03 | DO37: 0.066157483 | DU37: 2030 | DV37: S03 | DW37: 0.22374 | DX37: hydro
I38: elc_spv_ZAF_002 | J38: S02aH04 | K38: 0.0076346439 | L38: IMPNRGZ | N38: elc_won_ZAF_002 | O38: S02aH04 | P38: 0.0095104785 | Q38: IMPNRGZ | S38: elc_wof_ZAF_002 | T38: S02aH04 | U38: 0.0058931369 | V38: IMPNRGZ | X38: distr_solelc_spv_ZAF_028 | Y38: DEF_E | Z38: 0.97608945 | AA38: 0.42175349 | AB38: 0.16498648 | AC38: 0.21301358 | AD38: 0.51227046 | AE38: 0.94338884 | AF38: 0 | AG38: 0.9375 | AH38: 0.13604266 | AI38: 0.16374235 | AJ38: 0 | AK38: 0 | AL38: 0.91996997 | AM38: 0.28252978 | AN38: 0.17827583 | AO38: 0.24494269 | AP38: 0.31361313 | AQ38: 0.95760866 | CI38: distr_solelc_spv_ZAF_028 | CJ38: 0.0030546922 | CK38: 0.16162383 | CL38: 0.41240647 | CM38: 0.30391975 | CN38: 0.14524494 | CO38: 0.0080991364 | CP38: 0 | CQ38: 0.0086656004 | CR38: 0.3321363 | CS38: 0.23986396 | CT38: 0 | CU38: 0 | CV38: 0.012566584 | CW38: 0.2493973 | CX38: 0.45156696 | CY38: 0.30287369 | CZ38: 0.18153348 | DA38: 0.0038370244 | DM38: elc_industry | DN38: S02aH04 | DO38: 0.0073828605 | DU38: 2031 | DV38: S01 | DW38: 0.2595 | DX38: hydro
I39: elc_spv_ZAF_002 | J39: S02aH05 | K39: 0 | L39: IMPNRGZ | N39: elc_won_ZAF_002 | O39: S02aH05 | P39: 0.0087476816 | Q39: IMPNRGZ | S39: elc_wof_ZAF_002 | T39: S02aH05 | U39: 0.0059392783 | V39: IMPNRGZ | X39: distr_solelc_spv_ZAF_029 | Y39: DEF_E | Z39: 0.98024225 | AA39: 0.46703449 | AB39: 0.16017145 | AC39: 0.19882577 | AD39: 0.48510061 | AE39: 0.94083524 | AF39: 0 | AG39: 0.984375 | AH39: 0.12669284 | AI39: 0.11821428 | AJ39: 0.9375 | AK39: 0 | AL39: 0.92317907 | AM39: 0.3061831 | AN39: 0.17122972 | AO39: 0.2318731 | AP39: 0.27552513 | AQ39: 0.95241971 | CI39: distr_solelc_spv_ZAF_029 | CJ39: 0.002519254 | CK39: 0.14364714 | CL39: 0.43583134 | CM39: 0.31975016 | CN39: 0.15687102 | CO39: 0.0092260786 | CP39: 0 | CQ39: 0.00056635494 | CR39: 0.36485081 | CS39: 0.28984234 | CT39: 0.0078627618 | CU39: 0 | CV39: 0.010061293 | CW39: 0.24809464 | CX39: 0.47490751 | CY39: 0.32132293 | CZ39: 0.20980667 | DA39: 0.00477343 | DM39: elc_industry | DN39: S02aH05 | DO39: 0.0074042046 | DU39: 2031 | DV39: S02 | DW39: 0.0799 | DX39: hydro
I40: elc_spv_ZAF_002 | J40: S02aH06 | K40: 0 | L40: IMPNRGZ | N40: elc_won_ZAF_002 | O40: S02aH06 | P40: 0.039586262 | Q40: IMPNRGZ | S40: elc_wof_ZAF_002 | T40: S02aH06 | U40: 0.030199333 | V40: IMPNRGZ | X40: distr_solelc_spv_ZAF_030 | Y40: DEF_E | Z40: 0.98135573 | AA40: 0.46331216 | AB40: 0.15686575 | AC40: 0.19587259 | AD40: 0.48293991 | AE40: 0.94738815 | AF40: 0 | AG40: 0.92653824 | AH40: 0.13021331 | AI40: 0.13274863 | AJ40: 0.92510475 | AK40: 0 | AL40: 0.92569412 | AM40: 0.31511071 | AN40: 0.17138753 | AO40: 0.22528859 | AP40: 0.29380679 | AQ40: 0.9596147 | CI40: distr_solelc_spv_ZAF_030 | CJ40: 0.0020486923 | CK40: 0.14041152 | CL40: 0.44197791 | CM40: 0.32966162 | CN40: 0.16251792 | CO40: 0.0087446882 | CP40: 0 | CQ40: 0.0039960572 | CR40: 0.37339031 | CS40: 0.28599987 | CT40: 0.0077776035 | CU40: 0 | CV40: 0.0087002394 | CW40: 0.23667838 | CX40: 0.47012079 | CY40: 0.3204113 | CZ40: 0.2049636 | DA40: 0.0041052933 | DM40: elc_industry | DN40: S02aH06 | DO40: 0.036912061 | DU40: 2031 | DV40: S03 | DW40: 0.22068 | DX40: hydro
... I46: elc_spv_ZAF_002 | J46: S03aH06 | K46: 0 | L46: IMPNRGZ | N46: elc_won_ZAF_002 | O46: S03aH06 | P46: 0.07140903 | Q46: IMPNRGZ | S46: elc_wof_ZAF_002 | T46: S03aH06 | U46: 0.088309899 | V46: IMPNRGZ | X46: distr_solelc_spv_ZAF_036 | Y46: DEF_E | Z46: 0.98359964 | AA46: 0.54914099 | AB46: 0.16962315 | AC46: 0.20772754 | AD46: 0.43054876 | AE46: 0.91867956 | AF46: 0 | AG46: 0 | AH46: 0.12196367 | AI46: 0.15754153 | AJ46: 0.70574236 | AK46: 0 | AL46: 0.9257792 | AM46: 0.29238719 | AN46: 0.12569913 | AO46: 0.16227035 | AP46: 0.2011242 | AQ46: 0.90499757 | CI46: distr_solelc_spv_ZAF_036 | CJ46: 0.0022228918 | CK46: 0.13217179 | CL46: 0.43023194 | CM46: 0.35833452 | CN46: 0.21932841 | CO46: 0.020124669 | CP46: 0 | CQ46: 0 | CR46: 0.32422924 | CS46: 0.26797991 | CT46: 0.05714191 | CU46: 0 | CV46: 0.013419527 | CW46: 0.26997962 | CX46: 0.52856761 | CY46: 0.42954185 | CZ46: 0.31804307 | DA46: 0.020212631 | DM46: elc_industry | DN46: S03aH06 | DO46: 0.075826514 | DU46: 2033 | DV46: S03 | DW46: 0.2963 | DX46: hydro
I47: elc_spv_ZAF_003 | J47: S01aH01 | K47: 0.012346698 | L47: IMPNRGZ | N47: elc_won_ZAF_003 | O47: S01aH01 | P47: 0.10234343 | Q47: IMPNRGZ | S47: elc_wof_ZAF_003 | T47: S01aH01 | U47: 0.11985598 | V47: IMPNRGZ | X47: distr_solelc_spv_ZAF_037 | Y47: DEF_E | Z47: 0 | AA47: 0.44928974 | AB47: 0.11551895 | AC47: 0.13194881 | AD47: 0.29222371 | AE47: 0.92402786 | AF47: 0 | AG47: 0 | AH47: 0.087352534 | AI47: 0.066370722 | AJ47: 0.29282949 | AK47: 0 | AL47: 0.93898743 | AM47: 0.21286324 | AN47: 0.10749684 | AO47: 0.10185892 | AP47: 0.12380599 | AQ47: 0.93757229 | CI47: distr_solelc_spv_ZAF_037 | CJ47: 0 | CK47: 0.18196404 | CL47: 0.50436446 | CM47: 0.40734974 | CN47: 0.26343724 | CO47: 0.018035714 | CP47: 0 | CQ47: 0 | CR47: 0.42635382 | CS47: 0.34502615 | CT47: 0.17254605 | CU47: 0 | CV47: 0.0094831125 | CW47: 0.29144447 | CX47: 0.55924254 | CY47: 0.4297091 | CZ47: 0.28318284 | DA47: 0.0091830351 | DU47: 2034 | DV47: S01 | DW47: 0.36313333 | DX47: hydro
I48: elc_spv_ZAF_003 | J48: S01aH02 | K48: 0.032273783 | L48: IMPNRGZ | N48: elc_won_ZAF_003 | O48: S01aH02 | P48: 0.011315861 | Q48: IMPNRGZ | S48: elc_wof_ZAF_003 | T48: S01aH02 | U48: 0.014269062 | V48: IMPNRGZ | X48: distr_solelc_spv_ZAF_038 | Y48: DEF_E | Z48: 0.99160265 | AA48: 0.43177611 | AB48: 0.10752197 | AC48: 0.11315365 | AD48: 0.26851957 | AE48: 0.9199812 | AF48: 0 | AG48: 0 | AH48: 0.085102376 | AI48: 0.0704796 | AJ48: 0.31729646 | AK48: 0 | AL48: 0.92840946 | AM48: 0.19708126 | AN48: 0.095757328 | AO48: 0.10016446 | AP48: 0.12847196 | AQ48: 0.92658777 | CI48: distr_solelc_spv_ZAF_038 | CJ48: 0.00016891367 | CK48: 0.17498154 | CL48: 0.5102377 | CM48: 0.41900325 | CN48: 0.27007286 | CO48: 0.019487472 | CP48: 0 | CQ48: 0 | CR48: 0.42683373 | CS48: 0.35076865 | CT48: 0.16243669 | CU48: 0 | CV48: 0.0104461 | CW48: 0.30170357 | CX48: 0.56643583 | CY48: 0.43614203 | CZ48: 0.29311316 | DA48: 0.0097743848 | DU48: 2034 | DV48: S02 | DW48: 0.2645 | DX48: hydro
I49: elc_spv_ZAF_003 | J49: S01aH03 | K49: 0.36941642 | L49: IMPNRGZ | N49: elc_won_ZAF_003 | O49: S01aH03 | P49: 0.16494125 | Q49: IMPNRGZ | S49: elc_wof_ZAF_003 | T49: S01aH03 | U49: 0.16690556 | V49: IMPNRGZ | X49: distr_solelc_spv_ZAF_039 | Y49: DEF_E | Z49: 0.99577346 | AA49: 0.39336245 | AB49: 0.11824933 | AC49: 0.13994696 | AD49: 0.31858233 | AE49: 0.93203524 | AF49: 0 | AG49: 0.984375 | AH49: 0.094456257 | AI49: 0.093590166 | AJ49: 0.4038509 | AK49: 0 | AL49: 0.93142683 | AM49: 0.20797102 | AN49: 0.12039123 | AO49: 0.11661651 | AP49: 0.13276782 | AQ49: 0.94699208 | CI49: distr_solelc_spv_ZAF_039 | CJ49: 6.1049617e-05 | CK49: 0.20190454 | CL49: 0.4948777 | CM49: 0.39904468 | CN49: 0.24540858 | CO49: 0.015186763 | CP49: 0 | CQ49: 7.1686231e-05 | CR49: 0.41328944 | CS49: 0.31757302 | CT49: 0.13221691 | CU49: 0 | CV49: 0.012116688 | CW49: 0.29652449 | CX49: 0.54312837 | CY49: 0.42078879 | CZ49: 0.26940379 | DA49: 0.0080816738 | DU49: 2034 | DV49: S03 | DW49: 0.19138 | DX49: hydro
I50: elc_spv_ZAF_003 | J50: S01aH04 | K50: 0.027184444 | L50: IMPNRGZ | N50: elc_won_ZAF_003 | O50: S01aH04 | P50: 0.028175511 | Q50: IMPNRGZ | S50: elc_wof_ZAF_003 | T50: S01aH04 | U50: 0.02740245 | V50: IMPNRGZ | X50: distr_solelc_spv_ZAF_040 | Y50: DEF_E | Z50: 0.98921219 | AA50: 0.35283315 | AB50: 0.1050366 | AC50: 0.11936939 | AD50: 0.34290852 | AE50: 0.9335011 | AF50: 0 | AG50: 0.96875 | AH50: 0.087765575 | AI50: 0.084960149 | AJ50: 0.54800086 | AK50: 0 | AL50: 0.92344118 | AM50: 0.16479769 | AN50: 0.10317959 | AO50: 0.1165569 | AP50: 0.1301357 | AQ50: 0.9490724 | CI50: distr_solelc_spv_ZAF_040 | CJ50: 0.0011664745 | CK50: 0.20479767 | CL50: 0.5077176 | CM50: 0.39389433 | CN50: 0.2212513 | CO50: 0.014016712 | CP50: 0 | CQ50: 0.00053296904 | CR50: 0.42202895 | CS50: 0.32856992 | CT50: 0.10026162 | CU50: 0 | CV50: 0.013493573 | CW50: 0.32644908 | CX50: 0.55551246 | CY50: 0.40548061 | CZ50: 0.26605926 | DA50: 0.0074326813 | DU50: 2035 | DV50: S01 | DW50: 0.37865 | DX50: hydro
I51: elc_spv_ZAF_003 | J51: S01aH05 | K51: 0.0138279 | L51: IMPNRGZ | N51: elc_won_ZAF_003 | O51: S01aH05 | P51: 0.028258286 | Q51: IMPNRGZ | S51: elc_wof_ZAF_003 | T51: S01aH05 | U51: 0.027603719 | V51: IMPNRGZ | X51: distr_solelc_spv_ZAF_041 | Y51: DEF_E | Z51: 0.98949699 | AA51: 0.4942306 | AB51: 0.1169517 | AC51: 0.13230727 | AD51: 0.34723492 | AE51: 0.9183432 | AF51: 0 | AG51: 0 | AH51: 0.082566884 | AI51: 0.093010444 | AJ51: 0.54306437 | AK51: 0 | AL51: 0.92883214 | AM51: 0.22597969 | AN51: 0.08173684 | AO51: 0.10732876 | AP51: 0.13786602 | AQ51: 0.90972814 | CI51: distr_solelc_spv_ZAF_041 | CJ51: 0.0015120067 | CK51: 0.19384072 | CL51: 0.52709195 | CM51: 0.43728629 | CN51: 0.27354577 | CO51: 0.023255245 | CP51: 0 | CQ51: 0 | CR51: 0.41483958 | CS51: 0.35745123 | CT51: 0.13340998 | CU51: 0 | CV51: 0.017075346 | CW51: 0.35334156 | CX51: 0.62263027 | CY51: 0.50756594 | CZ51: 0.37208855 | DA51: 0.019904324 | DU51: 2035 | DV51: S02 | DW51: 0.2293 | DX51: hydro
I52: elc_spv_ZAF_003 | J52: S01aH06 | K52: 2.1109703e-05 | L52: IMPNRGZ | N52: elc_won_ZAF_003 | O52: S01aH06 | P52: 0.11837206 | Q52: IMPNRGZ | S52: elc_wof_ZAF_003 | T52: S01aH06 | U52: 0.12185262 | V52: IMPNRGZ | X52: distr_solelc_spv_ZAF_042 | Y52: DEF_E | Z52: 0.99408284 | AA52: 0.45663387 | AB52: 0.10820846 | AC52: 0.11328225 | AD52: 0.29651988 | AE52: 0.91952663 | AF52: 0 | AG52: 0 | AH52: 0.082525492 | AI52: 0.072491256 | AJ52: 0.42402521 | AK52: 0 | AL52: 0.93035789 | AM52: 0.21640864 | AN52: 0.091254799 | AO52: 0.12399787 | AP52: 0.1573897 | AQ52: 0.9190794 | CI52: distr_solelc_spv_ZAF_042 | CJ52: 0.00035339337 | CK52: 0.18214345 | CL52: 0.52164259 | CM52: 0.42871066 | CN52: 0.26549097 | CO52: 0.019506736 | CP52: 0 | CQ52: 0 | CR52: 0.43103509 | CS52: 0.36461646 | CT52: 0.14929447 | CU52: 0 | CV52: 0.012510878 | CW52: 0.31954773 | CX52: 0.59600557 | CY52: 0.46297495 | CZ52: 0.32392773 | DA52: 0.012712198 | DU52: 2035 | DV52: S03 | DW52: 0.20916 | DX52: hydro
I53: elc_spv_ZAF_003 | J53: S02aH01 | K53: 0 | L53: IMPNRGZ | N53: elc_won_ZAF_003 | O53: S02aH01 | P53: 0.041052094 | Q53: IMPNRGZ | S53: elc_wof_ZAF_003 | T53: S02aH01 | U53: 0.040582604 | V53: IMPNRGZ | X53: distr_solelc_spv_ZAF_043 | Y53: DEF_E | Z53: 0.98559021 | AA53: 0.43593266 | AB53: 0.12164843 | AC53: 0.12934674 | AD53: 0.36945679 | AE53: 0.92683993 | AF53: 0 | AG53: 0 | AH53: 0.088681712 | AI53: 0.07641965 | AJ53: 0.64440137 | AK53: 0 | AL53: 0.92463883 | AM53: 0.26109861 | AN53: 0.10864136 | AO53: 0.1473729 | AP53: 0.18098223 | AQ53: 0.933735 | CI53: distr_solelc_spv_ZAF_043 | CJ53: 0.0016519486 | CK53: 0.16718377 | CL53: 0.5058327 | CM53: 0.40735395 | CN53: 0.22392417 | CO53: 0.016408078 | CP53: 0 | CQ53: 0 | CR53: 0.42320389 | CS53: 0.35915229 | CT53: 0.089084146 | CU53: 0 | CV53: 0.011315801 | CW53: 0.28874798 | CX53: 0.57769217 | CY53: 0.44315768 | CZ53: 0.29876585 | DA53: 0.0098447571 | DU53: 2036 | DV53: S01 | DW53: 0.35435 | DX53: hydro
I54: elc_spv_ZAF_003 | J54: S02aH02 | K54: 0.0049623287 | L54: IMPNRGZ | N54: elc_won_ZAF_003 | O54: S02aH02 | P54: 0.0059395217 | Q54: IMPNRGZ | S54: elc_wof_ZAF_003 | T54: S02aH02 | U54: 0.0057564051 | V54: IMPNRGZ | X54: distr_wofelc_wof_ZAF_001 | Y54: DEF_E | Z54: 0.27107564 | AA54: 0.29050892 | AB54: 0.2986882 | AC54: 0.26200032 | AD54: 0.25745697 | AE54: 0.2558528 | AF54: 0.3162478 | AG54: 0.32330771 | AH54: 0.36839698 | AI54: 0.35755055 | AJ54: 0.34069752 | AK54: 0.32995905 | AL54: 0.28329887 | AM54: 0.30023407 | AN54: 0.30481938 | AO54: 0.25521687 | AP54: 0.24122236 | AQ54: 0.25161503 | CI54: distr_wofelc_wof_ZAF_001 | CJ54: 0.5739012 | CK54: 0.51675907 | CL54: 0.50082128 | CM54: 0.58548034 | CN54: 0.59467653 | CO54: 0.60433283 | CP54: 0.51334445 | CQ54: 0.50267166 | CR54: 0.46803825 | CS54: 0.46743387 | CT54: 0.47089273 | CU54: 0.48612101 | CV54: 0.56217472 | CW54: 0.52581753 | CX54: 0.53457179 | CY54: 0.62522132 | CZ54: 0.63614166 | DA54: 0.61957349 | DU54: 2036 | DV54: S02 | DW54: 0.05 | DX54: hydro
I55: elc_spv_ZAF_003 | J55: S02aH03 | K55: 0.1012867 | L55: IMPNRGZ | N55: elc_won_ZAF_003 | O55: S02aH03 | P55: 0.080140638 | Q55: IMPNRGZ | S55: elc_wof_ZAF_003 | T55: S02aH03 | U55: 0.050623111 | V55: IMPNRGZ | X55: distr_wofelc_wof_ZAF_002 | Y55: DEF_E | Z55: 0.27122294 | AA55: 0.30303974 | AB55: 0.31660294 | AC55: 0.25639325 | AD55: 0.24612494 | AE55: 0.24665571 | AF55: 0.32407664 | AG55: 0.33054716 | AH55: 0.36893475 | AI55: 0.37091015 | AJ55: 0.35980736 | AK55: 0.31982771 | AL55: 0.29238645 | AM55: 0.32499148 | AN55: 0.30416894 | AO55: 0.24099228 | AP55: 0.242631 | AQ55: 0.25947756 | CI55: distr_wofelc_wof_ZAF_002 | CJ55: 0.54770528 | CK55: 0.477727 | CL55: 0.47241839 | CM55: 0.60096482 | CN55: 0.62108513 | CO55: 0.6180365 | CP55: 0.43067791 | CQ55: 0.42356654 | CR55: 0.40486689 | CS55: 0.41628301 | CT55: 0.41954237 | CU55: 0.42664778 | CV55: 0.52674177 | CW55: 0.46707453 | CX55: 0.49556441 | CY55: 0.62181466 | CZ55: 0.63028685 | DA55: 0.60490556 | DU55: 2036 | DV55: S03 | DW55: 0.11658 | DX55: hydro
I56: elc_spv_ZAF_003 | J56: S02aH04 | K56: 0.0061801442 | L56: IMPNRGZ | N56: elc_won_ZAF_003 | O56: S02aH04 | P56: 0.0080910376 | Q56: IMPNRGZ | S56: elc_wof_ZAF_003 | T56: S02aH04 | U56: 0.0063967619 | V56: IMPNRGZ | X56: distr_wofelc_wof_ZAF_003 | Y56: DEF_E | Z56: 0.33018913 | AA56: 0.35477284 | AB56: 0.35919027 | AC56: 0.27958302 | AD56: 0.28287159 | AE56: 0.29996227 | AF56: 0.38282865 | AG56: 0.39542817 | AH56: 0.41383439 | AI56: 0.33606468 | AJ56: 0.32994504 | AK56: 0.35140194 | AL56: 0.33632222 | AM56: 0.3691339 | AN56: 0.33064858 | AO56: 0.24412702 | AP56: 0.25691732 | AQ56: 0.30069531 | CI56: distr_wofelc_wof_ZAF_003 | CJ56: 0.33396467 | CK56: 0.27831352 | CL56: 0.36171553 | CM56: 0.53447607 | CN56: 0.53840177 | CO56: 0.47533933 | CP56: 0.2985984 | CQ56: 0.29648106 | CR56: 0.28970229 | CS56: 0.32946235 | CT56: 0.33494433 | CU56: 0.32286256 | CV56: 0.32929918 | CW56: 0.26049679 | CX56: 0.38388274 | CY56: 0.57529013 | CZ56: 0.56087415 | DA56: 0.4710467 | DU56: 2037 | DV56: S01 | DW56: 0.27431667 | DX56: hydro
I57: elc_spv_ZAF_003 | J57: S02aH05 | K57: 0 | L57: IMPNRGZ | N57: elc_won_ZAF_003 | O57: S02aH05 | P57: 0.0071694303 | Q57: IMPNRGZ | S57: elc_wof_ZAF_003 | T57: S02aH05 | U57: 0.0065031987 | V57: IMPNRGZ | X57: distr_wofelc_wof_ZAF_004 | Y57: DEF_E | Z57: 0.27703859 | AA57: 0.29545824 | AB57: 0.30890597 | AC57: 0.25663039 | AD57: 0.24957388 | AE57: 0.25515614 | AF57: 0.32345729 | AG57: 0.31725166 | AH57: 0.31790352 | AI57: 0.31098005 | AJ57: 0.32517956 | AK57: 0.33852258 | AL57: 0.30428506 | AM57: 0.33195805 | AN57: 0.3038662 | AO57: 0.24786278 | AP57: 0.24688346 | AQ57: 0.27835892 | CI57: distr_wofelc_wof_ZAF_004 | CJ57: 0.55474102 | CK57: 0.51866189 | CL57: 0.51995927 | CM57: 0.61994126 | CN57: 0.63265952 | CO57: 0.6193857 | CP57: 0.40844371 | CQ57: 0.3997867 | CR57: 0.3850428 | CS57: 0.4200632 | CT57: 0.43099227 | CU57: 0.42603449 | CV57: 0.54186521 | CW57: 0.50647596 | CX57: 0.52453451 | CY57: 0.62775081 | CZ57: 0.63241857 | DA57: 0.59695057 | DU57: 2037 | DV57: S02 | DW57: 0.1634 | DX57: hydro
I58: elc_spv_ZAF_003 | J58: S02aH06 | K58: 0 | L58: IMPNRGZ | N58: elc_won_ZAF_003 | O58: S02aH06 | P58: 0.031626104 | Q58: IMPNRGZ | S58: elc_wof_ZAF_003 | T58: S02aH06 | U58: 0.03134311 | V58: IMPNRGZ | X58: distr_wofelc_wof_ZAF_005 | Y58: DEF_E | Z58: 0.38766448 | AA58: 0.40428414 | AB58: 0.37649313 | AC58: 0.30389474 | AD58: 0.31444369 | AE58: 0.35436758 | AF58: 0.41051123 | AG58: 0.40656545 | AH58: 0.37229286 | AI58: 0.35908279 | AJ58: 0.36582736 | AK58: 0.3957808 | AL58: 0.39995666 | AM58: 0.4018733 | AN58: 0.33944934 | AO58: 0.2827696 | AP58: 0.30210568 | AQ58: 0.35606812 | CI58: distr_wofelc_wof_ZAF_005 | CJ58: 0.33236209 | CK58: 0.29380613 | CL58: 0.37833859 | CM58: 0.52334777 | CN58: 0.5101279 | CO58: 0.43608568 | CP58: 0.26647137 | CQ58: 0.26327529 | CR58: 0.26505902 | CS58: 0.34063209 | CT58: 0.33868776 | CU58: 0.30696792 | CV58: 0.32282906 | CW58: 0.27203836 | CX58: 0.41375712 | CY58: 0.56946115 | CZ58: 0.54854774 | DA58: 0.45524971 | DU58: 2037 | DV58: S03 | DW58: 0.16542 | DX58: hydro
... I97: elc_spv_ZAF_005 | J97: S03aH03 | K97: 0.33721094 | L97: IMPNRGZ | N97: elc_won_ZAF_005 | O97: S03aH03 | P97: 0.1465046 | Q97: IMPNRGZ | S97: elc_wof_ZAF_005 | T97: S03aH03 | U97: 0.15051067 | V97: IMPNRGZ | X97: distr_wonelc_won_ZAF_024 | Y97: DEF_E | Z97: 0.32570294 | AA97: 0.35653845 | AB97: 0.50639389 | AC97: 0.50015222 | AD97: 0.42642608 | AE97: 0.35395029 | AF97: 0.32054644 | AG97: 0.34702161 | AH97: 0.46490742 | AI97: 0.44710403 | AJ97: 0.38016773 | AK97: 0.35415585 | AL97: 0.24621391 | AM97: 0.33350214 | AN97: 0.41120569 | AO97: 0.42673062 | AP97: 0.36145338 | AQ97: 0.2772815 | CI97: distr_wonelc_won_ZAF_024 | CJ97: 0.24593191 | CK97: 0.18006219 | CL97: 0.11288395 | CM97: 0.079638367 | CN97: 0.098352031 | CO97: 0.19846008 | CP97: 0.23978494 | CQ97: 0.1958469 | CR97: 0.11877575 | CS97: 0.10040951 | CT97: 0.12697561 | CU97: 0.23812926 | CV97: 0.371442 | CW97: 0.30013166 | CX97: 0.20603404 | CY97: 0.16811439 | CZ97: 0.18685632 | DA97: 0.37649399 | DU97: 2050 | DV97: S03 | DW97: 0.13136 | DX97: hydro
I98: elc_spv_ZAF_005 | J98: S03aH04 | K98: 0.023244364 | L98: IMPNRGZ | N98: elc_won_ZAF_005 | O98: S03aH04 | P98: 0.026957744 | Q98: IMPNRGZ | S98: elc_wof_ZAF_005 | T98: S03aH04 | U98: 0.023016719 | V98: IMPNRGZ | X98: distr_wonelc_won_ZAF_025 | Y98: DEF_E | Z98: 0.42069026 | AA98: 0.46090758 | AB98: 0.54388932 | AC98: 0.51915551 | AD98: 0.46000368 | AE98: 0.42155203 | AF98: 0.44507323 | AG98: 0.45143377 | AH98: 0.49223613 | AI98: 0.46146632 | AJ98: 0.34981306 | AK98: 0.43726685 | AL98: 0.35979165 | AM98: 0.4116361 | AN98: 0.423737 | AO98: 0.42142067 | AP98: 0.37450301 | AQ98: 0.38092619 | CI98: distr_wonelc_won_ZAF_025 | CJ98: 0.14335351 | CK98: 0.097013844 | CL98: 0.079434382 | CM98: 0.080349753 | CN98: 0.090763745 | CO98: 0.13154341 | CP98: 0.17597412 | CQ98: 0.12812145 | CR98: 0.099580364 | CS98: 0.11587071 | CT98: 0.13409067 | CU98: 0.16745566 | CV98: 0.20044789 | CW98: 0.14247244 | CX98: 0.17451289 | CY98: 0.17669019 | CZ98: 0.15698955 | DA98: 0.21795441
I99: elc_spv_ZAF_005 | J99: S03aH05 | K99: 0.0071402246 | L99: IMPNRGZ | N99: elc_won_ZAF_005 | O99: S03aH05 | P99: 0.027362068 | Q99: IMPNRGZ | S99: elc_wof_ZAF_005 | T99: S03aH05 | U99: 0.022171431 | V99: IMPNRGZ | X99: distr_wonelc_won_ZAF_026 | Y99: DEF_E | Z99: 0.46223898 | AA99: 0.56242828 | AB99: 0.60935346 | AC99: 0.52672205 | AD99: 0.43306061 | AE99: 0.42245741 | AF99: 0.42087754 | AG99: 0.46046645 | AH99: 0.50339951 | AI99: 0.43759727 | AJ99: 0.34639619 | AK99: 0.41372951 | AL99: 0.36066216 | AM99: 0.46776047 | AN99: 0.46415341 | AO99: 0.44362975 | AP99: 0.39929452 | AQ99: 0.35071438 | CI99: distr_wonelc_won_ZAF_026 | CJ99: 0.098180283 | CK99: 0.059772404 | CL99: 0.056240988 | CM99: 0.062348663 | CN99: 0.075090316 | CO99: 0.12405999 | CP99: 0.099894726 | CQ99: 0.069479625 | CR99: 0.062242524 | CS99: 0.066489808 | CT99: 0.093678282 | CU99: 0.13637888 | CV99: 0.15293712 | CW99: 0.096854216 | CX99: 0.10431377 | CY99: 0.10760377 | CZ99: 0.1242906 | DA99: 0.22758222
I100: elc_spv_ZAF_005 | J100: S03aH06 | K100: 0 | L100: IMPNRGZ | N100: elc_won_ZAF_005 | O100: S03aH06 | P100: 0.074139024 | Q100: IMPNRGZ | S100: elc_wof_ZAF_005 | T100: S03aH06 | U100: 0.092002364 | V100: IMPNRGZ | X100: distr_wonelc_won_ZAF_027 | Y100: DEF_E | Z100: 0.37246845 | AA100: 0.42505237 | AB100: 0.50180684 | AC100: 0.47959195 | AD100: 0.42829173 | AE100: 0.37705331 | AF100: 0.33303352 | AG100: 0.37775915 | AH100: 0.47514515 | AI100: 0.48527582 | AJ100: 0.49314958 | AK100: 0.42991604 | AL100: 0.30261713 | AM100: 0.39196039 | AN100: 0.43758965 | AO100: 0.39336154 | AP100: 0.38042307 | AQ100: 0.3353891 | CI100: distr_wonelc_won_ZAF_027 | CJ100: 0.25725283 | CK100: 0.18222859 | CL100: 0.12228558 | CM100: 0.11763675 | CN100: 0.12369316 | CO100: 0.22644897 | CP100: 0.2783401 | CQ100: 0.20401189 | CR100: 0.15696723 | CS100: 0.15375572 | CT100: 0.16218061 | CU100: 0.22004898 | CV100: 0.35583288 | CW100: 0.23695275 | CX100: 0.22813279 | CY100: 0.25176348 | CZ100: 0.21858846 | DA100: 0.30815238
I101: elc_spv_ZAF_006 | J101: S01aH01 | K101: 0.0074467141 | L101: IMPNRGZ | N101: elc_won_ZAF_006 | O101: S01aH01 | P101: 0.1025549 | Q101: IMPNRGZ | S101: elc_wof_ZAF_006 | T101: S01aH01 | U101: 0.13824149 | V101: IMPNRGZ | X101: distr_wonelc_won_ZAF_028 | Y101: DEF_E | Z101: 0.32463422 | AA101: 0.34794101 | AB101: 0.48677501 | AC101: 0.4522856 | AD101: 0.39521692 | AE101: 0.34710997 | AF101: 0.29974672 | AG101: 0.31405674 | AH101: 0.46336416 | AI101: 0.45783739 | AJ101: 0.3843252 | AK101: 0.3309392 | AL101: 0.30825701 | AM101: 0.36785983 | AN101: 0.41877168 | AO101: 0.38234728 | AP101: 0.34925706 | AQ101: 0.31546751 | CI101: distr_wonelc_won_ZAF_028 | CJ101: 0.2548535 | CK101: 0.22524223 | CL101: 0.13462414 | CM101: 0.10491337 | CN101: 0.11500759 | CO101: 0.19731961 | CP101: 0.31362596 | CQ101: 0.27146395 | CR101: 0.18630193 | CS101: 0.16492386 | CT101: 0.18316432 | CU101: 0.26889003 | CV101: 0.36250079 | CW101: 0.30491141 | CX101: 0.25891624 | CY101: 0.25191949 | CZ101: 0.22566123 | DA101: 0.29260779
I102: elc_spv_ZAF_006 | J102: S01aH02 | K102: 0.027413526 | L102: IMPNRGZ | N102: elc_won_ZAF_006 | O102: S01aH02 | P102: 0.012826294 | Q102: IMPNRGZ | S102: elc_wof_ZAF_006 | T102: S01aH02 | U102: 0.017862913 | V102: IMPNRGZ | X102: distr_wonelc_won_ZAF_029 | Y102: DEF_E | Z102: 0.27352175 | AA102: 0.32746389 | AB102: 0.43776196 | AC102: 0.39027401 | AD102: 0.34981387 | AE102: 0.289028 | AF102: 0.35840975 | AG102: 0.388719 | AH102: 0.45975962 | AI102: 0.38057311 | AJ102: 0.34251911 | AK102: 0.30466617 | AL102: 0.2944654 | AM102: 0.38785104 | AN102: 0.42166744 | AO102: 0.37809589 | AP102: 0.32191636 | AQ102: 0.25061779 | CI102: distr_wonelc_won_ZAF_029 | CJ102: 0.31028811 | CK102: 0.2294743 | CL102: 0.19883389 | CM102: 0.18981506 | CN102: 0.20390492 | CO102: 0.31912603 | CP102: 0.29044257 | CQ102: 0.27338863 | CR102: 0.245287 | CS102: 0.23697583 | CT102: 0.2752893 | CU102: 0.33901925 | CV102: 0.31027895 | CW102: 0.21569018 | CX102: 0.26982869 | CY102: 0.30759479 | CZ102: 0.31439732 | DA102: 0.39727867
I103: elc_spv_ZAF_006 | J103: S01aH03 | K103: 0.3726185 | L103: IMPNRGZ | N103: elc_won_ZAF_006 | O103: S01aH03 | P103: 0.16200454 | Q103: IMPNRGZ | S103: elc_wof_ZAF_006 | T103: S01aH03 | U103: 0.17211805 | V103: IMPNRGZ | X103: distr_wonelc_won_ZAF_030 | Y103: DEF_E | Z103: 0.310225 | AA103: 0.32283624 | AB103: 0.43308828 | AC103: 0.45257379 | AD103: 0.41537511 | AE103: 0.33744387 | AF103: 0.36538354 | AG103: 0.37353694 | AH103: 0.44769769 | AI103: 0.44575467 | AJ103: 0.39626002 | AK103: 0.34633261 | AL103: 0.29958351 | AM103: 0.36320346 | AN103: 0.41871311 | AO103: 0.386847 | AP103: 0.36608488 | AQ103: 0.28464975 | CI103: distr_wonelc_won_ZAF_030 | CJ103: 0.22986635 | CK103: 0.20645651 | CL103: 0.17720885 | CM103: 0.1621911 | CN103: 0.15885682 | CO103: 0.22170036 | CP103: 0.24965137 | CQ103: 0.25257217 | CR103: 0.22131784 | CS103: 0.22005697 | CT103: 0.20462437 | CU103: 0.25926808 | CV103: 0.27413746 | CW103: 0.22241981 | CX103: 0.2525367 | CY103: 0.3019888 | CZ103: 0.26569134 | DA103: 0.31760541
I104: elc_spv_ZAF_006 | J104: S01aH04 | K104: 0.032947893 | L104: IMPNRGZ | N104: elc_won_ZAF_006 | O104: S01aH04 | P104: 0.023515679 | Q104: IMPNRGZ | S104: elc_wof_ZAF_006 | T104: S01aH04 | U104: 0.023636405 | V104: IMPNRGZ | X104: distr_wonelc_won_ZAF_031 | Y104: DEF_E | Z104: 0.26748404 | AA104: 0.33019489 | AB104: 0.46378625 | AC104: 0.40187526 | AD104: 0.33317024 | AE104: 0.29796131 | AF104: 0.29858237 | AG104: 0.30832493 | AH104: 0.44019546 | AI104: 0.3403021 | AJ104: 0.30364281 | AK104: 0.29396943 | AL104: 0.2748249 | AM104: 0.39625296 | AN104: 0.44184355 | AO104: 0.38295563 | AP104: 0.32402746 | AQ104: 0.27976093 | CI104: distr_wonelc_won_ZAF_031 | CJ104: 0.31378502 | CK104: 0.26265248 | CL104: 0.17954185 | CM104: 0.12642909 | CN104: 0.15008912 | CO104: 0.26500828 | CP104: 0.34940728 | CQ104: 0.34880541 | CR104: 0.26100888 | CS104: 0.2141639 | CT104: 0.25540027 | CU104: 0.33648585 | CV104: 0.34487911 | CW104: 0.26014417 | CX104: 0.26369709 | CY104: 0.23392486 | CZ104: 0.25121097 | DA104: 0.34517482
I105: elc_spv_ZAF_006 | J105: S01aH05 | K105: 0.017039234 | L105: IMPNRGZ | N105: elc_won_ZAF_006 | O105: S01aH05 | P105: 0.02553112 | Q105: IMPNRGZ | S105: elc_wof_ZAF_006 | T105: S01aH05 | U105: 0.023648737 | V105: IMPNRGZ | X105: distr_wonelc_won_ZAF_032 | Y105: DEF_E | Z105: 0.25461455 | AA105: 0.31208342 | AB105: 0.45347571 | AC105: 0.45470902 | AD105: 0.39994541 | AE105: 0.31378265 | AF105: 0.2571196 | AG105: 0.26354236 | AH105: 0.39034328 | AI105: 0.37681304 | AJ105: 0.35964261 | AK105: 0.28489559 | AL105: 0.24437035 | AM105: 0.34902811 | AN105: 0.42122716 | AO105: 0.37628282 | AP105: 0.35081448 | AQ105: 0.27454527 | CI105: distr_wonelc_won_ZAF_032 | CJ105: 0.36610484 | CK105: 0.28965965 | CL105: 0.15885317 | CM105: 0.10759146 | CN105: 0.13951421 | CO105: 0.29443435 | CP105: 0.40992127 | CQ105: 0.38651637 | CR105: 0.22995098 | CS105: 0.17253168 | CT105: 0.2193925 | CU105: 0.37019331 | CV105: 0.41104818 | CW105: 0.30371492 | CX105: 0.23202781 | CY105: 0.22043365 | CZ105: 0.25491235 | DA105: 0.3795586
I106: elc_spv_ZAF_006 | J106: S01aH06 | K106: 0.0047992602 | L106: IMPNRGZ | N106: elc_won_ZAF_006 | O106: S01aH06 | P106: 0.11697669 | Q106: IMPNRGZ | S106: elc_wof_ZAF_006 | T106: S01aH06 | U106: 0.11100376 | V106: IMPNRGZ | X106: distr_wonelc_won_ZAF_033 | Y106: DEF_E | Z106: 0.23964836 | AA106: 0.28664986 | AB106: 0.41753894 | AC106: 0.40122899 | AD106: 0.36074638 | AE106: 0.27978543 | AF106: 0.24032728 | AG106: 0.25603158 | AH106: 0.36916145 | AI106: 0.36100535 | AJ106: 0.3485397 | AK106: 0.29032086 | AL106: 0.22695701 | AM106: 0.30074897 | AN106: 0.4219639 | AO106: 0.36540472 | AP106: 0.33294811 | AQ106: 0.24767322 | CI106: distr_wonelc_won_ZAF_033 | CJ106: 0.44413324 | CK106: 0.37314851 | CL106: 0.24460927 | CM106: 0.17066383 | CN106: 0.19669435 | CO106: 0.363833 | CP106: 0.45757108 | CQ106: 0.46268378 | CR106: 0.31741107 | CS106: 0.2342087 | CT106: 0.26379665 | CU106: 0.38426355 | CV106: 0.46500135 | CW106: 0.32122553 | CX106: 0.26677672 | CY106: 0.29299851 | CZ106: 0.3063221 | DA106: 0.42688168
I107: elc_spv_ZAF_006 | J107: S02aH01 | K107: 0 | L107: IMPNRGZ | N107: elc_won_ZAF_006 | O107: S02aH01 | P107: 0.054136931 | Q107: IMPNRGZ | S107: elc_wof_ZAF_006 | T107: S02aH01 | U107: 0.037572786 | V107: IMPNRGZ | X107: distr_wonelc_won_ZAF_034 | Y107: DEF_E | Z107: 0.2861706 | AA107: 0.34265241 | AB107: 0.42457848 | AC107: 0.35311939 | AD107: 0.29597348 | AE107: 0.27238028 | AF107: 0.34169315 | AG107: 0.35552706 | AH107: 0.42850427 | AI107: 0.33010597 | AJ107: 0.28003986 | AK107: 0.30209485 | AL107: 0.3102061 | AM107: 0.39858141 | AN107: 0.41054042 | AO107: 0.34564953 | AP107: 0.28473009 | AQ107: 0.24708663 | CI107: distr_wonelc_won_ZAF_034 | CJ107: 0.33901222 | CK107: 0.30973779 | CL107: 0.2590484 | CM107: 0.20710286 | CN107: 0.21544285 | CO107: 0.29236178 | CP107: 0.34529686 | CQ107: 0.3586727 | CR107: 0.3172441 | CS107: 0.26319073 | CT107: 0.28531 | CU107: 0.32768258 | CV107: 0.30111645 | CW107: 0.2284727 | CX107: 0.28004193 | CY107: 0.30155254 | CZ107: 0.28920712 | DA107: 0.32113724
I108: elc_spv_ZAF_006 | J108: S02aH02 | K108: 0.0016422227 | L108: IMPNRGZ | N108: elc_won_ZAF_006 | O108: S02aH02 | P108: 0.0076926434 | Q108: IMPNRGZ | S108: elc_wof_ZAF_006 | T108: S02aH02 | U108: 0.0051872325 | V108: IMPNRGZ | X108: distr_wonelc_won_ZAF_035 | Y108: DEF_E | Z108: 0.28005406 | AA108: 0.30602916 | AB108: 0.31140194 | AC108: 0.24472197 | AD108: 0.2538201 | AE108: 0.27593618 | AF108: 0.32164148 | AG108: 0.34813886 | AH108: 0.36139962 | AI108: 0.2608796 | AJ108: 0.25263374 | AK108: 0.27897453 | AL108: 0.2848514 | AM108: 0.30537594 | AN108: 0.26838873 | AO108: 0.20632558 | AP108: 0.22667624 | AQ108: 0.27285075 | CI108: distr_wonelc_won_ZAF_035 | CJ108: 0.31374548 | CK108: 0.26837519 | CL108: 0.36092629 | CM108: 0.53367597 | CN108: 0.52163608 | CO108: 0.43662128 | CP108: 0.3109841 | CQ108: 0.31828742 | CR108: 0.31020119 | CS108: 0.35211827 | CT108: 0.35031459 | CU108: 0.3168687 | CV108: 0.31455985 | CW108: 0.2505981 | CX108: 0.39549087 | CY108: 0.56851284 | CZ108: 0.54601507 | DA108: 0.44476507
I109: elc_spv_ZAF_006 | J109: S02aH03 | K109: 0.098641576 | L109: IMPNRGZ | N109: elc_won_ZAF_006 | O109: S02aH03 | P109: 0.08677831 | Q109: IMPNRGZ | S109: elc_wof_ZAF_006 | T109: S02aH03 | U109: 0.045415431 | V109: IMPNRGZ | X109: distr_wonelc_won_ZAF_036 | Y109: DEF_E | Z109: 0.28521743 | AA109: 0.36369899 | AB109: 0.39545668 | AC109: 0.30143865 | AD109: 0.26989726 | AE109: 0.24602288 | AF109: 0.36697913 | AG109: 0.38461909 | AH109: 0.37487087 | AI109: 0.32780254 | AJ109: 0.30002595 | AK109: 0.31087653 | AL109: 0.32245721 | AM109: 0.40958041 | AN109: 0.403831 | AO109: 0.28557748 | AP109: 0.23402442 | AQ109: 0.21427883 | CI109: distr_wonelc_won_ZAF_036 | CJ109: 0.32958551 | CK109: 0.28648374 | CL109: 0.26237762 | CM109: 0.37553892 | CN109: 0.4382479 | CO109: 0.44039567 | CP109: 0.28904528 | CQ109: 0.30026429 | CR109: 0.31515513 | CS109: 0.29979754 | CT109: 0.3025697 | CU109: 0.30259021 | CV109: 0.28032024 | CW109: 0.22922804 | CX109: 0.23616906 | CY109: 0.40298741 | CZ109: 0.47400169 | DA109: 0.43749832
... I115: elc_spv_ZAF_006 | J115: S03aH03 | K115: 0.33770207 | L115: IMPNRGZ | N115: elc_won_ZAF_006 | O115: S03aH03 | P115: 0.13178269 | Q115: IMPNRGZ | S115: elc_wof_ZAF_006 | T115: S03aH03 | U115: 0.14037485 | V115: IMPNRGZ | X115: distr_wonelc_won_ZAF_042 | Y115: DEF_E | Z115: 0.22159239 | AA115: 0.27076709 | AB115: 0.41301253 | AC115: 0.36340108 | AD115: 0.33000047 | AE115: 0.24975031 | AF115: 0.24542677 | AG115: 0.26463866 | AH115: 0.36884669 | AI115: 0.335733 | AJ115: 0.29279594 | AK115: 0.24972025 | AL115: 0.21731284 | AM115: 0.31249221 | AN115: 0.43825722 | AO115: 0.37470333 | AP115: 0.32271844 | AQ115: 0.22524166 | CI115: distr_wonelc_won_ZAF_042 | CJ115: 0.43256276 | CK115: 0.33481993 | CL115: 0.20105851 | CM115: 0.15360077 | CN115: 0.19749102 | CO115: 0.38706199 | CP115: 0.42089894 | CQ115: 0.38864687 | CR115: 0.23742219 | CS115: 0.18558992 | CT115: 0.24588663 | CU115: 0.40372598 | CV115: 0.44124502 | CW115: 0.26150997 | CX115: 0.19488748 | CY115: 0.2171436 | CZ115: 0.24881352 | DA115: 0.45013217
I116: elc_spv_ZAF_006 | J116: S03aH04 | K116: 0.029052874 | L116: IMPNRGZ | N116: elc_won_ZAF_006 | O116: S03aH04 | P116: 0.02040509 | Q116: IMPNRGZ | S116: elc_wof_ZAF_006 | T116: S03aH04 | U116: 0.01920777 | V116: IMPNRGZ
I117: elc_spv_ZAF_006 | J117: S03aH05 | K117: 0.016163087 | L117: IMPNRGZ | N117: elc_won_ZAF_006 | O117: S03aH05 | P117: 0.021751352 | Q117: IMPNRGZ | S117: elc_wof_ZAF_006 | T117: S03aH05 | U117: 0.019051118 | V117: IMPNRGZ
I118: elc_spv_ZAF_006 | J118: S03aH06 | K118: 0.0016797718 | L118: IMPNRGZ | N118: elc_won_ZAF_006 | O118: S03aH06 | P118: 0.090657552 | Q118: IMPNRGZ | S118: elc_wof_ZAF_006 | T118: S03aH06 | U118: 0.085793438 | V118: IMPNRGZ
I119: elc_spv_ZAF_007 | J119: S01aH01 | K119: 0.0097249917 | L119: IMPNRGZ | N119: elc_won_ZAF_007 | O119: S01aH01 | P119: 0.067841335 | Q119: IMPNRGZ | S119: elc_wof_ZAF_007 | T119: S01aH01 | U119: 0.11812142 | V119: IMPNRGZ
I120: elc_spv_ZAF_007 | J120: S01aH02 | K120: 0.029514982 | L120: IMPNRGZ | N120: elc_won_ZAF_007 | O120: S01aH02 | P120: 0.0098752801 | Q120: IMPNRGZ | S120: elc_wof_ZAF_007 | T120: S01aH02 | U120: 0.016591397 | V120: IMPNRGZ
I121: elc_spv_ZAF_007 | J121: S01aH03 | K121: 0.3727385 | L121: IMPNRGZ | N121: elc_won_ZAF_007 | O121: S01aH03 | P121: 0.18089459 | Q121: IMPNRGZ | S121: elc_wof_ZAF_007 | T121: S01aH03 | U121: 0.16500332 | V121: IMPNRGZ
I122: elc_spv_ZAF_007 | J122: S01aH04 | K122: 0.032127512 | L122: IMPNRGZ | N122: elc_won_ZAF_007 | O122: S01aH04 | P122: 0.017464769 | Q122: IMPNRGZ | S122: elc_wof_ZAF_007 | T122: S01aH04 | U122: 0.020864871 | V122: IMPNRGZ
I123: elc_spv_ZAF_007 | J123: S01aH05 | K123: 0.016887347 | L123: IMPNRGZ | N123: elc_won_ZAF_007 | O123: S01aH05 | P123: 0.013543358 | Q123: IMPNRGZ | S123: elc_wof_ZAF_007 | T123: S01aH05 | U123: 0.020549239 | V123: IMPNRGZ
I124: elc_spv_ZAF_007 | J124: S01aH06 | K124: 0.0040614947 | L124: IMPNRGZ | N124: elc_won_ZAF_007 | O124: S01aH06 | P124: 0.05270966 | Q124: IMPNRGZ | S124: elc_wof_ZAF_007 | T124: S01aH06 | U124: 0.093603442 | V124: IMPNRGZ
I125: elc_spv_ZAF_007 | J125: S02aH01 | K125: 0 | L125: IMPNRGZ | N125: elc_won_ZAF_007 | O125: S02aH01 | P125: 0.054634143 | Q125: IMPNRGZ | S125: elc_wof_ZAF_007 | T125: S02aH01 | U125: 0.055825655 | V125: IMPNRGZ
I126: elc_spv_ZAF_007 | J126: S02aH02 | K126: 0.002067112 | L126: IMPNRGZ | N126: elc_won_ZAF_007 | O126: S02aH02 | P126: 0.0069985541 | Q126: IMPNRGZ | S126: elc_wof_ZAF_007 | T126: S02aH02 | U126: 0.0079793469 | V126: IMPNRGZ
I127: elc_spv_ZAF_007 | J127: S02aH03 | K127: 0.093084084 | L127: IMPNRGZ | N127: elc_won_ZAF_007 | O127: S02aH03 | P127: 0.11547357 | Q127: IMPNRGZ | S127: elc_wof_ZAF_007 | T127: S02aH03 | U127: 0.064518496 | V127: IMPNRGZ
... I370: elc_spv_ZAF_020 | J370: S03aH06 | K370: 0.0007275915 | L370: IMPNRGZ | N370: elc_won_ZAF_020 | O370: S03aH06 | P370: 0.12809985 | Q370: IMPNRGZ | S370: elc_wof_ZAF_020 | T370: S03aH06 | U370: 0.078472304 | V370: IMPNRGZ
I371: elc_spv_ZAF_021 | J371: S01aH01 | K371: 0.010180049 | L371: IMPNRGZ | N371: elc_won_ZAF_021 | O371: S01aH01 | P371: 0.13287964 | Q371: IMPNRGZ
I372: elc_spv_ZAF_021 | J372: S01aH02 | K372: 0.027609233 | L372: IMPNRGZ | N372: elc_won_ZAF_021 | O372: S01aH02 | P372: 0.016250987 | Q372: IMPNRGZ
I373: elc_spv_ZAF_021 | J373: S01aH03 | K373: 0.37020847 | L373: IMPNRGZ | N373: elc_won_ZAF_021 | O373: S01aH03 | P373: 0.13032968 | Q373: IMPNRGZ
I374: elc_spv_ZAF_021 | J374: S01aH04 | K374: 0.029629043 | L374: IMPNRGZ | N374: elc_won_ZAF_021 | O374: S01aH04 | P374: 0.018129065 | Q374: IMPNRGZ
I375: elc_spv_ZAF_021 | J375: S01aH05 | K375: 0.01680865 | L375: IMPNRGZ | N375: elc_won_ZAF_021 | O375: S01aH05 | P375: 0.021803284 | Q375: IMPNRGZ
I376: elc_spv_ZAF_021 | J376: S01aH06 | K376: 0.0042445443 | L376: IMPNRGZ | N376: elc_won_ZAF_021 | O376: S01aH06 | P376: 0.12753277 | Q376: IMPNRGZ
I377: elc_spv_ZAF_021 | J377: S02aH01 | K377: 0 | L377: IMPNRGZ | N377: elc_won_ZAF_021 | O377: S02aH01 | P377: 0.049069743 | Q377: IMPNRGZ
I378: elc_spv_ZAF_021 | J378: S02aH02 | K378: 0.0022023846 | L378: IMPNRGZ | N378: elc_won_ZAF_021 | O378: S02aH02 | P378: 0.0061668806 | Q378: IMPNRGZ
I379: elc_spv_ZAF_021 | J379: S02aH03 | K379: 0.091735469 | L379: IMPNRGZ | N379: elc_won_ZAF_021 | O379: S02aH03 | P379: 0.036434624 | Q379: IMPNRGZ
I380: elc_spv_ZAF_021 | J380: S02aH04 | K380: 0.0058351808 | L380: IMPNRGZ | N380: elc_won_ZAF_021 | O380: S02aH04 | P380: 0.0052336389 | Q380: IMPNRGZ
I381: elc_spv_ZAF_021 | J381: S02aH05 | K381: 0 | L381: IMPNRGZ | N381: elc_won_ZAF_021 | O381: S02aH05 | P381: 0.0074273444 | Q381: IMPNRGZ
I382: elc_spv_ZAF_021 | J382: S02aH06 | K382: 0 | L382: IMPNRGZ | N382: elc_won_ZAF_021 | O382: S02aH06 | P382: 0.0442388 | Q382: IMPNRGZ
... I766: elc_spv_ZAF_042 | J766: S03aH06 | K766: 0.0039694707 | L766: IMPNRGZ | N766: elc_won_ZAF_042 | O766: S03aH06 | P766: 0.10610766 | Q766: IMPNRGZ
I767: elc_spv_ZAF_043 | J767: S01aH01 | K767: 0.0009617949 | L767: IMPNRGZ
I768: elc_spv_ZAF_043 | J768: S01aH02 | K768: 0.013905353 | L768: IMPNRGZ
I769: elc_spv_ZAF_043 | J769: S01aH03 | K769: 0.37864943 | L769: IMPNRGZ
I770: elc_spv_ZAF_043 | J770: S01aH04 | K770: 0.033881281 | L770: IMPNRGZ
I771: elc_spv_ZAF_043 | J771: S01aH05 | K771: 0.018624682 | L771: IMPNRGZ
I772: elc_spv_ZAF_043 | J772: S01aH06 | K772: 0.0068236323 | L772: IMPNRGZ
I773: elc_spv_ZAF_043 | J773: S02aH01 | K773: 0 | L773: IMPNRGZ
I774: elc_spv_ZAF_043 | J774: S02aH02 | K774: 0 | L774: IMPNRGZ
I775: elc_spv_ZAF_043 | J775: S02aH03 | K775: 0.11997018 | L775: IMPNRGZ
I776: elc_spv_ZAF_043 | J776: S02aH04 | K776: 0.011312532 | L776: IMPNRGZ
I777: elc_spv_ZAF_043 | J777: S02aH05 | K777: 0.0028059607 | L777: IMPNRGZ
I778: elc_spv_ZAF_043 | J778: S02aH06 | K778: 0 | L778: IMPNRGZ
... I784: elc_spv_ZAF_043 | J784: S03aH06 | K784: 0.0031977914 | L784: IMPNRGZ

Sheet ts_036
C9: =IF(A11="x","DeActivated","~TimeSlices") -> DeActivated | I9: =IF(A11="x","DeActivated","~TFM_DINS-AT") -> DeActivated | N9: =IF(A11="x","DeActivated","~TFM_DINS-AT") -> DeActivated | S9: =IF(A11="x","DeActivated","~TFM_DINS-AT") -> DeActivated | X9: =IF(A11="x","DeActivated","~TFM_DINS-TSL: attribute=FLO_EMIS; other_indexes=ACT") -> DeActivated | AY9: =IF(A11="x","DeActivated","~TFM_INS-TSL: attribute=FLO_SHAR; limtype=FX") -> DeActivated | BZ9: =IF(A11="x","DeActivated","~TFM_INS-TSL: attribute=FLO_SHAR; limtype=FX") -> DeActivated | DA9: =IF(A11="x","DeActivated","~TFM_DINS-TSL: attribute=NCAP_PKCNT") -> DeActivated | EA9: =IF(A11="x","DeActivated","~TFM_INS-AT") -> DeActivated | EF9: =IF(A11="x","DeActivated","~TFM_DINS-AT") -> DeActivated | EK9: =IF(A11="x","DeActivated","~TFM_DINS-AT") -> DeActivated | EO9: =IF(A11="x","DeActivated","~TFM_DINS-AT") -> DeActivated | ES9: =IF(A11="x","DeActivated","~TFM_INS-AT") -> DeActivated
A10: ts_036 | C10: season | D10: weekly | E10: daynite | F10: wparent | G10: dparent | I10: commodity | J10: timeslice | K10: com_fr | L10: process | N10: commodity | O10: timeslice | P10: com_fr | Q10: process | S10: commodity | T10: timeslice | U10: com_fr | V10: process | X10: process | Y10: commodity | Z10: S01aH01 | AA10: S01aH02 | AB10: S01aH03 | AC10: S01aH04 | AD10: S01aH05 | AE10: S01aH06 | AF10: S02aH01 | AG10: S02aH02 | AH10: S02aH03 | AI10: S02aH04 | AJ10: S02aH05 | AK10: S02aH06 | AL10: S03aH01 | AM10: S03aH02 | AN10: S03aH03 | AO10: S03aH04 | AP10: S03aH05 | AQ10: S03aH06 | AR10: S04aH01 | AS10: S04aH02 | AT10: S04aH03 | AU10: S04aH04 | AV10: S04aH05 | AW10: S04aH06 | AY10: process | AZ10: commodity | BA10: S01aH01 | BB10: S01aH02 | BC10: S01aH03 | BD10: S01aH04 | BE10: S01aH05 | BF10: S01aH06 | BG10: S02aH01 | BH10: S02aH02 | BI10: S02aH03 | BJ10: S02aH04 | BK10: S02aH05 | BL10: S02aH06 | BM10: S03aH01 | BN10: S03aH02 | BO10: S03aH03 | BP10: S03aH04 | BQ10: S03aH05 | BR10: S03aH06 | BS10: S04aH01 | BT10: S04aH02 | BU10: S04aH03 | BV10: S04aH04 | BW10: S04aH05 | BX10: S04aH06 | BZ10: process | CA10: commodity | CB10: S01aH01 | CC10: S01aH02 | CD10: S01aH03 | CE10: S01aH04 | CF10: S01aH05 | CG10: S01aH06 | CH10: S02aH01 | CI10: S02aH02 | CJ10: S02aH03 | CK10: S02aH04 | CL10: S02aH05 | CM10: S02aH06 | CN10: S03aH01 | CO10: S03aH02 | CP10: S03aH03 | CQ10: S03aH04 | CR10: S03aH05 | CS10: S03aH06 | CT10: S04aH01 | CU10: S04aH02 | CV10: S04aH03 | CW10: S04aH04 | CX10: S04aH05 | CY10: S04aH06 | DA10: process | DB10: S01aH01 | DC10: S01aH02 | DD10: S01aH03 | DE10: S01aH04 | DF10: S01aH05 | DG10: S01aH06 | DH10: S02aH01 | DI10: S02aH02 | DJ10: S02aH03 | DK10: S02aH04 | DL10: S02aH05 | DM10: S02aH06 | DN10: S03aH01 | DO10: S03aH02 | DP10: S03aH03 | DQ10: S03aH04 | DR10: S03aH05 | DS10: S03aH06 | DT10: S04aH01 | DU10: S04aH02 | DV10: S04aH03 | DW10: S04aH04 | DX10: S04aH05 | DY10: S04aH06 | EA10: process | EB10: commodity | EC10: other_indexes | ED10: ncap_com | EF10: g_yrfr | EG10: com_fr | EH10: timeslice | EI10: commodity | EK10: commodity | EL10: timeslice | EM10: com_fr | EO10: commodity | EP10: timeslice | EQ10: com_pkflx | ES10: Year | ET10: timeslice | EU10: ncap_afs | EV10: pset_ci
A11: =IFERROR(IF(Veda!D5=A10,"ok","x"),"") -> x | C11: S01 | D11: a | E11: H01 | F11: S01,S02,S03,S04 | G11: a | I11: elc_spv_ZAF_001 | J11: S01aH01 | K11: 0.011541313 | L11: IMPNRGZ | N11: elc_won_ZAF_001 | O11: S01aH01 | P11: 0.094917083 | Q11: IMPNRGZ | S11: elc_wof_ZAF_001 | T11: S01aH01 | U11: 0.14189169 | V11: IMPNRGZ | X11: distr_solelc_spv_ZAF_001 | Y11: DEF_E | Z11: 0.92899408 | AA11: 0.12436401 | AB11: 0.093065636 | AC11: 0.15496565 | AD11: 0.54101181 | AE11: 0 | AF11: 0 | AG11: 0.061330887 | AH11: 0.073565684 | AI11: 0.098680194 | AJ11: 0 | AK11: 0 | AL11: 0.85545069 | AM11: 0.094669804 | AN11: 0.067322161 | AO11: 0.10776195 | AP11: 0.62825858 | AQ11: 0 | AR11: 0.79938703 | AS11: 0.15335443 | AT11: 0.1012177 | AU11: 0.13917665 | AV11: 0.18467254 | AW11: 0 | AY11: distr_sol* | AZ11: ELC4H | BA11: 0.86556135 | BB11: 0.095373567 | BC11: 0.01609613 | BD11: 0.0010439479 | BE11: 0.011062311 | BF11: 0.12721901 | BG11: 0 | BH11: 0.12182006 | BI11: 0.032440119 | BJ11: 0.0089157028 | BK11: 0.071350001 | BL11: 0 | BM11: 0.73652016 | BN11: 0.048308877 | BO11: 0.011831317 | BP11: 0.013247633 | BQ11: 0.065862447 | BR11: 0.75138613 | BS11: 0.62794398 | BT11: 0.031461381 | BU11: 0.0090598845 | BV11: 0.017325261 | BW11: 0.024342472 | BX11: 0.55310307 | BZ11: distr_sol* | CA11: ELC8H | CB11: 0 | CC11: 0 | CD11: 0.035994658 | CE11: 0.0026918278 | CF11: 0.0093894164 | CG11: 0.0026370448 | CH11: 0 | CI11: 0 | CJ11: 0.0088409986 | CK11: 0.022942795 | CL11: 0.081064777 | CM11: 0 | CN11: 0 | CO11: 0 | CP11: 0.018240489 | CQ11: 0.0020026826 | CR11: 0.0057538655 | CS11: 0 | CT11: 0 | CU11: 0 | CV11: 0.018148905 | CW11: 0 | CX11: 0 | CY11: 0 | DA11: distr_solelc_spv_ZAF_001 | DB11: 0.021544156 | DC11: 0.42922018 | DD11: 0.54708494 | DE11: 0.35112058 | DF11: 0.13544394 | DG11: 0 | DH11: 0 | DI11: 0.28098606 | DJ11: 0.44153718 | DK11: 0.2485342 | DL11: 0 | DM11: 0 | DN11: 0.042066981 | DO11: 0.51129319 | DP11: 0.62706334 | DQ11: 0.37091263 | DR11: 0.064356575 | DS11: 0 | DT11: 0.053722223 | DU11: 0.49331496 | DV11: 0.59446452 | DW11: 0.38688142 | DX11: 0.24203869 | DY11: 0 | EA11: distr_sol* | EB11: DEF_C | EC11: OUT | ED11: 0.20442076 | EF11: 0.13504566 | EG11: 0.053332007 | EH11: S01aH01 | EI11: elc_roadtransport | EK11: elc_buildings | EL11: S01aH01 | EM11: 0.096063649 | EO11: ELC | EP11: S01aH01 | EQ11: 0.16784921 | ES11: 2020 | ET11: S01 | EU11: 0.1252 | EV11: hydro
C12: S02 | E12: H02 | G12: a | I12: elc_spv_ZAF_001 | J12: S01aH02 | K12: 0.032847915 | L12: IMPNRGZ | N12: elc_won_ZAF_001 | O12: S01aH02 | P12: 0.015250939 | Q12: IMPNRGZ | S12: elc_wof_ZAF_001 | T12: S01aH02 | U12: 0.018251977 | V12: IMPNRGZ | X12: distr_solelc_spv_ZAF_002 | Y12: DEF_E | Z12: 0.93852529 | AA12: 0.13255428 | AB12: 0.10186482 | AC12: 0.16305404 | AD12: 0.52321879 | AE12: 0 | AF12: 0 | AG12: 0.05279114 | AH12: 0.069722361 | AI12: 0.092299084 | AJ12: 0 | AK12: 0 | AL12: 0.86659646 | AM12: 0.095268179 | AN12: 0.063921876 | AO12: 0.10379602 | AP12: 0.55324285 | AQ12: 0 | AR12: 0.78601298 | AS12: 0.11292727 | AT12: 0.087748422 | AU12: 0.15483201 | AV12: 0.18480606 | AW12: 0 | AY12: distr_won* | AZ12: ELC4H | BA12: 0.0053686038 | BB12: 0.00071044611 | BC12: 0.019319258 | BD12: 0.015921303 | BE12: 0.027039031 | BF12: 0.012935742 | BG12: 0.0037237679 | BH12: 0.0040825259 | BI12: 0.013707657 | BJ12: 0.0016120027 | BK12: 0 | BL12: 0.0023585482 | BM12: 0.0050504684 | BN12: 0.012049234 | BO12: 0.023545586 | BP12: 0.01381731 | BQ12: 0.0087346226 | BR12: 0.01486275 | BS12: 0.0046910982 | BT12: 0.0076522255 | BU12: 0.06906875 | BV12: 0.012617741 | BW12: 0.017374903 | BX12: 0.030812759 | BZ12: distr_won* | CA12: ELC8H | CB12: 0.025339237 | CC12: 0.015801547 | CD12: 0.01488761 | CE12: 0.038829841 | CF12: 0.031490838 | CG12: 0.033351026 | CH12: 0.01347685 | CI12: 0.014232248 | CJ12: 0.012584427 | CK12: 0.028920518 | CL12: 0.031240662 | CM12: 0.01317538 | CN12: 0.028528741 | CO12: 0.015433937 | CP12: 0.048972652 | CQ12: 0.030683655 | CR12: 0.028390609 | CS12: 0.021530372 | CT12: 0.049689665 | CU12: 0 | CV12: 0.032255231 | CW12: 0.067743858 | CX12: 0.042372429 | CY12: 0.038816268 | DA12: distr_solelc_spv_ZAF_002 | DB12: 0.021098174 | DC12: 0.44363143 | DD12: 0.55632311 | DE12: 0.37772361 | DF12: 0.16503484 | DG12: 0 | DH12: 0 | DI12: 0.29967591 | DJ12: 0.43823837 | DK12: 0.27282038 | DL12: 0 | DM12: 0 | DN12: 0.044011708 | DO12: 0.53608344 | DP12: 0.64532264 | DQ12: 0.42543262 | DR12: 0.11525784 | DS12: 0 | DT12: 0.061329427 | DU12: 0.55991549 | DV12: 0.64912708 | DW12: 0.44494295 | DX12: 0.28451459 | DY12: 0 | EA12: distr_won* | EB12: DEF_C | EC12: OUT | ED12: 0.20442076 | EF12: 0.019292237 | EG12: 0.032212084 | EH12: S01aH02 | EI12: elc_roadtransport | EK12: elc_buildings | EL12: S01aH02 | EM12: 0.016427936 | EO12: ELC | EP12: S01aH02 | EQ12: 0.15589029 | ES12: 2020 | ET12: S02 | EU12: 0.078466667 | EV12: hydro
C13: S03 | E13: H03 | G13: a | I13: elc_spv_ZAF_001 | J13: S01aH03 | K13: 0.37681219 | L13: IMPNRGZ | N13: elc_won_ZAF_001 | O13: S01aH03 | P13: 0.18902348 | Q13: IMPNRGZ | S13: elc_wof_ZAF_001 | T13: S01aH03 | U13: 0.15920147 | V13: IMPNRGZ | X13: distr_solelc_spv_ZAF_003 | Y13: DEF_E | Z13: 0.93829248 | AA13: 0.1706581 | AB13: 0.12384904 | AC13: 0.2634612 | AD13: 0.53990915 | AE13: 0.97869822 | AF13: 0 | AG13: 0.35812958 | AH13: 0.080782922 | AI13: 0.24889724 | AJ13: 0 | AK13: 0 | AL13: 0.85962402 | AM13: 0.11381307 | AN13: 0.075748821 | AO13: 0.10938486 | AP13: 0.53467999 | AQ13: 0 | AR13: 0.73773438 | AS13: 0.056676445 | AT13: 0.058828672 | AU13: 0.11626643 | AV13: 0.14205375 | AW13: 0.9862069 | AY13: distr_wof* | AZ13: ELC4H | BA13: 0.0038577591 | BB13: 0.00027879027 | BC13: 0.0051332072 | BD13: 0.0043677065 | BE13: 0.0032844719 | BF13: 0.0015224164 | BG13: 0.0027968255 | BH13: 0.00097221232 | BI13: 0.0013545888 | BJ13: 0 | BK13: 0.0022677566 | BL13: 0.0013823827 | BM13: 0.0031009615 | BN13: 0 | BO13: 0.0077571509 | BP13: 0.0071489519 | BQ13: 0.0028118406 | BR13: 0.0014419604 | BS13: 0.00095531253 | BT13: 0.0041918516 | BU13: 0.0069390279 | BV13: 0.0082933318 | BW13: 0 | BX13: 0.00037979663 | BZ13: distr_wof* | CA13: ELC8H | CB13: 0.0085536925 | CC13: 0.018567813 | CD13: 0.0041552845 | CE13: 0.0054339352 | CF13: 0.0082929211 | CG13: 0.0090172797 | CH13: 0.009755426 | CI13: 0.016631325 | CJ13: 0.0035587176 | CK13: 0.0021965209 | CL13: 0.0014201592 | CM13: 0.0033296056 | CN13: 0.0083030042 | CO13: 0.01353837 | CP13: 0.0090126527 | CQ13: 0.0082782211 | CR13: 0.013353184 | CS13: 0.011412689 | CT13: 0.0011980511 | CU13: 0.00035535181 | CV13: 0.0050730815 | CW13: 0.0016026257 | CX13: 0.014096589 | CY13: 0.015624566 | DA13: distr_solelc_spv_ZAF_003 | DB13: 0.023762742 | DC13: 0.43480411 | DD13: 0.55299022 | DE13: 0.36623868 | DF13: 0.18629449 | DG13: 5.6879514e-05 | DH13: 0 | DI13: 0.17653712 | DJ13: 0.40036897 | DK13: 0.21986146 | DL13: 0 | DM13: 0 | DN13: 0.051652025 | DO13: 0.53347868 | DP13: 0.6367916 | DQ13: 0.44233989 | DR13: 0.13848033 | DS13: 0 | DT13: 0.090003276 | DU13: 0.62462232 | DV13: 0.69680435 | DW13: 0.49527105 | DX13: 0.33774947 | DY13: 1.220992e-05 | EA13: distr_wof* | EB13: DEF_C | EC13: OUT | ED13: 0.20442076 | EF13: 0.17363014 | EG13: 0.23797728 | EH13: S01aH03 | EI13: elc_roadtransport | EK13: elc_buildings | EL13: S01aH03 | EM13: 0.19488805 | EO13: ELC | EP13: S01aH03 | EQ13: 0.1725429 | ES13: 2020 | ET13: S03 | EU13: 0.10894 | EV13: hydro
C14: S04 | E14: H04 | G14: a | I14: elc_spv_ZAF_001 | J14: S01aH04 | K14: 0.026871009 | L14: IMPNRGZ | N14: elc_won_ZAF_001 | O14: S01aH04 | P14: 0.02243972 | Q14: IMPNRGZ | S14: elc_wof_ZAF_001 | T14: S01aH04 | U14: 0.020679218 | V14: IMPNRGZ | X14: distr_solelc_spv_ZAF_004 | Y14: DEF_E | Z14: 0.92509059 | AA14: 0.1526317 | AB14: 0.12642086 | AC14: 0.31771396 | AD14: 0.57918346 | AE14: 0 | AF14: 0 | AG14: 0.098680281 | AH14: 0.081585066 | AI14: 0.43326443 | AJ14: 0 | AK14: 0 | AL14: 0.84481744 | AM14: 0.12145386 | AN14: 0.075862541 | AO14: 0.11660165 | AP14: 0.61807996 | AQ14: 0 | AR14: 0.72759941 | AS14: 0.097830749 | AT14: 0.073791888 | AU14: 0.15183686 | AV14: 0.17230619 | AW14: 0 | DA14: distr_solelc_spv_ZAF_004 | DB14: 0.026826399 | DC14: 0.44157242 | DD14: 0.53936482 | DE14: 0.31526546 | DF14: 0.15267876 | DG14: 0 | DH14: 0 | DI14: 0.29689312 | DJ14: 0.40567063 | DK14: 0.16462703 | DL14: 0 | DM14: 0 | DN14: 0.056745718 | DO14: 0.52434653 | DP14: 0.6313567 | DQ14: 0.41789513 | DR14: 0.10447039 | DS14: 0 | DT14: 0.098701962 | DU14: 0.5920044 | DV14: 0.66838738 | DW14: 0.44476494 | DX14: 0.29121476 | DY14: 0 | EF14: 0.019292237 | EG14: 0.037534081 | EH14: S01aH04 | EI14: elc_roadtransport | EK14: elc_buildings | EL14: S01aH04 | EM14: 0.022022741 | EO14: ELC | EP14: S01aH04 | EQ14: 0.17143874 | ES14: 2020 | ET14: S04 | EU14: 0.1075 | EV14: hydro
E15: H05 | G15: a | I15: elc_spv_ZAF_001 | J15: S01aH05 | K15: 0.010365429 | L15: IMPNRGZ | N15: elc_won_ZAF_001 | O15: S01aH05 | P15: 0.021812481 | Q15: IMPNRGZ | S15: elc_wof_ZAF_001 | T15: S01aH05 | U15: 0.021004028 | V15: IMPNRGZ | X15: distr_solelc_spv_ZAF_005 | Y15: DEF_E | Z15: 0.92867893 | AA15: 0.13809504 | AB15: 0.11201159 | AC15: 0.28851574 | AD15: 0.57625567 | AE15: 0 | AF15: 0 | AG15: 0.059219771 | AH15: 0.073866373 | AI15: 0.33436803 | AJ15: 0 | AK15: 0 | AL15: 0.84395782 | AM15: 0.103684 | AN15: 0.074939018 | AO15: 0.12619168 | AP15: 0.6640656 | AQ15: 0 | AR15: 0.73837592 | AS15: 0.12119303 | AT15: 0.091766335 | AU15: 0.18085848 | AV15: 0.20119522 | AW15: 0 | DA15: distr_solelc_spv_ZAF_005 | DB15: 0.025659293 | DC15: 0.44224972 | DD15: 0.53984043 | DE15: 0.30075213 | DF15: 0.13438529 | DG15: 0 | DH15: 0 | DI15: 0.30006598 | DJ15: 0.42508471 | DK15: 0.19074079 | DL15: 0 | DM15: 0 | DN15: 0.055514914 | DO15: 0.53822217 | DP15: 0.62767809 | DQ15: 0.3845803 | DR15: 0.078992048 | DS15: 0 | DT15: 0.087660663 | DU15: 0.55670675 | DV15: 0.64186595 | DW15: 0.41531825 | DX15: 0.26660537 | DY15: 0 | EF15: 0.019292237 | EG15: 0.029130928 | EH15: S01aH05 | EI15: elc_roadtransport | EK15: elc_buildings | EL15: S01aH05 | EM15: 0.022481033 | EO15: ELC | EP15: S01aH05 | EQ15: 0.16499957 | ES15: 2021 | ET15: S01 | EU15: 0.3028 | EV15: hydro
E16: H06 | G16: a | I16: elc_spv_ZAF_001 | J16: S01aH06 | K16: 0 | L16: IMPNRGZ | N16: elc_won_ZAF_001 | O16: S01aH06 | P16: 0.08011632 | Q16: IMPNRGZ | S16: elc_wof_ZAF_001 | T16: S01aH06 | U16: 0.10672545 | V16: IMPNRGZ | X16: distr_solelc_spv_ZAF_006 | Y16: DEF_E | Z16: 0.95874557 | AA16: 0.22144881 | AB16: 0.11669867 | AC16: 0.1647325 | AD16: 0.47456876 | AE16: 0.95549301 | AF16: 0 | AG16: 0.70070276 | AH16: 0.079999259 | AI16: 0.10162007 | AJ16: 0 | AK16: 0 | AL16: 0.90707351 | AM16: 0.1295658 | AN16: 0.069447933 | AO16: 0.08741657 | AP16: 0.31888937 | AQ16: 0 | AR16: 0.85714286 | AS16: 0.034898213 | AT16: 0.047439439 | AU16: 0.11690942 | AV16: 0.14503225 | AW16: 0.86668321 | DA16: distr_solelc_spv_ZAF_006 | DB16: 0.014721624 | DC16: 0.37936213 | DD16: 0.57294242 | DE16: 0.45594948 | DF16: 0.23579746 | DG16: 0.013282914 | DH16: 0 | DI16: 0.060010584 | DJ16: 0.40050994 | DK16: 0.27545729 | DL16: 0 | DM16: 0 | DN16: 0.03420431 | DO16: 0.49435226 | DP16: 0.64870581 | DQ16: 0.50380813 | DR16: 0.25200483 | DS16: 0 | DT16: 0.060113734 | DU16: 0.62746038 | DV16: 0.72197645 | DW16: 0.55358335 | DX16: 0.40842155 | DY16: 0.02709306 | EF16: 0.096461187 | EG16: 0.072827321 | EH16: S01aH06 | EI16: elc_roadtransport | EK16: elc_buildings | EL16: S01aH06 | EM16: 0.10821849 | EO16: ELC | EP16: S01aH06 | EQ16: 0.22616622 | ES16: 2021 | ET16: S02 | EU16: 0.066333333 | EV16: hydro
I17: elc_spv_ZAF_001 | J17: S02aH01 | K17: 0 | L17: IMPNRGZ | N17: elc_won_ZAF_001 | O17: S02aH01 | P17: 0.06701279 | Q17: IMPNRGZ | S17: elc_wof_ZAF_001 | T17: S02aH01 | U17: 0.048064228 | V17: IMPNRGZ | X17: distr_solelc_spv_ZAF_007 | Y17: DEF_E | Z17: 0.9501268 | AA17: 0.21829803 | AB17: 0.12903611 | AC17: 0.18840148 | AD17: 0.49626727 | AE17: 0.96094675 | AF17: 0 | AG17: 0.65625147 | AH17: 0.10758692 | AI17: 0.13894635 | AJ17: 0 | AK17: 0 | AL17: 0.89793094 | AM17: 0.12968963 | AN17: 0.079066442 | AO17: 0.1001241 | AP17: 0.39962451 | AQ17: 0 | AR17: 0.84841036 | AS17: 0.058176881 | AT17: 0.052828532 | AU17: 0.12150794 | AV17: 0.15392113 | AW17: 0.88127682 | DA17: distr_solelc_spv_ZAF_007 | DB17: 0.018687772 | DC17: 0.39701677 | DD17: 0.55709346 | DE17: 0.43215885 | DF17: 0.22715785 | DG17: 0.010926529 | DH17: 0 | DI17: 0.073423835 | DJ17: 0.36737194 | DK17: 0.25730526 | DL17: 0 | DM17: 0 | DN17: 0.038598156 | DO17: 0.50700839 | DP17: 0.63209646 | DQ17: 0.48257191 | DR17: 0.21138138 | DS17: 0 | DT17: 0.063591436 | DU17: 0.62114477 | DV17: 0.71074985 | DW17: 0.52681737 | DX17: 0.38118011 | DY17: 0.021144219 | EF17: 0.051141553 | EG17: 0.020196737 | EH17: S02aH01 | EI17: elc_roadtransport | EK17: elc_buildings | EL17: S02aH01 | EM17: 0.038053023 | EO17: ELC | EP17: S02aH01 | EQ17: 0.13593048 | ES17: 2021 | ET17: S03 | EU17: 0.20572 | EV17: hydro
I18: elc_spv_ZAF_001 | J18: S02aH02 | K18: 0.0081433991 | L18: IMPNRGZ | N18: elc_won_ZAF_001 | O18: S02aH02 | P18: 0.010363417 | Q18: IMPNRGZ | S18: elc_wof_ZAF_001 | T18: S02aH02 | U18: 0.0067235627 | V18: IMPNRGZ | X18: distr_solelc_spv_ZAF_008 | Y18: DEF_E | Z18: 0.9602705 | AA18: 0.1343281 | AB18: 0.094519892 | AC18: 0.13861259 | AD18: 0.4727391 | AE18: 0 | AF18: 0 | AG18: 0.47924848 | AH18: 0.064003199 | AI18: 0.069234647 | AJ18: 0 | AK18: 0 | AL18: 0.90614418 | AM18: 0.099357116 | AN18: 0.057265743 | AO18: 0.095465536 | AP18: 0.37423926 | AQ18: 0 | AR18: 0.86257226 | AS18: 0.13408414 | AT18: 0.096442358 | AU18: 0.12455633 | AV18: 0.18164297 | AW18: 0 | DA18: distr_solelc_spv_ZAF_008 | DB18: 0.013003343 | DC18: 0.41657608 | DD18: 0.58248892 | DE18: 0.43708463 | DF18: 0.20147301 | DG18: 0 | DH18: 0 | DI18: 0.14954517 | DJ18: 0.45821671 | DK18: 0.30752927 | DL18: 0 | DM18: 0 | DN18: 0.03305662 | DO18: 0.5101561 | DP18: 0.66307862 | DQ18: 0.45865607 | DR18: 0.19176138 | DS18: 0 | DT18: 0.047362287 | DU18: 0.52675807 | DV18: 0.6545041 | DW18: 0.49000629 | DX18: 0.31569857 | DY18: 0 | EF18: 0.0073059361 | EG18: 0.012198659 | EH18: S02aH02 | EI18: elc_roadtransport | EK18: elc_buildings | EL18: S02aH02 | EM18: 0.0071060791 | EO18: ELC | EP18: S02aH02 | EQ18: 0.073113452 | ES18: 2021 | ET18: S04 | EU18: 0.6093 | EV18: hydro
I19: elc_spv_ZAF_001 | J19: S02aH03 | K19: 0.11516771 | L19: IMPNRGZ | N19: elc_won_ZAF_001 | O19: S02aH03 | P19: 0.11592649 | Q19: IMPNRGZ | S19: elc_wof_ZAF_001 | T19: S02aH03 | U19: 0.056342864 | V19: IMPNRGZ | X19: distr_solelc_spv_ZAF_009 | Y19: DEF_E | Z19: 0.94919054 | AA19: 0.16099624 | AB19: 0.10473956 | AC19: 0.15456878 | AD19: 0.49649598 | AE19: 0.96686391 | AF19: 0 | AG19: 0.47669878 | AH19: 0.067242409 | AI19: 0.057131368 | AJ19: 0 | AK19: 0 | AL19: 0.89856878 | AM19: 0.10236936 | AN19: 0.06354042 | AO19: 0.094475526 | AP19: 0.3946864 | AQ19: 0 | AR19: 0.85791536 | AS19: 0.06582182 | AT19: 0.065843779 | AU19: 0.14346708 | AV19: 0.16554054 | AW19: 0.95172414 | DA19: distr_solelc_spv_ZAF_009 | DB19: 0.017406009 | DC19: 0.42043676 | DD19: 0.57179721 | DE19: 0.43125112 | DF19: 0.20504715 | DG19: 0.0015699975 | DH19: 0 | DI19: 0.13756688 | DJ19: 0.4318119 | DK19: 0.29624362 | DL19: 0 | DM19: 0 | DN19: 0.037723554 | DO19: 0.51965748 | DP19: 0.65179557 | DQ19: 0.46789077 | DR19: 0.18373916 | DS19: 0 | DT19: 0.059050905 | DU19: 0.60178716 | DV19: 0.68937619 | DW19: 0.4957243 | DX19: 0.34191617 | DY19: 0.00088219133 | EF19: 0.065753425 | EG19: 0.090121572 | EH19: S02aH03 | EI19: elc_roadtransport | EK19: elc_buildings | EL19: S02aH03 | EM19: 0.078121522 | EO19: ELC | EP19: S02aH03 | EQ19: 0.11436444 | ES19: 2022 | ET19: S01 | EU19: 0.6472 | EV19: hydro
I20: elc_spv_ZAF_001 | J20: S02aH04 | K20: 0.0072028954 | L20: IMPNRGZ | N20: elc_won_ZAF_001 | O20: S02aH04 | P20: 0.0098858253 | Q20: IMPNRGZ | S20: elc_wof_ZAF_001 | T20: S02aH04 | U20: 0.0062522343 | V20: IMPNRGZ | X20: distr_solelc_spv_ZAF_010 | Y20: DEF_E | Z20: 0.96025204 | AA20: 0.35917535 | AB20: 0.16195613 | AC20: 0.19514019 | AD20: 0.46940464 | AE20: 0.94536141 | AF20: 0 | AG20: 0.90524003 | AH20: 0.1256984 | AI20: 0.14573923 | AJ20: 0 | AK20: 0 | AL20: 0.91363559 | AM20: 0.19255007 | AN20: 0.11645317 | AO20: 0.1367867 | AP20: 0.2901834 | AQ20: 0.9878363 | AR20: 0.85714286 | AS20: 0.083629479 | AT20: 0.038965501 | AU20: 0.04712894 | AV20: 0.073108656 | AW20: 0.8 | DA20: distr_solelc_spv_ZAF_010 | DB20: 0.012676769 | DC20: 0.28581135 | DD20: 0.50939799 | DE20: 0.44291746 | DF20: 0.25490159 | DG20: 0.019415482 | DH20: 0 | DI20: 0.01247993 | DJ20: 0.30294077 | DK20: 0.23205243 | DL20: 0 | DM20: 0 | DN20: 0.02799405 | DO20: 0.39172184 | DP20: 0.56453034 | DQ20: 0.45824582 | DR20: 0.26771067 | DS20: 0.0012442224 | DT20: 0.054925695 | DU20: 0.5657055 | DV20: 0.72412191 | DW20: 0.63627296 | DX20: 0.50438577 | DY20: 0.059106187 | EF20: 0.0073059361 | EG20: 0.01421409 | EH20: S02aH04 | EI20: elc_roadtransport | EK20: elc_buildings | EL20: S02aH04 | EM20: 0.009302833 | EO20: ELC | EP20: S02aH04 | EQ20: 0.10042749 | ES20: 2022 | ET20: S02 | EU20: 0.1762 | EV20: hydro
I21: elc_spv_ZAF_001 | J21: S02aH05 | K21: 0 | L21: IMPNRGZ | N21: elc_won_ZAF_001 | O21: S02aH05 | P21: 0.0086571098 | Q21: IMPNRGZ | S21: elc_wof_ZAF_001 | T21: S02aH05 | U21: 0.0062984988 | V21: IMPNRGZ | X21: distr_solelc_spv_ZAF_011 | Y21: DEF_E | Z21: 0.95519865 | AA21: 0.27932661 | AB21: 0.14795277 | AC21: 0.19079948 | AD21: 0.48542862 | AE21: 0.95114706 | AF21: 0 | AG21: 0.80713852 | AH21: 0.13186774 | AI21: 0.14659805 | AJ21: 0 | AK21: 0 | AL21: 0.90834211 | AM21: 0.17187932 | AN21: 0.1033576 | AO21: 0.13414819 | AP21: 0.36502735 | AQ21: 0.9961165 | AR21: 0.85714286 | AS21: 0.059888189 | AT21: 0.039538984 | AU21: 0.077650025 | AV21: 0.10249399 | AW21: 0.81107196 | DA21: distr_solelc_spv_ZAF_011 | DB21: 0.016497959 | DC21: 0.34584629 | DD21: 0.52447718 | DE21: 0.43686189 | DF21: 0.23869856 | DG21: 0.015895939 | DH21: 0 | DI21: 0.025899265 | DJ21: 0.31396311 | DK21: 0.24185562 | DL21: 0 | DM21: 0 | DN21: 0.033039232 | DO21: 0.4454654 | DP21: 0.59250533 | DQ21: 0.46103561 | DR21: 0.23839004 | DS21: 1.4305723e-06 | DT21: 0.061496157 | DU21: 0.60407461 | DV21: 0.71866368 | DW21: 0.5897654 | DX21: 0.45740527 | DY21: 0.048722001 | EF21: 0.0073059361 | EG21: 0.011031831 | EH21: S02aH05 | EI21: elc_roadtransport | EK21: elc_buildings | EL21: S02aH05 | EM21: 0.0097177768 | EO21: ELC | EP21: S02aH05 | EQ21: 0.091700152 | ES21: 2022 | ET21: S03 | EU21: 0.34526 | EV21: hydro
I22: elc_spv_ZAF_001 | J22: S02aH06 | K22: 0 | L22: IMPNRGZ | N22: elc_won_ZAF_001 | O22: S02aH06 | P22: 0.039030044 | Q22: IMPNRGZ | S22: elc_wof_ZAF_001 | T22: S02aH06 | U22: 0.032510935 | V22: IMPNRGZ | X22: distr_solelc_spv_ZAF_012 | Y22: DEF_E | Z22: 0.96047285 | AA22: 0.31974029 | AB22: 0.14246662 | AC22: 0.17433218 | AD22: 0.44854385 | AE22: 0.94523262 | AF22: 0 | AG22: 0.86905835 | AH22: 0.12044375 | AI22: 0.11720118 | AJ22: 0 | AK22: 0 | AL22: 0.91146224 | AM22: 0.18131533 | AN22: 0.092456418 | AO22: 0.10044704 | AP22: 0.24062539 | AQ22: 0.99181288 | AR22: 0.85714286 | AS22: 0.094171243 | AT22: 0.032486598 | AU22: 0.027854997 | AV22: 0.041103705 | AW22: 0.8 | DA22: distr_solelc_spv_ZAF_012 | DB22: 0.010884293 | DC22: 0.28779752 | DD22: 0.53180682 | DE22: 0.46195945 | DF22: 0.26287612 | DG22: 0.018551057 | DH22: 0 | DI22: 0.020372904 | DJ22: 0.33426417 | DK22: 0.25614874 | DL22: 0 | DM22: 0 | DN22: 0.026386943 | DO22: 0.40399621 | DP22: 0.60415284 | DQ22: 0.49677714 | DR22: 0.29241681 | DS22: 5.7997227e-05 | DT22: 0.048157693 | DU22: 0.51603039 | DV22: 0.73666171 | DW22: 0.65096924 | DX22: 0.5166202 | DY22: 0.058381824 | EF22: 0.03652968 | EG22: 0.027579577 | EH22: S02aH06 | EI22: elc_roadtransport | EK22: elc_buildings | EL22: S02aH06 | EM22: 0.046470587 | EO22: ELC | EP22: S02aH06 | EQ22: 0.14293842 | ES22: 2022 | ET22: S04 | EU22: 0.7348 | EV22: hydro
I23: elc_spv_ZAF_001 | J23: S03aH01 | K23: 0.013734649 | L23: IMPNRGZ | N23: elc_won_ZAF_001 | O23: S03aH01 | P23: 0.055385863 | Q23: IMPNRGZ | S23: elc_wof_ZAF_001 | T23: S03aH01 | U23: 0.079498357 | V23: IMPNRGZ | X23: distr_solelc_spv_ZAF_013 | Y23: DEF_E | Z23: 0.95604396 | AA23: 0.25430272 | AB23: 0.13616007 | AC23: 0.17631517 | AD23: 0.47877806 | AE23: 0.95266272 | AF23: 0 | AG23: 0.79609111 | AH23: 0.13165662 | AI23: 0.15003268 | AJ23: 0 | AK23: 0 | AL23: 0.90921624 | AM23: 0.182404 | AN23: 0.091073726 | AO23: 0.098391675 | AP23: 0.31345074 | AQ23: 0 | AR23: 0.85714286 | AS23: 0.068944054 | AT23: 0.045590764 | AU23: 0.099123446 | AV23: 0.079160249 | AW23: 0.83553228 | DA23: distr_solelc_spv_ZAF_013 | DB23: 0.014899621 | DC23: 0.35753094 | DD23: 0.54966019 | DE23: 0.45792328 | DF23: 0.25262742 | DG23: 0.016168584 | DH23: 0 | DI23: 0.03563406 | DJ23: 0.34408404 | DK23: 0.25619596 | DL23: 0 | DM23: 0 | DN23: 0.033243221 | DO23: 0.4532395 | DP23: 0.62116329 | DQ23: 0.494538 | DR23: 0.25874055 | DS23: 0 | DT23: 0.058891548 | DU23: 0.59630772 | DV23: 0.72104878 | DW23: 0.57274247 | DX23: 0.46628527 | DY23: 0.044985305 | EF23: 0.082305936 | EG23: 0.032504123 | EH23: S03aH01 | EI23: elc_roadtransport | EK23: elc_buildings | EL23: S03aH01 | EM23: 0.056561901 | EO23: ELC | EP23: S03aH01 | EQ23: 0.12929371 | ES23: 2025 | ET23: S01 | EU23: 0.37473333 | EV23: hydro
I24: elc_spv_ZAF_001 | J24: S03aH02 | K24: 0.023847794 | L24: IMPNRGZ | N24: elc_won_ZAF_001 | O24: S03aH02 | P24: 0.0089331098 | Q24: IMPNRGZ | S24: elc_wof_ZAF_001 | T24: S03aH02 | U24: 0.01055774 | V24: IMPNRGZ | X24: distr_solelc_spv_ZAF_014 | Y24: DEF_E | Z24: 0.96449704 | AA24: 0.26874622 | AB24: 0.12183227 | AC24: 0.15986642 | AD24: 0.44172662 | AE24: 0.94690352 | AF24: 0 | AG24: 0.83974806 | AH24: 0.10635153 | AI24: 0.11280622 | AJ24: 0 | AK24: 0 | AL24: 0.91400832 | AM24: 0.15531286 | AN24: 0.078152114 | AO24: 0.085006774 | AP24: 0.19977474 | AQ24: 0.99805825 | AR24: 0.85714286 | AS24: 0.035271124 | AT24: 0.031947104 | AU24: 0.05846044 | AV24: 0.063210798 | AW24: 0.81695495 | DA24: distr_solelc_spv_ZAF_014 | DB24: 0.011048173 | DC24: 0.33541065 | DD24: 0.56750691 | DE24: 0.48057786 | DF24: 0.27231229 | DG24: 0.018420032 | DH24: 0 | DI24: 0.02845286 | DJ24: 0.37535697 | DK24: 0.27821536 | DL24: 0 | DM24: 0 | DN24: 0.028018327 | DO24: 0.44808474 | DP24: 0.63809612 | DQ24: 0.52141049 | DR24: 0.31208 | DS24: 1.3347649e-06 | DT24: 0.055586199 | DU24: 0.60028684 | DV24: 0.74410277 | DW24: 0.62483136 | DX24: 0.49780464 | DY24: 0.052077729 | EF24: 0.011757991 | EG24: 0.019632217 | EH24: S03aH02 | EI24: elc_roadtransport | EK24: elc_buildings | EL24: S03aH02 | EM24: 0.0095172873 | EO24: ELC | EP24: S03aH02 | EQ24: 0.11533138 | ES24: 2025 | ET24: S02 | EU24: 0.17863333 | EV24: hydro
I25: elc_spv_ZAF_001 | J25: S03aH03 | K25: 0.26322802 | L25: IMPNRGZ | N25: elc_won_ZAF_001 | O25: S03aH03 | P25: 0.14290978 | Q25: IMPNRGZ | S25: elc_wof_ZAF_001 | T25: S03aH03 | U25: 0.097195526 | V25: IMPNRGZ | X25: distr_solelc_spv_ZAF_015 | Y25: DEF_E | Z25: 0.92014711 | AA25: 0.22497497 | AB25: 0.16382558 | AC25: 0.36949929 | AD25: 0.58409203 | AE25: 0.98698225 | AF25: 0 | AG25: 0.46523648 | AH25: 0.13698766 | AI25: 0.58468247 | AJ25: 0 | AK25: 0 | AL25: 0.84650393 | AM25: 0.15659244 | AN25: 0.10924312 | AO25: 0.14835348 | AP25: 0.59797883 | AQ25: 0 | AR25: 0.73754379 | AS25: 0.16395765 | AT25: 0.10405522 | AU25: 0.16864361 | AV25: 0.18369006 | AW25: 0 | DA25: distr_solelc_spv_ZAF_015 | DB25: 0.021123307 | DC25: 0.32346469 | DD25: 0.45833136 | DE25: 0.27758737 | DF25: 0.14705281 | DG25: 6.6335138e-06 | DH25: 0 | DI25: 0.1258147 | DJ25: 0.30309618 | DK25: 0.089615077 | DL25: 0 | DM25: 0 | DN25: 0.044662758 | DO25: 0.41167692 | DP25: 0.53207303 | DQ25: 0.36032823 | DR25: 0.098596097 | DS25: 0 | DT25: 0.071201993 | DU25: 0.44893008 | DV25: 0.59921297 | DW25: 0.43156599 | DX25: 0.30143046 | DY25: 0 | EF25: 0.10582192 | EG25: 0.14503941 | EH25: S03aH03 | EI25: elc_roadtransport | EK25: elc_buildings | EL25: S03aH03 | EM25: 0.11591909 | EO25: ELC | EP25: S03aH03 | EQ25: 0.14399939 | ES25: 2025 | ET25: S03 | EU25: 0.10224 | EV25: hydro
I26: elc_spv_ZAF_001 | J26: S03aH04 | K26: 0.017300148 | L26: IMPNRGZ | N26: elc_won_ZAF_001 | O26: S03aH04 | P26: 0.01856325 | Q26: IMPNRGZ | S26: elc_wof_ZAF_001 | T26: S03aH04 | U26: 0.012560321 | V26: IMPNRGZ | X26: distr_solelc_spv_ZAF_016 | Y26: DEF_E | Z26: 0.92189547 | AA26: 0.18724773 | AB26: 0.14907831 | AC26: 0.36529956 | AD26: 0.5924485 | AE26: 0 | AF26: 0 | AG26: 0.17614911 | AH26: 0.10380025 | AI26: 0.57510931 | AJ26: 0 | AK26: 0 | AL26: 0.84307768 | AM26: 0.15345502 | AN26: 0.091375652 | AO26: 0.13641698 | AP26: 0.63434097 | AQ26: 0 | AR26: 0.72888512 | AS26: 0.16244293 | AT26: 0.11123742 | AU26: 0.17850042 | AV26: 0.21061451 | AW26: 0 | DA26: distr_solelc_spv_ZAF_016 | DB26: 0.023319497 | DC26: 0.3710921 | DD26: 0.48747586 | DE26: 0.27986879 | DF26: 0.14336442 | DG26: 0 | DH26: 0 | DI26: 0.23906673 | DJ26: 0.35642663 | DK26: 0.1081304 | DL26: 0 | DM26: 0 | DN26: 0.051023765 | DO26: 0.46532037 | DP26: 0.5763594 | DQ26: 0.3746192 | DR26: 0.097685563 | DS26: 0 | DT26: 0.079784122 | DU26: 0.48787975 | DV26: 0.60522091 | DW26: 0.38398496 | DX26: 0.25695648 | DY26: 0 | EF26: 0.011757991 | EG26: 0.022875801 | EH26: S03aH04 | EI26: elc_roadtransport | EK26: elc_buildings | EL26: S03aH04 | EM26: 0.013203446 | EO26: ELC | EP26: S03aH04 | EQ26: 0.13594434 | ES26: 2025 | ET26: S04 | EU26: 0.1301 | EV26: hydro
I27: elc_spv_ZAF_001 | J27: S03aH05 | K27: 0.0030017265 | L27: IMPNRGZ | N27: elc_won_ZAF_001 | O27: S03aH05 | P27: 0.016672499 | Q27: IMPNRGZ | S27: elc_wof_ZAF_001 | T27: S03aH05 | U27: 0.012774063 | V27: IMPNRGZ | X27: distr_solelc_spv_ZAF_017 | Y27: DEF_E | Z27: 0.93110281 | AA27: 0.22210085 | AB27: 0.15302347 | AC27: 0.33102396 | AD27: 0.55894273 | AE27: 0.98224852 | AF27: 0 | AG27: 0.48259241 | AH27: 0.11093707 | AI27: 0.43146803 | AJ27: 0 | AK27: 0 | AL27: 0.8502682 | AM27: 0.14386244 | AN27: 0.087715795 | AO27: 0.1231059 | AP27: 0.54346552 | AQ27: 0 | AR27: 0.72547533 | AS27: 0.13049743 | AT27: 0.092120909 | AU27: 0.15213871 | AV27: 0.164934 | AW27: 0 | DA27: distr_solelc_spv_ZAF_017 | DB27: 0.020378097 | DC27: 0.35001997 | DD27: 0.50001669 | DE27: 0.32420407 | DF27: 0.17570665 | DG27: 0.00030369396 | DH27: 0 | DI27: 0.13531689 | DJ27: 0.34335687 | DK27: 0.1458214 | DL27: 0 | DM27: 0 | DN27: 0.045036414 | DO27: 0.4570174 | DP27: 0.58772737 | DQ27: 0.4121363 | DR27: 0.12760216 | DS27: 0 | DT27: 0.080162464 | DU27: 0.50679026 | DV27: 0.63712808 | DW27: 0.40916366 | DX27: 0.29620269 | DY27: 0 | EF27: 0.011757991 | EG27: 0.017754353 | EH27: S03aH05 | EI27: elc_roadtransport | EK27: elc_buildings | EL27: S03aH05 | EM27: 0.013445912 | EO27: ELC | EP27: S03aH05 | EQ27: 0.17082943 | ES27: 2026 | ET27: S01 | EU27: 0.34346667 | EV27: hydro
I28: elc_spv_ZAF_001 | J28: S03aH06 | K28: 0 | L28: IMPNRGZ | N28: elc_won_ZAF_001 | O28: S03aH06 | P28: 0.046087686 | Q28: IMPNRGZ | S28: elc_wof_ZAF_001 | T28: S03aH06 | U28: 0.061390257 | V28: IMPNRGZ | X28: distr_solelc_spv_ZAF_018 | Y28: DEF_E | Z28: 0.95500978 | AA28: 0.35051182 | AB28: 0.16707859 | AC28: 0.25250229 | AD28: 0.50322728 | AE28: 0.9484244 | AF28: 0 | AG28: 0.88951606 | AH28: 0.14984296 | AI28: 0.24700266 | AJ28: 0 | AK28: 0 | AL28: 0.89809626 | AM28: 0.17034222 | AN28: 0.1267342 | AO28: 0.17513059 | AP28: 0.39649967 | AQ28: 0.99223301 | AR28: 0.80942146 | AS28: 0.16901972 | AT28: 0.082160444 | AU28: 0.092405682 | AV28: 0.13812082 | AW28: 0.80520447 | DA28: distr_solelc_spv_ZAF_018 | DB28: 0.010968855 | DC28: 0.24205295 | DD28: 0.45532668 | DE28: 0.36055564 | DF28: 0.19969529 | DG28: 0.01301457 | DH28: 0 | DI28: 0.02683032 | DJ28: 0.28160632 | DK28: 0.19740319 | DL28: 0 | DM28: 0 | DN28: 0.025366168 | DO28: 0.35717196 | DP28: 0.52268679 | DQ28: 0.39748204 | DR28: 0.19975134 | DS28: 9.6569822e-05 | DT28: 0.043734645 | DU28: 0.43152179 | DV28: 0.64548841 | DW28: 0.55077704 | DX28: 0.41679778 | DY28: 0.046420578 | EF28: 0.058789954 | EG28: 0.044385882 | EH28: S03aH06 | EI28: elc_roadtransport | EK28: elc_buildings | EL28: S03aH06 | EM28: 0.064715638 | EO28: ELC | EP28: S03aH06 | EQ28: 0.2085858 | ES28: 2026 | ET28: S02 | EU28: 0.19226667 | EV28: hydro
... I34: elc_spv_ZAF_001 | J34: S04aH06 | K34: 0 | L34: IMPNRGZ | N34: elc_won_ZAF_001 | O34: S04aH06 | P34: 0.0096500386 | Q34: IMPNRGZ | S34: elc_wof_ZAF_001 | T34: S04aH06 | U34: 0.024071508 | V34: IMPNRGZ | X34: distr_solelc_spv_ZAF_024 | Y34: DEF_E | Z34: 0.98647506 | AA34: 0.36986668 | AB34: 0.15451756 | AC34: 0.18467894 | AD34: 0.43707828 | AE34: 0.95285494 | AF34: 0 | AG34: 0.83951476 | AH34: 0.13769735 | AI34: 0.16726392 | AJ34: 0.75877586 | AK34: 0 | AL34: 0.93494464 | AM34: 0.23186198 | AN34: 0.1669781 | AO34: 0.2097188 | AP34: 0.20326281 | AQ34: 0 | AR34: 0.88317538 | AS34: 0.36041007 | AT34: 0.22797921 | AU34: 0.31118809 | AV34: 0.32120704 | AW34: 0.90399602 | DA34: distr_solelc_spv_ZAF_024 | DB34: 0.0015448918 | DC34: 0.2081468 | DD34: 0.44009795 | DE34: 0.35299838 | DF34: 0.19426575 | DG34: 0.0099392292 | DH34: 0 | DI34: 0.028677772 | DJ34: 0.3590385 | DK34: 0.24644784 | DL34: 0.031219181 | DM34: 0 | DN34: 0.011377692 | DO34: 0.28305368 | DP34: 0.47773279 | DQ34: 0.34049038 | DR34: 0.22011154 | DS34: 0 | DT34: 0.019321911 | DU34: 0.24614006 | DV34: 0.40638563 | DW34: 0.30141217 | DX34: 0.21642347 | DY34: 0.016518368 | EF34: 0.016552511 | EG34: 0.012496996 | EH34: S04aH06 | EI34: elc_roadtransport | EK34: elc_buildings | EL34: S04aH06 | EM34: 0.018091737 | EO34: ELC | EP34: S04aH06 | EQ34: 0.060353285 | ES34: 2027 | ET34: S04 | EU34: 0.1582 | EV34: hydro
I35: elc_spv_ZAF_002 | J35: S01aH01 | K35: 0.010913439 | L35: IMPNRGZ | N35: elc_won_ZAF_002 | O35: S01aH01 | P35: 0.095496888 | Q35: IMPNRGZ | S35: elc_wof_ZAF_002 | T35: S01aH01 | U35: 0.14332091 | V35: IMPNRGZ | X35: distr_solelc_spv_ZAF_025 | Y35: DEF_E | Z35: 0.9898563 | AA35: 0.37383592 | AB35: 0.131448 | AC35: 0.14227517 | AD35: 0.37418179 | AE35: 0.94366875 | AF35: 0 | AG35: 0.897704 | AH35: 0.11897545 | AI35: 0.1275952 | AJ35: 0.61473586 | AK35: 0 | AL35: 0.93851492 | AM35: 0.2264806 | AN35: 0.14316002 | AO35: 0.15620031 | AP35: 0.15619957 | AQ35: 0 | AR35: 0.86926056 | AS35: 0.32893494 | AT35: 0.20344344 | AU35: 0.23829906 | AV35: 0.26383394 | AW35: 0.84280611 | DA35: distr_solelc_spv_ZAF_025 | DB35: 0.0011748317 | DC35: 0.19893254 | DD35: 0.4659397 | DE35: 0.38539932 | DF35: 0.22217895 | DG35: 0.012945355 | DH35: 0 | DI35: 0.010153803 | DJ35: 0.37998992 | DK35: 0.27833017 | DL35: 0.068289361 | DM35: 0 | DN35: 0.010294345 | DO35: 0.28426243 | DP35: 0.50833714 | DQ35: 0.37883138 | DR35: 0.24188952 | DS35: 0 | DT35: 0.019476065 | DU35: 0.24744129 | DV35: 0.43544602 | DW35: 0.34160301 | DX35: 0.24968277 | DY35: 0.026007027 | EK35: elc_industry | EL35: S01aH01 | EM35: 0.13308094 | ES35: 2028 | ET35: S01 | EU35: 0.3096 | EV35: hydro
I36: elc_spv_ZAF_002 | J36: S01aH02 | K36: 0.032782421 | L36: IMPNRGZ | N36: elc_won_ZAF_002 | O36: S01aH02 | P36: 0.013983557 | Q36: IMPNRGZ | S36: elc_wof_ZAF_002 | T36: S01aH02 | U36: 0.017858475 | V36: IMPNRGZ | X36: distr_solelc_spv_ZAF_026 | Y36: DEF_E | Z36: 0.98616907 | AA36: 0.43565726 | AB36: 0.12648381 | AC36: 0.14002235 | AD36: 0.39076674 | AE36: 0.93609766 | AF36: 0 | AG36: 0.984375 | AH36: 0.094816521 | AI36: 0.072753116 | AJ36: 0.71142467 | AK36: 0 | AL36: 0.93980173 | AM36: 0.22496939 | AN36: 0.11269297 | AO36: 0.14311835 | AP36: 0.16542275 | AQ36: 0.98621955 | AR36: 0.86811457 | AS36: 0.30230351 | AT36: 0.1532038 | AU36: 0.18381843 | AV36: 0.24013092 | AW36: 0.819637 | DA36: distr_solelc_spv_ZAF_026 | DB36: 0.0018481417 | DC36: 0.15380758 | DD36: 0.4973027 | DE36: 0.37518411 | DF36: 0.1952488 | DG36: 0.013412012 | DH36: 0 | DI36: 0.00038538869 | DJ36: 0.42164686 | DK36: 0.34441862 | DL36: 0.068899481 | DM36: 0 | DN36: 0.0087953584 | DO36: 0.29877671 | DP36: 0.5565783 | DQ36: 0.39782871 | DR36: 0.25065375 | DS36: 0.00048946926 | DT36: 0.012024839 | DU36: 0.19114515 | DV36: 0.50868978 | DW36: 0.36282418 | DX36: 0.24884745 | DY36: 0.027488847 | EK36: elc_industry | EL36: S01aH02 | EM36: 0.019150682 | ES36: 2028 | ET36: S02 | EU36: 0.1346 | EV36: hydro
I37: elc_spv_ZAF_002 | J37: S01aH03 | K37: 0.36998858 | L37: IMPNRGZ | N37: elc_won_ZAF_002 | O37: S01aH03 | P37: 0.18783354 | Q37: IMPNRGZ | S37: elc_wof_ZAF_002 | T37: S01aH03 | U37: 0.15894025 | V37: IMPNRGZ | X37: distr_solelc_spv_ZAF_027 | Y37: DEF_E | Z37: 0.98293986 | AA37: 0.47159299 | AB37: 0.13890265 | AC37: 0.16603928 | AD37: 0.44789354 | AE37: 0.93418578 | AF37: 0 | AG37: 0 | AH37: 0.10605686 | AI37: 0.089226152 | AJ37: 0.8233611 | AK37: 0 | AL37: 0.94082962 | AM37: 0.27231284 | AN37: 0.12639465 | AO37: 0.16792711 | AP37: 0.2146315 | AQ37: 0.98227339 | AR37: 0.86832537 | AS37: 0.31357397 | AT37: 0.16350893 | AU37: 0.23380892 | AV37: 0.29747559 | AW37: 0.82990537 | DA37: distr_solelc_spv_ZAF_027 | DB37: 0.0020496878 | DC37: 0.14553092 | DD37: 0.47469025 | DE37: 0.36589148 | DF37: 0.17993355 | DG37: 0.0120577 | DH37: 0 | DI37: 0 | DJ37: 0.39815139 | DK37: 0.33061452 | DL37: 0.04171093 | DM37: 0 | DN37: 0.0084025912 | DO37: 0.27563884 | DP37: 0.53043901 | DQ37: 0.39085312 | DR37: 0.24663804 | DS37: 0.00069041391 | DT37: 0.013062371 | DU37: 0.19987778 | DV37: 0.51635264 | DW37: 0.3492141 | DX37: 0.2396786 | DY37: 0.025794733 | EK37: elc_industry | EL37: S01aH03 | EM37: 0.17477565 | ES37: 2028 | ET37: S03 | EU37: 0.14776 | EV37: hydro
I38: elc_spv_ZAF_002 | J38: S01aH04 | K38: 0.027912121 | L38: IMPNRGZ | N38: elc_won_ZAF_002 | O38: S01aH04 | P38: 0.022045526 | Q38: IMPNRGZ | S38: elc_wof_ZAF_002 | T38: S01aH04 | U38: 0.022465373 | V38: IMPNRGZ | X38: distr_solelc_spv_ZAF_028 | Y38: DEF_E | Z38: 0.97608945 | AA38: 0.42175349 | AB38: 0.16498648 | AC38: 0.21301358 | AD38: 0.51227046 | AE38: 0.94338884 | AF38: 0 | AG38: 0.9375 | AH38: 0.13604266 | AI38: 0.16374235 | AJ38: 0 | AK38: 0 | AL38: 0.93065147 | AM38: 0.2582194 | AN38: 0.17219864 | AO38: 0.23575574 | AP38: 0.30909208 | AQ38: 0.99223301 | AR38: 0.8828988 | AS38: 0.36798787 | AT38: 0.19944994 | AU38: 0.25712292 | AV38: 0.33004594 | AW38: 0.84009898 | DA38: distr_solelc_spv_ZAF_028 | DB38: 0.0030546922 | DC38: 0.16162383 | DD38: 0.41240647 | DE38: 0.30391975 | DF38: 0.14524494 | DG38: 0.0080991364 | DH38: 0 | DI38: 0.0086656004 | DJ38: 0.3321363 | DK38: 0.23986396 | DL38: 0 | DM38: 0 | DN38: 0.01189501 | DO38: 0.2584766 | DP38: 0.45236275 | DQ38: 0.31339922 | DR38: 0.18129315 | DS38: 0.00013385795 | DT38: 0.014951831 | DU38: 0.21715013 | DV38: 0.44874054 | DW38: 0.26548994 | DX38: 0.18238708 | DY38: 0.01698965 | EK38: elc_industry | EL38: S01aH04 | EM38: 0.019438472 | ES38: 2028 | ET38: S04 | EU38: 0.1353 | EV38: hydro
I39: elc_spv_ZAF_002 | J39: S01aH05 | K39: 0.012195352 | L39: IMPNRGZ | N39: elc_won_ZAF_002 | O39: S01aH05 | P39: 0.022578377 | Q39: IMPNRGZ | S39: elc_wof_ZAF_002 | T39: S01aH05 | U39: 0.023217514 | V39: IMPNRGZ | X39: distr_solelc_spv_ZAF_029 | Y39: DEF_E | Z39: 0.98024225 | AA39: 0.46703449 | AB39: 0.16017145 | AC39: 0.19882577 | AD39: 0.48510061 | AE39: 0.94083524 | AF39: 0 | AG39: 0.984375 | AH39: 0.12669284 | AI39: 0.11821428 | AJ39: 0.9375 | AK39: 0 | AL39: 0.93921648 | AM39: 0.2966359 | AN39: 0.1663238 | AO39: 0.22138358 | AP39: 0.26198541 | AQ39: 0.98252427 | AR39: 0.86965741 | AS39: 0.32036638 | AT39: 0.18867213 | AU39: 0.25723129 | AV39: 0.30423217 | AW39: 0.84650616 | DA39: distr_solelc_spv_ZAF_029 | DB39: 0.002519254 | DC39: 0.14364714 | DD39: 0.43583134 | DE39: 0.31975016 | DF39: 0.15687102 | DG39: 0.0092260786 | DH39: 0 | DI39: 0.00056635494 | DJ39: 0.36485081 | DK39: 0.28984234 | DL39: 0.0078627618 | DM39: 0 | DN39: 0.0088657759 | DO39: 0.25852022 | DP39: 0.47482845 | DQ39: 0.33369625 | DR39: 0.21722978 | DS39: 0.0007453311 | DT39: 0.014307438 | DU39: 0.21106584 | DV39: 0.47518829 | DW39: 0.2773763 | DX39: 0.18344185 | DY39: 0.019080126 | EK39: elc_industry | EL39: S01aH05 | EM39: 0.019462046 | ES39: 2029 | ET39: S01 | EU39: 0.25398333 | EV39: hydro
I40: elc_spv_ZAF_002 | J40: S01aH06 | K40: 0 | L40: IMPNRGZ | N40: elc_won_ZAF_002 | O40: S01aH06 | P40: 0.095121495 | Q40: IMPNRGZ | S40: elc_wof_ZAF_002 | T40: S01aH06 | U40: 0.11551775 | V40: IMPNRGZ | X40: distr_solelc_spv_ZAF_030 | Y40: DEF_E | Z40: 0.98135573 | AA40: 0.46331216 | AB40: 0.15686575 | AC40: 0.19587259 | AD40: 0.48293991 | AE40: 0.94738815 | AF40: 0 | AG40: 0.92653824 | AH40: 0.13021331 | AI40: 0.13274863 | AJ40: 0.92510475 | AK40: 0 | AL40: 0.93955473 | AM40: 0.29356883 | AN40: 0.16371131 | AO40: 0.20266135 | AP40: 0.2656912 | AQ40: 0.9961165 | AR40: 0.8788172 | AS40: 0.34412454 | AT40: 0.19452279 | AU40: 0.28644363 | AV40: 0.3751377 | AW40: 0.84619001 | DA40: distr_solelc_spv_ZAF_030 | DB40: 0.0020486923 | DC40: 0.14041152 | DD40: 0.44197791 | DE40: 0.32966162 | DF40: 0.16251792 | DG40: 0.0087446882 | DH40: 0 | DI40: 0.0039960572 | DJ40: 0.37339031 | DK40: 0.28599987 | DL40: 0.0077776035 | DM40: 0 | DN40: 0.0082291228 | DO40: 0.25638099 | DP40: 0.4764243 | DQ40: 0.33511583 | DR40: 0.21503719 | DS40: 0.00010548901 | DT40: 0.010373516 | DU40: 0.16670014 | DV40: 0.44773245 | DW40: 0.26818487 | DX40: 0.16918499 | DY40: 0.018311495 | EK40: elc_industry | EL40: S01aH06 | EM40: 0.097094874 | ES40: 2029 | ET40: S02 | EU40: 0.11596667 | EV40: hydro
I41: elc_spv_ZAF_002 | J41: S02aH01 | K41: 0 | L41: IMPNRGZ | N41: elc_won_ZAF_002 | O41: S02aH01 | P41: 0.056072228 | Q41: IMPNRGZ | S41: elc_wof_ZAF_002 | T41: S02aH01 | U41: 0.042678435 | V41: IMPNRGZ | X41: distr_solelc_spv_ZAF_031 | Y41: DEF_E | Z41: 0.97572674 | AA41: 0.38015412 | AB41: 0.15560999 | AC41: 0.20233223 | AD41: 0.48738159 | AE41: 0.94623555 | AF41: 0 | AG41: 0.87313666 | AH41: 0.13378844 | AI41: 0.14410662 | AJ41: 0 | AK41: 0 | AL41: 0.92805767 | AM41: 0.24996144 | AN41: 0.17333918 | AO41: 0.23348829 | AP41: 0.29469127 | AQ41: 0 | AR41: 0.88216317 | AS41: 0.38217842 | AT41: 0.22592983 | AU41: 0.30024479 | AV41: 0.33383241 | AW41: 0.85505758 | DA41: distr_solelc_spv_ZAF_031 | DB41: 0.0030075433 | DC41: 0.16310141 | DD41: 0.41222016 | DE41: 0.3025277 | DF41: 0.14894133 | DG41: 0.0078749285 | DH41: 0 | DI41: 0.021912836 | DJ41: 0.3362412 | DK41: 0.2370266 | DL41: 0 | DM41: 0 | DN41: 0.011045427 | DO41: 0.25268671 | DP41: 0.43859506 | DQ41: 0.29503524 | DR41: 0.17478408 | DS41: 0 | DT41: 0.012165735 | DU41: 0.16824354 | DV41: 0.39490699 | DW41: 0.25804392 | DX41: 0.17256251 | DY41: 0.017987699 | EK41: elc_industry | EL41: S02aH01 | EM41: 0.05028774 | ES41: 2029 | ET41: S03 | EU41: 0.20442 | EV41: hydro
I42: elc_spv_ZAF_002 | J42: S02aH02 | K42: 0.0083861728 | L42: IMPNRGZ | N42: elc_won_ZAF_002 | O42: S02aH02 | P42: 0.0083146195 | Q42: IMPNRGZ | S42: elc_wof_ZAF_002 | T42: S02aH02 | U42: 0.0059962467 | V42: IMPNRGZ | X42: distr_solelc_spv_ZAF_032 | Y42: DEF_E | Z42: 0.97830068 | AA42: 0.48717623 | AB42: 0.16586623 | AC42: 0.20206119 | AD42: 0.48896755 | AE42: 0.93666162 | AF42: 0 | AG42: 0 | AH42: 0.14051948 | AI42: 0.1945029 | AJ42: 0.953125 | AK42: 0 | AL42: 0.93123339 | AM42: 0.29231983 | AN42: 0.1605482 | AO42: 0.2281637 | AP42: 0.2682907 | AQ42: 0.97182077 | AR42: 0.86438545 | AS42: 0.2872981 | AT42: 0.16955962 | AU42: 0.26377829 | AV42: 0.31931604 | AW42: 0.82927703 | DA42: distr_solelc_spv_ZAF_032 | DB42: 0.0030455622 | DC42: 0.13750772 | DD42: 0.40626026 | DE42: 0.29323347 | DF42: 0.13630639 | DG42: 0.0082386209 | DH42: 0 | DI42: 0 | DJ42: 0.32854345 | DK42: 0.239712 | DL42: 0.0030483783 | DM42: 0 | DN42: 0.011213577 | DO42: 0.25745189 | DP42: 0.46939442 | DQ42: 0.31494729 | DR42: 0.20150288 | DS42: 0.0023647322 | DT42: 0.019499224 | DU42: 0.25907217 | DV42: 0.45569375 | DW42: 0.26808565 | DX42: 0.19128744 | DY42: 0.021060419 | EK42: elc_industry | EL42: S02aH02 | EM42: 0.0072698622 | ES42: 2029 | ET42: S04 | EU42: 0.365 | EV42: hydro
I43: elc_spv_ZAF_002 | J43: S02aH03 | K43: 0.11037352 | L43: IMPNRGZ | N43: elc_won_ZAF_002 | O43: S02aH03 | P43: 0.099221067 | Q43: IMPNRGZ | S43: elc_wof_ZAF_002 | T43: S02aH03 | U43: 0.051583716 | V43: IMPNRGZ | X43: distr_solelc_spv_ZAF_033 | Y43: DEF_E | Z43: 0.9797126 | AA43: 0.49030996 | AB43: 0.1505449 | AC43: 0.18208716 | AD43: 0.47504316 | AE43: 0.93327378 | AF43: 0 | AG43: 0 | AH43: 0.10839657 | AI43: 0.13235406 | AJ43: 0.84163469 | AK43: 0 | AL43: 0.93890826 | AM43: 0.27889281 | AN43: 0.13264048 | AO43: 0.19246856 | AP43: 0.22001427 | AQ43: 0.96526184 | AR43: 0.86846932 | AS43: 0.30650208 | AT43: 0.15434493 | AU43: 0.23464273 | AV43: 0.29318813 | AW43: 0.82473702 | DA43: distr_solelc_spv_ZAF_033 | DB43: 0.002629553 | DC43: 0.14722313 | DD43: 0.45758292 | DE43: 0.33469854 | DF43: 0.16156762 | DG43: 0.011276192 | DH43: 0 | DI43: 0 | DJ43: 0.38388915 | DK43: 0.31673529 | DL43: 0.041523799 | DM43: 0 | DN43: 0.011133782 | DO43: 0.29472008 | DP43: 0.53000849 | DQ43: 0.38342669 | DR43: 0.26328479 | DS43: 0.0031714941 | DT43: 0.021254289 | DU43: 0.28739747 | DV43: 0.51802249 | DW43: 0.30254734 | DX43: 0.21548409 | DY43: 0.021698636 | EK43: elc_industry | EL43: S02aH03 | EM43: 0.066157483 | ES43: 2030 | ET43: S01 | EU43: 0.28353333 | EV43: hydro
I44: elc_spv_ZAF_002 | J44: S02aH04 | K44: 0.0076346439 | L44: IMPNRGZ | N44: elc_won_ZAF_002 | O44: S02aH04 | P44: 0.0095104785 | Q44: IMPNRGZ | S44: elc_wof_ZAF_002 | T44: S02aH04 | U44: 0.0058931369 | V44: IMPNRGZ | X44: distr_solelc_spv_ZAF_034 | Y44: DEF_E | Z44: 0.97897814 | AA44: 0.53742454 | AB44: 0.16862731 | AC44: 0.19447407 | AD44: 0.46722653 | AE44: 0.92706324 | AF44: 0 | AG44: 0 | AH44: 0.12317051 | AI44: 0.15851439 | AJ44: 0.77028708 | AK44: 0 | AL44: 0.94074275 | AM44: 0.29774576 | AN44: 0.13528366 | AO44: 0.18825117 | AP44: 0.2268046 | AQ44: 0.94650101 | AR44: 0.86733721 | AS44: 0.30949475 | AT44: 0.16349051 | AU44: 0.20181116 | AV44: 0.23897048 | AW44: 0.82778369 | DA44: distr_solelc_spv_ZAF_034 | DB44: 0.002209425 | DC44: 0.11350556 | DD44: 0.42178208 | DE44: 0.33038578 | DF44: 0.1692683 | DG44: 0.013013213 | DH44: 0 | DI44: 0 | DJ44: 0.34227038 | DK44: 0.27715543 | DL44: 0.03884862 | DM44: 0 | DN44: 0.010429712 | DO44: 0.26446425 | DP44: 0.51698183 | DQ44: 0.39122185 | DR44: 0.26768078 | DS44: 0.0068411059 | DT44: 0.017953766 | DU44: 0.24202674 | DV44: 0.49123697 | DW44: 0.33732295 | DX44: 0.25659489 | DY44: 0.027359762 | EK44: elc_industry | EL44: S02aH04 | EM44: 0.0073828605 | ES44: 2030 | ET44: S02 | EU44: 0.069066667 | EV44: hydro
I45: elc_spv_ZAF_002 | J45: S02aH05 | K45: 0 | L45: IMPNRGZ | N45: elc_won_ZAF_002 | O45: S02aH05 | P45: 0.0087476816 | Q45: IMPNRGZ | S45: elc_wof_ZAF_002 | T45: S02aH05 | U45: 0.0059392783 | V45: IMPNRGZ | X45: distr_solelc_spv_ZAF_035 | Y45: DEF_E | Z45: 0.98562975 | AA45: 0.50764718 | AB45: 0.13814185 | AC45: 0.15728217 | AD45: 0.37956135 | AE45: 0.91813718 | AF45: 0 | AG45: 0 | AH45: 0.10033334 | AI45: 0.10821633 | AJ45: 0.63254741 | AK45: 0 | AL45: 0.94404529 | AM45: 0.29232014 | AN45: 0.094400982 | AO45: 0.12142912 | AP45: 0.14789113 | AQ45: 0.93410438 | AR45: 0.86667626 | AS45: 0.18935765 | AT45: 0.10018932 | AU45: 0.13129651 | AV45: 0.17995855 | AW45: 0.8 | DA45: distr_solelc_spv_ZAF_035 | DB45: 0.0022431855 | DC45: 0.1577234 | DD45: 0.49627403 | DE45: 0.41513948 | DF45: 0.25321473 | DG45: 0.023617812 | DH45: 0 | DI45: 0 | DJ45: 0.38100357 | DK45: 0.33378196 | DL45: 0.095942656 | DM45: 0 | DN45: 0.011814616 | DO45: 0.29307302 | DP45: 0.59082167 | DQ45: 0.48868966 | DR45: 0.35801449 | DS45: 0.014287141 | DT45: 0.026843584 | DU45: 0.35418045 | DV45: 0.61871248 | DW45: 0.46822409 | DX45: 0.36815424 | DY45: 0.046455769 | EK45: elc_industry | EL45: S02aH05 | EM45: 0.0074042046 | ES45: 2030 | ET45: S03 | EU45: 0.22374 | EV45: hydro
I46: elc_spv_ZAF_002 | J46: S02aH06 | K46: 0 | L46: IMPNRGZ | N46: elc_won_ZAF_002 | O46: S02aH06 | P46: 0.039586262 | Q46: IMPNRGZ | S46: elc_wof_ZAF_002 | T46: S02aH06 | U46: 0.030199333 | V46: IMPNRGZ | X46: distr_solelc_spv_ZAF_036 | Y46: DEF_E | Z46: 0.98359964 | AA46: 0.54914099 | AB46: 0.16962315 | AC46: 0.20772754 | AD46: 0.43054876 | AE46: 0.91867956 | AF46: 0 | AG46: 0 | AH46: 0.12196367 | AI46: 0.15754153 | AJ46: 0.70574236 | AK46: 0 | AL46: 0.94345415 | AM46: 0.29969928 | AN46: 0.11681914 | AO46: 0.15886945 | AP46: 0.19212278 | AQ46: 0.93162308 | AR46: 0.86349955 | AS46: 0.26631077 | AT46: 0.15580714 | AU46: 0.17410809 | AV46: 0.23214895 | AW46: 0.81449888 | DA46: distr_solelc_spv_ZAF_036 | DB46: 0.0022228918 | DC46: 0.13217179 | DD46: 0.43023194 | DE46: 0.35833452 | DF46: 0.21932841 | DG46: 0.020124669 | DH46: 0 | DI46: 0 | DJ46: 0.32422924 | DK46: 0.26797991 | DL46: 0.05714191 | DM46: 0 | DN46: 0.011054988 | DO46: 0.27003391 | DP46: 0.52555712 | DQ46: 0.42734811 | DR46: 0.31238033 | DS46: 0.014043307 | DT46: 0.021817721 | DU46: 0.26978677 | DV46: 0.53926007 | DW46: 0.43733338 | DX46: 0.33815555 | DY46: 0.042124368 | EK46: elc_industry | EL46: S02aH06 | EM46: 0.036912061 | ES46: 2030 | ET46: S04 | EU46: 0.4092 | EV46: hydro
... I58: elc_spv_ZAF_002 | J58: S04aH06 | K58: 0 | L58: IMPNRGZ | N58: elc_won_ZAF_002 | O58: S04aH06 | P58: 0.015408985 | Q58: IMPNRGZ | S58: elc_wof_ZAF_002 | T58: S04aH06 | U58: 0.023540485 | V58: IMPNRGZ | X58: distr_wofelc_wof_ZAF_005 | Y58: DEF_E | Z58: 0.38766448 | AA58: 0.40428414 | AB58: 0.37649313 | AC58: 0.30389474 | AD58: 0.31444369 | AE58: 0.35436758 | AF58: 0.41051123 | AG58: 0.40656545 | AH58: 0.37229286 | AI58: 0.35908279 | AJ58: 0.36582736 | AK58: 0.3957808 | AL58: 0.38607573 | AM58: 0.38564813 | AN58: 0.33776532 | AO58: 0.28446035 | AP58: 0.30267648 | AQ58: 0.35344403 | AR58: 0.45352961 | AS58: 0.4638757 | AT58: 0.34535779 | AU58: 0.27673556 | AV58: 0.29999682 | AW58: 0.36582449 | DA58: distr_wofelc_wof_ZAF_005 | DB58: 0.33236209 | DC58: 0.29380613 | DD58: 0.37833859 | DE58: 0.52334777 | DF58: 0.5101279 | DG58: 0.43608568 | DH58: 0.26647137 | DI58: 0.26327529 | DJ58: 0.26505902 | DK58: 0.34063209 | DL58: 0.33868776 | DM58: 0.30696792 | DN58: 0.3301812 | DO58: 0.27727057 | DP58: 0.41255108 | DQ58: 0.56992469 | DR58: 0.55143971 | DS58: 0.45700485 | DT58: 0.29671626 | DU58: 0.25345499 | DV58: 0.41804063 | DW58: 0.5678148 | DX58: 0.53827624 | DY58: 0.44901593 | EK58: elc_industry | EL58: S04aH06 | EM58: 0.01665086 | ES58: 2033 | ET58: S04 | EU58: 0.3837 | EV58: hydro
I59: elc_spv_ZAF_003 | J59: S01aH01 | K59: 0.012346698 | L59: IMPNRGZ | N59: elc_won_ZAF_003 | O59: S01aH01 | P59: 0.10234343 | Q59: IMPNRGZ | S59: elc_wof_ZAF_003 | T59: S01aH01 | U59: 0.11985598 | V59: IMPNRGZ | X59: distr_wofelc_wof_ZAF_006 | Y59: DEF_E | Z59: 0.31201292 | AA59: 0.32101953 | AB59: 0.31420312 | AC59: 0.25500799 | AD59: 0.25931146 | AE59: 0.28924517 | AF59: 0.34334862 | AG59: 0.33124733 | AH59: 0.33052084 | AI59: 0.33953107 | AJ59: 0.34414991 | AK59: 0.36365714 | AL59: 0.32289028 | AM59: 0.31877466 | AN59: 0.30925845 | AO59: 0.25575738 | AP59: 0.26518318 | AQ59: 0.32068908 | AR59: 0.39012816 | AS59: 0.39326157 | AT59: 0.34107287 | AU59: 0.25931355 | AV59: 0.25847231 | AW59: 0.30663169 | DA59: distr_wofelc_wof_ZAF_006 | DB59: 0.51268355 | DC59: 0.46372583 | DD59: 0.49646989 | DE59: 0.61360717 | DF59: 0.61392731 | DG59: 0.57633722 | DH59: 0.36795194 | DI59: 0.35559156 | DJ59: 0.34592079 | DK59: 0.41988677 | DL59: 0.42626109 | DM59: 0.40237832 | DN59: 0.51200676 | DO59: 0.47620695 | DP59: 0.52276302 | DQ59: 0.63715215 | DR59: 0.6303091 | DS59: 0.56491248 | DT59: 0.45687306 | DU59: 0.4133315 | DV59: 0.50292326 | DW59: 0.64287116 | DX59: 0.64347661 | DY59: 0.58944977 | ES59: 2034 | ET59: S01 | EU59: 0.36313333 | EV59: hydro
I60: elc_spv_ZAF_003 | J60: S01aH02 | K60: 0.032273783 | L60: IMPNRGZ | N60: elc_won_ZAF_003 | O60: S01aH02 | P60: 0.011315861 | Q60: IMPNRGZ | S60: elc_wof_ZAF_003 | T60: S01aH02 | U60: 0.014269062 | V60: IMPNRGZ | X60: distr_wofelc_wof_ZAF_007 | Y60: DEF_E | Z60: 0.33337463 | AA60: 0.34511281 | AB60: 0.35876803 | AC60: 0.30958211 | AD60: 0.30632962 | AE60: 0.32443034 | AF60: 0.28234187 | AG60: 0.28853396 | AH60: 0.32561525 | AI60: 0.28047125 | AJ60: 0.28174851 | AK60: 0.2907098 | AL60: 0.31617084 | AM60: 0.31679568 | AN60: 0.28873423 | AO60: 0.28417934 | AP60: 0.29315938 | AQ60: 0.32406858 | AR60: 0.38163058 | AS60: 0.3485168 | AT60: 0.34142079 | AU60: 0.2982885 | AV60: 0.30972441 | AW60: 0.35270934 | DA60: distr_wofelc_wof_ZAF_007 | DB60: 0.37380612 | DC60: 0.36753505 | DD60: 0.40613084 | DE60: 0.46220167 | DF60: 0.45520975 | DG60: 0.41470342 | DH60: 0.46650718 | DI60: 0.46675597 | DJ60: 0.41933804 | DK60: 0.4676463 | DL60: 0.47260731 | DM60: 0.46257986 | DN60: 0.44855613 | DO60: 0.467062 | DP60: 0.5063164 | DQ60: 0.54316316 | DR60: 0.52453134 | DS60: 0.45712956 | DT60: 0.2965934 | DU60: 0.3016217 | DV60: 0.3794175 | DW60: 0.39213787 | DX60: 0.3732117 | DY60: 0.3527041 | ES60: 2034 | ET60: S02 | EU60: 0.2645 | EV60: hydro
I61: elc_spv_ZAF_003 | J61: S01aH03 | K61: 0.36941642 | L61: IMPNRGZ | N61: elc_won_ZAF_003 | O61: S01aH03 | P61: 0.16494125 | Q61: IMPNRGZ | S61: elc_wof_ZAF_003 | T61: S01aH03 | U61: 0.16690556 | V61: IMPNRGZ | X61: distr_wofelc_wof_ZAF_008 | Y61: DEF_E | Z61: 0.38519818 | AA61: 0.39924799 | AB61: 0.40843107 | AC61: 0.35258598 | AD61: 0.34992028 | AE61: 0.35969874 | AF61: 0.38222987 | AG61: 0.38296709 | AH61: 0.33961324 | AI61: 0.32119501 | AJ61: 0.32566813 | AK61: 0.35542649 | AL61: 0.37831963 | AM61: 0.38347358 | AN61: 0.37659042 | AO61: 0.30834069 | AP61: 0.31893159 | AQ61: 0.32768173 | AR61: 0.41510248 | AS61: 0.41670783 | AT61: 0.40433366 | AU61: 0.35463527 | AV61: 0.34236136 | AW61: 0.38918468 | DA61: distr_wofelc_wof_ZAF_008 | DB61: 0.33648888 | DC61: 0.31040425 | DD61: 0.34012107 | DE61: 0.4080062 | DF61: 0.40451993 | DG61: 0.38842477 | DH61: 0.25973241 | DI61: 0.26101605 | DJ61: 0.33122718 | DK61: 0.40694465 | DL61: 0.39818066 | DM61: 0.36647404 | DN61: 0.36816541 | DO61: 0.34009861 | DP61: 0.41535308 | DQ61: 0.49652526 | DR61: 0.48734529 | DS61: 0.45784303 | DT61: 0.30481963 | DU61: 0.27882514 | DV61: 0.28322787 | DW61: 0.34737282 | DX61: 0.36342635 | DY61: 0.3493219 | ES61: 2034 | ET61: S03 | EU61: 0.19138 | EV61: hydro
