Workbook

Sheet Veda
G1: 1-25,36-60 | H1: 8 | I1: 13 | J1: 18 | K1: 23 | L1: 28 | M1: 33 | N1: 38
D2: ="~Inputcell: "&_xlfn.TEXTJOIN(",",TRUE,G1:EE1) -> ~Inputcell: 1-25,36-60,8,13,18,23,28,33,38
D3: 3
D5: =VLOOKUP(D3,$C$9:$E$999,2,FALSE) -> ts_annual | E5: =VLOOKUP(D3,$C$9:$E$999,3,FALSE) -> C3
B7: ~Scenmap
A8: priority | B8: scen | C8: case_no | D8: timeslice | E8: climate | AM8: bio price multiplier
A9: 5 | B9: =VLOOKUP(E9,$AK$9:$AL$15,2,FALSE)&"."&VLOOKUP(D9,$AH$9:$AI$24,2,FALSE) -> e 1.5 deg no OS.xAnn | C9: 1 | D9: =VLOOKUP(AJ9,$AG$9:$AH$22,2,FALSE) -> ts_annual | E9: C1 | G9: Limit warming to 1.5°C (>50%) with no or limited overshoot | AG9: 1 | AH9: ts_annual | AI9: xAnn | AJ9: 1 | AK9: C1 | AL9: e 1.5 deg no OS | AM9: 5
A10: 5 | B10: =VLOOKUP(E10,$AK$9:$AL$15,2,FALSE)&"."&VLOOKUP(D10,$AH$9:$AI$24,2,FALSE) -> d 1.5 deg OS.xAnn | C10: =C9+1 -> 2 | D10: =VLOOKUP(AJ10,$AG$9:$AH$22,2,FALSE) -> ts_annual | E10: C2 | G10: Limit warming to 1.5°C (>67%) with high overshoot | S10: IEA | AG10: 2 | AH10: ts_12t | AI10: x12 | AJ10: 1 | AK10: C2 | AL10: d 1.5 deg OS | AM10: 4
A11: 5 | B11: =VLOOKUP(E11,$AK$9:$AL$15,2,FALSE)&"."&VLOOKUP(D11,$AH$9:$AI$24,2,FALSE) -> c 2 deg (67%).xAnn | C11: =C10+1 -> 3 | D11: =VLOOKUP(AJ11,$AG$9:$AH$22,2,FALSE) -> ts_annual | E11: C3 | G11: Limit warming to 2°C (>67%) with higher action post-2030 | S11: 2022 | AG11: 3 | AH11: ts_012 | AI11: =AH11 -> ts_012 | AJ11: 1 | AK11: C3 | AL11: c 2 deg (67%) | AM11: 3
A12: 5 | B12: =VLOOKUP(E12,$AK$9:$AL$15,2,FALSE)&"."&VLOOKUP(D12,$AH$9:$AI$24,2,FALSE) -> b 2 deg (50%).xAnn | C12: =C11+1 -> 4 | D12: =VLOOKUP(AJ12,$AG$9:$AH$22,2,FALSE) -> ts_annual | E12: C4 | G12: Limit warming to 2°C (>50%) with immediate action | S12: =SUMIFS(iea_data!I3:I9999,iea_data!$B$3:$B$9999,Veda!$S$11)+T28-T29 -> 155.33 | T12: base-year generation (TWh) | AG12: 4 | AH12: ts_030 | AI12: =AH12 -> ts_030 | AJ12: 1 | AK12: C4 | AL12: b 2 deg (50%) | AM12: 3
A13: 5 | B13: =VLOOKUP(E13,$AK$9:$AL$15,2,FALSE)&"."&VLOOKUP(D13,$AH$9:$AI$24,2,FALSE) -> a 3 deg.xAnn | C13: =C12+1 -> 5 | D13: =VLOOKUP(AJ13,$AG$9:$AH$22,2,FALSE) -> ts_annual | E13: C7 | G13: Likely above 3°C warming with limited mitigation | AG13: 5 | AH13: ts_048 | AI13: =AH13 -> ts_048 | AJ13: 1 | AK13: C7 | AL13: a 3 deg | AM13: 1.5
A14: 5 | B14: =VLOOKUP(E14,$AK$9:$AL$15,2,FALSE)&"."&VLOOKUP(D14,$AH$9:$AI$24,2,FALSE) -> e 1.5 deg no OS.x12 | C14: =C13+1 -> 6 | D14: =VLOOKUP(AJ14,$AG$9:$AH$22,2,FALSE) -> ts_12t | E14: =E9 -> C1 | T14: =S12 -> 155.33 | U14: =$S$12*J15 -> 181.7361 | V14: =$S$12*K15 -> 217.462 | W14: =$S$12*L15 -> 254.7412 | X14: =$S$12*M15 -> 290.4671 | Y14: =$S$12*N15 -> 366.5788 | Z14: =$S$12*O15 -> 450.457 | AG14: 6 | AH14: ts_072 | AI14: =AH14 -> ts_072 | AJ14: =AJ9+1 -> 2
A15: 5 | B15: =VLOOKUP(E15,$AK$9:$AL$15,2,FALSE)&"."&VLOOKUP(D15,$AH$9:$AI$24,2,FALSE) -> d 1.5 deg OS.x12 | C15: =C14+1 -> 7 | D15: =VLOOKUP(AJ15,$AG$9:$AH$22,2,FALSE) -> ts_12t | E15: =E10 -> C2 | G15: Electricity growth relative to 2020 | I15: =SUMIFS(ar6_r10!$F$2:$F$999,ar6_r10!$A$2:$A$999,Veda!$E$5,ar6_r10!$C$2:$C$999,Veda!I$17,ar6_r10!$M$2:$M$999,Veda!$G15) -> 1 | J15: =SUMIFS(ar6_r10!$F$2:$F$999,ar6_r10!$A$2:$A$999,Veda!$E$5,ar6_r10!$C$2:$C$999,Veda!J$17,ar6_r10!$M$2:$M$999,Veda!$G15) -> 1.17 | K15: =SUMIFS(ar6_r10!$F$2:$F$999,ar6_r10!$A$2:$A$999,Veda!$E$5,ar6_r10!$C$2:$C$999,Veda!K$17,ar6_r10!$M$2:$M$999,Veda!$G15) -> 1.4 | L15: =SUMIFS(ar6_r10!$F$2:$F$999,ar6_r10!$A$2:$A$999,Veda!$E$5,ar6_r10!$C$2:$C$999,Veda!L$17,ar6_r10!$M$2:$M$999,Veda!$G15) -> 1.64 | M15: =SUMIFS(ar6_r10!$F$2:$F$999,ar6_r10!$A$2:$A$999,Veda!$E$5,ar6_r10!$C$2:$C$999,Veda!M$17,ar6_r10!$M$2:$M$999,Veda!$G15) -> 1.87 | N15: =SUMIFS(ar6_r10!$F$2:$F$999,ar6_r10!$A$2:$A$999,Veda!$E$5,ar6_r10!$C$2:$C$999,Veda!N$17,ar6_r10!$M$2:$M$999,Veda!$G15) -> 2.36 | O15: =SUMIFS(ar6_r10!$F$2:$F$999,ar6_r10!$A$2:$A$999,Veda!$E$5,ar6_r10!$C$2:$C$999,Veda!O$17,ar6_r10!$M$2:$M$999,Veda!$G15) -> 2.9 | AG15: 7 | AH15: ts_144 | AI15: =AH15 -> ts_144 | AJ15: =AJ10+1 -> 2
A16: 5 | B16: =VLOOKUP(E16,$AK$9:$AL$15,2,FALSE)&"."&VLOOKUP(D16,$AH$9:$AI$24,2,FALSE) -> c 2 deg (67%).x12 | C16: =C15+1 -> 8 | D16: =VLOOKUP(AJ16,$AG$9:$AH$22,2,FALSE) -> ts_12t | E16: =E11 -> C3 | S16: ~TFM_INS-TS | AG16: 8 | AH16: ts_288 | AI16: =AH16 -> ts_288 | AJ16: =AJ11+1 -> 2
A17: 5 | B17: =VLOOKUP(E17,$AK$9:$AL$15,2,FALSE)&"."&VLOOKUP(D17,$AH$9:$AI$24,2,FALSE) -> b 2 deg (50%).x12 | C17: =C16+1 -> 9 | D17: =VLOOKUP(AJ17,$AG$9:$AH$22,2,FALSE) -> ts_12t | E17: =E12 -> C4 | I17: 2020 | J17: =U17 -> 2025 | K17: =V17 -> 2030 | L17: =W17 -> 2035 | M17: =X17 -> 2040 | N17: =Y17 -> 2045 | O17: =Z17 -> 2050 | S17: commodity | T17: 2022 | U17: 2025 | V17: 2030 | W17: 2035 | X17: 2040 | Y17: 2045 | Z17: 2050 | AA17: attribute | AG17: 9 | AH17: s1v1_d | AI17: f2d96 | AJ17: =AJ12+1 -> 2
A18: 5 | B18: =VLOOKUP(E18,$AK$9:$AL$15,2,FALSE)&"."&VLOOKUP(D18,$AH$9:$AI$24,2,FALSE) -> a 3 deg.x12 | C18: =C17+1 -> 10 | D18: =VLOOKUP(AJ18,$AG$9:$AH$22,2,FALSE) -> ts_12t | E18: =E13 -> C7 | G18: Hydrogen as a share of electricity | I18: =SUMIFS(ar6_r10!$F$2:$F$999,ar6_r10!$A$2:$A$999,Veda!$E$5,ar6_r10!$C$2:$C$999,Veda!I$17,ar6_r10!$M$2:$M$999,Veda!$G18) -> 0 | J18: =SUMIFS(ar6_r10!$F$2:$F$999,ar6_r10!$A$2:$A$999,Veda!$E$5,ar6_r10!$C$2:$C$999,Veda!J$17,ar6_r10!$M$2:$M$999,Veda!$G18) -> 0 | K18: =SUMIFS(ar6_r10!$F$2:$F$999,ar6_r10!$A$2:$A$999,Veda!$E$5,ar6_r10!$C$2:$C$999,Veda!K$17,ar6_r10!$M$2:$M$999,Veda!$G18) -> 0 | L18: =SUMIFS(ar6_r10!$F$2:$F$999,ar6_r10!$A$2:$A$999,Veda!$E$5,ar6_r10!$C$2:$C$999,Veda!L$17,ar6_r10!$M$2:$M$999,Veda!$G18) -> 0.02 | M18: =SUMIFS(ar6_r10!$F$2:$F$999,ar6_r10!$A$2:$A$999,Veda!$E$5,ar6_r10!$C$2:$C$999,Veda!M$17,ar6_r10!$M$2:$M$999,Veda!$G18) -> 0.03 | N18: =SUMIFS(ar6_r10!$F$2:$F$999,ar6_r10!$A$2:$A$999,Veda!$E$5,ar6_r10!$C$2:$C$999,Veda!N$17,ar6_r10!$M$2:$M$999,Veda!$G18) -> 0.04 | O18: =SUMIFS(ar6_r10!$F$2:$F$999,ar6_r10!$A$2:$A$999,Veda!$E$5,ar6_r10!$C$2:$C$999,Veda!O$17,ar6_r10!$M$2:$M$999,Veda!$G18) -> 0.06 | S18: hydrogen_allsect | T18: =I18*T$14 -> 0 | U18: =J18*U$14 -> 0 | V18: =K18*V$14 -> 0 | W18: =L18*W$14 -> 5.094824 | X18: =M18*X$14 -> 8.714013 | Y18: =N18*Y$14 -> 14.663152 | Z18: =O18*Z$14 -> 27.02742 | AA18: demand | AG18: 10 | AH18: ts_096 | AI18: e96 | AJ18: =AJ13+1 -> 2
A19: 5 | B19: =VLOOKUP(E19,$AK$9:$AL$15,2,FALSE)&"."&VLOOKUP(D19,$AH$9:$AI$24,2,FALSE) -> e 1.5 deg no OS.ts_012 | C19: =C18+1 -> 11 | D19: =VLOOKUP(AJ19,$AG$9:$AH$22,2,FALSE) -> ts_012 | E19: =E14 -> C1 | G19: Industry electricity share | I19: =SUMIFS(ar6_r10!$F$2:$F$999,ar6_r10!$A$2:$A$999,Veda!$E$5,ar6_r10!$C$2:$C$999,Veda!I$17,ar6_r10!$M$2:$M$999,Veda!$G19) -> 0.25 | J19: =SUMIFS(ar6_r10!$F$2:$F$999,ar6_r10!$A$2:$A$999,Veda!$E$5,ar6_r10!$C$2:$C$999,Veda!J$17,ar6_r10!$M$2:$M$999,Veda!$G19) -> 0.27 | K19: =SUMIFS(ar6_r10!$F$2:$F$999,ar6_r10!$A$2:$A$999,Veda!$E$5,ar6_r10!$C$2:$C$999,Veda!K$17,ar6_r10!$M$2:$M$999,Veda!$G19) -> 0.29 | L19: =SUMIFS(ar6_r10!$F$2:$F$999,ar6_r10!$A$2:$A$999,Veda!$E$5,ar6_r10!$C$2:$C$999,Veda!L$17,ar6_r10!$M$2:$M$999,Veda!$G19) -> 0.3 | M19: =SUMIFS(ar6_r10!$F$2:$F$999,ar6_r10!$A$2:$A$999,Veda!$E$5,ar6_r10!$C$2:$C$999,Veda!M$17,ar6_r10!$M$2:$M$999,Veda!$G19) -> 0.31 | N19: =SUMIFS(ar6_r10!$F$2:$F$999,ar6_r10!$A$2:$A$999,Veda!$E$5,ar6_r10!$C$2:$C$999,Veda!N$17,ar6_r10!$M$2:$M$999,Veda!$G19) -> 0.33 | O19: =SUMIFS(ar6_r10!$F$2:$F$999,ar6_r10!$A$2:$A$999,Veda!$E$5,ar6_r10!$C$2:$C$999,Veda!O$17,ar6_r10!$M$2:$M$999,Veda!$G19) -> 0.33 | S19: elc_industry | T19: =I19*T$14 -> 38.8325 | U19: =J19*U$14 -> 49.068747 | V19: =K19*V$14 -> 63.06398 | W19: =L19*W$14 -> 76.42236 | X19: =M19*X$14 -> 90.044801 | Y19: =N19*Y$14 -> 120.971 | Z19: =O19*Z$14 -> 148.65081 | AA19: demand | AG19: 11 | AH19: s1p1v1_d | AI19: d9d | AJ19: =AJ14+1 -> 3
A20: 5 | B20: =VLOOKUP(E20,$AK$9:$AL$15,2,FALSE)&"."&VLOOKUP(D20,$AH$9:$AI$24,2,FALSE) -> d 1.5 deg OS.ts_012 | C20: =C19+1 -> 12 | D20: =VLOOKUP(AJ20,$AG$9:$AH$22,2,FALSE) -> ts_012 | E20: =E15 -> C2 | G20: Residential and commercial electricity share | I20: =SUMIFS(ar6_r10!$F$2:$F$999,ar6_r10!$A$2:$A$999,Veda!$E$5,ar6_r10!$C$2:$C$999,Veda!I$17,ar6_r10!$M$2:$M$999,Veda!$G20) -> 0.73 | J20: =SUMIFS(ar6_r10!$F$2:$F$999,ar6_r10!$A$2:$A$999,Veda!$E$5,ar6_r10!$C$2:$C$999,Veda!J$17,ar6_r10!$M$2:$M$999,Veda!$G20) -> 0.71 | K20: =SUMIFS(ar6_r10!$F$2:$F$999,ar6_r10!$A$2:$A$999,Veda!$E$5,ar6_r10!$C$2:$C$999,Veda!K$17,ar6_r10!$M$2:$M$999,Veda!$G20) -> 0.69 | L20: =SUMIFS(ar6_r10!$F$2:$F$999,ar6_r10!$A$2:$A$999,Veda!$E$5,ar6_r10!$C$2:$C$999,Veda!L$17,ar6_r10!$M$2:$M$999,Veda!$G20) -> 0.65 | M20: =SUMIFS(ar6_r10!$F$2:$F$999,ar6_r10!$A$2:$A$999,Veda!$E$5,ar6_r10!$C$2:$C$999,Veda!M$17,ar6_r10!$M$2:$M$999,Veda!$G20) -> 0.64 | N20: =SUMIFS(ar6_r10!$F$2:$F$999,ar6_r10!$A$2:$A$999,Veda!$E$5,ar6_r10!$C$2:$C$999,Veda!N$17,ar6_r10!$M$2:$M$999,Veda!$G20) -> 0.59 | O20: =SUMIFS(ar6_r10!$F$2:$F$999,ar6_r10!$A$2:$A$999,Veda!$E$5,ar6_r10!$C$2:$C$999,Veda!O$17,ar6_r10!$M$2:$M$999,Veda!$G20) -> 0.58 | S20: elc_buildings | T20: =I20*T$14 -> 113.3909 | U20: =J20*U$14 -> 129.03263 | V20: =K20*V$14 -> 150.04878 | W20: =L20*W$14 -> 165.58178 | X20: =M20*X$14 -> 185.89894 | Y20: =N20*Y$14 -> 216.28149 | Z20: =O20*Z$14 -> 261.26506 | AA20: demand | AG20: 12 | AH20: s5p5v5_d | AI20: c15d | AJ20: =AJ15+1 -> 3
A21: 5 | B21: =VLOOKUP(E21,$AK$9:$AL$15,2,FALSE)&"."&VLOOKUP(D21,$AH$9:$AI$24,2,FALSE) -> c 2 deg (67%).ts_012 | C21: =C20+1 -> 13 | D21: =VLOOKUP(AJ21,$AG$9:$AH$22,2,FALSE) -> ts_012 | E21: =E16 -> C3 | G21: Transportation electricity share | I21: =SUMIFS(ar6_r10!$F$2:$F$999,ar6_r10!$A$2:$A$999,Veda!$E$5,ar6_r10!$C$2:$C$999,Veda!I$17,ar6_r10!$M$2:$M$999,Veda!$G21) -> 0 | J21: =SUMIFS(ar6_r10!$F$2:$F$999,ar6_r10!$A$2:$A$999,Veda!$E$5,ar6_r10!$C$2:$C$999,Veda!J$17,ar6_r10!$M$2:$M$999,Veda!$G21) -> 0.01 | K21: =SUMIFS(ar6_r10!$F$2:$F$999,ar6_r10!$A$2:$A$999,Veda!$E$5,ar6_r10!$C$2:$C$999,Veda!K$17,ar6_r10!$M$2:$M$999,Veda!$G21) -> 0.01 | L21: =SUMIFS(ar6_r10!$F$2:$F$999,ar6_r10!$A$2:$A$999,Veda!$E$5,ar6_r10!$C$2:$C$999,Veda!L$17,ar6_r10!$M$2:$M$999,Veda!$G21) -> 0.01 | M21: =SUMIFS(ar6_r10!$F$2:$F$999,ar6_r10!$A$2:$A$999,Veda!$E$5,ar6_r10!$C$2:$C$999,Veda!M$17,ar6_r10!$M$2:$M$999,Veda!$G21) -> 0.03 | N21: =SUMIFS(ar6_r10!$F$2:$F$999,ar6_r10!$A$2:$A$999,Veda!$E$5,ar6_r10!$C$2:$C$999,Veda!N$17,ar6_r10!$M$2:$M$999,Veda!$G21) -> 0.05 | O21: =SUMIFS(ar6_r10!$F$2:$F$999,ar6_r10!$A$2:$A$999,Veda!$E$5,ar6_r10!$C$2:$C$999,Veda!O$17,ar6_r10!$M$2:$M$999,Veda!$G21) -> 0.07 | S21: elc_transport | T21: =I21*T$14 -> 0 | U21: =T21 -> 0 | V21: =U21 -> 0 | W21: =V21 -> 0 | X21: =W21 -> 0 | Y21: =X21 -> 0 | Z21: =Y21 -> 0 | AA21: demand | AC21: non-road transport demand assumed to be constant | AJ21: =AJ16+1 -> 3
A22: 5 | B22: =VLOOKUP(E22,$AK$9:$AL$15,2,FALSE)&"."&VLOOKUP(D22,$AH$9:$AI$24,2,FALSE) -> b 2 deg (50%).ts_012 | C22: =C21+1 -> 14 | D22: =VLOOKUP(AJ22,$AG$9:$AH$22,2,FALSE) -> ts_012 | E22: =E17 -> C4 | S22: elc_roadtransport | T22: =T14-SUM(T19:T21) -> 3.1066 | U22: =U14-SUM(U19:U21) -> 3.634722 | V22: =V14-SUM(V19:V21) -> 4.34924 | W22: =W14-SUM(W19:W21) -> 12.73706 | X22: =X14-SUM(X19:X21) -> 14.523355 | Y22: =Y14-SUM(Y19:Y21) -> 29.326304 | Z22: =Z14-SUM(Z19:Z21) -> 40.54113 | AA22: demand | AJ22: =AJ17+1 -> 3
A23: 5 | B23: =VLOOKUP(E23,$AK$9:$AL$15,2,FALSE)&"."&VLOOKUP(D23,$AH$9:$AI$24,2,FALSE) -> a 3 deg.ts_012 | C23: =C22+1 -> 15 | D23: =VLOOKUP(AJ23,$AG$9:$AH$22,2,FALSE) -> ts_012 | E23: =E18 -> C7 | S23: * | AJ23: =AJ18+1 -> 3
A24: 5 | B24: =VLOOKUP(E24,$AK$9:$AL$15,2,FALSE)&"."&VLOOKUP(D24,$AH$9:$AI$24,2,FALSE) -> e 1.5 deg no OS.ts_030 | C24: =C23+1 -> 16 | D24: =VLOOKUP(AJ24,$AG$9:$AH$22,2,FALSE) -> ts_030 | E24: =E19 -> C1 | G24: CO2 price | I24: 0 | J24: 0 | K24: =SUMIFS(ar6_r10!$F$2:$F$999,ar6_r10!$A$2:$A$999,Veda!$E$5,ar6_r10!$C$2:$C$999,Veda!K$17,ar6_r10!$M$2:$M$999,Veda!$G24) -> 49.21 | L24: =SUMIFS(ar6_r10!$F$2:$F$999,ar6_r10!$A$2:$A$999,Veda!$E$5,ar6_r10!$C$2:$C$999,Veda!L$17,ar6_r10!$M$2:$M$999,Veda!$G24) -> 100.47 | M24: =SUMIFS(ar6_r10!$F$2:$F$999,ar6_r10!$A$2:$A$999,Veda!$E$5,ar6_r10!$C$2:$C$999,Veda!M$17,ar6_r10!$M$2:$M$999,Veda!$G24) -> 127.66 | N24: =SUMIFS(ar6_r10!$F$2:$F$999,ar6_r10!$A$2:$A$999,Veda!$E$5,ar6_r10!$C$2:$C$999,Veda!N$17,ar6_r10!$M$2:$M$999,Veda!$G24) -> 171.28 | O24: =SUMIFS(ar6_r10!$F$2:$F$999,ar6_r10!$A$2:$A$999,Veda!$E$5,ar6_r10!$C$2:$C$999,Veda!O$17,ar6_r10!$M$2:$M$999,Veda!$G24) -> 208.73 | S24: co2net | U24: 0 | V24: =K24/1000 -> 0.04921 | W24: =L24/1000 -> 0.10047 | X24: =M24/1000 -> 0.12766 | Y24: =N24/1000 -> 0.17128 | Z24: =O24/1000 -> 0.20873 | AA24: com_taxnet | AJ24: =AJ19+1 -> 4
A25: 5 | B25: =VLOOKUP(E25,$AK$9:$AL$15,2,FALSE)&"."&VLOOKUP(D25,$AH$9:$AI$24,2,FALSE) -> d 1.5 deg OS.ts_030 | C25: =C24+1 -> 17 | D25: =VLOOKUP(AJ25,$AG$9:$AH$22,2,FALSE) -> ts_030 | E25: =E20 -> C2 | AJ25: =AJ20+1 -> 4
A26: 5 | B26: =VLOOKUP(E26,$AK$9:$AL$15,2,FALSE)&"."&VLOOKUP(D26,$AH$9:$AI$24,2,FALSE) -> c 2 deg (67%).ts_030 | C26: =C25+1 -> 18 | D26: =VLOOKUP(AJ26,$AG$9:$AH$22,2,FALSE) -> ts_030 | E26: =E21 -> C3 | S26: ~TFM_INS-TS | AJ26: =AJ21+1 -> 4
A27: 5 | B27: =VLOOKUP(E27,$AK$9:$AL$15,2,FALSE)&"."&VLOOKUP(D27,$AH$9:$AI$24,2,FALSE) -> b 2 deg (50%).ts_030 | C27: =C26+1 -> 19 | D27: =VLOOKUP(AJ27,$AG$9:$AH$22,2,FALSE) -> ts_030 | E27: =E22 -> C4 | S27: process | T27: =T17 -> 2022 | U27: =U17 -> 2025 | V27: =V17 -> 2030 | W27: =W17 -> 2035 | X27: =X17 -> 2040 | Y27: =Y17 -> 2045 | Z27: =Z17 -> 2050 | AA27: attribute | AB27: limtype | AJ27: =AJ22+1 -> 4
A28: 5 | B28: =VLOOKUP(E28,$AK$9:$AL$15,2,FALSE)&"."&VLOOKUP(D28,$AH$9:$AI$24,2,FALSE) -> a 3 deg.ts_030 | C28: =C27+1 -> 20 | D28: =VLOOKUP(AJ28,$AG$9:$AH$22,2,FALSE) -> ts_030 | E28: =E23 -> C7 | Q28: =SUMIFS(iea_data!G3:G9999,iea_data!$B$3:$B$9999,Veda!$S$11) -> 0.5 | S28: Trd_electricity import | T28: =Q28 -> 0.5 | AA28: ACT_BND | AB28: FX | AJ28: =AJ23+1 -> 4
A29: 5 | B29: =VLOOKUP(E29,$AK$9:$AL$15,2,FALSE)&"."&VLOOKUP(D29,$AH$9:$AI$24,2,FALSE) -> e 1.5 deg no OS.ts_048 | C29: =C28+1 -> 21 | D29: =VLOOKUP(AJ29,$AG$9:$AH$22,2,FALSE) -> ts_048 | E29: =E24 -> C1 | Q29: =SUMIFS(iea_data!H3:H9999,iea_data!$B$3:$B$9999,Veda!$S$11) -> -0.61 | S29: Trd_electricity export | T29: =-1*Q29 -> 0.61 | AA29: ACT_BND | AB29: FX | AJ29: =AJ24+1 -> 5
A30: 5 | B30: =VLOOKUP(E30,$AK$9:$AL$15,2,FALSE)&"."&VLOOKUP(D30,$AH$9:$AI$24,2,FALSE) -> d 1.5 deg OS.ts_048 | C30: =C29+1 -> 22 | D30: =VLOOKUP(AJ30,$AG$9:$AH$22,2,FALSE) -> ts_048 | E30: =E25 -> C2 | AJ30: =AJ25+1 -> 5
A31: 5 | B31: =VLOOKUP(E31,$AK$9:$AL$15,2,FALSE)&"."&VLOOKUP(D31,$AH$9:$AI$24,2,FALSE) -> c 2 deg (67%).ts_048 | C31: =C30+1 -> 23 | D31: =VLOOKUP(AJ31,$AG$9:$AH$22,2,FALSE) -> ts_048 | E31: =E26 -> C3 | AJ31: =AJ26+1 -> 5
A32: 5 | B32: =VLOOKUP(E32,$AK$9:$AL$15,2,FALSE)&"."&VLOOKUP(D32,$AH$9:$AI$24,2,FALSE) -> b 2 deg (50%).ts_048 | C32: =C31+1 -> 24 | D32: =VLOOKUP(AJ32,$AG$9:$AH$22,2,FALSE) -> ts_048 | E32: =E27 -> C4 | AJ32: =AJ27+1 -> 5
A33: 5 | B33: =VLOOKUP(E33,$AK$9:$AL$15,2,FALSE)&"."&VLOOKUP(D33,$AH$9:$AI$24,2,FALSE) -> a 3 deg.ts_048 | C33: =C32+1 -> 25 | D33: =VLOOKUP(AJ33,$AG$9:$AH$22,2,FALSE) -> ts_048 | E33: =E28 -> C7 | AJ33: =AJ28+1 -> 5
A34: 5 | B34: =VLOOKUP(E34,$AK$9:$AL$15,2,FALSE)&"."&VLOOKUP(D34,$AH$9:$AI$24,2,FALSE) -> e 1.5 deg no OS.ts_072 | C34: =C33+1 -> 26 | D34: =VLOOKUP(AJ34,$AG$9:$AH$22,2,FALSE) -> ts_072 | E34: =E29 -> C1 | AJ34: =AJ29+1 -> 6
A35: 5 | B35: =VLOOKUP(E35,$AK$9:$AL$15,2,FALSE)&"."&VLOOKUP(D35,$AH$9:$AI$24,2,FALSE) -> d 1.5 deg OS.ts_072 | C35: =C34+1 -> 27 | D35: =VLOOKUP(AJ35,$AG$9:$AH$22,2,FALSE) -> ts_072 | E35: =E30 -> C2 | AJ35: =AJ30+1 -> 6
A36: 5 | B36: =VLOOKUP(E36,$AK$9:$AL$15,2,FALSE)&"."&VLOOKUP(D36,$AH$9:$AI$24,2,FALSE) -> c 2 deg (67%).ts_072 | C36: =C35+1 -> 28 | D36: =VLOOKUP(AJ36,$AG$9:$AH$22,2,FALSE) -> ts_072 | E36: =E31 -> C3 | G36: C7 | AJ36: =AJ31+1 -> 6
A37: 5 | B37: =VLOOKUP(E37,$AK$9:$AL$15,2,FALSE)&"."&VLOOKUP(D37,$AH$9:$AI$24,2,FALSE) -> b 2 deg (50%).ts_072 | C37: =C36+1 -> 29 | D37: =VLOOKUP(AJ37,$AG$9:$AH$22,2,FALSE) -> ts_072 | E37: =E32 -> C4 | G37: Gas Price | I37: =SUMIFS(ar6_r10!$F$2:$F$999,ar6_r10!$A$2:$A$999,Veda!$G$36,ar6_r10!$C$2:$C$999,Veda!I$17,ar6_r10!$M$2:$M$999,Veda!$G37) -> 1 | J37: =SUMIFS(ar6_r10!$F$2:$F$999,ar6_r10!$A$2:$A$999,Veda!$G$36,ar6_r10!$C$2:$C$999,Veda!J$17,ar6_r10!$M$2:$M$999,Veda!$G37) -> 1.15 | K37: =SUMIFS(ar6_r10!$F$2:$F$999,ar6_r10!$A$2:$A$999,Veda!$G$36,ar6_r10!$C$2:$C$999,Veda!K$17,ar6_r10!$M$2:$M$999,Veda!$G37) -> 1.28 | L37: =SUMIFS(ar6_r10!$F$2:$F$999,ar6_r10!$A$2:$A$999,Veda!$G$36,ar6_r10!$C$2:$C$999,Veda!L$17,ar6_r10!$M$2:$M$999,Veda!$G37) -> 1.22 | M37: =SUMIFS(ar6_r10!$F$2:$F$999,ar6_r10!$A$2:$A$999,Veda!$G$36,ar6_r10!$C$2:$C$999,Veda!M$17,ar6_r10!$M$2:$M$999,Veda!$G37) -> 1.41 | N37: =SUMIFS(ar6_r10!$F$2:$F$999,ar6_r10!$A$2:$A$999,Veda!$G$36,ar6_r10!$C$2:$C$999,Veda!N$17,ar6_r10!$M$2:$M$999,Veda!$G37) -> 1.47 | O37: =SUMIFS(ar6_r10!$F$2:$F$999,ar6_r10!$A$2:$A$999,Veda!$G$36,ar6_r10!$C$2:$C$999,Veda!O$17,ar6_r10!$M$2:$M$999,Veda!$G37) -> 1.59 | AJ37: =AJ32+1 -> 6
A38: 5 | B38: =VLOOKUP(E38,$AK$9:$AL$15,2,FALSE)&"."&VLOOKUP(D38,$AH$9:$AI$24,2,FALSE) -> a 3 deg.ts_072 | C38: =C37+1 -> 30 | D38: =VLOOKUP(AJ38,$AG$9:$AH$22,2,FALSE) -> ts_072 | E38: =E33 -> C7 | G38: Coal Price | I38: =SUMIFS(ar6_r10!$F$2:$F$999,ar6_r10!$A$2:$A$999,Veda!$G$36,ar6_r10!$C$2:$C$999,Veda!I$17,ar6_r10!$M$2:$M$999,Veda!$G38) -> 1 | J38: =SUMIFS(ar6_r10!$F$2:$F$999,ar6_r10!$A$2:$A$999,Veda!$G$36,ar6_r10!$C$2:$C$999,Veda!J$17,ar6_r10!$M$2:$M$999,Veda!$G38) -> 1.02 | K38: =SUMIFS(ar6_r10!$F$2:$F$999,ar6_r10!$A$2:$A$999,Veda!$G$36,ar6_r10!$C$2:$C$999,Veda!K$17,ar6_r10!$M$2:$M$999,Veda!$G38) -> 1.06 | L38: =SUMIFS(ar6_r10!$F$2:$F$999,ar6_r10!$A$2:$A$999,Veda!$G$36,ar6_r10!$C$2:$C$999,Veda!L$17,ar6_r10!$M$2:$M$999,Veda!$G38) -> 1.08 | M38: =SUMIFS(ar6_r10!$F$2:$F$999,ar6_r10!$A$2:$A$999,Veda!$G$36,ar6_r10!$C$2:$C$999,Veda!M$17,ar6_r10!$M$2:$M$999,Veda!$G38) -> 1.17 | N38: =SUMIFS(ar6_r10!$F$2:$F$999,ar6_r10!$A$2:$A$999,Veda!$G$36,ar6_r10!$C$2:$C$999,Veda!N$17,ar6_r10!$M$2:$M$999,Veda!$G38) -> 1.21 | O38: =SUMIFS(ar6_r10!$F$2:$F$999,ar6_r10!$A$2:$A$999,Veda!$G$36,ar6_r10!$C$2:$C$999,Veda!O$17,ar6_r10!$M$2:$M$999,Veda!$G38) -> 1.26 | AJ38: =AJ33+1 -> 6
A39: 5 | B39: =VLOOKUP(E39,$AK$9:$AL$15,2,FALSE)&"."&VLOOKUP(D39,$AH$9:$AI$24,2,FALSE) -> e 1.5 deg no OS.ts_144 | C39: =C38+1 -> 31 | D39: =VLOOKUP(AJ39,$AG$9:$AH$22,2,FALSE) -> ts_144 | E39: =E34 -> C1 | G39: Oil Price | I39: =SUMIFS(ar6_r10!$F$2:$F$999,ar6_r10!$A$2:$A$999,Veda!$G$36,ar6_r10!$C$2:$C$999,Veda!I$17,ar6_r10!$M$2:$M$999,Veda!$G39) -> 1 | J39: =SUMIFS(ar6_r10!$F$2:$F$999,ar6_r10!$A$2:$A$999,Veda!$G$36,ar6_r10!$C$2:$C$999,Veda!J$17,ar6_r10!$M$2:$M$999,Veda!$G39) -> 0.97 | K39: =SUMIFS(ar6_r10!$F$2:$F$999,ar6_r10!$A$2:$A$999,Veda!$G$36,ar6_r10!$C$2:$C$999,Veda!K$17,ar6_r10!$M$2:$M$999,Veda!$G39) -> 1.28 | L39: =SUMIFS(ar6_r10!$F$2:$F$999,ar6_r10!$A$2:$A$999,Veda!$G$36,ar6_r10!$C$2:$C$999,Veda!L$17,ar6_r10!$M$2:$M$999,Veda!$G39) -> 1.09 | M39: =SUMIFS(ar6_r10!$F$2:$F$999,ar6_r10!$A$2:$A$999,Veda!$G$36,ar6_r10!$C$2:$C$999,Veda!M$17,ar6_r10!$M$2:$M$999,Veda!$G39) -> 1.39 | N39: =SUMIFS(ar6_r10!$F$2:$F$999,ar6_r10!$A$2:$A$999,Veda!$G$36,ar6_r10!$C$2:$C$999,Veda!N$17,ar6_r10!$M$2:$M$999,Veda!$G39) -> 1.53 | O39: =SUMIFS(ar6_r10!$F$2:$F$999,ar6_r10!$A$2:$A$999,Veda!$G$36,ar6_r10!$C$2:$C$999,Veda!O$17,ar6_r10!$M$2:$M$999,Veda!$G39) -> 1.73 | AJ39: =AJ34+1 -> 7
A40: 5 | B40: =VLOOKUP(E40,$AK$9:$AL$15,2,FALSE)&"."&VLOOKUP(D40,$AH$9:$AI$24,2,FALSE) -> d 1.5 deg OS.ts_144 | C40: =C39+1 -> 32 | D40: =VLOOKUP(AJ40,$AG$9:$AH$22,2,FALSE) -> ts_144 | E40: =E35 -> C2 | G40: Biomass Price | I40: =SUMIFS(ar6_r10!$F$2:$F$999,ar6_r10!$A$2:$A$999,Veda!$G$36,ar6_r10!$C$2:$C$999,Veda!I$17,ar6_r10!$M$2:$M$999,Veda!$G40) -> 1 | J40: =SUMIFS(ar6_r10!$F$2:$F$999,ar6_r10!$A$2:$A$999,Veda!$G$36,ar6_r10!$C$2:$C$999,Veda!J$17,ar6_r10!$M$2:$M$999,Veda!$G40) -> 1.05 | K40: =SUMIFS(ar6_r10!$F$2:$F$999,ar6_r10!$A$2:$A$999,Veda!$G$36,ar6_r10!$C$2:$C$999,Veda!K$17,ar6_r10!$M$2:$M$999,Veda!$G40) -> 1.1 | L40: =SUMIFS(ar6_r10!$F$2:$F$999,ar6_r10!$A$2:$A$999,Veda!$G$36,ar6_r10!$C$2:$C$999,Veda!L$17,ar6_r10!$M$2:$M$999,Veda!$G40) -> 1.16 | M40: =SUMIFS(ar6_r10!$F$2:$F$999,ar6_r10!$A$2:$A$999,Veda!$G$36,ar6_r10!$C$2:$C$999,Veda!M$17,ar6_r10!$M$2:$M$999,Veda!$G40) -> 1.17 | N40: =SUMIFS(ar6_r10!$F$2:$F$999,ar6_r10!$A$2:$A$999,Veda!$G$36,ar6_r10!$C$2:$C$999,Veda!N$17,ar6_r10!$M$2:$M$999,Veda!$G40) -> 1.16 | O40: =SUMIFS(ar6_r10!$F$2:$F$999,ar6_r10!$A$2:$A$999,Veda!$G$36,ar6_r10!$C$2:$C$999,Veda!O$17,ar6_r10!$M$2:$M$999,Veda!$G40) -> 1.17 | AJ40: =AJ35+1 -> 7
A41: 5 | B41: =VLOOKUP(E41,$AK$9:$AL$15,2,FALSE)&"."&VLOOKUP(D41,$AH$9:$AI$24,2,FALSE) -> c 2 deg (67%).ts_144 | C41: =C40+1 -> 33 | D41: =VLOOKUP(AJ41,$AG$9:$AH$22,2,FALSE) -> ts_144 | E41: =E36 -> C3 | AJ41: =AJ36+1 -> 7
A42: 5 | B42: =VLOOKUP(E42,$AK$9:$AL$15,2,FALSE)&"."&VLOOKUP(D42,$AH$9:$AI$24,2,FALSE) -> b 2 deg (50%).ts_144 | C42: =C41+1 -> 34 | D42: =VLOOKUP(AJ42,$AG$9:$AH$22,2,FALSE) -> ts_144 | E42: =E37 -> C4 | AJ42: =AJ37+1 -> 7
A43: 5 | B43: =VLOOKUP(E43,$AK$9:$AL$15,2,FALSE)&"."&VLOOKUP(D43,$AH$9:$AI$24,2,FALSE) -> a 3 deg.ts_144 | C43: =C42+1 -> 35 | D43: =VLOOKUP(AJ43,$AG$9:$AH$22,2,FALSE) -> ts_144 | E43: =E38 -> C7 | G43: ~TFM_INS-TS: attribute=flo_cost;pset_pn=-IMP*Z | AJ43: =AJ38+1 -> 7
A44: 5 | B44: =VLOOKUP(E44,$AK$9:$AL$15,2,FALSE)&"."&VLOOKUP(D44,$AH$9:$AI$24,2,FALSE) -> e 1.5 deg no OS.ts_288 | C44: =C43+1 -> 36 | D44: =VLOOKUP(AJ44,$AG$9:$AH$22,2,FALSE) -> ts_288 | E44: =E39 -> C1 | G44: commodity | H44: pset_co | I44: 2022 | J44: =J17 -> 2025 | K44: =K17 -> 2030 | L44: =L17 -> 2035 | M44: =M17 -> 2040 | N44: =N17 -> 2045 | O44: =O17 -> 2050 | R44: low | S44: high | AJ44: =AJ39+1 -> 8
A45: 5 | B45: =VLOOKUP(E45,$AK$9:$AL$15,2,FALSE)&"."&VLOOKUP(D45,$AH$9:$AI$24,2,FALSE) -> d 1.5 deg OS.ts_288 | C45: =C44+1 -> 37 | D45: =VLOOKUP(AJ45,$AG$9:$AH$22,2,FALSE) -> ts_288 | E45: =E40 -> C2 | G45: Gas | H45: =G45 -> Gas | I45: =AVERAGE($R45:$S45)*I37 -> 10.3 | J45: =AVERAGE($R45:$S45)*J37 -> 11.845 | K45: =AVERAGE($R45:$S45)*K37 -> 13.184 | L45: =AVERAGE($R45:$S45)*L37 -> 12.566 | M45: =AVERAGE($R45:$S45)*M37 -> 14.523 | N45: =AVERAGE($R45:$S45)*N37 -> 15.141 | O45: =AVERAGE($R45:$S45)*O37 -> 16.377 | R45: =HLOOKUP($G45&"_"&R$44,fuel_prices!$B$10:$I$11,2,FALSE) -> 6.9 | S45: =HLOOKUP($G45&"_"&S$44,fuel_prices!$B$10:$I$11,2,FALSE) -> 13.7 | AJ45: =AJ40+1 -> 8
A46: 5 | B46: =VLOOKUP(E46,$AK$9:$AL$15,2,FALSE)&"."&VLOOKUP(D46,$AH$9:$AI$24,2,FALSE) -> c 2 deg (67%).ts_288 | C46: =C45+1 -> 38 | D46: =VLOOKUP(AJ46,$AG$9:$AH$22,2,FALSE) -> ts_288 | E46: =E41 -> C3 | G46: Coal | H46: =G46 -> Coal | I46: =AVERAGE($R46:$S46)*I38 -> 17.5 | J46: =AVERAGE($R46:$S46)*J38 -> 17.85 | K46: =AVERAGE($R46:$S46)*K38 -> 18.55 | L46: =AVERAGE($R46:$S46)*L38 -> 18.9 | M46: =AVERAGE($R46:$S46)*M38 -> 20.475 | N46: =AVERAGE($R46:$S46)*N38 -> 21.175 | O46: =AVERAGE($R46:$S46)*O38 -> 22.05 | R46: =HLOOKUP($G46&"_"&R$44,fuel_prices!$B$10:$I$11,2,FALSE) -> 15.2 | S46: =HLOOKUP($G46&"_"&S$44,fuel_prices!$B$10:$I$11,2,FALSE) -> 19.8 | AJ46: =AJ41+1 -> 8
A47: 5 | B47: =VLOOKUP(E47,$AK$9:$AL$15,2,FALSE)&"."&VLOOKUP(D47,$AH$9:$AI$24,2,FALSE) -> b 2 deg (50%).ts_288 | C47: =C46+1 -> 39 | D47: =VLOOKUP(AJ47,$AG$9:$AH$22,2,FALSE) -> ts_288 | E47: =E42 -> C4 | G47: Oil | H47: =G47 -> Oil | I47: =AVERAGE($R47:$S47)*I39 -> 40 | J47: =AVERAGE($R47:$S47)*J39 -> 38.8 | K47: =AVERAGE($R47:$S47)*K39 -> 51.2 | L47: =AVERAGE($R47:$S47)*L39 -> 43.6 | M47: =AVERAGE($R47:$S47)*M39 -> 55.6 | N47: =AVERAGE($R47:$S47)*N39 -> 61.2 | O47: =AVERAGE($R47:$S47)*O39 -> 69.2 | R47: =HLOOKUP($G47&"_"&R$44,fuel_prices!$B$10:$I$11,2,FALSE) -> 35 | S47: =HLOOKUP($G47&"_"&S$44,fuel_prices!$B$10:$I$11,2,FALSE) -> 45 | AJ47: =AJ42+1 -> 8
A48: 5 | B48: =VLOOKUP(E48,$AK$9:$AL$15,2,FALSE)&"."&VLOOKUP(D48,$AH$9:$AI$24,2,FALSE) -> a 3 deg.ts_288 | C48: =C47+1 -> 40 | D48: =VLOOKUP(AJ48,$AG$9:$AH$22,2,FALSE) -> ts_288 | E48: =E43 -> C7 | G48: Bioenergy | H48: =G48 -> Bioenergy | I48: =AVERAGE($R48:$S48)*I40 -> 99 | O48: =VLOOKUP($E$5,$AK$9:$AM$15,3,FALSE)*I48 -> 297 | R48: =HLOOKUP($G48&"_"&R$44,fuel_prices!$B$10:$I$11,2,FALSE) -> 99 | S48: =HLOOKUP($G48&"_"&S$44,fuel_prices!$B$10:$I$11,2,FALSE) -> 99 | AJ48: =AJ43+1 -> 8
AJ49: =AJ44+1 -> 9
AJ50: =AJ45+1 -> 9
AJ51: =AJ46+1 -> 9
AJ52: =AJ47+1 -> 9
AJ53: =AJ48+1 -> 9
AJ54: =AJ49+1 -> 10
AJ55: =AJ50+1 -> 10
AJ56: =AJ51+1 -> 10
AJ57: =AJ52+1 -> 10
AJ58: =AJ53+1 -> 10
AJ59: =AJ54+1 -> 11
AJ60: =AJ55+1 -> 11
... AJ78: =AJ73+1 -> 14

Sheet fuel_prices
A9: Fuel Prices
A10: iso | B10: gas_low | C10: gas_high | D10: coal_low | E10: coal_high | F10: oil_low | G10: oil_high | H10: bioenergy_low | I10: bioenergy_high | J10: Notes
A11: ARE | B11: 6.9 | C11: 13.7 | D11: 15.2 | E11: 19.8 | F11: 35 | G11: 45 | H11: 99 | I11: 99 | J11: Abundant gas, minimal biomass

Sheet iea_data
A9: IEA Baseline Data
A10: iso | B10: year | C10: industry_twh | D10: buildings_agri_twh | E10: nonroad_transport_twh | F10: road_transport_twh | G10: imports_twh | H10: exports_twh | I10: total_production_twh
A11: ARE | B11: 2000 | C11: 9.3 | D11: 30.16 | E11: 0 | F11: 0 | G11: 0 | H11: 0 | I11: 39.94
A12: ARE | B12: 2001 | C12: 10.04 | D12: 32.6 | E12: 0 | F12: 0 | G12: 0 | H12: 0 | I12: 43.17
A13: ARE | B13: 2002 | C13: 10.89 | D13: 35.38 | E13: 0 | F13: 0 | G13: 0 | H13: 0 | I13: 46.86
A14: ARE | B14: 2003 | C14: 11.56 | D14: 37.34 | E14: 0 | F14: 0 | G14: 0 | H14: 0 | I14: 49.45
A15: ARE | B15: 2004 | C15: 12.24 | D15: 39.58 | E15: 0 | F15: 0 | G15: 0 | H15: 0 | I15: 52.42
A16: ARE | B16: 2005 | C16: 13.94 | D16: 45.84 | E16: 0 | F16: 0 | G16: 0 | H16: 0 | I16: 60.7
A17: ARE | B17: 2006 | C17: 15.48 | D17: 50.42 | E17: 0 | F17: 0 | G17: 0 | H17: 0 | I17: 66.77
A18: ARE | B18: 2007 | C18: 18.02 | D18: 59.48 | E18: 0 | F18: 0 | G18: 0 | H18: 0 | I18: 78.76
A19: ARE | B19: 2008 | C19: 18.41 | D19: 60.9 | E19: 0 | F19: 0 | G19: 0 | H19: 0 | I19: 80.46
A20: ARE | B20: 2009 | C20: 19.61 | D20: 64.73 | E20: 0 | F20: 0 | G20: 0 | H20: 0 | I20: 85.7
A21: ARE | B21: 2010 | C21: 21.5 | D21: 70.59 | E21: 0 | F21: 0 | G21: 0 | H21: 0 | I21: 93.95
A22: ARE | B22: 2011 | C22: 22.68 | D22: 74.3 | E22: 0 | F22: 0 | G22: 0.02 | H22: -0.04 | I22: 99.14
... A33: ARE | B33: 2022 | C33: 38.34 | D33: 115.34 | E33: 0 | F33: 0 | G33: 0.5 | H33: -0.61 | I33: 155.44

Sheet ar6_r10
A9: AR6 Scenario Drivers
A10: Category | B10: Region | C10: Year | D10: count | E10: mean | F10: median | G10: std | H10: min | I10: max | J10: q25 | K10: q75 | L10: category_description | M10: attribute
A11: C1 | B11: R10MIDDLE_EAST | C11: 2020 | D11: 60 | E11: 2.9 | F11: 0.74 | G11: 3.32 | H11: 0 | I11: 15.11 | J11: 0 | K11: 5.64 | L11: Limit warming to 1.5°C (>50%) with no or limited overshoot | M11: CO2 price
A12: C1 | B12: R10MIDDLE_EAST | C12: 2025 | D12: 60 | E12: 153.67 | F12: 131.07 | G12: 125.79 | H12: 0 | I12: 626.48 | J12: 101.54 | K12: 190.02 | L12: Limit warming to 1.5°C (>50%) with no or limited overshoot | M12: CO2 price
A13: C1 | B13: R10MIDDLE_EAST | C13: 2030 | D13: 60 | E13: 220.76 | F13: 197.09 | G13: 111.16 | H13: 0 | I13: 673.46 | J13: 164.67 | K13: 241.99 | L13: Limit warming to 1.5°C (>50%) with no or limited overshoot | M13: CO2 price
A14: C1 | B14: R10MIDDLE_EAST | C14: 2035 | D14: 60 | E14: 310.56 | F14: 256.63 | G14: 147.59 | H14: 92.6 | I14: 859.53 | J14: 220.16 | K14: 396.19 | L14: Limit warming to 1.5°C (>50%) with no or limited overshoot | M14: CO2 price
A15: C1 | B15: R10MIDDLE_EAST | C15: 2040 | D15: 60 | E15: 420.22 | F15: 335.79 | G15: 205.86 | H15: 162.1 | I15: 1097.01 | J15: 287.98 | K15: 560.56 | L15: Limit warming to 1.5°C (>50%) with no or limited overshoot | M15: CO2 price
A16: C1 | B16: R10MIDDLE_EAST | C16: 2045 | D16: 60 | E16: 529.59 | F16: 460.87 | G16: 243.64 | H16: 193.42 | I16: 1269.88 | J16: 355.81 | K16: 713.93 | L16: Limit warming to 1.5°C (>50%) with no or limited overshoot | M16: CO2 price
A17: C1 | B17: R10MIDDLE_EAST | C17: 2050 | D17: 60 | E17: 625.34 | F17: 581.75 | G17: 256.99 | H17: 209.76 | I17: 1170.26 | J17: 412.98 | K17: 771.78 | L17: Limit warming to 1.5°C (>50%) with no or limited overshoot | M17: CO2 price
A18: C2 | B18: R10MIDDLE_EAST | C18: 2020 | D18: 86 | E18: 3.36 | F18: 0.55 | G18: 5.17 | H18: 0 | I18: 15.11 | J18: 0 | K18: 5.35 | L18: Limit warming to 1.5°C (>67%) with high overshoot | M18: CO2 price
A19: C2 | B19: R10MIDDLE_EAST | C19: 2025 | D19: 75 | E19: 37.47 | F19: 21.41 | G19: 46.36 | H19: 0 | I19: 174.97 | J19: 1.26 | K19: 55.72 | L19: Limit warming to 1.5°C (>67%) with high overshoot | M19: CO2 price
A20: C2 | B20: R10MIDDLE_EAST | C20: 2030 | D20: 86 | E20: 52.47 | F20: 41.97 | G20: 54.93 | H20: 0 | I20: 221.93 | J20: 1.28 | K20: 77.17 | L20: Limit warming to 1.5°C (>67%) with high overshoot | M20: CO2 price
A21: C2 | B21: R10MIDDLE_EAST | C21: 2035 | D21: 75 | E21: 208.06 | F21: 129.57 | G21: 312.6 | H21: 54.48 | I21: 2037.12 | J21: 87.35 | K21: 202.85 | L21: Limit warming to 1.5°C (>67%) with high overshoot | M21: CO2 price
A22: C2 | B22: R10MIDDLE_EAST | C22: 2040 | D22: 86 | E22: 247.16 | F22: 165.64 | G22: 360.3 | H22: 0 | I22: 2600 | J22: 108.54 | K22: 257.75 | L22: Limit warming to 1.5°C (>67%) with high overshoot | M22: CO2 price
... A360: C7 | B360: R10MIDDLE_EAST | C360: 2050 | D360: 7 | E360: 1.15 | F360: 1.17 | G360: 0.19 | H360: 0.9 | I360: 1.35 | J360: 1.03 | K360: 1.29 | L360: Likely above 3°C warming with limited mitigation | M360: Biomass price

Sheet ev_charging_uc
A10: =IFERROR(Veda!D5,"ts_12t") -> ts_annual | C10: day_night | D10: ts_012 | F10: day_night | G10: ts_030 | I10: day_night | J10: ts_048 | L10: day_night | M10: ts_072 | O10: day_night | P10: ts_144 | R10: day_night | S10: ts_288 | U10: day_night | V10: ts_072P10 | X10: day_night | Y10: ts_072P90 | AA10: day_night | AB10: ts_annual | AD10: day_night | AE10: ts_12t
C11: D | D11: S04aH02,S02aH02,S01aH02,S03aH02 | F11: D | G11: S03aH04,S04aH02,S03aH03,S05aH04,S02aH02,S04aH03,S02aH03,S01aH03,S05aH02,S05aH03,S02aH04,S01aH04,S01aH02,S04aH04,S03aH02 | I11: D | J11: S04aH03,S03aH05,S05aH05,S06aH04,S01aH04,S02aH04,S02aH05,S03aH03,S02aH03,S01aH05,S06aH05,S04aH02,S02aH02,S05aH04,S06aH02,S06aH03,S01aH03,S05aH02,S05aH03,S04aH05,S03aH02,S03aH04,S01aH02,S04aH04 | L11: D | M11: S05aH04,S06aH02,S06aH03,S10aH04,S02aH04,S02aH05,S10aH03,S10aH05,S04aH05,S03aH03,S09aH05,S01aH03,S05aH02,S05aH03,S01aH02,S04aH04,S03aH04,S08aH05,S02aH02,S04aH02,S09aH02,S09aH03,S04aH03,S07aH04,S08aH03,S09aH04,S02aH03,S07aH03,S01aH04,S07aH02,S08aH02,S03aH02,S07aH05,S01aH05,S06aH05,S10aH02,S03aH05,S05aH05,S06aH04,S08aH04 | O11: D | P11: S04aH03,S07aH04,S08aH03,S09aH04,S12aH02,S16aH03,S02aH03,S07aH03,S02aH04,S02aH05,S10aH03,S10aH05,S16aH05,S01aH02,S04aH04,S16aH02,S03aH02,S07aH05,S14aH02,S03aH05,S05aH05,S06aH04,S08aH04,S11aH02,S13aH02,S13aH03,S04aH02,S09aH02,S09aH03,S11aH03,S11aH04,S14aH03,S15aH03,S01aH03,S05aH02,S05aH03,S04aH05,S13aH04,S05aH04,S06aH02,S06aH03,S10aH04,S16aH04,S02aH02,S14aH04,S14aH05,S15aH05,S08aH02,S03aH03,S09aH05,S13aH05,S15aH02,S01aH05,S06aH05,S10aH02,S12aH04,S12aH05,S15aH04,S03aH04,S08aH05,S11aH05,S12aH03,S01aH04,S07aH02 | R11: D | S11: S01aH03,S05aH02,S05aH03,S05aH06,S16aH07,S17aH04,S03aH02,S07aH05,S14aH02,S18aH07,S19aH05,S01aH06,S02aH03,S05aH07,S07aH03,S08aH06,S10aH07,S01aH04,S01aH07,S02aH07,S07aH02,S07aH06,S13aH07,S18aH02,S18aH06,S03aH04,S08aH05,S09aH07,S11aH05,S12aH03,S20aH04,S20aH05,S01aH02,S04aH04,S15aH07,S16aH02,S16aH06,S17aH03,S17aH06,S20aH06,S02aH06,S03aH05,S04aH07,S05aH05,S06aH04,S08aH04,S11aH02,S13aH02,S13aH03,S18aH04,S19aH07,S04aH02,S08aH07,S09aH02,S09aH03,S11aH03,S11aH04,S14aH03,S15aH03,S18aH03,S19aH02,S19aH03,S04aH03,S07aH04,S08aH03,S09aH04,S11aH07,S12aH02,S14aH06,S16aH03,S20aH07,S08aH02,S09aH06,S14aH07,S17aH07,S19aH04,S19aH06,S02aH02,S06aH06,S14aH04,S14aH05,S15aH05,S18aH05,S03aH03,S09aH05,S12aH07,S13aH05,S15aH02,S20aH02,S04aH05,S13aH04,S01aH05,S03aH06,S03aH07,S06aH05,S10aH02,S10aH06,S11aH06,S12aH04,S12aH05,S15aH04,S02aH04,S02aH05,S06aH07,S07aH07,S10aH03,S10aH05,S16aH05,S20aH03,S04aH06,S05aH04,S06aH02,S06aH03,S10aH04,S12aH06,S13aH06,S15aH06,S16aH04,S17aH02,S17aH05 | U11: D | V11: S02aH03,S07aH03,S01aH02,S04aH04,S08aH02,S01aH03,S05aH02,S05aH03,S03aH03,S09aH05,S02aH02,S05aH04,S06aH02,S06aH03,S10aH04,S02aH04,S02aH05,S10aH03,S10aH05,S03aH02,S07aH05,S04aH03,S07aH04,S08aH03,S09aH04,S03aH05,S05aH05,S06aH04,S08aH04,S04aH05,S03aH04,S08aH05,S01aH05,S06aH05,S10aH02,S01aH04,S07aH02,S04aH02,S09aH02,S09aH03 | X11: D | Y11: S01aH03,S05aH02,S05aH03,S03aH02,S07aH05,S01aH05,S06aH05,S10aH02,S04aH03,S07aH04,S08aH03,S09aH04,S04aH05,S02aH04,S02aH05,S10aH03,S10aH05,S08aH02,S05aH04,S06aH02,S06aH03,S10aH04,S02aH03,S07aH03,S03aH05,S05aH05,S06aH04,S08aH04,S04aH02,S09aH02,S09aH03,S03aH03,S09aH05,S01aH02,S04aH04,S01aH04,S07aH02,S02aH02,S03aH04,S08aH05 | AA11: D | AB11: AllSaAllH | AD11: D | AE11: SaD,FaD,RaP,WaD,FaP,SaP,RaD,WaP
C12: N | D12: S01aH01,S04aH01,S03aH01,S03aH03,S01aH03,S02aH01,S04aH03,S02aH03 | F12: N | G12: S05aH01,S02aH05,S03aH01,S02aH01,S01aH01,S04aH01,S03aH05,S05aH05,S04aH05,S01aH05 | I12: N | J12: S02aH01,S05aH06,S02aH06,S06aH01,S06aH06,S01aH01,S04aH01,S04aH06,S03aH01,S01aH06,S05aH01,S03aH06 | L12: N | M12: S01aH06,S07aH01,S08aH06,S02aH06,S09aH06,S06aH06,S09aH01,S03aH06,S10aH06,S05aH01,S07aH06,S03aH01,S02aH01,S05aH06,S01aH01,S04aH01,S04aH06,S08aH01,S10aH01,S06aH01 | O12: N | P12: S02aH01,S05aH06,S01aH01,S04aH01,S04aH06,S11aH01,S12aH06,S13aH06,S15aH06,S02aH06,S12aH01,S03aH06,S10aH06,S11aH06,S15aH01,S16aH01,S09aH01,S13aH01,S14aH06,S09aH06,S01aH06,S07aH01,S08aH06,S03aH01,S06aH01,S14aH01,S06aH06,S16aH06,S05aH01,S07aH06,S08aH01,S10aH01 | R12: N | S12: S09aH01,S13aH01,S16aH08,S18aH08,S15aH01,S16aH01,S20aH08,S01aH01,S04aH01,S09aH08,S11aH01,S08aH01,S10aH01,S05aH01,S01aH08,S02aH08,S07aH08,S08aH08,S15aH08,S17aH08,S02aH01,S19aH01,S04aH08,S06aH01,S12aH08,S13aH08,S14aH01,S03aH01,S11aH08,S05aH08,S10aH08,S20aH01,S14aH08,S19aH08,S03aH08,S06aH08,S12aH01,S07aH01,S17aH01,S18aH01 | U12: N | V12: S01aH01,S04aH01,S04aH06,S03aH06,S10aH06,S06aH01,S09aH01,S06aH06,S03aH01,S01aH06,S07aH01,S08aH06,S02aH06,S02aH01,S05aH06,S09aH06,S05aH01,S07aH06,S08aH01,S10aH01 | X12: N | Y12: S09aH01,S02aH01,S05aH06,S09aH06,S02aH06,S06aH01,S01aH06,S07aH01,S08aH06,S01aH01,S04aH01,S04aH06,S06aH06,S03aH06,S10aH06,S08aH01,S10aH01,S03aH01,S05aH01,S07aH06 | AA12: N | AB12: AllSaAllH | AD12: N | AE12: FaP,SaP,RaP,SaN,WaN,RaN,FaN,WaP
I17: 0.75 | K17: share of charging at night
C18: ~UC_Sets: R_E: AllRegions
H21: =IF(H23=H24,"Not Required!","~UC_T: LO") -> Not Required!
C22: UC_N | D22: Pset_CI | E22: Pset_CO | F22: pset_pn | G22: Cset_CN | H22: TimeSlice | I22: UC_FLO | J22: UC_RHSRT | K22: UC_RHSRT~0
C23: UC_bev night chg limit | D23: ELC | E23: =G23 -> AuxStoIN | F23: *EV* | G23: AuxStoIN | H23: =HLOOKUP($A$10,$D$10:$CU$12,3,FALSE) -> AllSaAllH | I23: =1+I24 -> 0.25 | J23: 0 | K23: 3 | M23: night
D24: ELC | E24: =G24 -> AuxStoIN | F24: *EV* | G24: AuxStoIN | H24: =HLOOKUP($A$10,$D$10:$CU$12,2,FALSE) -> AllSaAllH | I24: =-$I$17 -> -0.75 | M24: day

Sheet ts_012
C9: =IF(A11="x","DeActivated","~TimeSlices") -> DeActivated | I9: =IF(A11="x","DeActivated","~TFM_DINS-AT") -> DeActivated | N9: =IF(A11="x","DeActivated","~TFM_DINS-AT") -> DeActivated | S9: =IF(A11="x","DeActivated","~TFM_DINS-AT") -> DeActivated | X9: =IF(A11="x","DeActivated","~TFM_DINS-AT") -> DeActivated | AC9: =IF(A11="x","DeActivated","~TFM_DINS-AT") -> DeActivated | AG9: =IF(A11="x","DeActivated","~TFM_DINS-AT") -> DeActivated | AK9: =IF(A11="x","DeActivated","~TFM_INS-AT") -> DeActivated
A10: ts_012 | C10: season | D10: weekly | E10: daynite | F10: wparent | G10: dparent | I10: commodity | J10: timeslice | K10: com_fr | L10: process | N10: commodity | O10: timeslice | P10: com_fr | Q10: process | S10: commodity | T10: timeslice | U10: com_fr | V10: process | X10: g_yrfr | Y10: com_fr | Z10: timeslice | AA10: commodity | AC10: commodity | AD10: timeslice | AE10: com_fr | AG10: commodity | AH10: timeslice | AI10: com_pkflx | AK10: Year | AL10: timeslice | AM10: ncap_afs | AN10: pset_ci
A11: =IFERROR(IF(Veda!D5=A10,"ok","x"),"") -> x | C11: S01 | D11: a | E11: H01 | F11: S01,S02,S03,S04 | G11: a | I11: elc_spv_ARE_001 | J11: S01aH01 | K11: 0 | L11: IMPNRGZ | N11: elc_won_ARE_001 | O11: S01aH01 | P11: 0.03492479 | Q11: IMPNRGZ | S11: elc_wof_ARE_001 | T11: S01aH01 | U11: 0.032876003 | V11: IMPNRGZ | X11: 0.026369863 | Y11: 0.010413942 | Z11: S01aH01 | AA11: elc_roadtransport | AC11: elc_buildings | AD11: S01aH01 | AE11: 0.019692598 | AG11: ELC | AH11: S01aH01 | AI11: 0.28386338 | AK11: 2025 | AL11: S01 | AM11: 0.35325 | AN11: hydro
C12: S02 | E12: H02 | G12: a | I12: elc_spv_ARE_001 | J12: S01aH02 | K12: 0.083103507 | L12: IMPNRGZ | N12: elc_won_ARE_001 | O12: S01aH02 | P12: 0.042512056 | Q12: IMPNRGZ | S12: elc_wof_ARE_001 | T12: S01aH02 | U12: 0.046512889 | V12: IMPNRGZ | X12: 0.041438356 | Y12: 0.060088009 | Z12: S01aH02 | AA12: elc_roadtransport | AC12: elc_buildings | AD12: S01aH02 | AE12: 0.036912692 | AG12: ELC | AH12: S01aH02 | AI12: 0.085474116 | AK12: 2025 | AL12: S02 | AM12: 0.37815 | AN12: hydro
C13: S03 | E13: H03 | G13: a | I13: elc_spv_ARE_001 | J13: S01aH03 | K13: 0 | L13: IMPNRGZ | N13: elc_won_ARE_001 | O13: S01aH03 | P13: 0.025427076 | Q13: IMPNRGZ | S13: elc_wof_ARE_001 | T13: S01aH03 | U13: 0.021459282 | V13: IMPNRGZ | X13: 0.02260274 | Y13: 0.019909007 | Z13: S01aH03 | AA13: elc_roadtransport | AC13: elc_buildings | AD13: S01aH03 | AE13: 0.014481575 | AG13: ELC | AH13: S01aH03 | AI13: 0.26490089 | AK13: 2025 | AL13: S03 | AM13: 0.3941 | AN13: hydro
C14: S04 | I14: elc_spv_ARE_001 | J14: S02aH01 | K14: 0 | L14: IMPNRGZ | N14: elc_won_ARE_001 | O14: S02aH01 | P14: 0.032520303 | Q14: IMPNRGZ | S14: elc_wof_ARE_001 | T14: S02aH01 | U14: 0.036591759 | V14: IMPNRGZ | X14: 0.028767123 | Y14: 0.011360664 | Z14: S02aH01 | AA14: elc_roadtransport | AC14: elc_buildings | AD14: S02aH01 | AE14: 0.02132841 | AG14: ELC | AH14: S02aH01 | AI14: 0.21638212 | AK14: 2025 | AL14: S04 | AM14: 0.40786 | AN14: hydro
I15: elc_spv_ARE_001 | J15: S02aH02 | K15: 0.10426263 | L15: IMPNRGZ | N15: elc_won_ARE_001 | O15: S02aH02 | P15: 0.042371374 | Q15: IMPNRGZ | S15: elc_wof_ARE_001 | T15: S02aH02 | U15: 0.049644712 | V15: IMPNRGZ | X15: 0.045205479 | Y15: 0.065550556 | Z15: S02aH02 | AA15: elc_roadtransport | AC15: elc_buildings | AD15: S02aH02 | AE15: 0.040329694 | AG15: ELC | AH15: S02aH02 | AI15: 0.12375715 | AK15: 2026 | AL15: S01 | AM15: 0.38345 | AN15: hydro
I16: elc_spv_ARE_001 | J16: S02aH03 | K16: 0.00033329258 | L16: IMPNRGZ | N16: elc_won_ARE_001 | O16: S02aH03 | P16: 0.024429198 | Q16: IMPNRGZ | S16: elc_wof_ARE_001 | T16: S02aH03 | U16: 0.02623714 | V16: IMPNRGZ | X16: 0.024657534 | Y16: 0.021718917 | Z16: S02aH03 | AA16: elc_roadtransport | AC16: elc_buildings | AD16: S02aH03 | AE16: 0.015959572 | AG16: ELC | AH16: S02aH03 | AI16: 0.25062667 | AK16: 2026 | AL16: S02 | AM16: 0.40485 | AN16: hydro
I17: elc_spv_ARE_001 | J17: S03aH01 | K17: 0 | L17: IMPNRGZ | N17: elc_won_ARE_001 | O17: S03aH01 | P17: 0.015596668 | Q17: IMPNRGZ | S17: elc_wof_ARE_001 | T17: S03aH01 | U17: 0.0127238 | V17: IMPNRGZ | X17: 0.011986301 | Y17: 0.0047336101 | Z17: S03aH01 | AA17: elc_roadtransport | AC17: elc_buildings | AD17: S03aH01 | AE17: 0.0087986696 | AG17: ELC | AH17: S03aH01 | AI17: 0.22155446 | AK17: 2026 | AL17: S03 | AM17: 0.4263 | AN17: hydro
I18: elc_spv_ARE_001 | J18: S03aH02 | K18: 0.042054651 | L18: IMPNRGZ | N18: elc_won_ARE_001 | O18: S03aH02 | P18: 0.02085864 | Q18: IMPNRGZ | S18: elc_wof_ARE_001 | T18: S03aH02 | U18: 0.021602885 | V18: IMPNRGZ | X18: 0.018835616 | Y18: 0.027312732 | Z18: S03aH02 | AA18: elc_roadtransport | AC18: elc_buildings | AD18: S03aH02 | AE18: 0.016932796 | AG18: ELC | AH18: S03aH02 | AI18: 0.11624408 | AK18: 2026 | AL18: S04 | AM18: 0.41719 | AN18: hydro
I19: elc_spv_ARE_001 | J19: S03aH03 | K19: 0.0012948782 | L19: IMPNRGZ | N19: elc_won_ARE_001 | O19: S03aH03 | P19: 0.014743941 | Q19: IMPNRGZ | S19: elc_wof_ARE_001 | T19: S03aH03 | U19: 0.013294486 | V19: IMPNRGZ | X19: 0.010273973 | Y19: 0.0090495488 | Z19: S03aH03 | AA19: elc_roadtransport | AC19: elc_buildings | AD19: S03aH03 | AE19: 0.0066933224 | AG19: ELC | AH19: S03aH03 | AI19: 0.24198635 | AK19: 2027 | AL19: S01 | AM19: 0.37135 | AN19: hydro
I20: elc_spv_ARE_001 | J20: S04aH01 | K20: 0.010357882 | L20: IMPNRGZ | N20: elc_won_ARE_001 | O20: S04aH01 | P20: 0.20291498 | Q20: IMPNRGZ | S20: elc_wof_ARE_001 | T20: S04aH01 | U20: 0.2245517 | V20: IMPNRGZ | X20: 0.22454338 | Y20: 0.088676296 | Z20: S04aH01 | AA20: elc_roadtransport | AC20: elc_buildings | AD20: S04aH01 | AE20: 0.22226948 | AG20: ELC | AH20: S04aH01 | AI20: 0.34740219 | AK20: 2027 | AL20: S02 | AM20: 0.41015 | AN20: hydro
I21: elc_spv_ARE_001 | J21: S04aH02 | K21: 0.74700971 | L21: IMPNRGZ | N21: elc_won_ARE_001 | O21: S04aH02 | P21: 0.32236846 | Q21: IMPNRGZ | S21: elc_wof_ARE_001 | T21: S04aH02 | U21: 0.32562597 | V21: IMPNRGZ | X21: 0.35285388 | Y21: 0.5116585 | Z21: S04aH02 | AA21: elc_roadtransport | AC21: elc_buildings | AD21: S04aH02 | AE21: 0.41087687 | AG21: ELC | AH21: S04aH02 | AI21: 0.17873107 | AK21: 2027 | AL21: S03 | AM21: 0.4375 | AN21: hydro
I22: elc_spv_ARE_001 | J22: S04aH03 | K22: 0.011583454 | L22: IMPNRGZ | N22: elc_won_ARE_001 | O22: S04aH03 | P22: 0.22133252 | Q22: IMPNRGZ | S22: elc_wof_ARE_001 | T22: S04aH03 | U22: 0.18887938 | V22: IMPNRGZ | X22: 0.19246575 | Y22: 0.16952821 | Z22: S04aH03 | AA22: elc_roadtransport | AC22: elc_buildings | AD22: S04aH03 | AE22: 0.18572432 | AG22: ELC | AH22: S04aH03 | AI22: 0.32079127 | AK22: 2027 | AL22: S04 | AM22: 0.41674 | AN22: hydro
I23: elc_spv_ARE_002 | J23: S01aH01 | K23: 0 | L23: IMPNRGZ | N23: elc_won_ARE_002 | O23: S01aH01 | P23: 0.035847087 | Q23: IMPNRGZ | S23: elc_wof_ARE_002 | T23: S01aH01 | U23: 0.033214668 | V23: IMPNRGZ | AC23: elc_industry | AD23: S01aH01 | AE23: 0.026233781 | AK23: 2028 | AL23: S01 | AM23: 0.36245 | AN23: hydro
I24: elc_spv_ARE_002 | J24: S01aH02 | K24: 0.08187978 | L24: IMPNRGZ | N24: elc_won_ARE_002 | O24: S01aH02 | P24: 0.046740129 | Q24: IMPNRGZ | S24: elc_wof_ARE_002 | T24: S01aH02 | U24: 0.047086473 | V24: IMPNRGZ | AC24: elc_industry | AD24: S01aH02 | AE24: 0.041719815 | AK24: 2028 | AL24: S02 | AM24: 0.37055 | AN24: hydro
I25: elc_spv_ARE_002 | J25: S01aH03 | K25: 0 | L25: IMPNRGZ | N25: elc_won_ARE_002 | O25: S01aH03 | P25: 0.024563921 | Q25: IMPNRGZ | S25: elc_wof_ARE_002 | T25: S01aH03 | U25: 0.021846482 | V25: IMPNRGZ | AC25: elc_industry | AD25: S01aH03 | AE25: 0.022287071 | AK25: 2028 | AL25: S03 | AM25: 0.3601 | AN25: hydro
I26: elc_spv_ARE_002 | J26: S02aH01 | K26: 0 | L26: IMPNRGZ | N26: elc_won_ARE_002 | O26: S02aH01 | P26: 0.032877462 | Q26: IMPNRGZ | S26: elc_wof_ARE_002 | T26: S02aH01 | U26: 0.037940756 | V26: IMPNRGZ | AC26: elc_industry | AD26: S02aH01 | AE26: 0.028605115 | AK26: 2028 | AL26: S04 | AM26: 0.40663 | AN26: hydro
I27: elc_spv_ARE_002 | J27: S02aH02 | K27: 0.10351612 | L27: IMPNRGZ | N27: elc_won_ARE_002 | O27: S02aH02 | P27: 0.04353993 | Q27: IMPNRGZ | S27: elc_wof_ARE_002 | T27: S02aH02 | U27: 0.050308863 | V27: IMPNRGZ | AC27: elc_industry | AD27: S02aH02 | AE27: 0.045516455 | AK27: 2029 | AL27: S01 | AM27: 0.3986 | AN27: hydro
I28: elc_spv_ARE_002 | J28: S02aH03 | K28: 0.00039916467 | L28: IMPNRGZ | N28: elc_won_ARE_002 | O28: S02aH03 | P28: 0.026307129 | Q28: IMPNRGZ | S28: elc_wof_ARE_002 | T28: S02aH03 | U28: 0.026752313 | V28: IMPNRGZ | AC28: elc_industry | AD28: S02aH03 | AE28: 0.02432594 | AK28: 2029 | AL28: S02 | AM28: 0.43955 | AN28: hydro
I29: elc_spv_ARE_002 | J29: S03aH01 | K29: 0 | L29: IMPNRGZ | N29: elc_won_ARE_002 | O29: S03aH01 | P29: 0.013366532 | Q29: IMPNRGZ | S29: elc_wof_ARE_002 | T29: S03aH01 | U29: 0.013290092 | V29: IMPNRGZ | AC29: elc_industry | AD29: S03aH01 | AE29: 0.011917545 | AK29: 2029 | AL29: S03 | AM29: 0.5023 | AN29: hydro
I30: elc_spv_ARE_002 | J30: S03aH02 | K30: 0.042502294 | L30: IMPNRGZ | N30: elc_won_ARE_002 | O30: S03aH02 | P30: 0.021169968 | Q30: IMPNRGZ | S30: elc_wof_ARE_002 | T30: S03aH02 | U30: 0.022781819 | V30: IMPNRGZ | AC30: elc_industry | AD30: S03aH02 | AE30: 0.018985409 | AK30: 2029 | AL30: S04 | AM30: 0.46541 | AN30: hydro
I31: elc_spv_ARE_002 | J31: S03aH03 | K31: 0.0012409468 | L31: IMPNRGZ | N31: elc_won_ARE_002 | O31: S03aH03 | P31: 0.013943848 | Q31: IMPNRGZ | S31: elc_wof_ARE_002 | T31: S03aH03 | U31: 0.013857053 | V31: IMPNRGZ | AC31: elc_industry | AD31: S03aH03 | AE31: 0.010144618 | AK31: 2030 | AL31: S01 | AM31: 0.42715 | AN31: hydro
I32: elc_spv_ARE_002 | J32: S04aH01 | K32: 0.010203392 | L32: IMPNRGZ | N32: elc_won_ARE_002 | O32: S04aH01 | P32: 0.19838186 | Q32: IMPNRGZ | S32: elc_wof_ARE_002 | T32: S04aH01 | U32: 0.2302615 | V32: IMPNRGZ | AC32: elc_industry | AD32: S04aH01 | AE32: 0.22328521 | AK32: 2030 | AL32: S02 | AM32: 0.4651 | AN32: hydro
I33: elc_spv_ARE_002 | J33: S04aH02 | K33: 0.74802363 | L33: IMPNRGZ | N33: elc_won_ARE_002 | O33: S04aH02 | P33: 0.34247677 | Q33: IMPNRGZ | S33: elc_wof_ARE_002 | T33: S04aH02 | U33: 0.30576445 | V33: IMPNRGZ | AC33: elc_industry | AD33: S04aH02 | AE33: 0.35598951 | AK33: 2030 | AL33: S03 | AM33: 0.4961 | AN33: hydro
I34: elc_spv_ARE_002 | J34: S04aH03 | K34: 0.012234674 | L34: IMPNRGZ | N34: elc_won_ARE_002 | O34: S04aH03 | P34: 0.20078536 | Q34: IMPNRGZ | S34: elc_wof_ARE_002 | T34: S04aH03 | U34: 0.19689553 | V34: IMPNRGZ | AC34: elc_industry | AD34: S04aH03 | AE34: 0.19098953 | AK34: 2030 | AL34: S04 | AM34: 0.47617 | AN34: hydro
I35: elc_spv_ARE_003 | J35: S01aH01 | K35: 0 | L35: IMPNRGZ | N35: elc_won_ARE_003 | O35: S01aH01 | P35: 0.035469057 | Q35: IMPNRGZ | AK35: 2031 | AL35: S01 | AM35: 0.41055 | AN35: hydro
I36: elc_spv_ARE_003 | J36: S01aH02 | K36: 0.083054963 | L36: IMPNRGZ | N36: elc_won_ARE_003 | O36: S01aH02 | P36: 0.043912122 | Q36: IMPNRGZ | AK36: 2031 | AL36: S02 | AM36: 0.4376 | AN36: hydro
I37: elc_spv_ARE_003 | J37: S01aH03 | K37: 0 | L37: IMPNRGZ | N37: elc_won_ARE_003 | O37: S01aH03 | P37: 0.028412001 | Q37: IMPNRGZ | AK37: 2031 | AL37: S03 | AM37: 0.4624 | AN37: hydro
I38: elc_spv_ARE_003 | J38: S02aH01 | K38: 0 | L38: IMPNRGZ | N38: elc_won_ARE_003 | O38: S02aH01 | P38: 0.031856916 | Q38: IMPNRGZ | AK38: 2031 | AL38: S04 | AM38: 0.46911 | AN38: hydro
I39: elc_spv_ARE_003 | J39: S02aH02 | K39: 0.10400522 | L39: IMPNRGZ | N39: elc_won_ARE_003 | O39: S02aH02 | P39: 0.036925908 | Q39: IMPNRGZ | AK39: 2032 | AL39: S01 | AM39: 0.3858 | AN39: hydro
I40: elc_spv_ARE_003 | J40: S02aH03 | K40: 0 | L40: IMPNRGZ | N40: elc_won_ARE_003 | O40: S02aH03 | P40: 0.02661381 | Q40: IMPNRGZ | AK40: 2032 | AL40: S02 | AM40: 0.40265 | AN40: hydro
I41: elc_spv_ARE_003 | J41: S03aH01 | K41: 1.7261925e-07 | L41: IMPNRGZ | N41: elc_won_ARE_003 | O41: S03aH01 | P41: 0.015454483 | Q41: IMPNRGZ | AK41: 2032 | AL41: S03 | AM41: 0.427 | AN41: hydro
I42: elc_spv_ARE_003 | J42: S03aH02 | K42: 0.04124475 | L42: IMPNRGZ | N42: elc_won_ARE_003 | O42: S03aH02 | P42: 0.021296653 | Q42: IMPNRGZ | AK42: 2032 | AL42: S04 | AM42: 0.46355 | AN42: hydro
I43: elc_spv_ARE_003 | J43: S03aH03 | K43: 0.00038215243 | L43: IMPNRGZ | N43: elc_won_ARE_003 | O43: S03aH03 | P43: 0.011962553 | Q43: IMPNRGZ | AK43: 2033 | AL43: S01 | AM43: 0.4184 | AN43: hydro
I44: elc_spv_ARE_003 | J44: S04aH01 | K44: 0.013697187 | L44: IMPNRGZ | N44: elc_won_ARE_003 | O44: S04aH01 | P44: 0.21393995 | Q44: IMPNRGZ | AK44: 2033 | AL44: S02 | AM44: 0.45025 | AN44: hydro
I45: elc_spv_ARE_003 | J45: S04aH02 | K45: 0.74726521 | L45: IMPNRGZ | N45: elc_won_ARE_003 | O45: S04aH02 | P45: 0.29583634 | Q45: IMPNRGZ | AK45: 2033 | AL45: S03 | AM45: 0.4917 | AN45: hydro
I46: elc_spv_ARE_003 | J46: S04aH03 | K46: 0.010350345 | L46: IMPNRGZ | N46: elc_won_ARE_003 | O46: S04aH03 | P46: 0.2383202 | Q46: IMPNRGZ | AK46: 2033 | AL46: S04 | AM46: 0.46288 | AN46: hydro
... I114: elc_spv_ARE_009 | J114: S03aH02 | K114: 0.040802855 | L114: IMPNRGZ | N114: elc_won_ARE_009 | O114: S03aH02 | P114: 0.02041299 | Q114: IMPNRGZ | AK114: 2050 | AL114: S04 | AM114: 0.46579 | AN114: hydro
I115: elc_spv_ARE_009 | J115: S03aH03 | K115: 0 | L115: IMPNRGZ | N115: elc_won_ARE_009 | O115: S03aH03 | P115: 0.01219197 | Q115: IMPNRGZ
I116: elc_spv_ARE_009 | J116: S04aH01 | K116: 0.01664964 | L116: IMPNRGZ | N116: elc_won_ARE_009 | O116: S04aH01 | P116: 0.21736923 | Q116: IMPNRGZ
I117: elc_spv_ARE_009 | J117: S04aH02 | K117: 0.74732248 | L117: IMPNRGZ | N117: elc_won_ARE_009 | O117: S04aH02 | P117: 0.25201975 | Q117: IMPNRGZ
I118: elc_spv_ARE_009 | J118: S04aH03 | K118: 0.0082310097 | L118: IMPNRGZ | N118: elc_won_ARE_009 | O118: S04aH03 | P118: 0.26923653 | Q118: IMPNRGZ
I119: elc_spv_ARE_010 | J119: S01aH01 | K119: 0 | L119: IMPNRGZ | N119: elc_won_ARE_010 | O119: S01aH01 | P119: 0.033156946 | Q119: IMPNRGZ
I120: elc_spv_ARE_010 | J120: S01aH02 | K120: 0.086018045 | L120: IMPNRGZ | N120: elc_won_ARE_010 | O120: S01aH02 | P120: 0.055180233 | Q120: IMPNRGZ
I121: elc_spv_ARE_010 | J121: S01aH03 | K121: 0 | L121: IMPNRGZ | N121: elc_won_ARE_010 | O121: S01aH03 | P121: 0.02960256 | Q121: IMPNRGZ
I122: elc_spv_ARE_010 | J122: S02aH01 | K122: 0 | L122: IMPNRGZ | N122: elc_won_ARE_010 | O122: S02aH01 | P122: 0.027595165 | Q122: IMPNRGZ
I123: elc_spv_ARE_010 | J123: S02aH02 | K123: 0.10508197 | L123: IMPNRGZ | N123: elc_won_ARE_010 | O123: S02aH02 | P123: 0.042508554 | Q123: IMPNRGZ
I124: elc_spv_ARE_010 | J124: S02aH03 | K124: 0 | L124: IMPNRGZ | N124: elc_won_ARE_010 | O124: S02aH03 | P124: 0.033992088 | Q124: IMPNRGZ
I125: elc_spv_ARE_010 | J125: S03aH01 | K125: 0.0001412791 | L125: IMPNRGZ | N125: elc_won_ARE_010 | O125: S03aH01 | P125: 0.013498235 | Q125: IMPNRGZ
I126: elc_spv_ARE_010 | J126: S03aH02 | K126: 0.042019662 | L126: IMPNRGZ | N126: elc_won_ARE_010 | O126: S03aH02 | P126: 0.024670266 | Q126: IMPNRGZ
... I130: elc_spv_ARE_010 | J130: S04aH03 | K130: 0.0073323568 | L130: IMPNRGZ | N130: elc_won_ARE_010 | O130: S04aH03 | P130: 0.24449526 | Q130: IMPNRGZ

Sheet ts_030
C9: =IF(A11="x","DeActivated","~TimeSlices") -> DeActivated | I9: =IF(A11="x","DeActivated","~TFM_DINS-AT") -> DeActivated | N9: =IF(A11="x","DeActivated","~TFM_DINS-AT") -> DeActivated | S9: =IF(A11="x","DeActivated","~TFM_DINS-AT") -> DeActivated | X9: =IF(A11="x","DeActivated","~TFM_DINS-AT") -> DeActivated | AC9: =IF(A11="x","DeActivated","~TFM_DINS-AT") -> DeActivated | AG9: =IF(A11="x","DeActivated","~TFM_DINS-AT") -> DeActivated | AK9: =IF(A11="x","DeActivated","~TFM_INS-AT") -> DeActivated
A10: ts_030 | C10: season | D10: weekly | E10: daynite | F10: wparent | G10: dparent | I10: commodity | J10: timeslice | K10: com_fr | L10: process | N10: commodity | O10: timeslice | P10: com_fr | Q10: process | S10: commodity | T10: timeslice | U10: com_fr | V10: process | X10: g_yrfr | Y10: com_fr | Z10: timeslice | AA10: commodity | AC10: commodity | AD10: timeslice | AE10: com_fr | AG10: commodity | AH10: timeslice | AI10: com_pkflx | AK10: Year | AL10: timeslice | AM10: ncap_afs | AN10: pset_ci
A11: =IFERROR(IF(Veda!D5=A10,"ok","x"),"") -> x | C11: S01 | D11: a | E11: H01 | F11: S01,S02,S03,S04,S05 | G11: a | I11: elc_spv_ARE_001 | J11: S01aH01 | K11: 0 | L11: IMPNRGZ | N11: elc_won_ARE_001 | O11: S01aH01 | P11: 0.03492479 | Q11: IMPNRGZ | S11: elc_wof_ARE_001 | T11: S01aH01 | U11: 0.032876003 | V11: IMPNRGZ | X11: 0.026369863 | Y11: 0.010413942 | Z11: S01aH01 | AA11: elc_roadtransport | AC11: elc_buildings | AD11: S01aH01 | AE11: 0.019692598 | AG11: ELC | AH11: S01aH01 | AI11: 0.28386338 | AK11: 2025 | AL11: S01 | AM11: 0.35325 | AN11: hydro
C12: S02 | E12: H02 | G12: a | I12: elc_spv_ARE_001 | J12: S01aH02 | K12: 0.0034239542 | L12: IMPNRGZ | N12: elc_won_ARE_001 | O12: S01aH02 | P12: 0.0050609669 | Q12: IMPNRGZ | S12: elc_wof_ARE_001 | T12: S01aH02 | U12: 0.0049941354 | V12: IMPNRGZ | X12: 0.0037671233 | Y12: 0.0062899336 | Z12: S01aH02 | AA12: elc_roadtransport | AC12: elc_buildings | AD12: S01aH02 | AE12: 0.003277828 | AG12: ELC | AH12: S01aH02 | AI12: 0.070880197 | AK12: 2025 | AL12: S02 | AM12: 0.37815 | AN12: hydro
C13: S03 | E13: H03 | G13: a | I13: elc_spv_ARE_001 | J13: S01aH03 | K13: 0.075511163 | L13: IMPNRGZ | N13: elc_won_ARE_001 | O13: S01aH03 | P13: 0.033851568 | Q13: IMPNRGZ | S13: elc_wof_ARE_001 | T13: S01aH03 | U13: 0.038140964 | V13: IMPNRGZ | X13: 0.03390411 | Y13: 0.046468936 | Z13: S01aH03 | AA13: elc_roadtransport | AC13: elc_buildings | AD13: S01aH03 | AE13: 0.030258721 | AG13: ELC | AH13: S01aH03 | AI13: 0.083803848 | AK13: 2025 | AL13: S03 | AM13: 0.3941 | AN13: hydro
C14: S04 | E14: H04 | G14: a | I14: elc_spv_ARE_001 | J14: S01aH04 | K14: 0.0041683899 | L14: IMPNRGZ | N14: elc_won_ARE_001 | O14: S01aH04 | P14: 0.0035995211 | Q14: IMPNRGZ | S14: elc_wof_ARE_001 | T14: S01aH04 | U14: 0.0033777895 | V14: IMPNRGZ | X14: 0.0037671233 | Y14: 0.00732914 | Z14: S01aH04 | AA14: elc_roadtransport | AC14: elc_buildings | AD14: S01aH04 | AE14: 0.0033761434 | AG14: ELC | AH14: S01aH04 | AI14: 0.051221544 | AK14: 2025 | AL14: S04 | AM14: 0.454775 | AN14: hydro
C15: S05 | E15: H05 | G15: a | I15: elc_spv_ARE_001 | J15: S01aH05 | K15: 0 | L15: IMPNRGZ | N15: elc_won_ARE_001 | O15: S01aH05 | P15: 0.025427076 | Q15: IMPNRGZ | S15: elc_wof_ARE_001 | T15: S01aH05 | U15: 0.021459282 | V15: IMPNRGZ | X15: 0.02260274 | Y15: 0.019909007 | Z15: S01aH05 | AA15: elc_roadtransport | AC15: elc_buildings | AD15: S01aH05 | AE15: 0.014481575 | AG15: ELC | AH15: S01aH05 | AI15: 0.26490089 | AK15: 2025 | AL15: S05 | AM15: 0.39522857 | AN15: hydro
I16: elc_spv_ARE_001 | J16: S02aH01 | K16: 0 | L16: IMPNRGZ | N16: elc_won_ARE_001 | O16: S02aH01 | P16: 0.032520303 | Q16: IMPNRGZ | S16: elc_wof_ARE_001 | T16: S02aH01 | U16: 0.036591759 | V16: IMPNRGZ | X16: 0.028767123 | Y16: 0.011360664 | Z16: S02aH01 | AA16: elc_roadtransport | AC16: elc_buildings | AD16: S02aH01 | AE16: 0.02132841 | AG16: ELC | AH16: S02aH01 | AI16: 0.21638212 | AK16: 2026 | AL16: S01 | AM16: 0.38345 | AN16: hydro
I17: elc_spv_ARE_001 | J17: S02aH02 | K17: 0.0041653724 | L17: IMPNRGZ | N17: elc_won_ARE_001 | O17: S02aH02 | P17: 0.0048721154 | Q17: IMPNRGZ | S17: elc_wof_ARE_001 | T17: S02aH02 | U17: 0.0056681116 | V17: IMPNRGZ | X17: 0.004109589 | Y17: 0.0068617458 | Z17: S02aH02 | AA17: elc_roadtransport | AC17: elc_buildings | AD17: S02aH02 | AE17: 0.0035605273 | AG17: ELC | AH17: S02aH02 | AI17: 0.074592087 | AK17: 2026 | AL17: S02 | AM17: 0.40485 | AN17: hydro
I18: elc_spv_ARE_001 | J18: S02aH03 | K18: 0.093774263 | L18: IMPNRGZ | N18: elc_won_ARE_001 | O18: S02aH03 | P18: 0.034345893 | Q18: IMPNRGZ | S18: elc_wof_ARE_001 | T18: S02aH03 | U18: 0.039910487 | V18: IMPNRGZ | X18: 0.036986301 | Y18: 0.050693384 | Z18: S02aH03 | AA18: elc_roadtransport | AC18: elc_buildings | AD18: S02aH03 | AE18: 0.033097162 | AG18: ELC | AH18: S02aH03 | AI18: 0.12099906 | AK18: 2026 | AL18: S03 | AM18: 0.4263 | AN18: hydro
I19: elc_spv_ARE_001 | J19: S02aH04 | K19: 0.0063229907 | L19: IMPNRGZ | N19: elc_won_ARE_001 | O19: S02aH04 | P19: 0.003153366 | Q19: IMPNRGZ | S19: elc_wof_ARE_001 | T19: S02aH04 | U19: 0.0040661135 | V19: IMPNRGZ | X19: 0.004109589 | Y19: 0.0079954255 | Z19: S02aH04 | AA19: elc_roadtransport | AC19: elc_buildings | AD19: S02aH04 | AE19: 0.0036720044 | AG19: ELC | AH19: S02aH04 | AI19: 0.049991496 | AK19: 2026 | AL19: S04 | AM19: 0.45435 | AN19: hydro
I20: elc_spv_ARE_001 | J20: S02aH05 | K20: 0.00033329258 | L20: IMPNRGZ | N20: elc_won_ARE_001 | O20: S02aH05 | P20: 0.024429198 | Q20: IMPNRGZ | S20: elc_wof_ARE_001 | T20: S02aH05 | U20: 0.02623714 | V20: IMPNRGZ | X20: 0.024657534 | Y20: 0.021718917 | Z20: S02aH05 | AA20: elc_roadtransport | AC20: elc_buildings | AD20: S02aH05 | AE20: 0.015959572 | AG20: ELC | AH20: S02aH05 | AI20: 0.25062667 | AK20: 2026 | AL20: S05 | AM20: 0.39935714 | AN20: hydro
I21: elc_spv_ARE_001 | J21: S03aH01 | K21: 0 | L21: IMPNRGZ | N21: elc_won_ARE_001 | O21: S03aH01 | P21: 0.013517961 | Q21: IMPNRGZ | S21: elc_wof_ARE_001 | T21: S03aH01 | U21: 0.0093386566 | V21: IMPNRGZ | X21: 0.0087899543 | Y21: 0.0034713141 | Z21: S03aH01 | AA21: elc_roadtransport | AC21: elc_buildings | AD21: S03aH01 | AE21: 0.0065582528 | AG21: ELC | AH21: S03aH01 | AI21: 0.20613673 | AK21: 2027 | AL21: S01 | AM21: 0.37135 | AN21: hydro
I22: elc_spv_ARE_001 | J22: S03aH02 | K22: 0.001313983 | L22: IMPNRGZ | N22: elc_won_ARE_001 | O22: S03aH02 | P22: 0.002080229 | Q22: IMPNRGZ | S22: elc_wof_ARE_001 | T22: S03aH02 | U22: 0.0015514461 | V22: IMPNRGZ | X22: 0.0012557078 | Y22: 0.0020966445 | Z22: S03aH02 | AA22: elc_roadtransport | AC22: elc_buildings | AD22: S03aH02 | AE22: 0.0011236654 | AG22: ELC | AH22: S03aH02 | AI22: 0.042647003 | AK22: 2027 | AL22: S02 | AM22: 0.41015 | AN22: hydro
I23: elc_spv_ARE_001 | J23: S03aH03 | K23: 0.027633113 | L23: IMPNRGZ | N23: elc_won_ARE_001 | O23: S03aH03 | P23: 0.014314416 | Q23: IMPNRGZ | S23: elc_wof_ARE_001 | T23: S03aH03 | U23: 0.013140768 | V23: IMPNRGZ | X23: 0.01130137 | Y23: 0.015489645 | Z23: S03aH03 | AA23: elc_roadtransport | AC23: elc_buildings | AD23: S03aH03 | AE23: 0.010420397 | AG23: ELC | AH23: S03aH03 | AI23: 0.09346432 | AK23: 2027 | AL23: S03 | AM23: 0.4375 | AN23: hydro
I24: elc_spv_ARE_001 | J24: S03aH04 | K24: 0.0020121629 | L24: IMPNRGZ | N24: elc_won_ARE_001 | O24: S03aH04 | P24: 0.0017626496 | Q24: IMPNRGZ | S24: elc_wof_ARE_001 | T24: S03aH04 | U24: 0.0013415202 | V24: IMPNRGZ | X24: 0.0012557078 | Y24: 0.0024430467 | Z24: S03aH04 | AA24: elc_roadtransport | AC24: elc_buildings | AD24: S03aH04 | AE24: 0.0011155386 | AG24: ELC | AH24: S03aH04 | AI24: 0.043347679 | AK24: 2027 | AL24: S04 | AM24: 0.4681 | AN24: hydro
I25: elc_spv_ARE_001 | J25: S03aH05 | K25: 0.00097962363 | L25: IMPNRGZ | N25: elc_won_ARE_001 | O25: S03aH05 | P25: 0.010733637 | Q25: IMPNRGZ | S25: elc_wof_ARE_001 | T25: S03aH05 | U25: 0.0094458032 | V25: IMPNRGZ | X25: 0.0075342466 | Y25: 0.0066363358 | Z25: S03aH05 | AA25: elc_roadtransport | AC25: elc_buildings | AD25: S03aH05 | AE25: 0.004935811 | AG25: ELC | AH25: S03aH05 | AI25: 0.23676057 | AK25: 2027 | AL25: S05 | AM25: 0.4024 | AN25: hydro
I26: elc_spv_ARE_001 | J26: S04aH01 | K26: 0.0048561385 | L26: IMPNRGZ | N26: elc_won_ARE_001 | O26: S04aH01 | P26: 0.068775094 | Q26: IMPNRGZ | S26: elc_wof_ARE_001 | T26: S04aH01 | U26: 0.074552546 | V26: IMPNRGZ | X26: 0.062328767 | Y26: 0.024614773 | Z26: S04aH01 | AA26: elc_roadtransport | AC26: elc_buildings | AD26: S04aH01 | AE26: 0.05431542 | AG26: ELC | AH26: S04aH01 | AI26: 0.43212461 | AK26: 2028 | AL26: S01 | AM26: 0.36245 | AN26: hydro
I27: elc_spv_ARE_001 | J27: S04aH02 | K27: 0.012438348 | L27: IMPNRGZ | N27: elc_won_ARE_001 | O27: S04aH02 | P27: 0.0084382813 | Q27: IMPNRGZ | S27: elc_wof_ARE_001 | T27: S04aH02 | U27: 0.010098666 | V27: IMPNRGZ | X27: 0.0089041096 | Y27: 0.014867116 | Z27: S04aH02 | AA27: elc_roadtransport | AC27: elc_buildings | AD27: S04aH02 | AE27: 0.0094057692 | AG27: ELC | AH27: S04aH02 | AI27: 0.23830225 | AK27: 2028 | AL27: S02 | AM27: 0.37055 | AN27: hydro
... I35: elc_spv_ARE_001 | J35: S05aH05 | K35: 0.0059769631 | L35: IMPNRGZ | N35: elc_won_ARE_001 | O35: S05aH05 | P35: 0.1508789 | Q35: IMPNRGZ | S35: elc_wof_ARE_001 | T35: S05aH05 | U35: 0.12843827 | V35: IMPNRGZ | X35: 0.14178082 | Y35: 0.12488377 | Z35: S05aH05 | AA35: elc_roadtransport | AC35: elc_buildings | AD35: S05aH05 | AE35: 0.14275646 | AG35: ELC | AH35: S05aH05 | AI35: 0.27568453 | AK35: 2029 | AL35: S05 | AM35: 0.44334286 | AN35: hydro
I36: elc_spv_ARE_002 | J36: S01aH01 | K36: 0 | L36: IMPNRGZ | N36: elc_won_ARE_002 | O36: S01aH01 | P36: 0.035847087 | Q36: IMPNRGZ | S36: elc_wof_ARE_002 | T36: S01aH01 | U36: 0.033214668 | V36: IMPNRGZ | AC36: elc_industry | AD36: S01aH01 | AE36: 0.026233781 | AK36: 2030 | AL36: S01 | AM36: 0.42715 | AN36: hydro
I37: elc_spv_ARE_002 | J37: S01aH02 | K37: 0.0037465748 | L37: IMPNRGZ | N37: elc_won_ARE_002 | O37: S01aH02 | P37: 0.0054877951 | Q37: IMPNRGZ | S37: elc_wof_ARE_002 | T37: S01aH02 | U37: 0.0051326615 | V37: IMPNRGZ | AC37: elc_industry | AD37: S01aH02 | AE37: 0.0037862468 | AK37: 2030 | AL37: S02 | AM37: 0.4651 | AN37: hydro
I38: elc_spv_ARE_002 | J38: S01aH03 | K38: 0.074099326 | L38: IMPNRGZ | N38: elc_won_ARE_002 | O38: S01aH03 | P38: 0.037630129 | Q38: IMPNRGZ | S38: elc_wof_ARE_002 | T38: S01aH03 | U38: 0.038638918 | V38: IMPNRGZ | AC38: elc_industry | AD38: S01aH03 | AE38: 0.034139161 | AK38: 2030 | AL38: S03 | AM38: 0.4961 | AN38: hydro
I39: elc_spv_ARE_002 | J39: S01aH04 | K39: 0.0040338786 | L39: IMPNRGZ | N39: elc_won_ARE_002 | O39: S01aH04 | P39: 0.0036222045 | Q39: IMPNRGZ | S39: elc_wof_ARE_002 | T39: S01aH04 | U39: 0.0033148937 | V39: IMPNRGZ | AC39: elc_industry | AD39: S01aH04 | AE39: 0.0037944075 | AK39: 2030 | AL39: S04 | AM39: 0.533525 | AN39: hydro
I40: elc_spv_ARE_002 | J40: S01aH05 | K40: 0 | L40: IMPNRGZ | N40: elc_won_ARE_002 | O40: S01aH05 | P40: 0.024563921 | Q40: IMPNRGZ | S40: elc_wof_ARE_002 | T40: S01aH05 | U40: 0.021846482 | V40: IMPNRGZ | AC40: elc_industry | AD40: S01aH05 | AE40: 0.022287071 | AK40: 2030 | AL40: S05 | AM40: 0.45697143 | AN40: hydro
I41: elc_spv_ARE_002 | J41: S02aH01 | K41: 0 | L41: IMPNRGZ | N41: elc_won_ARE_002 | O41: S02aH01 | P41: 0.032877462 | Q41: IMPNRGZ | S41: elc_wof_ARE_002 | T41: S02aH01 | U41: 0.037940756 | V41: IMPNRGZ | AC41: elc_industry | AD41: S02aH01 | AE41: 0.028605115 | AK41: 2031 | AL41: S01 | AM41: 0.41055 | AN41: hydro
I42: elc_spv_ARE_002 | J42: S02aH02 | K42: 0.0041592119 | L42: IMPNRGZ | N42: elc_won_ARE_002 | O42: S02aH02 | P42: 0.0049545066 | Q42: IMPNRGZ | S42: elc_wof_ARE_002 | T42: S02aH02 | U42: 0.0056166364 | V42: IMPNRGZ | AC42: elc_industry | AD42: S02aH02 | AE42: 0.004129077 | AK42: 2031 | AL42: S02 | AM42: 0.4376 | AN42: hydro
I43: elc_spv_ARE_002 | J43: S02aH03 | K43: 0.093054279 | L43: IMPNRGZ | N43: elc_won_ARE_002 | O43: S02aH03 | P43: 0.035105748 | Q43: IMPNRGZ | S43: elc_wof_ARE_002 | T43: S02aH03 | U43: 0.040558379 | V43: IMPNRGZ | AC43: elc_industry | AD43: S02aH03 | AE43: 0.037249048 | AK43: 2031 | AL43: S03 | AM43: 0.4624 | AN43: hydro
I44: elc_spv_ARE_002 | J44: S02aH04 | K44: 0.0063026277 | L44: IMPNRGZ | N44: elc_won_ARE_002 | O44: S02aH04 | P44: 0.0034796752 | Q44: IMPNRGZ | S44: elc_wof_ARE_002 | T44: S02aH04 | U44: 0.004133848 | V44: IMPNRGZ | AC44: elc_industry | AD44: S02aH04 | AE44: 0.0041383301 | AK44: 2031 | AL44: S04 | AM44: 0.51995 | AN44: hydro
I45: elc_spv_ARE_002 | J45: S02aH05 | K45: 0.00039916467 | L45: IMPNRGZ | N45: elc_won_ARE_002 | O45: S02aH05 | P45: 0.026307129 | Q45: IMPNRGZ | S45: elc_wof_ARE_002 | T45: S02aH05 | U45: 0.026752313 | V45: IMPNRGZ | AC45: elc_industry | AD45: S02aH05 | AE45: 0.02432594 | AK45: 2031 | AL45: S05 | AM45: 0.45467143 | AN45: hydro
I46: elc_spv_ARE_002 | J46: S03aH01 | K46: 0 | L46: IMPNRGZ | N46: elc_won_ARE_002 | O46: S03aH01 | P46: 0.011664326 | Q46: IMPNRGZ | S46: elc_wof_ARE_002 | T46: S03aH01 | U46: 0.0094532739 | V46: IMPNRGZ | AC46: elc_industry | AD46: S03aH01 | AE46: 0.008748323 | AK46: 2032 | AL46: S01 | AM46: 0.3858 | AN46: hydro
I47: elc_spv_ARE_002 | J47: S03aH02 | K47: 0.0013457146 | L47: IMPNRGZ | N47: elc_won_ARE_002 | O47: S03aH02 | P47: 0.0017785819 | Q47: IMPNRGZ | S47: elc_wof_ARE_002 | T47: S03aH02 | U47: 0.0016203442 | V47: IMPNRGZ | AC47: elc_industry | AD47: S03aH02 | AE47: 0.0012652633 | AK47: 2032 | AL47: S02 | AM47: 0.40265 | AN47: hydro
... I60: elc_spv_ARE_002 | J60: S05aH05 | K60: 0.0065212462 | L60: IMPNRGZ | N60: elc_won_ARE_002 | O60: S05aH05 | P60: 0.13606895 | Q60: IMPNRGZ | S60: elc_wof_ARE_002 | T60: S05aH05 | U60: 0.12932154 | V60: IMPNRGZ | AC60: elc_industry | AD60: S05aH05 | AE60: 0.1408149 | AK60: 2034 | AL60: S05 | AM60: 0.39028571 | AN60: hydro
I61: elc_spv_ARE_003 | J61: S01aH01 | K61: 0 | L61: IMPNRGZ | N61: elc_won_ARE_003 | O61: S01aH01 | P61: 0.035469057 | Q61: IMPNRGZ | AK61: 2035 | AL61: S01 | AM61: 0.3303 | AN61: hydro
I62: elc_spv_ARE_003 | J62: S01aH02 | K62: 0.0033382379 | L62: IMPNRGZ | N62: elc_won_ARE_003 | O62: S01aH02 | P62: 0.0048406264 | Q62: IMPNRGZ | AK62: 2035 | AL62: S02 | AM62: 0.3849 | AN62: hydro
I63: elc_spv_ARE_003 | J63: S01aH03 | K63: 0.075713374 | L63: IMPNRGZ | N63: elc_won_ARE_003 | O63: S01aH03 | P63: 0.035324433 | Q63: IMPNRGZ | AK63: 2035 | AL63: S03 | AM63: 0.4326 | AN63: hydro
I64: elc_spv_ARE_003 | J64: S01aH04 | K64: 0.0040033507 | L64: IMPNRGZ | N64: elc_won_ARE_003 | O64: S01aH04 | P64: 0.0037470632 | Q64: IMPNRGZ | AK64: 2035 | AL64: S04 | AM64: 0.460025 | AN64: hydro
I65: elc_spv_ARE_003 | J65: S01aH05 | K65: 0 | L65: IMPNRGZ | N65: elc_won_ARE_003 | O65: S01aH05 | P65: 0.028412001 | Q65: IMPNRGZ | AK65: 2035 | AL65: S05 | AM65: 0.38968571 | AN65: hydro
I66: elc_spv_ARE_003 | J66: S02aH01 | K66: 0 | L66: IMPNRGZ | N66: elc_won_ARE_003 | O66: S02aH01 | P66: 0.031856916 | Q66: IMPNRGZ | AK66: 2036 | AL66: S01 | AM66: 0.2904 | AN66: hydro
I67: elc_spv_ARE_003 | J67: S02aH02 | K67: 0.0043078992 | L67: IMPNRGZ | N67: elc_won_ARE_003 | O67: S02aH02 | P67: 0.0045348469 | Q67: IMPNRGZ | AK67: 2036 | AL67: S02 | AM67: 0.31885 | AN67: hydro
I68: elc_spv_ARE_003 | J68: S02aH03 | K68: 0.093684809 | L68: IMPNRGZ | N68: elc_won_ARE_003 | O68: S02aH03 | P68: 0.029147428 | Q68: IMPNRGZ | AK68: 2036 | AL68: S03 | AM68: 0.3406 | AN68: hydro
I69: elc_spv_ARE_003 | J69: S02aH04 | K69: 0.0060125134 | L69: IMPNRGZ | N69: elc_won_ARE_003 | O69: S02aH04 | P69: 0.0032436334 | Q69: IMPNRGZ | AK69: 2036 | AL69: S04 | AM69: 0.396825 | AN69: hydro
I70: elc_spv_ARE_003 | J70: S02aH05 | K70: 0 | L70: IMPNRGZ | N70: elc_won_ARE_003 | O70: S02aH05 | P70: 0.02661381 | Q70: IMPNRGZ | AK70: 2036 | AL70: S05 | AM70: 0.33695714 | AN70: hydro
I71: elc_spv_ARE_003 | J71: S03aH01 | K71: 0 | L71: IMPNRGZ | N71: elc_won_ARE_003 | O71: S03aH01 | P71: 0.013038475 | Q71: IMPNRGZ | AK71: 2037 | AL71: S01 | AM71: 0.3147 | AN71: hydro
I72: elc_spv_ARE_003 | J72: S03aH02 | K72: 0.0014612839 | L72: IMPNRGZ | N72: elc_won_ARE_003 | O72: S03aH02 | P72: 0.0019092162 | Q72: IMPNRGZ | AK72: 2037 | AL72: S02 | AM72: 0.3191 | AN72: hydro
... I140: elc_spv_ARE_006 | J140: S01aH05 | K140: 0 | L140: IMPNRGZ | N140: elc_won_ARE_006 | O140: S01aH05 | P140: 0.027963146 | Q140: IMPNRGZ | AK140: 2050 | AL140: S05 | AM140: 0.44947143 | AN140: hydro
I141: elc_spv_ARE_006 | J141: S02aH01 | K141: 0 | L141: IMPNRGZ | N141: elc_won_ARE_006 | O141: S02aH01 | P141: 0.027386554 | Q141: IMPNRGZ
I142: elc_spv_ARE_006 | J142: S02aH02 | K142: 0.0046991157 | L142: IMPNRGZ | N142: elc_won_ARE_006 | O142: S02aH02 | P142: 0.00343609 | Q142: IMPNRGZ
I143: elc_spv_ARE_006 | J143: S02aH03 | K143: 0.093835479 | L143: IMPNRGZ | N143: elc_won_ARE_006 | O143: S02aH03 | P143: 0.044346007 | Q143: IMPNRGZ
I144: elc_spv_ARE_006 | J144: S02aH04 | K144: 0.0056348469 | L144: IMPNRGZ | N144: elc_won_ARE_006 | O144: S02aH04 | P144: 0.0058348743 | Q144: IMPNRGZ
I145: elc_spv_ARE_006 | J145: S02aH05 | K145: 0 | L145: IMPNRGZ | N145: elc_won_ARE_006 | O145: S02aH05 | P145: 0.023875285 | Q145: IMPNRGZ
I146: elc_spv_ARE_006 | J146: S03aH01 | K146: 1.0828317e-05 | L146: IMPNRGZ | N146: elc_won_ARE_006 | O146: S03aH01 | P146: 0.0037334104 | Q146: IMPNRGZ
I147: elc_spv_ARE_006 | J147: S03aH02 | K147: 0.0016452656 | L147: IMPNRGZ | N147: elc_won_ARE_006 | O147: S03aH02 | P147: 0.00069812563 | Q147: IMPNRGZ
I148: elc_spv_ARE_006 | J148: S03aH03 | K148: 0.027988827 | L148: IMPNRGZ | N148: elc_won_ARE_006 | O148: S03aH03 | P148: 0.013380817 | Q148: IMPNRGZ
I149: elc_spv_ARE_006 | J149: S03aH04 | K149: 0.0016624668 | L149: IMPNRGZ | N149: elc_won_ARE_006 | O149: S03aH04 | P149: 0.0012504353 | Q149: IMPNRGZ
I150: elc_spv_ARE_006 | J150: S03aH05 | K150: 0 | L150: IMPNRGZ | N150: elc_won_ARE_006 | O150: S03aH05 | P150: 0.0050825301 | Q150: IMPNRGZ
I151: elc_spv_ARE_006 | J151: S04aH01 | K151: 0.0077190665 | L151: IMPNRGZ | N151: elc_won_ARE_006 | O151: S04aH01 | P151: 0.043765856 | Q151: IMPNRGZ
I152: elc_spv_ARE_006 | J152: S04aH02 | K152: 0.014643273 | L152: IMPNRGZ | N152: elc_won_ARE_006 | O152: S04aH02 | P152: 0.0054347535 | Q152: IMPNRGZ
... I260: elc_spv_ARE_010 | J260: S05aH05 | K260: 0.0034235859 | L260: IMPNRGZ | N260: elc_won_ARE_010 | O260: S05aH05 | P260: 0.17724956 | Q260: IMPNRGZ

Sheet ts_048
C9: =IF(A11="x","DeActivated","~TimeSlices") -> DeActivated | I9: =IF(A11="x","DeActivated","~TFM_DINS-AT") -> DeActivated | N9: =IF(A11="x","DeActivated","~TFM_DINS-AT") -> DeActivated | S9: =IF(A11="x","DeActivated","~TFM_DINS-AT") -> DeActivated | X9: =IF(A11="x","DeActivated","~TFM_DINS-AT") -> DeActivated | AC9: =IF(A11="x","DeActivated","~TFM_DINS-AT") -> DeActivated | AG9: =IF(A11="x","DeActivated","~TFM_DINS-AT") -> DeActivated | AK9: =IF(A11="x","DeActivated","~TFM_INS-AT") -> DeActivated
A10: ts_048 | C10: season | D10: weekly | E10: daynite | F10: wparent | G10: dparent | I10: commodity | J10: timeslice | K10: com_fr | L10: process | N10: commodity | O10: timeslice | P10: com_fr | Q10: process | S10: commodity | T10: timeslice | U10: com_fr | V10: process | X10: g_yrfr | Y10: com_fr | Z10: timeslice | AA10: commodity | AC10: commodity | AD10: timeslice | AE10: com_fr | AG10: commodity | AH10: timeslice | AI10: com_pkflx | AK10: Year | AL10: timeslice | AM10: ncap_afs | AN10: pset_ci
A11: =IFERROR(IF(Veda!D5=A10,"ok","x"),"") -> x | C11: S01 | D11: a | E11: H01 | F11: S01,S02,S03,S04,S05,S06 | G11: a | I11: elc_spv_ARE_001 | J11: S01aH01 | K11: 0 | L11: IMPNRGZ | N11: elc_won_ARE_001 | O11: S01aH01 | P11: 0.03492479 | Q11: IMPNRGZ | S11: elc_wof_ARE_001 | T11: S01aH01 | U11: 0.032876003 | V11: IMPNRGZ | X11: 0.026369863 | Y11: 0.010413942 | Z11: S01aH01 | AA11: elc_roadtransport | AC11: elc_buildings | AD11: S01aH01 | AE11: 0.019692598 | AG11: ELC | AH11: S01aH01 | AI11: 0.28386338 | AK11: 2025 | AL11: S01 | AM11: 0.35325 | AN11: hydro
C12: S02 | E12: H02 | G12: a | I12: elc_spv_ARE_001 | J12: S01aH02 | K12: 0.0034239542 | L12: IMPNRGZ | N12: elc_won_ARE_001 | O12: S01aH02 | P12: 0.0050609669 | Q12: IMPNRGZ | S12: elc_wof_ARE_001 | T12: S01aH02 | U12: 0.0049941354 | V12: IMPNRGZ | X12: 0.0037671233 | Y12: 0.0062899336 | Z12: S01aH02 | AA12: elc_roadtransport | AC12: elc_buildings | AD12: S01aH02 | AE12: 0.003277828 | AG12: ELC | AH12: S01aH02 | AI12: 0.070880197 | AK12: 2025 | AL12: S02 | AM12: 0.37815 | AN12: hydro
C13: S03 | E13: H03 | G13: a | I13: elc_spv_ARE_001 | J13: S01aH03 | K13: 0.0062197155 | L13: IMPNRGZ | N13: elc_won_ARE_001 | O13: S01aH03 | P13: 0.0044296164 | Q13: IMPNRGZ | S13: elc_wof_ARE_001 | T13: S01aH03 | U13: 0.0048467411 | V13: IMPNRGZ | X13: 0.0037671233 | Y13: 0.0048131666 | Z13: S01aH03 | AA13: elc_roadtransport | AC13: elc_buildings | AD13: S01aH03 | AE13: 0.0032689194 | AG13: ELC | AH13: S01aH03 | AI13: 0.065634548 | AK13: 2025 | AL13: S03 | AM13: 0.3941 | AN13: hydro
C14: S04 | E14: H04 | G14: a | I14: elc_spv_ARE_001 | J14: S01aH04 | K14: 0.069291448 | L14: IMPNRGZ | N14: elc_won_ARE_001 | O14: S01aH04 | P14: 0.029421951 | Q14: IMPNRGZ | S14: elc_wof_ARE_001 | T14: S01aH04 | U14: 0.033294223 | V14: IMPNRGZ | X14: 0.030136986 | Y14: 0.041655769 | Z14: S01aH04 | AA14: elc_roadtransport | AC14: elc_buildings | AD14: S01aH04 | AE14: 0.026989802 | AG14: ELC | AH14: S01aH04 | AI14: 0.080768791 | AK14: 2025 | AL14: S04 | AM14: 0.3941 | AN14: hydro
C15: S05 | E15: H05 | G15: a | I15: elc_spv_ARE_001 | J15: S01aH05 | K15: 0.0041683899 | L15: IMPNRGZ | N15: elc_won_ARE_001 | O15: S01aH05 | P15: 0.0035995211 | Q15: IMPNRGZ | S15: elc_wof_ARE_001 | T15: S01aH05 | U15: 0.0033777895 | V15: IMPNRGZ | X15: 0.0037671233 | Y15: 0.00732914 | Z15: S01aH05 | AA15: elc_roadtransport | AC15: elc_buildings | AD15: S01aH05 | AE15: 0.0033761434 | AG15: ELC | AH15: S01aH05 | AI15: 0.051221544 | AK15: 2025 | AL15: S05 | AM15: 0.454775 | AN15: hydro
C16: S06 | E16: H06 | G16: a | I16: elc_spv_ARE_001 | J16: S01aH06 | K16: 0 | L16: IMPNRGZ | N16: elc_won_ARE_001 | O16: S01aH06 | P16: 0.025427076 | Q16: IMPNRGZ | S16: elc_wof_ARE_001 | T16: S01aH06 | U16: 0.021459282 | V16: IMPNRGZ | X16: 0.02260274 | Y16: 0.019909007 | Z16: S01aH06 | AA16: elc_roadtransport | AC16: elc_buildings | AD16: S01aH06 | AE16: 0.014481575 | AG16: ELC | AH16: S01aH06 | AI16: 0.26490089 | AK16: 2025 | AL16: S06 | AM16: 0.39522857 | AN16: hydro
I17: elc_spv_ARE_001 | J17: S02aH01 | K17: 0 | L17: IMPNRGZ | N17: elc_won_ARE_001 | O17: S02aH01 | P17: 0.032520303 | Q17: IMPNRGZ | S17: elc_wof_ARE_001 | T17: S02aH01 | U17: 0.036591759 | V17: IMPNRGZ | X17: 0.028767123 | Y17: 0.011360664 | Z17: S02aH01 | AA17: elc_roadtransport | AC17: elc_buildings | AD17: S02aH01 | AE17: 0.02132841 | AG17: ELC | AH17: S02aH01 | AI17: 0.21638212 | AK17: 2026 | AL17: S01 | AM17: 0.38345 | AN17: hydro
I18: elc_spv_ARE_001 | J18: S02aH02 | K18: 0.0041653724 | L18: IMPNRGZ | N18: elc_won_ARE_001 | O18: S02aH02 | P18: 0.0048721154 | Q18: IMPNRGZ | S18: elc_wof_ARE_001 | T18: S02aH02 | U18: 0.0056681116 | V18: IMPNRGZ | X18: 0.004109589 | Y18: 0.0068617458 | Z18: S02aH02 | AA18: elc_roadtransport | AC18: elc_buildings | AD18: S02aH02 | AE18: 0.0035605273 | AG18: ELC | AH18: S02aH02 | AI18: 0.074592087 | AK18: 2026 | AL18: S02 | AM18: 0.40485 | AN18: hydro
I19: elc_spv_ARE_001 | J19: S02aH03 | K19: 0.0079100141 | L19: IMPNRGZ | N19: elc_won_ARE_001 | O19: S02aH03 | P19: 0.0041508857 | Q19: IMPNRGZ | S19: elc_wof_ARE_001 | T19: S02aH03 | U19: 0.0053728305 | V19: IMPNRGZ | X19: 0.004109589 | Y19: 0.0052507272 | Z19: S02aH03 | AA19: elc_roadtransport | AC19: elc_buildings | AD19: S02aH03 | AE19: 0.0035806606 | AG19: ELC | AH19: S02aH03 | AI19: 0.070615076 | AK19: 2026 | AL19: S03 | AM19: 0.4263 | AN19: hydro
I20: elc_spv_ARE_001 | J20: S02aH04 | K20: 0.085864249 | L20: IMPNRGZ | N20: elc_won_ARE_001 | O20: S02aH04 | P20: 0.030195007 | Q20: IMPNRGZ | S20: elc_wof_ARE_001 | T20: S02aH04 | U20: 0.034537657 | V20: IMPNRGZ | X20: 0.032876712 | Y20: 0.045442657 | Z20: S02aH04 | AA20: elc_roadtransport | AC20: elc_buildings | AD20: S02aH04 | AE20: 0.029516501 | AG20: ELC | AH20: S02aH04 | AI20: 0.11801497 | AK20: 2026 | AL20: S04 | AM20: 0.4263 | AN20: hydro
I21: elc_spv_ARE_001 | J21: S02aH05 | K21: 0.0063229907 | L21: IMPNRGZ | N21: elc_won_ARE_001 | O21: S02aH05 | P21: 0.003153366 | Q21: IMPNRGZ | S21: elc_wof_ARE_001 | T21: S02aH05 | U21: 0.0040661135 | V21: IMPNRGZ | X21: 0.004109589 | Y21: 0.0079954255 | Z21: S02aH05 | AA21: elc_roadtransport | AC21: elc_buildings | AD21: S02aH05 | AE21: 0.0036720044 | AG21: ELC | AH21: S02aH05 | AI21: 0.049991496 | AK21: 2026 | AL21: S05 | AM21: 0.45435 | AN21: hydro
I22: elc_spv_ARE_001 | J22: S02aH06 | K22: 0.00033329258 | L22: IMPNRGZ | N22: elc_won_ARE_001 | O22: S02aH06 | P22: 0.024429198 | Q22: IMPNRGZ | S22: elc_wof_ARE_001 | T22: S02aH06 | U22: 0.02623714 | V22: IMPNRGZ | X22: 0.024657534 | Y22: 0.021718917 | Z22: S02aH06 | AA22: elc_roadtransport | AC22: elc_buildings | AD22: S02aH06 | AE22: 0.015959572 | AG22: ELC | AH22: S02aH06 | AI22: 0.25062667 | AK22: 2026 | AL22: S06 | AM22: 0.39935714 | AN22: hydro
I23: elc_spv_ARE_001 | J23: S03aH01 | K23: 0 | L23: IMPNRGZ | N23: elc_won_ARE_001 | O23: S03aH01 | P23: 0.01175983 | Q23: IMPNRGZ | S23: elc_wof_ARE_001 | T23: S03aH01 | U23: 0.008020878 | V23: IMPNRGZ | X23: 0.0079908676 | Y23: 0.0031557401 | Z23: S03aH01 | AA23: elc_roadtransport | AC23: elc_buildings | AD23: S03aH01 | AE23: 0.0059325388 | AG23: ELC | AH23: S03aH01 | AI23: 0.21082121 | AK23: 2027 | AL23: S01 | AM23: 0.37135 | AN23: hydro
I24: elc_spv_ARE_001 | J24: S03aH02 | K24: 0.0012984601 | L24: IMPNRGZ | N24: elc_won_ARE_001 | O24: S03aH02 | P24: 0.0018869745 | Q24: IMPNRGZ | S24: elc_wof_ARE_001 | T24: S03aH02 | U24: 0.0010965307 | V24: IMPNRGZ | X24: 0.0011415525 | Y24: 0.0019060405 | Z24: S03aH02 | AA24: elc_roadtransport | AC24: elc_buildings | AD24: S03aH02 | AE24: 0.0010185233 | AG24: ELC | AH24: S03aH02 | AI24: 0.045128877 | AK24: 2027 | AL24: S02 | AM24: 0.41015 | AN24: hydro
I25: elc_spv_ARE_001 | J25: S03aH03 | K25: 0.002303468 | L25: IMPNRGZ | N25: elc_won_ARE_001 | O25: S03aH03 | P25: 0.0013587002 | Q25: IMPNRGZ | S25: elc_wof_ARE_001 | T25: S03aH03 | U25: 0.0011096896 | V25: IMPNRGZ | X25: 0.0011415525 | Y25: 0.0014585353 | Z25: S03aH03 | AA25: elc_roadtransport | AC25: elc_buildings | AD25: S03aH03 | AE25: 0.0010304422 | AG25: ELC | AH25: S03aH03 | AI25: 0.030109842 | AK25: 2027 | AL25: S03 | AM25: 0.4375 | AN25: hydro
I26: elc_spv_ARE_001 | J26: S03aH04 | K26: 0.024139523 | L26: IMPNRGZ | N26: elc_won_ARE_001 | O26: S03aH04 | P26: 0.011749191 | Q26: IMPNRGZ | S26: elc_wof_ARE_001 | T26: S03aH04 | U26: 0.010329295 | V26: IMPNRGZ | X26: 0.0091324201 | Y26: 0.01262296 | Z26: S03aH04 | AA26: elc_roadtransport | AC26: elc_buildings | AD26: S03aH04 | AE26: 0.008419557 | AG26: ELC | AH26: S03aH04 | AI26: 0.093566587 | AK26: 2027 | AL26: S04 | AM26: 0.4375 | AN26: hydro
I27: elc_spv_ARE_001 | J27: S03aH05 | K27: 0.0018427791 | L27: IMPNRGZ | N27: elc_won_ARE_001 | O27: S03aH05 | P27: 0.0016179796 | Q27: IMPNRGZ | S27: elc_wof_ARE_001 | T27: S03aH05 | U27: 0.0013285119 | V27: IMPNRGZ | X27: 0.0011415525 | Y27: 0.0022209515 | Z27: S03aH05 | AA27: elc_roadtransport | AC27: elc_buildings | AD27: S03aH05 | AE27: 0.001010939 | AG27: ELC | AH27: S03aH05 | AI27: 0.046010249 | AK27: 2027 | AL27: S05 | AM27: 0.4681 | AN27: hydro
I28: elc_spv_ARE_001 | J28: S03aH06 | K28: 0.00090286145 | L28: IMPNRGZ | N28: elc_won_ARE_001 | O28: S03aH06 | P28: 0.010111393 | Q28: IMPNRGZ | S28: elc_wof_ARE_001 | T28: S03aH06 | U28: 0.0087667651 | V28: IMPNRGZ | X28: 0.0068493151 | Y28: 0.0060330325 | Z28: S03aH06 | AA28: elc_roadtransport | AC28: elc_buildings | AD28: S03aH06 | AE28: 0.0044862804 | AG28: ELC | AH28: S03aH06 | AI28: 0.23693217 | AK28: 2027 | AL28: S06 | AM28: 0.4024 | AN28: hydro
... I46: elc_spv_ARE_001 | J46: S06aH06 | K46: 0.0059769631 | L46: IMPNRGZ | N46: elc_won_ARE_001 | O46: S06aH06 | P46: 0.1508789 | Q46: IMPNRGZ | S46: elc_wof_ARE_001 | T46: S06aH06 | U46: 0.12843827 | V46: IMPNRGZ | X46: 0.14178082 | Y46: 0.12488377 | Z46: S06aH06 | AA46: elc_roadtransport | AC46: elc_buildings | AD46: S06aH06 | AE46: 0.14275646 | AG46: ELC | AH46: S06aH06 | AI46: 0.27568453 | AK46: 2030 | AL46: S06 | AM46: 0.45697143 | AN46: hydro
I47: elc_spv_ARE_002 | J47: S01aH01 | K47: 0 | L47: IMPNRGZ | N47: elc_won_ARE_002 | O47: S01aH01 | P47: 0.035847087 | Q47: IMPNRGZ | S47: elc_wof_ARE_002 | T47: S01aH01 | U47: 0.033214668 | V47: IMPNRGZ | AC47: elc_industry | AD47: S01aH01 | AE47: 0.026233781 | AK47: 2031 | AL47: S01 | AM47: 0.41055 | AN47: hydro
I48: elc_spv_ARE_002 | J48: S01aH02 | K48: 0.0037465748 | L48: IMPNRGZ | N48: elc_won_ARE_002 | O48: S01aH02 | P48: 0.0054877951 | Q48: IMPNRGZ | S48: elc_wof_ARE_002 | T48: S01aH02 | U48: 0.0051326615 | V48: IMPNRGZ | AC48: elc_industry | AD48: S01aH02 | AE48: 0.0037862468 | AK48: 2031 | AL48: S02 | AM48: 0.4376 | AN48: hydro
I49: elc_spv_ARE_002 | J49: S01aH03 | K49: 0.0060844166 | L49: IMPNRGZ | N49: elc_won_ARE_002 | O49: S01aH03 | P49: 0.0050843195 | Q49: IMPNRGZ | S49: elc_wof_ARE_002 | T49: S01aH03 | U49: 0.0050086003 | V49: IMPNRGZ | AC49: elc_industry | AD49: S01aH03 | AE49: 0.0037855074 | AK49: 2031 | AL49: S03 | AM49: 0.4624 | AN49: hydro
I50: elc_spv_ARE_002 | J50: S01aH04 | K50: 0.068014909 | L50: IMPNRGZ | N50: elc_won_ARE_002 | O50: S01aH04 | P50: 0.03254581 | Q50: IMPNRGZ | S50: elc_wof_ARE_002 | T50: S01aH04 | U50: 0.033630318 | V50: IMPNRGZ | AC50: elc_industry | AD50: S01aH04 | AE50: 0.030353654 | AK50: 2031 | AL50: S04 | AM50: 0.4624 | AN50: hydro
I51: elc_spv_ARE_002 | J51: S01aH05 | K51: 0.0040338786 | L51: IMPNRGZ | N51: elc_won_ARE_002 | O51: S01aH05 | P51: 0.0036222045 | Q51: IMPNRGZ | S51: elc_wof_ARE_002 | T51: S01aH05 | U51: 0.0033148937 | V51: IMPNRGZ | AC51: elc_industry | AD51: S01aH05 | AE51: 0.0037944075 | AK51: 2031 | AL51: S05 | AM51: 0.51995 | AN51: hydro
I52: elc_spv_ARE_002 | J52: S01aH06 | K52: 0 | L52: IMPNRGZ | N52: elc_won_ARE_002 | O52: S01aH06 | P52: 0.024563921 | Q52: IMPNRGZ | S52: elc_wof_ARE_002 | T52: S01aH06 | U52: 0.021846482 | V52: IMPNRGZ | AC52: elc_industry | AD52: S01aH06 | AE52: 0.022287071 | AK52: 2031 | AL52: S06 | AM52: 0.45467143 | AN52: hydro
I53: elc_spv_ARE_002 | J53: S02aH01 | K53: 0 | L53: IMPNRGZ | N53: elc_won_ARE_002 | O53: S02aH01 | P53: 0.032877462 | Q53: IMPNRGZ | S53: elc_wof_ARE_002 | T53: S02aH01 | U53: 0.037940756 | V53: IMPNRGZ | AC53: elc_industry | AD53: S02aH01 | AE53: 0.028605115 | AK53: 2032 | AL53: S01 | AM53: 0.3858 | AN53: hydro
I54: elc_spv_ARE_002 | J54: S02aH02 | K54: 0.0041592119 | L54: IMPNRGZ | N54: elc_won_ARE_002 | O54: S02aH02 | P54: 0.0049545066 | Q54: IMPNRGZ | S54: elc_wof_ARE_002 | T54: S02aH02 | U54: 0.0056166364 | V54: IMPNRGZ | AC54: elc_industry | AD54: S02aH02 | AE54: 0.004129077 | AK54: 2032 | AL54: S02 | AM54: 0.40265 | AN54: hydro
I55: elc_spv_ARE_002 | J55: S02aH03 | K55: 0.0077671961 | L55: IMPNRGZ | N55: elc_won_ARE_002 | O55: S02aH03 | P55: 0.0045930617 | Q55: IMPNRGZ | S55: elc_wof_ARE_002 | T55: S02aH03 | U55: 0.0053560828 | V55: IMPNRGZ | AC55: elc_industry | AD55: S02aH03 | AE55: 0.0041307482 | AK55: 2032 | AL55: S03 | AM55: 0.427 | AN55: hydro
I56: elc_spv_ARE_002 | J56: S02aH04 | K56: 0.085287083 | L56: IMPNRGZ | N56: elc_won_ARE_002 | O56: S02aH04 | P56: 0.030512687 | Q56: IMPNRGZ | S56: elc_wof_ARE_002 | T56: S02aH04 | U56: 0.035202296 | V56: IMPNRGZ | AC56: elc_industry | AD56: S02aH04 | AE56: 0.0331183 | AK56: 2032 | AL56: S04 | AM56: 0.427 | AN56: hydro
I57: elc_spv_ARE_002 | J57: S02aH05 | K57: 0.0063026277 | L57: IMPNRGZ | N57: elc_won_ARE_002 | O57: S02aH05 | P57: 0.0034796752 | Q57: IMPNRGZ | S57: elc_wof_ARE_002 | T57: S02aH05 | U57: 0.004133848 | V57: IMPNRGZ | AC57: elc_industry | AD57: S02aH05 | AE57: 0.0041383301 | AK57: 2032 | AL57: S05 | AM57: 0.51535 | AN57: hydro
I58: elc_spv_ARE_002 | J58: S02aH06 | K58: 0.00039916467 | L58: IMPNRGZ | N58: elc_won_ARE_002 | O58: S02aH06 | P58: 0.026307129 | Q58: IMPNRGZ | S58: elc_wof_ARE_002 | T58: S02aH06 | U58: 0.026752313 | V58: IMPNRGZ | AC58: elc_industry | AD58: S02aH06 | AE58: 0.02432594 | AK58: 2032 | AL58: S06 | AM58: 0.45077143 | AN58: hydro
... I82: elc_spv_ARE_002 | J82: S06aH06 | K82: 0.0065212462 | L82: IMPNRGZ | N82: elc_won_ARE_002 | O82: S06aH06 | P82: 0.13606895 | Q82: IMPNRGZ | S82: elc_wof_ARE_002 | T82: S06aH06 | U82: 0.12932154 | V82: IMPNRGZ | AC82: elc_industry | AD82: S06aH06 | AE82: 0.1408149 | AK82: 2036 | AL82: S06 | AM82: 0.33695714 | AN82: hydro
I83: elc_spv_ARE_003 | J83: S01aH01 | K83: 0 | L83: IMPNRGZ | N83: elc_won_ARE_003 | O83: S01aH01 | P83: 0.035469057 | Q83: IMPNRGZ | AK83: 2037 | AL83: S01 | AM83: 0.3147 | AN83: hydro
I84: elc_spv_ARE_003 | J84: S01aH02 | K84: 0.0033382379 | L84: IMPNRGZ | N84: elc_won_ARE_003 | O84: S01aH02 | P84: 0.0048406264 | Q84: IMPNRGZ | AK84: 2037 | AL84: S02 | AM84: 0.3191 | AN84: hydro
I85: elc_spv_ARE_003 | J85: S01aH03 | K85: 0.0063175373 | L85: IMPNRGZ | N85: elc_won_ARE_003 | O85: S01aH03 | P85: 0.0041239949 | Q85: IMPNRGZ | AK85: 2037 | AL85: S03 | AM85: 0.334 | AN85: hydro
I86: elc_spv_ARE_003 | J86: S01aH04 | K86: 0.069395837 | L86: IMPNRGZ | N86: elc_won_ARE_003 | O86: S01aH04 | P86: 0.031200438 | Q86: IMPNRGZ | AK86: 2037 | AL86: S04 | AM86: 0.334 | AN86: hydro
I87: elc_spv_ARE_003 | J87: S01aH05 | K87: 0.0040033507 | L87: IMPNRGZ | N87: elc_won_ARE_003 | O87: S01aH05 | P87: 0.0037470632 | Q87: IMPNRGZ | AK87: 2037 | AL87: S05 | AM87: 0.404 | AN87: hydro
I88: elc_spv_ARE_003 | J88: S01aH06 | K88: 0 | L88: IMPNRGZ | N88: elc_won_ARE_003 | O88: S01aH06 | P88: 0.028412001 | Q88: IMPNRGZ | AK88: 2037 | AL88: S06 | AM88: 0.34275714 | AN88: hydro
I89: elc_spv_ARE_003 | J89: S02aH01 | K89: 0 | L89: IMPNRGZ | N89: elc_won_ARE_003 | O89: S02aH01 | P89: 0.031856916 | Q89: IMPNRGZ | AK89: 2038 | AL89: S01 | AM89: 0.32955 | AN89: hydro
I90: elc_spv_ARE_003 | J90: S02aH02 | K90: 0.0043078992 | L90: IMPNRGZ | N90: elc_won_ARE_003 | O90: S02aH02 | P90: 0.0045348469 | Q90: IMPNRGZ | AK90: 2038 | AL90: S02 | AM90: 0.34385 | AN90: hydro
I91: elc_spv_ARE_003 | J91: S02aH03 | K91: 0.0079056151 | L91: IMPNRGZ | N91: elc_won_ARE_003 | O91: S02aH03 | P91: 0.0036378604 | Q91: IMPNRGZ | AK91: 2038 | AL91: S03 | AM91: 0.3558 | AN91: hydro
I92: elc_spv_ARE_003 | J92: S02aH04 | K92: 0.085779194 | L92: IMPNRGZ | N92: elc_won_ARE_003 | O92: S02aH04 | P92: 0.025509568 | Q92: IMPNRGZ | AK92: 2038 | AL92: S04 | AM92: 0.3558 | AN92: hydro
I93: elc_spv_ARE_003 | J93: S02aH05 | K93: 0.0060125134 | L93: IMPNRGZ | N93: elc_won_ARE_003 | O93: S02aH05 | P93: 0.0032436334 | Q93: IMPNRGZ | AK93: 2038 | AL93: S05 | AM93: 0.3865 | AN93: hydro
I94: elc_spv_ARE_003 | J94: S02aH06 | K94: 0 | L94: IMPNRGZ | N94: elc_won_ARE_003 | O94: S02aH06 | P94: 0.02661381 | Q94: IMPNRGZ | AK94: 2038 | AL94: S06 | AM94: 0.33142857 | AN94: hydro
... I166: elc_spv_ARE_005 | J166: S02aH06 | K166: 0 | L166: IMPNRGZ | N166: elc_won_ARE_005 | O166: S02aH06 | P166: 0.029216572 | Q166: IMPNRGZ | AK166: 2050 | AL166: S06 | AM166: 0.44947143 | AN166: hydro
I167: elc_spv_ARE_005 | J167: S03aH01 | K167: 0 | L167: IMPNRGZ | N167: elc_won_ARE_005 | O167: S03aH01 | P167: 0.010461554 | Q167: IMPNRGZ
I168: elc_spv_ARE_005 | J168: S03aH02 | K168: 0.0015286817 | L168: IMPNRGZ | N168: elc_won_ARE_005 | O168: S03aH02 | P168: 0.0022456138 | Q168: IMPNRGZ
I169: elc_spv_ARE_005 | J169: S03aH03 | K169: 0.0024889831 | L169: IMPNRGZ | N169: elc_won_ARE_005 | O169: S03aH03 | P169: 0.0019375338 | Q169: IMPNRGZ
I170: elc_spv_ARE_005 | J170: S03aH04 | K170: 0.024521117 | L170: IMPNRGZ | N170: elc_won_ARE_005 | O170: S03aH04 | P170: 0.012613261 | Q170: IMPNRGZ
I171: elc_spv_ARE_005 | J171: S03aH05 | K171: 0.0017621269 | L171: IMPNRGZ | N171: elc_won_ARE_005 | O171: S03aH05 | P171: 0.001511446 | Q171: IMPNRGZ
I172: elc_spv_ARE_005 | J172: S03aH06 | K172: 5.8974274e-05 | L172: IMPNRGZ | N172: elc_won_ARE_005 | O172: S03aH06 | P172: 0.0096859607 | Q172: IMPNRGZ
I173: elc_spv_ARE_005 | J173: S04aH01 | K173: 5.6726069e-08 | L173: IMPNRGZ | N173: elc_won_ARE_005 | O173: S04aH01 | P173: 0.0029935954 | Q173: IMPNRGZ
I174: elc_spv_ARE_005 | J174: S04aH02 | K174: 0.0005080915 | L174: IMPNRGZ | N174: elc_won_ARE_005 | O174: S04aH02 | P174: 0.00031477514 | Q174: IMPNRGZ
I175: elc_spv_ARE_005 | J175: S04aH03 | K175: 0.00083512535 | L175: IMPNRGZ | N175: elc_won_ARE_005 | O175: S04aH03 | P175: 0.00030625187 | Q175: IMPNRGZ
I176: elc_spv_ARE_005 | J176: S04aH04 | K176: 0.0093801669 | L176: IMPNRGZ | N176: elc_won_ARE_005 | O176: S04aH04 | P176: 0.0044765447 | Q176: IMPNRGZ
I177: elc_spv_ARE_005 | J177: S04aH05 | K177: 0.00063386667 | L177: IMPNRGZ | N177: elc_won_ARE_005 | O177: S04aH05 | P177: 0.00065021904 | Q177: IMPNRGZ
I178: elc_spv_ARE_005 | J178: S04aH06 | K178: 0.00013007733 | L178: IMPNRGZ | N178: elc_won_ARE_005 | O178: S04aH06 | P178: 0.0024168801 | Q178: IMPNRGZ
... I370: elc_spv_ARE_010 | J370: S06aH06 | K370: 0.0034235859 | L370: IMPNRGZ | N370: elc_won_ARE_010 | O370: S06aH06 | P370: 0.17724956 | Q370: IMPNRGZ

Sheet ts_072
C9: =IF(A11="x","DeActivated","~TimeSlices") -> DeActivated | I9: =IF(A11="x","DeActivated","~TFM_DINS-AT") -> DeActivated | N9: =IF(A11="x","DeActivated","~TFM_DINS-AT") -> DeActivated | S9: =IF(A11="x","DeActivated","~TFM_DINS-AT") -> DeActivated | X9: =IF(A11="x","DeActivated","~TFM_DINS-AT") -> DeActivated | AC9: =IF(A11="x","DeActivated","~TFM_DINS-AT") -> DeActivated | AG9: =IF(A11="x","DeActivated","~TFM_DINS-AT") -> DeActivated | AK9: =IF(A11="x","DeActivated","~TFM_INS-AT") -> DeActivated
A10: ts_072 | C10: season | D10: weekly | E10: daynite | F10: wparent | G10: dparent | I10: commodity | J10: timeslice | K10: com_fr | L10: process | N10: commodity | O10: timeslice | P10: com_fr | Q10: process | S10: commodity | T10: timeslice | U10: com_fr | V10: process | X10: g_yrfr | Y10: com_fr | Z10: timeslice | AA10: commodity | AC10: commodity | AD10: timeslice | AE10: com_fr | AG10: commodity | AH10: timeslice | AI10: com_pkflx | AK10: Year | AL10: timeslice | AM10: ncap_afs | AN10: pset_ci
A11: =IFERROR(IF(Veda!D5=A10,"ok","x"),"") -> x | C11: S01 | D11: a | E11: H01 | F11: S01,S02,S03,S04,S05,S06,S07,S08,S09,S10 | G11: a | I11: elc_spv_ARE_001 | J11: S01aH01 | K11: 0 | L11: IMPNRGZ | N11: elc_won_ARE_001 | O11: S01aH01 | P11: 0.0027384244 | Q11: IMPNRGZ | S11: elc_wof_ARE_001 | T11: S01aH01 | U11: 0.0053165054 | V11: IMPNRGZ | X11: 0.0047945205 | Y11: 0.001893444 | Z11: S01aH01 | AA11: elc_roadtransport | AC11: elc_buildings | AD11: S01aH01 | AE11: 0.0035452587 | AG11: ELC | AH11: S01aH01 | AI11: 0.18272416 | AK11: 2025 | AL11: S01 | AM11: 0.3443 | AN11: hydro
C12: S02 | E12: H02 | G12: a | I12: elc_spv_ARE_001 | J12: S01aH02 | K12: 0.00065569813 | L12: IMPNRGZ | N12: elc_won_ARE_001 | O12: S01aH02 | P12: 0.00033249477 | Q12: IMPNRGZ | S12: elc_wof_ARE_001 | T12: S01aH02 | U12: 0.00072902807 | V12: IMPNRGZ | X12: 0.00068493151 | Y12: 0.0011436243 | Z12: S01aH02 | AA12: elc_roadtransport | AC12: elc_buildings | AD12: S01aH02 | AE12: 0.00058940324 | AG12: ELC | AH12: S01aH02 | AI12: 0.064510731 | AK12: 2025 | AL12: S02 | AM12: 0.35325 | AN12: hydro
C13: S03 | E13: H03 | G13: a | I13: elc_spv_ARE_001 | J13: S01aH03 | K13: 0.001141145 | L13: IMPNRGZ | N13: elc_won_ARE_001 | O13: S01aH03 | P13: 0.00028386544 | Q13: IMPNRGZ | S13: elc_wof_ARE_001 | T13: S01aH03 | U13: 0.00066216855 | V13: IMPNRGZ | X13: 0.00068493151 | Y13: 0.0008751212 | Z13: S01aH03 | AA13: elc_roadtransport | AC13: elc_buildings | AD13: S01aH03 | AE13: 0.00059143349 | AG13: ELC | AH13: S01aH03 | AI13: 0.062043535 | AK13: 2025 | AL13: S03 | AM13: 0.37815 | AN13: hydro
C14: S04 | E14: H04 | G14: a | I14: elc_spv_ARE_001 | J14: S01aH04 | K14: 0.012851784 | L14: IMPNRGZ | N14: elc_won_ARE_001 | O14: S01aH04 | P14: 0.0029013075 | Q14: IMPNRGZ | S14: elc_wof_ARE_001 | T14: S01aH04 | U14: 0.004510498 | V14: IMPNRGZ | X14: 0.0054794521 | Y14: 0.0075737762 | Z14: S01aH04 | AA14: elc_roadtransport | AC14: elc_buildings | AD14: S01aH04 | AE14: 0.0048810005 | AG14: ELC | AH14: S01aH04 | AI14: 0.077615645 | AK14: 2025 | AL14: S04 | AM14: 0.3941 | AN14: hydro
C15: S05 | E15: H05 | G15: a | I15: elc_spv_ARE_001 | J15: S01aH05 | K15: 0.00074615577 | L15: IMPNRGZ | N15: elc_won_ARE_001 | O15: S01aH05 | P15: 0.00054885164 | Q15: IMPNRGZ | S15: elc_wof_ARE_001 | T15: S01aH05 | U15: 0.0004753825 | V15: IMPNRGZ | X15: 0.00068493151 | Y15: 0.0013325709 | Z15: S01aH05 | AA15: elc_roadtransport | AC15: elc_buildings | AD15: S01aH05 | AE15: 0.00060688206 | AG15: ELC | AH15: S01aH05 | AI15: 0.038239712 | AK15: 2025 | AL15: S05 | AM15: 0.3941 | AN15: hydro
C16: S06 | E16: H06 | G16: a | I16: elc_spv_ARE_001 | J16: S01aH06 | K16: 0 | L16: IMPNRGZ | N16: elc_won_ARE_001 | O16: S01aH06 | P16: 0.0029791596 | Q16: IMPNRGZ | S16: elc_wof_ARE_001 | T16: S01aH06 | U16: 0.0029126728 | V16: IMPNRGZ | X16: 0.004109589 | Y16: 0.0036198195 | Z16: S01aH06 | AA16: elc_roadtransport | AC16: elc_buildings | AD16: S01aH06 | AE16: 0.0026081402 | AG16: ELC | AH16: S01aH06 | AI16: 0.2428762 | AK16: 2025 | AL16: S06 | AM16: 0.3941 | AN16: hydro
C17: S07 | I17: elc_spv_ARE_001 | J17: S02aH01 | K17: 0 | L17: IMPNRGZ | N17: elc_won_ARE_001 | O17: S02aH01 | P17: 0.035376988 | Q17: IMPNRGZ | S17: elc_wof_ARE_001 | T17: S02aH01 | U17: 0.032220448 | V17: IMPNRGZ | X17: 0.023173516 | Y17: 0.0091516462 | Z17: S02aH01 | AA17: elc_roadtransport | AC17: elc_buildings | AD17: S02aH01 | AE17: 0.017290953 | AG17: ELC | AH17: S02aH01 | AI17: 0.28471998 | AK17: 2025 | AL17: S07 | AM17: 0.43733333 | AN17: hydro
C18: S08 | I18: elc_spv_ARE_001 | J18: S02aH02 | K18: 0.0029858314 | L18: IMPNRGZ | N18: elc_won_ARE_001 | O18: S02aH02 | P18: 0.0052847293 | Q18: IMPNRGZ | S18: elc_wof_ARE_001 | T18: S02aH02 | U18: 0.0051152598 | V18: IMPNRGZ | X18: 0.0033105023 | Y18: 0.0055275174 | Z18: S02aH02 | AA18: elc_roadtransport | AC18: elc_buildings | AD18: S02aH02 | AE18: 0.0028769429 | AG18: ELC | AH18: S02aH02 | AI18: 0.071956933 | AK18: 2025 | AL18: S08 | AM18: 0.50615 | AN18: hydro
C19: S09 | I19: elc_spv_ARE_001 | J19: S02aH03 | K19: 0.0055185773 | L19: IMPNRGZ | N19: elc_won_ARE_001 | O19: S02aH03 | P19: 0.0046424465 | Q19: IMPNRGZ | S19: elc_wof_ARE_001 | T19: S02aH03 | U19: 0.0050064304 | V19: IMPNRGZ | X19: 0.0033105023 | Y19: 0.0042297525 | Z19: S02aH03 | AA19: elc_roadtransport | AC19: elc_buildings | AD19: S02aH03 | AE19: 0.0028679351 | AG19: ELC | AH19: S02aH03 | AI19: 0.067061891 | AK19: 2025 | AL19: S09 | AM19: 0.39522857 | AN19: hydro
C20: S10 | I20: elc_spv_ARE_001 | J20: S02aH04 | K20: 0.061237197 | L20: IMPNRGZ | N20: elc_won_ARE_001 | O20: S02aH04 | P20: 0.032188615 | Q20: IMPNRGZ | S20: elc_wof_ARE_001 | T20: S02aH04 | U20: 0.034823851 | V20: IMPNRGZ | X20: 0.026484018 | Y20: 0.036606585 | Z20: S02aH04 | AA20: elc_roadtransport | AC20: elc_buildings | AD20: S02aH04 | AE20: 0.023682334 | AG20: ELC | AH20: S02aH04 | AI20: 0.082104384 | AK20: 2025 | AL20: S10 | AM20: 0.3773 | AN20: hydro
I21: elc_spv_ARE_001 | J21: S02aH05 | K21: 0.0037620467 | L21: IMPNRGZ | N21: elc_won_ARE_001 | O21: S02aH05 | P21: 0.0037090138 | Q21: IMPNRGZ | S21: elc_wof_ARE_001 | T21: S02aH05 | U21: 0.0035968415 | V21: IMPNRGZ | X21: 0.0033105023 | Y21: 0.0064407594 | Z21: S02aH05 | AA21: elc_roadtransport | AC21: elc_buildings | AD21: S02aH05 | AE21: 0.0029675224 | AG21: ELC | AH21: S02aH05 | AI21: 0.051050491 | AK21: 2026 | AL21: S01 | AM21: 0.3835 | AN21: hydro
I22: elc_spv_ARE_001 | J22: S02aH06 | K22: 0 | L22: IMPNRGZ | N22: elc_won_ARE_001 | O22: S02aH06 | P22: 0.025698909 | Q22: IMPNRGZ | S22: elc_wof_ARE_001 | T22: S02aH06 | U22: 0.022522796 | V22: IMPNRGZ | X22: 0.019863014 | Y22: 0.017495794 | Z22: S02aH06 | AA22: elc_roadtransport | AC22: elc_buildings | AD22: S02aH06 | AE22: 0.012750915 | AG22: ELC | AH22: S02aH06 | AI22: 0.2630583 | AK22: 2026 | AL22: S02 | AM22: 0.38345 | AN22: hydro
I23: elc_spv_ARE_001 | J23: S03aH01 | K23: 0 | L23: IMPNRGZ | N23: elc_won_ARE_001 | O23: S03aH01 | P23: 0.020626455 | Q23: IMPNRGZ | S23: elc_wof_ARE_001 | T23: S03aH01 | U23: 0.023480234 | V23: IMPNRGZ | X23: 0.023173516 | Y23: 0.0091516462 | Z23: S03aH01 | AA23: elc_roadtransport | AC23: elc_buildings | AD23: S03aH01 | AE23: 0.017324721 | AG23: ELC | AH23: S03aH01 | AI23: 0.20852301 | AK23: 2026 | AL23: S03 | AM23: 0.40485 | AN23: hydro
I24: elc_spv_ARE_001 | J24: S03aH02 | K24: 0.0033341047 | L24: IMPNRGZ | N24: elc_won_ARE_001 | O24: S03aH02 | P24: 0.0031069474 | Q24: IMPNRGZ | S24: elc_wof_ARE_001 | T24: S03aH02 | U24: 0.0035126218 | V24: IMPNRGZ | X24: 0.0033105023 | Y24: 0.0055275174 | Z24: S03aH02 | AA24: elc_roadtransport | AC24: elc_buildings | AD24: S03aH02 | AE24: 0.0028882511 | AG24: ELC | AH24: S03aH02 | AI24: 0.068586813 | AK24: 2026 | AL24: S04 | AM24: 0.4263 | AN24: hydro
I25: elc_spv_ARE_001 | J25: S03aH03 | K25: 0.0063276264 | L25: IMPNRGZ | N25: elc_won_ARE_001 | O25: S03aH03 | P25: 0.0025333309 | Q25: IMPNRGZ | S25: elc_wof_ARE_001 | T25: S03aH03 | U25: 0.0033082298 | V25: IMPNRGZ | X25: 0.0033105023 | Y25: 0.0042297525 | Z25: S03aH03 | AA25: elc_roadtransport | AC25: elc_buildings | AD25: S03aH03 | AE25: 0.0029033379 | AG25: ELC | AH25: S03aH03 | AI25: 0.064994365 | AK25: 2026 | AL25: S05 | AM25: 0.4263 | AN25: hydro
I26: elc_spv_ARE_001 | J26: S03aH04 | K26: 0.069362855 | L26: IMPNRGZ | N26: elc_won_ARE_001 | O26: S03aH04 | P26: 0.016252693 | Q26: IMPNRGZ | S26: elc_wof_ARE_001 | T26: S03aH04 | U26: 0.020357548 | V26: IMPNRGZ | X26: 0.026484018 | Y26: 0.036606585 | Z26: S03aH04 | AA26: elc_roadtransport | AC26: elc_buildings | AD26: S03aH04 | AE26: 0.023928902 | AG26: ELC | AH26: S03aH04 | AI26: 0.11227077 | AK26: 2026 | AL26: S06 | AM26: 0.4263 | AN26: hydro
I27: elc_spv_ARE_001 | J27: S03aH05 | K27: 0.0050982778 | L27: IMPNRGZ | N27: elc_won_ARE_001 | O27: S03aH05 | P27: 0.0017176823 | Q27: IMPNRGZ | S27: elc_wof_ARE_001 | T27: S03aH05 | U27: 0.0024082123 | V27: IMPNRGZ | X27: 0.0033105023 | Y27: 0.0064407594 | Z27: S03aH05 | AA27: elc_roadtransport | AC27: elc_buildings | AD27: S03aH05 | AE27: 0.0029803007 | AG27: ELC | AH27: S03aH05 | AI27: 0.040769121 | AK27: 2026 | AL27: S07 | AM27: 0.4588 | AN27: hydro
I28: elc_spv_ARE_001 | J28: S03aH06 | K28: 6.6718376e-05 | L28: IMPNRGZ | N28: elc_won_ARE_001 | O28: S03aH06 | P28: 0.015210561 | Q28: IMPNRGZ | S28: elc_wof_ARE_001 | T28: S03aH06 | U28: 0.015160503 | V28: IMPNRGZ | X28: 0.019863014 | Y28: 0.017495794 | Z28: S03aH06 | AA28: elc_roadtransport | AC28: elc_buildings | AD28: S03aH06 | AE28: 0.012868137 | AG28: ELC | AH28: S03aH06 | AI28: 0.2497818 | AK28: 2026 | AL28: S08 | AM28: 0.473 | AN28: hydro
I29: elc_spv_ARE_001 | J29: S04aH01 | K29: 0 | L29: IMPNRGZ | N29: elc_won_ARE_001 | O29: S04aH01 | P29: 0.0087032254 | Q29: IMPNRGZ | S29: elc_wof_ARE_001 | T29: S04aH01 | U29: 0.008450574 | V29: IMPNRGZ | X29: 0.0039954338 | Y29: 0.00157787 | Z29: S04aH01 | AA29: elc_roadtransport | AC29: elc_buildings | AD29: S04aH01 | AE29: 0.0028600751 | AG29: ELC | AH29: S04aH01 | AI29: 0.23690484 | AK29: 2026 | AL29: S09 | AM29: 0.39935714 | AN29: hydro
I30: elc_spv_ARE_001 | J30: S04aH02 | K30: 0.00061369234 | L30: IMPNRGZ | N30: elc_won_ARE_001 | O30: S04aH02 | P30: 0.0012089109 | Q30: IMPNRGZ | S30: elc_wof_ARE_001 | T30: S04aH02 | U30: 0.0013053373 | V30: IMPNRGZ | X30: 0.00057077626 | Y30: 0.00095302025 | Z30: S04aH02 | AA30: elc_roadtransport | AC30: elc_buildings | AD30: S04aH02 | AE30: 0.00048375807 | AG30: ELC | AH30: S04aH02 | AI30: 0.080931961 | AK30: 2026 | AL30: S10 | AM30: 0.3878 | AN30: hydro
I31: elc_spv_ARE_001 | J31: S04aH03 | K31: 0.0011423809 | L31: IMPNRGZ | N31: elc_won_ARE_001 | O31: S04aH03 | P31: 0.0011208592 | Q31: IMPNRGZ | S31: elc_wof_ARE_001 | T31: S04aH03 | U31: 0.0012427428 | V31: IMPNRGZ | X31: 0.00057077626 | Y31: 0.00072926767 | Z31: S04aH03 | AA31: elc_roadtransport | AC31: elc_buildings | AD31: S04aH03 | AE31: 0.00048687346 | AG31: ELC | AH31: S04aH03 | AI31: 0.078936471 | AK31: 2027 | AL31: S01 | AM31: 0.3599 | AN31: hydro
I32: elc_spv_ARE_001 | J32: S04aH04 | K32: 0.011703861 | L32: IMPNRGZ | N32: elc_won_ARE_001 | O32: S04aH04 | P32: 0.0082743423 | Q32: IMPNRGZ | S32: elc_wof_ARE_001 | T32: S04aH04 | U32: 0.0081399829 | V32: IMPNRGZ | X32: 0.00456621 | Y32: 0.0063114802 | Z32: S04aH04 | AA32: elc_roadtransport | AC32: elc_buildings | AD32: S04aH04 | AE32: 0.0040140665 | AG32: ELC | AH32: S04aH04 | AI32: 0.13643226 | AK32: 2027 | AL32: S02 | AM32: 0.37135 | AN32: hydro
... I70: elc_spv_ARE_001 | J70: S10aH06 | K70: 0 | L70: IMPNRGZ | N70: elc_won_ARE_001 | O70: S10aH06 | P70: 0.015263974 | Q70: IMPNRGZ | S70: elc_wof_ARE_001 | T70: S10aH06 | U70: 0.016089412 | V70: IMPNRGZ | X70: 0.011643836 | Y70: 0.010256155 | Z70: S10aH06 | AA70: elc_roadtransport | AC70: elc_buildings | AD70: S10aH06 | AE70: 0.0073706682 | AG70: ELC | AH70: S10aH06 | AI70: 0.20543633 | AK70: 2030 | AL70: S10 | AM70: 0.4164 | AN70: hydro
I71: elc_spv_ARE_002 | J71: S01aH01 | K71: 0 | L71: IMPNRGZ | N71: elc_won_ARE_002 | O71: S01aH01 | P71: 0.0031934356 | Q71: IMPNRGZ | S71: elc_wof_ARE_002 | T71: S01aH01 | U71: 0.0054491012 | V71: IMPNRGZ | AC71: elc_industry | AD71: S01aH01 | AE71: 0.0047669237 | AK71: 2031 | AL71: S01 | AM71: 0.4083 | AN71: hydro
I72: elc_spv_ARE_002 | J72: S01aH02 | K72: 0.00071764673 | L72: IMPNRGZ | N72: elc_won_ARE_002 | O72: S01aH02 | P72: 0.00042631725 | Q72: IMPNRGZ | S72: elc_wof_ARE_002 | T72: S01aH02 | U72: 0.00059713332 | V72: IMPNRGZ | AC72: elc_industry | AD72: S01aH02 | AE72: 0.00068787329 | AK72: 2031 | AL72: S02 | AM72: 0.41055 | AN72: hydro
I73: elc_spv_ARE_002 | J73: S01aH03 | K73: 0.001133456 | L73: IMPNRGZ | N73: elc_won_ARE_002 | O73: S01aH03 | P73: 0.00039978702 | Q73: IMPNRGZ | S73: elc_wof_ARE_002 | T73: S01aH03 | U73: 0.00050742808 | V73: IMPNRGZ | AC73: elc_industry | AD73: S01aH03 | AE73: 0.00068804181 | AK73: 2031 | AL73: S03 | AM73: 0.4376 | AN73: hydro
I74: elc_spv_ARE_002 | J74: S01aH04 | K74: 0.012677286 | L74: IMPNRGZ | N74: elc_won_ARE_002 | O74: S01aH04 | P74: 0.0034278045 | Q74: IMPNRGZ | S74: elc_wof_ARE_002 | T74: S01aH04 | U74: 0.0042407517 | V74: IMPNRGZ | AC74: elc_industry | AD74: S01aH04 | AE74: 0.0055167463 | AK74: 2031 | AL74: S04 | AM74: 0.4624 | AN74: hydro
I75: elc_spv_ARE_002 | J75: S01aH05 | K75: 0.00072023261 | L75: IMPNRGZ | N75: elc_won_ARE_002 | O75: S01aH05 | P75: 0.00042595757 | Q75: IMPNRGZ | S75: elc_wof_ARE_002 | T75: S01aH05 | U75: 0.00051734266 | V75: IMPNRGZ | AC75: elc_industry | AD75: S01aH05 | AE75: 0.0006893241 | AK75: 2031 | AL75: S05 | AM75: 0.4624 | AN75: hydro
I76: elc_spv_ARE_002 | J76: S01aH06 | K76: 0 | L76: IMPNRGZ | N76: elc_won_ARE_002 | O76: S01aH06 | P76: 0.0026342548 | Q76: IMPNRGZ | S76: elc_wof_ARE_002 | T76: S01aH06 | U76: 0.0031416948 | V76: IMPNRGZ | AC76: elc_industry | AD76: S01aH06 | AE76: 0.0040501885 | AK76: 2031 | AL76: S06 | AM76: 0.4624 | AN76: hydro
I77: elc_spv_ARE_002 | J77: S02aH01 | K77: 0 | L77: IMPNRGZ | N77: elc_won_ARE_002 | O77: S02aH01 | P77: 0.036150239 | Q77: IMPNRGZ | S77: elc_wof_ARE_002 | T77: S02aH01 | U77: 0.033260825 | V77: IMPNRGZ | AC77: elc_industry | AD77: S02aH01 | AE77: 0.023052292 | AK77: 2031 | AL77: S07 | AM77: 0.5028 | AN77: hydro
I78: elc_spv_ARE_002 | J78: S02aH02 | K78: 0.0032617715 | L78: IMPNRGZ | N78: elc_won_ARE_002 | O78: S02aH02 | P78: 0.0056964147 | Q78: IMPNRGZ | S78: elc_wof_ARE_002 | T78: S02aH02 | U78: 0.0054634448 | V78: IMPNRGZ | AC78: elc_industry | AD78: S02aH02 | AE78: 0.0033269513 | AK78: 2031 | AL78: S08 | AM78: 0.55895 | AN78: hydro
I79: elc_spv_ARE_002 | J79: S02aH03 | K79: 0.0053859057 | L79: IMPNRGZ | N79: elc_won_ARE_002 | O79: S02aH03 | P79: 0.0053401669 | Q79: IMPNRGZ | S79: elc_wof_ARE_002 | T79: S02aH03 | U79: 0.0053919187 | V79: IMPNRGZ | AC79: elc_industry | AD79: S02aH03 | AE79: 0.0033262036 | AK79: 2031 | AL79: S09 | AM79: 0.45467143 | AN79: hydro
I80: elc_spv_ARE_002 | J80: S02aH04 | K80: 0.060052327 | L80: IMPNRGZ | N80: elc_won_ARE_002 | O80: S02aH04 | P80: 0.035482669 | Q80: IMPNRGZ | S80: elc_wof_ARE_002 | T80: S02aH04 | U80: 0.035355658 | V80: IMPNRGZ | AC80: elc_industry | AD80: S02aH04 | AE80: 0.026670957 | AK80: 2031 | AL80: S10 | AM80: 0.4198 | AN80: hydro
I81: elc_spv_ARE_002 | J81: S02aH05 | K81: 0.0036396543 | L81: IMPNRGZ | N81: elc_won_ARE_002 | O81: S02aH05 | P81: 0.0039027473 | Q81: IMPNRGZ | S81: elc_wof_ARE_002 | T81: S02aH05 | U81: 0.0034635548 | V81: IMPNRGZ | AC81: elc_industry | AD81: S02aH05 | AE81: 0.0033344698 | AK81: 2032 | AL81: S01 | AM81: 0.3933 | AN81: hydro
I82: elc_spv_ARE_002 | J82: S02aH06 | K82: 0 | L82: IMPNRGZ | N82: elc_won_ARE_002 | O82: S02aH06 | P82: 0.025899636 | Q82: IMPNRGZ | S82: elc_wof_ARE_002 | T82: S02aH06 | U82: 0.022781405 | V82: IMPNRGZ | AC82: elc_industry | AD82: S02aH06 | AE82: 0.019587296 | AK82: 2032 | AL82: S02 | AM82: 0.3858 | AN82: hydro
... I130: elc_spv_ARE_002 | J130: S10aH06 | K130: 0 | L130: IMPNRGZ | N130: elc_won_ARE_002 | O130: S10aH06 | P130: 0.015579387 | Q130: IMPNRGZ | S130: elc_wof_ARE_002 | T130: S10aH06 | U130: 0.01815866 | V130: IMPNRGZ | AC130: elc_industry | AD130: S10aH06 | AE130: 0.011491965 | AK130: 2036 | AL130: S10 | AM130: 0.3306 | AN130: hydro
I131: elc_spv_ARE_003 | J131: S01aH01 | K131: 0 | L131: IMPNRGZ | N131: elc_won_ARE_003 | O131: S01aH01 | P131: 0.0029982892 | Q131: IMPNRGZ | AK131: 2037 | AL131: S01 | AM131: 0.3252 | AN131: hydro
I132: elc_spv_ARE_003 | J132: S01aH02 | K132: 0.0006652371 | L132: IMPNRGZ | N132: elc_won_ARE_003 | O132: S01aH02 | P132: 0.00033102717 | Q132: IMPNRGZ | AK132: 2037 | AL132: S02 | AM132: 0.3147 | AN132: hydro
I133: elc_spv_ARE_003 | J133: S01aH03 | K133: 0.0012050007 | L133: IMPNRGZ | N133: elc_won_ARE_003 | O133: S01aH03 | P133: 0.00024905735 | Q133: IMPNRGZ | AK133: 2037 | AL133: S03 | AM133: 0.3191 | AN133: hydro
I134: elc_spv_ARE_003 | J134: S01aH04 | K134: 0.012818128 | L134: IMPNRGZ | N134: elc_won_ARE_003 | O134: S01aH04 | P134: 0.0022583694 | Q134: IMPNRGZ | AK134: 2037 | AL134: S04 | AM134: 0.334 | AN134: hydro
I135: elc_spv_ARE_003 | J135: S01aH05 | K135: 0.00071717616 | L135: IMPNRGZ | N135: elc_won_ARE_003 | O135: S01aH05 | P135: 0.00054708693 | Q135: IMPNRGZ | AK135: 2037 | AL135: S05 | AM135: 0.334 | AN135: hydro
I136: elc_spv_ARE_003 | J136: S01aH06 | K136: 0 | L136: IMPNRGZ | N136: elc_won_ARE_003 | O136: S01aH06 | P136: 0.0038986394 | Q136: IMPNRGZ | AK136: 2037 | AL136: S06 | AM136: 0.334 | AN136: hydro
I137: elc_spv_ARE_003 | J137: S02aH01 | K137: 0 | L137: IMPNRGZ | N137: elc_won_ARE_003 | O137: S02aH01 | P137: 0.035873388 | Q137: IMPNRGZ | AK137: 2037 | AL137: S07 | AM137: 0.39083333 | AN137: hydro
I138: elc_spv_ARE_003 | J138: S02aH02 | K138: 0.0029245845 | L138: IMPNRGZ | N138: elc_won_ARE_003 | O138: S02aH02 | P138: 0.0050847545 | Q138: IMPNRGZ | AK138: 2037 | AL138: S08 | AM138: 0.4437 | AN138: hydro
I139: elc_spv_ARE_003 | J139: S02aH03 | K139: 0.0055855349 | L139: IMPNRGZ | N139: elc_won_ARE_003 | O139: S02aH03 | P139: 0.0043339585 | Q139: IMPNRGZ | AK139: 2037 | AL139: S09 | AM139: 0.34275714 | AN139: hydro
I140: elc_spv_ARE_003 | J140: S02aH04 | K140: 0.061333127 | L140: IMPNRGZ | N140: elc_won_ARE_003 | O140: S02aH04 | P140: 0.034392987 | Q140: IMPNRGZ | AK140: 2037 | AL140: S10 | AM140: 0.3016 | AN140: hydro
I141: elc_spv_ARE_003 | J141: S02aH05 | K141: 0.0035968595 | L141: IMPNRGZ | N141: elc_won_ARE_003 | O141: S02aH05 | P141: 0.0038931583 | Q141: IMPNRGZ | AK141: 2038 | AL141: S01 | AM141: 0.3272 | AN141: hydro
I142: elc_spv_ARE_003 | J142: S02aH06 | K142: 0 | L142: IMPNRGZ | N142: elc_won_ARE_003 | O142: S02aH06 | P142: 0.028298427 | Q142: IMPNRGZ | AK142: 2038 | AL142: S02 | AM142: 0.32955 | AN142: hydro
... I270: elc_spv_ARE_005 | J270: S04aH02 | K270: 0.00071512002 | L270: IMPNRGZ | N270: elc_won_ARE_005 | O270: S04aH02 | P270: 0.0010750166 | Q270: IMPNRGZ | AK270: 2050 | AL270: S10 | AM270: 0.3998 | AN270: hydro
I271: elc_spv_ARE_005 | J271: S04aH03 | K271: 0.0012238277 | L271: IMPNRGZ | N271: elc_won_ARE_005 | O271: S04aH03 | P271: 0.00091591511 | Q271: IMPNRGZ
I272: elc_spv_ARE_005 | J272: S04aH04 | K272: 0.012009231 | L272: IMPNRGZ | N272: elc_won_ARE_005 | O272: S04aH04 | P272: 0.0065270809 | Q272: IMPNRGZ
I273: elc_spv_ARE_005 | J273: S04aH05 | K273: 0.00082946545 | L273: IMPNRGZ | N273: elc_won_ARE_005 | O273: S04aH05 | P273: 0.00086032016 | Q273: IMPNRGZ
I274: elc_spv_ARE_005 | J274: S04aH06 | K274: 0 | L274: IMPNRGZ | N274: elc_won_ARE_005 | O274: S04aH06 | P274: 0.0054692154 | Q274: IMPNRGZ
I275: elc_spv_ARE_005 | J275: S05aH01 | K275: 0 | L275: IMPNRGZ | N275: elc_won_ARE_005 | O275: S05aH01 | P275: 0.010461554 | Q275: IMPNRGZ
I276: elc_spv_ARE_005 | J276: S05aH02 | K276: 0.0015286817 | L276: IMPNRGZ | N276: elc_won_ARE_005 | O276: S05aH02 | P276: 0.0022456138 | Q276: IMPNRGZ
I277: elc_spv_ARE_005 | J277: S05aH03 | K277: 0.0024889831 | L277: IMPNRGZ | N277: elc_won_ARE_005 | O277: S05aH03 | P277: 0.0019375338 | Q277: IMPNRGZ
I278: elc_spv_ARE_005 | J278: S05aH04 | K278: 0.024521117 | L278: IMPNRGZ | N278: elc_won_ARE_005 | O278: S05aH04 | P278: 0.012613261 | Q278: IMPNRGZ
I279: elc_spv_ARE_005 | J279: S05aH05 | K279: 0.0017621269 | L279: IMPNRGZ | N279: elc_won_ARE_005 | O279: S05aH05 | P279: 0.001511446 | Q279: IMPNRGZ
I280: elc_spv_ARE_005 | J280: S05aH06 | K280: 5.8974274e-05 | L280: IMPNRGZ | N280: elc_won_ARE_005 | O280: S05aH06 | P280: 0.0096859607 | Q280: IMPNRGZ
I281: elc_spv_ARE_005 | J281: S06aH01 | K281: 5.6726069e-08 | L281: IMPNRGZ | N281: elc_won_ARE_005 | O281: S06aH01 | P281: 0.0029935954 | Q281: IMPNRGZ
I282: elc_spv_ARE_005 | J282: S06aH02 | K282: 0.0005080915 | L282: IMPNRGZ | N282: elc_won_ARE_005 | O282: S06aH02 | P282: 0.00031477514 | Q282: IMPNRGZ
... I610: elc_spv_ARE_010 | J610: S10aH06 | K610: 0 | L610: IMPNRGZ | N610: elc_won_ARE_010 | O610: S10aH06 | P610: 0.022765714 | Q610: IMPNRGZ

Sheet ts_144
C9: =IF(A11="x","DeActivated","~TimeSlices") -> DeActivated | I9: =IF(A11="x","DeActivated","~TFM_DINS-AT") -> DeActivated | N9: =IF(A11="x","DeActivated","~TFM_DINS-AT") -> DeActivated | S9: =IF(A11="x","DeActivated","~TFM_DINS-AT") -> DeActivated | X9: =IF(A11="x","DeActivated","~TFM_DINS-AT") -> DeActivated | AC9: =IF(A11="x","DeActivated","~TFM_DINS-AT") -> DeActivated | AG9: =IF(A11="x","DeActivated","~TFM_DINS-AT") -> DeActivated | AK9: =IF(A11="x","DeActivated","~TFM_INS-AT") -> DeActivated
A10: ts_144 | C10: season | D10: weekly | E10: daynite | F10: wparent | G10: dparent | I10: commodity | J10: timeslice | K10: com_fr | L10: process | N10: commodity | O10: timeslice | P10: com_fr | Q10: process | S10: commodity | T10: timeslice | U10: com_fr | V10: process | X10: g_yrfr | Y10: com_fr | Z10: timeslice | AA10: commodity | AC10: commodity | AD10: timeslice | AE10: com_fr | AG10: commodity | AH10: timeslice | AI10: com_pkflx | AK10: Year | AL10: timeslice | AM10: ncap_afs | AN10: pset_ci
A11: =IFERROR(IF(Veda!D5=A10,"ok","x"),"") -> x | C11: S01 | D11: a | E11: H01 | F11: S01,S02,S03,S04,S05,S06,S07,S08,S09,S10,S11,S12,S13,S14,S15,S16 | G11: a | I11: elc_spv_ARE_001 | J11: S01aH01 | K11: 0 | L11: IMPNRGZ | N11: elc_won_ARE_001 | O11: S01aH01 | P11: 0.0027384244 | Q11: IMPNRGZ | S11: elc_wof_ARE_001 | T11: S01aH01 | U11: 0.0053165054 | V11: IMPNRGZ | X11: 0.0047945205 | Y11: 0.001893444 | Z11: S01aH01 | AA11: elc_roadtransport | AC11: elc_buildings | AD11: S01aH01 | AE11: 0.0035452587 | AG11: ELC | AH11: S01aH01 | AI11: 0.18272416 | AK11: 2025 | AL11: S01 | AM11: 0.3443 | AN11: hydro
C12: S02 | E12: H02 | G12: a | I12: elc_spv_ARE_001 | J12: S01aH02 | K12: 0.00065569813 | L12: IMPNRGZ | N12: elc_won_ARE_001 | O12: S01aH02 | P12: 0.00033249477 | Q12: IMPNRGZ | S12: elc_wof_ARE_001 | T12: S01aH02 | U12: 0.00072902807 | V12: IMPNRGZ | X12: 0.00068493151 | Y12: 0.0011436243 | Z12: S01aH02 | AA12: elc_roadtransport | AC12: elc_buildings | AD12: S01aH02 | AE12: 0.00058940324 | AG12: ELC | AH12: S01aH02 | AI12: 0.064510731 | AK12: 2025 | AL12: S02 | AM12: 0.35325 | AN12: hydro
C13: S03 | E13: H03 | G13: a | I13: elc_spv_ARE_001 | J13: S01aH03 | K13: 0.001141145 | L13: IMPNRGZ | N13: elc_won_ARE_001 | O13: S01aH03 | P13: 0.00028386544 | Q13: IMPNRGZ | S13: elc_wof_ARE_001 | T13: S01aH03 | U13: 0.00066216855 | V13: IMPNRGZ | X13: 0.00068493151 | Y13: 0.0008751212 | Z13: S01aH03 | AA13: elc_roadtransport | AC13: elc_buildings | AD13: S01aH03 | AE13: 0.00059143349 | AG13: ELC | AH13: S01aH03 | AI13: 0.062043535 | AK13: 2025 | AL13: S03 | AM13: 0.3622 | AN13: hydro
C14: S04 | E14: H04 | G14: a | I14: elc_spv_ARE_001 | J14: S01aH04 | K14: 0.012851784 | L14: IMPNRGZ | N14: elc_won_ARE_001 | O14: S01aH04 | P14: 0.0029013075 | Q14: IMPNRGZ | S14: elc_wof_ARE_001 | T14: S01aH04 | U14: 0.004510498 | V14: IMPNRGZ | X14: 0.0054794521 | Y14: 0.0075737762 | Z14: S01aH04 | AA14: elc_roadtransport | AC14: elc_buildings | AD14: S01aH04 | AE14: 0.0048810005 | AG14: ELC | AH14: S01aH04 | AI14: 0.077615645 | AK14: 2025 | AL14: S04 | AM14: 0.37815 | AN14: hydro
C15: S05 | E15: H05 | G15: a | I15: elc_spv_ARE_001 | J15: S01aH05 | K15: 0.00074615577 | L15: IMPNRGZ | N15: elc_won_ARE_001 | O15: S01aH05 | P15: 0.00054885164 | Q15: IMPNRGZ | S15: elc_wof_ARE_001 | T15: S01aH05 | U15: 0.0004753825 | V15: IMPNRGZ | X15: 0.00068493151 | Y15: 0.0013325709 | Z15: S01aH05 | AA15: elc_roadtransport | AC15: elc_buildings | AD15: S01aH05 | AE15: 0.00060688206 | AG15: ELC | AH15: S01aH05 | AI15: 0.038239712 | AK15: 2025 | AL15: S05 | AM15: 0.3941 | AN15: hydro
C16: S06 | E16: H06 | G16: a | I16: elc_spv_ARE_001 | J16: S01aH06 | K16: 0 | L16: IMPNRGZ | N16: elc_won_ARE_001 | O16: S01aH06 | P16: 0.0029791596 | Q16: IMPNRGZ | S16: elc_wof_ARE_001 | T16: S01aH06 | U16: 0.0029126728 | V16: IMPNRGZ | X16: 0.004109589 | Y16: 0.0036198195 | Z16: S01aH06 | AA16: elc_roadtransport | AC16: elc_buildings | AD16: S01aH06 | AE16: 0.0026081402 | AG16: ELC | AH16: S01aH06 | AI16: 0.2428762 | AK16: 2025 | AL16: S06 | AM16: 0.3941 | AN16: hydro
C17: S07 | I17: elc_spv_ARE_001 | J17: S02aH01 | K17: 0 | L17: IMPNRGZ | N17: elc_won_ARE_001 | O17: S02aH01 | P17: 0.035376988 | Q17: IMPNRGZ | S17: elc_wof_ARE_001 | T17: S02aH01 | U17: 0.032220448 | V17: IMPNRGZ | X17: 0.023173516 | Y17: 0.0091516462 | Z17: S02aH01 | AA17: elc_roadtransport | AC17: elc_buildings | AD17: S02aH01 | AE17: 0.017290953 | AG17: ELC | AH17: S02aH01 | AI17: 0.28471998 | AK17: 2025 | AL17: S07 | AM17: 0.4034 | AN17: hydro
C18: S08 | I18: elc_spv_ARE_001 | J18: S02aH02 | K18: 0.0029858314 | L18: IMPNRGZ | N18: elc_won_ARE_001 | O18: S02aH02 | P18: 0.0052847293 | Q18: IMPNRGZ | S18: elc_wof_ARE_001 | T18: S02aH02 | U18: 0.0051152598 | V18: IMPNRGZ | X18: 0.0033105023 | Y18: 0.0055275174 | Z18: S02aH02 | AA18: elc_roadtransport | AC18: elc_buildings | AD18: S02aH02 | AE18: 0.0028769429 | AG18: ELC | AH18: S02aH02 | AI18: 0.071956933 | AK18: 2025 | AL18: S08 | AM18: 0.45895 | AN18: hydro
C19: S09 | I19: elc_spv_ARE_001 | J19: S02aH03 | K19: 0.0055185773 | L19: IMPNRGZ | N19: elc_won_ARE_001 | O19: S02aH03 | P19: 0.0046424465 | Q19: IMPNRGZ | S19: elc_wof_ARE_001 | T19: S02aH03 | U19: 0.0050064304 | V19: IMPNRGZ | X19: 0.0033105023 | Y19: 0.0042297525 | Z19: S02aH03 | AA19: elc_roadtransport | AC19: elc_buildings | AD19: S02aH03 | AE19: 0.0028679351 | AG19: ELC | AH19: S02aH03 | AI19: 0.067061891 | AK19: 2025 | AL19: S09 | AM19: 0.50615 | AN19: hydro
C20: S10 | I20: elc_spv_ARE_001 | J20: S02aH04 | K20: 0.061237197 | L20: IMPNRGZ | N20: elc_won_ARE_001 | O20: S02aH04 | P20: 0.032188615 | Q20: IMPNRGZ | S20: elc_wof_ARE_001 | T20: S02aH04 | U20: 0.034823851 | V20: IMPNRGZ | X20: 0.026484018 | Y20: 0.036606585 | Z20: S02aH04 | AA20: elc_roadtransport | AC20: elc_buildings | AD20: S02aH04 | AE20: 0.023682334 | AG20: ELC | AH20: S02aH04 | AI20: 0.082104384 | AK20: 2025 | AL20: S10 | AM20: 0.5071 | AN20: hydro
C21: S11 | I21: elc_spv_ARE_001 | J21: S02aH05 | K21: 0.0037620467 | L21: IMPNRGZ | N21: elc_won_ARE_001 | O21: S02aH05 | P21: 0.0037090138 | Q21: IMPNRGZ | S21: elc_wof_ARE_001 | T21: S02aH05 | U21: 0.0035968415 | V21: IMPNRGZ | X21: 0.0033105023 | Y21: 0.0064407594 | Z21: S02aH05 | AA21: elc_roadtransport | AC21: elc_buildings | AD21: S02aH05 | AE21: 0.0029675224 | AG21: ELC | AH21: S02aH05 | AI21: 0.051050491 | AK21: 2025 | AL21: S11 | AM21: 0.5071 | AN21: hydro
C22: S12 | I22: elc_spv_ARE_001 | J22: S02aH06 | K22: 0 | L22: IMPNRGZ | N22: elc_won_ARE_001 | O22: S02aH06 | P22: 0.025698909 | Q22: IMPNRGZ | S22: elc_wof_ARE_001 | T22: S02aH06 | U22: 0.022522796 | V22: IMPNRGZ | X22: 0.019863014 | Y22: 0.017495794 | Z22: S02aH06 | AA22: elc_roadtransport | AC22: elc_buildings | AD22: S02aH06 | AE22: 0.012750915 | AG22: ELC | AH22: S02aH06 | AI22: 0.2630583 | AK22: 2025 | AL22: S12 | AM22: 0.44463333 | AN22: hydro
C23: S13 | I23: elc_spv_ARE_001 | J23: S03aH01 | K23: 0 | L23: IMPNRGZ | N23: elc_won_ARE_001 | O23: S03aH01 | P23: 0.01118802 | Q23: IMPNRGZ | S23: elc_wof_ARE_001 | T23: S03aH01 | U23: 0.01403856 | V23: IMPNRGZ | X23: 0.014383562 | Y23: 0.0056803321 | Z23: S03aH01 | AA23: elc_roadtransport | AC23: elc_buildings | AD23: S03aH01 | AE23: 0.010936475 | AG23: ELC | AH23: S03aH01 | AI23: 0.18986841 | AK23: 2025 | AL23: S13 | AM23: 0.37385 | AN23: hydro
C24: S14 | I24: elc_spv_ARE_001 | J24: S03aH02 | K24: 0.0019806036 | L24: IMPNRGZ | N24: elc_won_ARE_001 | O24: S03aH02 | P24: 0.0016207779 | Q24: IMPNRGZ | S24: elc_wof_ARE_001 | T24: S03aH02 | U24: 0.0021302419 | V24: IMPNRGZ | X24: 0.0020547945 | Y24: 0.0034308729 | Z24: S03aH02 | AA24: elc_roadtransport | AC24: elc_buildings | AD24: S03aH02 | AE24: 0.0018181459 | AG24: ELC | AH24: S03aH02 | AI24: 0.056510559 | AK24: 2025 | AL24: S14 | AM24: 0.358175 | AN24: hydro
C25: S15 | I25: elc_spv_ARE_001 | J25: S03aH03 | K25: 0.0037719081 | L25: IMPNRGZ | N25: elc_won_ARE_001 | O25: S03aH03 | P25: 0.0012975514 | Q25: IMPNRGZ | S25: elc_wof_ARE_001 | T25: S03aH03 | U25: 0.001988752 | V25: IMPNRGZ | X25: 0.0020547945 | Y25: 0.0026253636 | Z25: S03aH03 | AA25: elc_roadtransport | AC25: elc_buildings | AD25: S03aH03 | AE25: 0.0018232916 | AG25: ELC | AH25: S03aH03 | AI25: 0.054981963 | AK25: 2025 | AL25: S15 | AM25: 0.3773 | AN25: hydro
C26: S16 | I26: elc_spv_ARE_001 | J26: S03aH04 | K26: 0.042965802 | L26: IMPNRGZ | N26: elc_won_ARE_001 | O26: S03aH04 | P26: 0.0088372891 | Q26: IMPNRGZ | S26: elc_wof_ARE_001 | T26: S03aH04 | U26: 0.01285527 | V26: IMPNRGZ | X26: 0.016438356 | Y26: 0.022721329 | Z26: S03aH04 | AA26: elc_roadtransport | AC26: elc_buildings | AD26: S03aH04 | AE26: 0.015022726 | AG26: ELC | AH26: S03aH04 | AI26: 0.071012915 | AK26: 2025 | AL26: S16 | AM26: 0.3773 | AN26: hydro
I27: elc_spv_ARE_001 | J27: S03aH05 | K27: 0.0032762438 | L27: IMPNRGZ | N27: elc_won_ARE_001 | O27: S03aH05 | P27: 0.0010357995 | Q27: IMPNRGZ | S27: elc_wof_ARE_001 | T27: S03aH05 | U27: 0.0016322233 | V27: IMPNRGZ | X27: 0.0020547945 | Y27: 0.0039977128 | Z27: S03aH05 | AA27: elc_roadtransport | AC27: elc_buildings | AD27: S03aH05 | AE27: 0.0018682721 | AG27: ELC | AH27: S03aH05 | AI27: 0.032440508 | AK27: 2026 | AL27: S01 | AM27: 0.3835 | AN27: hydro
I28: elc_spv_ARE_001 | J28: S03aH06 | K28: 0 | L28: IMPNRGZ | N28: elc_won_ARE_001 | O28: S03aH06 | P28: 0.0098752213 | Q28: IMPNRGZ | S28: elc_wof_ARE_001 | T28: S03aH06 | U28: 0.010078451 | V28: IMPNRGZ | X28: 0.012328767 | Y28: 0.010859459 | Z28: S03aH06 | AA28: elc_roadtransport | AC28: elc_buildings | AD28: S03aH06 | AE28: 0.0079783325 | AG28: ELC | AH28: S03aH06 | AI28: 0.2508626 | AK28: 2026 | AL28: S02 | AM28: 0.38345 | AN28: hydro
I29: elc_spv_ARE_001 | J29: S04aH01 | K29: 0 | L29: IMPNRGZ | N29: elc_won_ARE_001 | O29: S04aH01 | P29: 0.0094384352 | Q29: IMPNRGZ | S29: elc_wof_ARE_001 | T29: S04aH01 | U29: 0.0094416746 | V29: IMPNRGZ | X29: 0.0087899543 | Y29: 0.0034713141 | Z29: S04aH01 | AA29: elc_roadtransport | AC29: elc_buildings | AD29: S04aH01 | AE29: 0.006388246 | AG29: ELC | AH29: S04aH01 | AI29: 0.23540255 | AK29: 2026 | AL29: S03 | AM29: 0.3834 | AN29: hydro
I30: elc_spv_ARE_001 | J30: S04aH02 | K30: 0.0013535011 | L30: IMPNRGZ | N30: elc_won_ARE_001 | O30: S04aH02 | P30: 0.0014861695 | Q30: IMPNRGZ | S30: elc_wof_ARE_001 | T30: S04aH02 | U30: 0.0013823799 | V30: IMPNRGZ | X30: 0.0012557078 | Y30: 0.0020966445 | Z30: S04aH02 | AA30: elc_roadtransport | AC30: elc_buildings | AD30: S04aH02 | AE30: 0.0010701051 | AG30: ELC | AH30: S04aH02 | AI30: 0.079123989 | AK30: 2026 | AL30: S04 | AM30: 0.40485 | AN30: hydro
I31: elc_spv_ARE_001 | J31: S04aH03 | K31: 0.0025557183 | L31: IMPNRGZ | N31: elc_won_ARE_001 | O31: S04aH03 | P31: 0.0012357795 | Q31: IMPNRGZ | S31: elc_wof_ARE_001 | T31: S04aH03 | U31: 0.0013194777 | V31: IMPNRGZ | X31: 0.0012557078 | Y31: 0.0016043889 | Z31: S04aH03 | AA31: elc_roadtransport | AC31: elc_buildings | AD31: S04aH03 | AE31: 0.0010800464 | AG31: ELC | AH31: S04aH03 | AI31: 0.076963551 | AK31: 2026 | AL31: S05 | AM31: 0.4263 | AN31: hydro
I32: elc_spv_ARE_001 | J32: S04aH04 | K32: 0.026397053 | L32: IMPNRGZ | N32: elc_won_ARE_001 | O32: S04aH04 | P32: 0.0074154043 | Q32: IMPNRGZ | S32: elc_wof_ARE_001 | T32: S04aH04 | U32: 0.0075022775 | V32: IMPNRGZ | X32: 0.010045662 | Y32: 0.013885256 | Z32: S04aH04 | AA32: elc_roadtransport | AC32: elc_buildings | AD32: S04aH04 | AE32: 0.0089061761 | AG32: ELC | AH32: S04aH04 | AI32: 0.12944806 | AK32: 2026 | AL32: S06 | AM32: 0.4263 | AN32: hydro
I33: elc_spv_ARE_001 | J33: S04aH05 | K33: 0.001822034 | L33: IMPNRGZ | N33: elc_won_ARE_001 | O33: S04aH05 | P33: 0.00068188274 | Q33: IMPNRGZ | S33: elc_wof_ARE_001 | T33: S04aH05 | U33: 0.00077598899 | V33: IMPNRGZ | X33: 0.0012557078 | Y33: 0.0024430467 | Z33: S04aH05 | AA33: elc_roadtransport | AC33: elc_buildings | AD33: S04aH05 | AE33: 0.0011120286 | AG33: ELC | AH33: S04aH05 | AI33: 0.054691482 | AK33: 2026 | AL33: S07 | AM33: 0.4357 | AN33: hydro
I34: elc_spv_ARE_001 | J34: S04aH06 | K34: 6.6718376e-05 | L34: IMPNRGZ | N34: elc_won_ARE_001 | O34: S04aH06 | P34: 0.0053353392 | Q34: IMPNRGZ | S34: elc_wof_ARE_001 | T34: S04aH06 | U34: 0.0050820524 | V34: IMPNRGZ | X34: 0.0075342466 | Y34: 0.0066363358 | Z34: S04aH06 | AA34: elc_roadtransport | AC34: elc_buildings | AD34: S04aH06 | AE34: 0.0048898049 | AG34: ELC | AH34: S04aH06 | AI34: 0.24521553 | AK34: 2026 | AL34: S08 | AM34: 0.47505 | AN34: hydro
I35: elc_spv_ARE_001 | J35: S05aH01 | K35: 0 | L35: IMPNRGZ | N35: elc_won_ARE_001 | O35: S05aH01 | P35: 0.020463055 | Q35: IMPNRGZ | S35: elc_wof_ARE_001 | T35: S05aH01 | U35: 0.016471452 | V35: IMPNRGZ | X35: 0.011986301 | Y35: 0.0047336101 | Z35: S05aH01 | AA35: elc_roadtransport | AC35: elc_buildings | AD35: S05aH01 | AE35: 0.0087926139 | AG35: ELC | AH35: S05aH01 | AI35: 0.22220965 | AK35: 2026 | AL35: S09 | AM35: 0.473 | AN35: hydro
I36: elc_spv_ARE_001 | J36: S05aH02 | K36: 0.0019121524 | L36: IMPNRGZ | N36: elc_won_ARE_001 | O36: S05aH02 | P36: 0.0030958853 | Q36: IMPNRGZ | S36: elc_wof_ARE_001 | T36: S05aH02 | U36: 0.002401868 | V36: IMPNRGZ | X36: 0.0017123288 | Y36: 0.0028590607 | Z36: S05aH02 | AA36: elc_roadtransport | AC36: elc_buildings | AD36: S05aH02 | AE36: 0.0015022813 | AG36: ELC | AH36: S05aH02 | AI36: 0.059465905 | AK36: 2026 | AL36: S10 | AM36: 0.441 | AN36: hydro
I37: elc_spv_ARE_001 | J37: S05aH03 | K37: 0.0034458489 | L37: IMPNRGZ | N37: elc_won_ARE_001 | O37: S05aH03 | P37: 0.0024795594 | Q37: IMPNRGZ | S37: elc_wof_ARE_001 | T37: S05aH03 | U37: 0.0023524324 | V37: IMPNRGZ | X37: 0.0017123288 | Y37: 0.002187803 | Z37: S05aH03 | AA37: elc_roadtransport | AC37: elc_buildings | AD37: S05aH03 | AE37: 0.0015173157 | AG37: ELC | AH37: S05aH03 | AI37: 0.046297709 | AK37: 2026 | AL37: S11 | AM37: 0.441 | AN37: hydro
I38: elc_spv_ARE_001 | J38: S05aH04 | K38: 0.035843385 | L38: IMPNRGZ | N38: elc_won_ARE_001 | O38: S05aH04 | P38: 0.020023533 | Q38: IMPNRGZ | S38: elc_wof_ARE_001 | T38: S05aH04 | U38: 0.018469278 | V38: IMPNRGZ | X38: 0.01369863 | Y38: 0.01893444 | Z38: S05aH04 | AA38: elc_roadtransport | AC38: elc_buildings | AD38: S05aH04 | AE38: 0.012433623 | AG38: ELC | AH38: S05aH04 | AI38: 0.10756564 | AK38: 2026 | AL38: S12 | AM38: 0.4204 | AN38: hydro
... I106: elc_spv_ARE_001 | J106: S16aH06 | K106: 0 | L106: IMPNRGZ | N106: elc_won_ARE_001 | O106: S16aH06 | P106: 0.006213324 | Q106: IMPNRGZ | S106: elc_wof_ARE_001 | T106: S16aH06 | U106: 0.0050125359 | V106: IMPNRGZ | X106: 0.0068493151 | Y106: 0.0060330325 | Z106: S16aH06 | AA106: elc_roadtransport | AC106: elc_buildings | AD106: S16aH06 | AE106: 0.0043305093 | AG106: ELC | AH106: S16aH06 | AI106: 0.20026012 | AK106: 2030 | AL106: S16 | AM106: 0.4164 | AN106: hydro
I107: elc_spv_ARE_002 | J107: S01aH01 | K107: 0 | L107: IMPNRGZ | N107: elc_won_ARE_002 | O107: S01aH01 | P107: 0.0031934356 | Q107: IMPNRGZ | S107: elc_wof_ARE_002 | T107: S01aH01 | U107: 0.0054491012 | V107: IMPNRGZ | AC107: elc_industry | AD107: S01aH01 | AE107: 0.0047669237 | AK107: 2031 | AL107: S01 | AM107: 0.4083 | AN107: hydro
I108: elc_spv_ARE_002 | J108: S01aH02 | K108: 0.00071764673 | L108: IMPNRGZ | N108: elc_won_ARE_002 | O108: S01aH02 | P108: 0.00042631725 | Q108: IMPNRGZ | S108: elc_wof_ARE_002 | T108: S01aH02 | U108: 0.00059713332 | V108: IMPNRGZ | AC108: elc_industry | AD108: S01aH02 | AE108: 0.00068787329 | AK108: 2031 | AL108: S02 | AM108: 0.41055 | AN108: hydro
I109: elc_spv_ARE_002 | J109: S01aH03 | K109: 0.001133456 | L109: IMPNRGZ | N109: elc_won_ARE_002 | O109: S01aH03 | P109: 0.00039978702 | Q109: IMPNRGZ | S109: elc_wof_ARE_002 | T109: S01aH03 | U109: 0.00050742808 | V109: IMPNRGZ | AC109: elc_industry | AD109: S01aH03 | AE109: 0.00068804181 | AK109: 2031 | AL109: S03 | AM109: 0.4128 | AN109: hydro
I110: elc_spv_ARE_002 | J110: S01aH04 | K110: 0.012677286 | L110: IMPNRGZ | N110: elc_won_ARE_002 | O110: S01aH04 | P110: 0.0034278045 | Q110: IMPNRGZ | S110: elc_wof_ARE_002 | T110: S01aH04 | U110: 0.0042407517 | V110: IMPNRGZ | AC110: elc_industry | AD110: S01aH04 | AE110: 0.0055167463 | AK110: 2031 | AL110: S04 | AM110: 0.4376 | AN110: hydro
I111: elc_spv_ARE_002 | J111: S01aH05 | K111: 0.00072023261 | L111: IMPNRGZ | N111: elc_won_ARE_002 | O111: S01aH05 | P111: 0.00042595757 | Q111: IMPNRGZ | S111: elc_wof_ARE_002 | T111: S01aH05 | U111: 0.00051734266 | V111: IMPNRGZ | AC111: elc_industry | AD111: S01aH05 | AE111: 0.0006893241 | AK111: 2031 | AL111: S05 | AM111: 0.4624 | AN111: hydro
I112: elc_spv_ARE_002 | J112: S01aH06 | K112: 0 | L112: IMPNRGZ | N112: elc_won_ARE_002 | O112: S01aH06 | P112: 0.0026342548 | Q112: IMPNRGZ | S112: elc_wof_ARE_002 | T112: S01aH06 | U112: 0.0031416948 | V112: IMPNRGZ | AC112: elc_industry | AD112: S01aH06 | AE112: 0.0040501885 | AK112: 2031 | AL112: S06 | AM112: 0.4624 | AN112: hydro
I113: elc_spv_ARE_002 | J113: S02aH01 | K113: 0 | L113: IMPNRGZ | N113: elc_won_ARE_002 | O113: S02aH01 | P113: 0.036150239 | Q113: IMPNRGZ | S113: elc_wof_ARE_002 | T113: S02aH01 | U113: 0.033260825 | V113: IMPNRGZ | AC113: elc_industry | AD113: S02aH01 | AE113: 0.023052292 | AK113: 2031 | AL113: S07 | AM113: 0.48095 | AN113: hydro
I114: elc_spv_ARE_002 | J114: S02aH02 | K114: 0.0032617715 | L114: IMPNRGZ | N114: elc_won_ARE_002 | O114: S02aH02 | P114: 0.0056964147 | Q114: IMPNRGZ | S114: elc_wof_ARE_002 | T114: S02aH02 | U114: 0.0054634448 | V114: IMPNRGZ | AC114: elc_industry | AD114: S02aH02 | AE114: 0.0033269513 | AK114: 2031 | AL114: S08 | AM114: 0.523 | AN114: hydro
I115: elc_spv_ARE_002 | J115: S02aH03 | K115: 0.0053859057 | L115: IMPNRGZ | N115: elc_won_ARE_002 | O115: S02aH03 | P115: 0.0053401669 | Q115: IMPNRGZ | S115: elc_wof_ARE_002 | T115: S02aH03 | U115: 0.0053919187 | V115: IMPNRGZ | AC115: elc_industry | AD115: S02aH03 | AE115: 0.0033262036 | AK115: 2031 | AL115: S09 | AM115: 0.55895 | AN115: hydro
I116: elc_spv_ARE_002 | J116: S02aH04 | K116: 0.060052327 | L116: IMPNRGZ | N116: elc_won_ARE_002 | O116: S02aH04 | P116: 0.035482669 | Q116: IMPNRGZ | S116: elc_wof_ARE_002 | T116: S02aH04 | U116: 0.035355658 | V116: IMPNRGZ | AC116: elc_industry | AD116: S02aH04 | AE116: 0.026670957 | AK116: 2031 | AL116: S10 | AM116: 0.5714 | AN116: hydro
I117: elc_spv_ARE_002 | J117: S02aH05 | K117: 0.0036396543 | L117: IMPNRGZ | N117: elc_won_ARE_002 | O117: S02aH05 | P117: 0.0039027473 | Q117: IMPNRGZ | S117: elc_wof_ARE_002 | T117: S02aH05 | U117: 0.0034635548 | V117: IMPNRGZ | AC117: elc_industry | AD117: S02aH05 | AE117: 0.0033344698 | AK117: 2031 | AL117: S11 | AM117: 0.5714 | AN117: hydro
I118: elc_spv_ARE_002 | J118: S02aH06 | K118: 0 | L118: IMPNRGZ | N118: elc_won_ARE_002 | O118: S02aH06 | P118: 0.025899636 | Q118: IMPNRGZ | S118: elc_wof_ARE_002 | T118: S02aH06 | U118: 0.022781405 | V118: IMPNRGZ | AC118: elc_industry | AD118: S02aH06 | AE118: 0.019587296 | AK118: 2031 | AL118: S12 | AM118: 0.49206667 | AN118: hydro
... I202: elc_spv_ARE_002 | J202: S16aH06 | K202: 0 | L202: IMPNRGZ | N202: elc_won_ARE_002 | O202: S16aH06 | P202: 0.0054140522 | Q202: IMPNRGZ | S202: elc_wof_ARE_002 | T202: S16aH06 | U202: 0.0067277358 | V202: IMPNRGZ | AC202: elc_industry | AD202: S16aH06 | AE202: 0.0067595496 | AK202: 2036 | AL202: S16 | AM202: 0.3306 | AN202: hydro
I203: elc_spv_ARE_003 | J203: S01aH01 | K203: 0 | L203: IMPNRGZ | N203: elc_won_ARE_003 | O203: S01aH01 | P203: 0.0029982892 | Q203: IMPNRGZ | AK203: 2037 | AL203: S01 | AM203: 0.3252 | AN203: hydro
I204: elc_spv_ARE_003 | J204: S01aH02 | K204: 0.0006652371 | L204: IMPNRGZ | N204: elc_won_ARE_003 | O204: S01aH02 | P204: 0.00033102717 | Q204: IMPNRGZ | AK204: 2037 | AL204: S02 | AM204: 0.3147 | AN204: hydro
I205: elc_spv_ARE_003 | J205: S01aH03 | K205: 0.0012050007 | L205: IMPNRGZ | N205: elc_won_ARE_003 | O205: S01aH03 | P205: 0.00024905735 | Q205: IMPNRGZ | AK205: 2037 | AL205: S03 | AM205: 0.3042 | AN205: hydro
I206: elc_spv_ARE_003 | J206: S01aH04 | K206: 0.012818128 | L206: IMPNRGZ | N206: elc_won_ARE_003 | O206: S01aH04 | P206: 0.0022583694 | Q206: IMPNRGZ | AK206: 2037 | AL206: S04 | AM206: 0.3191 | AN206: hydro
I207: elc_spv_ARE_003 | J207: S01aH05 | K207: 0.00071717616 | L207: IMPNRGZ | N207: elc_won_ARE_003 | O207: S01aH05 | P207: 0.00054708693 | Q207: IMPNRGZ | AK207: 2037 | AL207: S05 | AM207: 0.334 | AN207: hydro
I208: elc_spv_ARE_003 | J208: S01aH06 | K208: 0 | L208: IMPNRGZ | N208: elc_won_ARE_003 | O208: S01aH06 | P208: 0.0038986394 | Q208: IMPNRGZ | AK208: 2037 | AL208: S06 | AM208: 0.334 | AN208: hydro
I209: elc_spv_ARE_003 | J209: S02aH01 | K209: 0 | L209: IMPNRGZ | N209: elc_won_ARE_003 | O209: S02aH01 | P209: 0.035873388 | Q209: IMPNRGZ | AK209: 2037 | AL209: S07 | AM209: 0.3643 | AN209: hydro
I210: elc_spv_ARE_003 | J210: S02aH02 | K210: 0.0029245845 | L210: IMPNRGZ | N210: elc_won_ARE_003 | O210: S02aH02 | P210: 0.0050847545 | Q210: IMPNRGZ | AK210: 2037 | AL210: S08 | AM210: 0.41925 | AN210: hydro
I211: elc_spv_ARE_003 | J211: S02aH03 | K211: 0.0055855349 | L211: IMPNRGZ | N211: elc_won_ARE_003 | O211: S02aH03 | P211: 0.0043339585 | Q211: IMPNRGZ | AK211: 2037 | AL211: S09 | AM211: 0.4437 | AN211: hydro
I212: elc_spv_ARE_003 | J212: S02aH04 | K212: 0.061333127 | L212: IMPNRGZ | N212: elc_won_ARE_003 | O212: S02aH04 | P212: 0.034392987 | Q212: IMPNRGZ | AK212: 2037 | AL212: S10 | AM212: 0.4435 | AN212: hydro
I213: elc_spv_ARE_003 | J213: S02aH05 | K213: 0.0035968595 | L213: IMPNRGZ | N213: elc_won_ARE_003 | O213: S02aH05 | P213: 0.0038931583 | Q213: IMPNRGZ | AK213: 2037 | AL213: S11 | AM213: 0.4435 | AN213: hydro
I214: elc_spv_ARE_003 | J214: S02aH06 | K214: 0 | L214: IMPNRGZ | N214: elc_won_ARE_003 | O214: S02aH06 | P214: 0.028298427 | Q214: IMPNRGZ | AK214: 2037 | AL214: S12 | AM214: 0.39666667 | AN214: hydro
... I426: elc_spv_ARE_005 | J426: S06aH02 | K426: 0.0005080915 | L426: IMPNRGZ | N426: elc_won_ARE_005 | O426: S06aH02 | P426: 0.00031477514 | Q426: IMPNRGZ | AK426: 2050 | AL426: S16 | AM426: 0.3998 | AN426: hydro
I427: elc_spv_ARE_005 | J427: S06aH03 | K427: 0.00083512535 | L427: IMPNRGZ | N427: elc_won_ARE_005 | O427: S06aH03 | P427: 0.00030625187 | Q427: IMPNRGZ
I428: elc_spv_ARE_005 | J428: S06aH04 | K428: 0.0093801669 | L428: IMPNRGZ | N428: elc_won_ARE_005 | O428: S06aH04 | P428: 0.0044765447 | Q428: IMPNRGZ
I429: elc_spv_ARE_005 | J429: S06aH05 | K429: 0.00063386667 | L429: IMPNRGZ | N429: elc_won_ARE_005 | O429: S06aH05 | P429: 0.00065021904 | Q429: IMPNRGZ
I430: elc_spv_ARE_005 | J430: S06aH06 | K430: 0.00013007733 | L430: IMPNRGZ | N430: elc_won_ARE_005 | O430: S06aH06 | P430: 0.0024168801 | Q430: IMPNRGZ
I431: elc_spv_ARE_005 | J431: S07aH01 | K431: 0.0025504469 | L431: IMPNRGZ | N431: elc_won_ARE_005 | O431: S07aH01 | P431: 0.021829804 | Q431: IMPNRGZ
I432: elc_spv_ARE_005 | J432: S07aH02 | K432: 0.005620208 | L432: IMPNRGZ | N432: elc_won_ARE_005 | O432: S07aH02 | P432: 0.003292744 | Q432: IMPNRGZ
I433: elc_spv_ARE_005 | J433: S07aH03 | K433: 0.0075757907 | L433: IMPNRGZ | N433: elc_won_ARE_005 | O433: S07aH03 | P433: 0.0026699379 | Q433: IMPNRGZ
I434: elc_spv_ARE_005 | J434: S07aH04 | K434: 0.067251586 | L434: IMPNRGZ | N434: elc_won_ARE_005 | O434: S07aH04 | P434: 0.027009776 | Q434: IMPNRGZ
I435: elc_spv_ARE_005 | J435: S07aH05 | K435: 0.0047808763 | L435: IMPNRGZ | N435: elc_won_ARE_005 | O435: S07aH05 | P435: 0.004982364 | Q435: IMPNRGZ
I436: elc_spv_ARE_005 | J436: S07aH06 | K436: 0.0022173401 | L436: IMPNRGZ | N436: elc_won_ARE_005 | O436: S07aH06 | P436: 0.026426751 | Q436: IMPNRGZ
I437: elc_spv_ARE_005 | J437: S08aH01 | K437: 0.0021467053 | L437: IMPNRGZ | N437: elc_won_ARE_005 | O437: S08aH01 | P437: 0.0059608389 | Q437: IMPNRGZ
I438: elc_spv_ARE_005 | J438: S08aH02 | K438: 0.004155896 | L438: IMPNRGZ | N438: elc_won_ARE_005 | O438: S08aH02 | P438: 0.00072422415 | Q438: IMPNRGZ
... I970: elc_spv_ARE_010 | J970: S16aH06 | K970: 0 | L970: IMPNRGZ | N970: elc_won_ARE_010 | O970: S16aH06 | P970: 0.01175257 | Q970: IMPNRGZ

Sheet ts_288
C9: =IF(A11="x","DeActivated","~TimeSlices") -> DeActivated | I9: =IF(A11="x","DeActivated","~TFM_DINS-AT") -> DeActivated | N9: =IF(A11="x","DeActivated","~TFM_DINS-AT") -> DeActivated | S9: =IF(A11="x","DeActivated","~TFM_DINS-AT") -> DeActivated | X9: =IF(A11="x","DeActivated","~TFM_DINS-AT") -> DeActivated | AC9: =IF(A11="x","DeActivated","~TFM_DINS-AT") -> DeActivated | AG9: =IF(A11="x","DeActivated","~TFM_DINS-AT") -> DeActivated | AK9: =IF(A11="x","DeActivated","~TFM_INS-AT") -> DeActivated
A10: ts_288 | C10: season | D10: weekly | E10: daynite | F10: wparent | G10: dparent | I10: commodity | J10: timeslice | K10: com_fr | L10: process | N10: commodity | O10: timeslice | P10: com_fr | Q10: process | S10: commodity | T10: timeslice | U10: com_fr | V10: process | X10: g_yrfr | Y10: com_fr | Z10: timeslice | AA10: commodity | AC10: commodity | AD10: timeslice | AE10: com_fr | AG10: commodity | AH10: timeslice | AI10: com_pkflx | AK10: Year | AL10: timeslice | AM10: ncap_afs | AN10: pset_ci
A11: =IFERROR(IF(Veda!D5=A10,"ok","x"),"") -> x | C11: S01 | D11: a | E11: H01 | F11: S01,S02,S03,S04,S05,S06,S07,S08,S09,S10,S11,S12,S13,S14,S15,S16,S17,S18,S19,S20 | G11: a | I11: elc_spv_ARE_001 | J11: S01aH01 | K11: 0 | L11: IMPNRGZ | N11: elc_won_ARE_001 | O11: S01aH01 | P11: 0.0085595482 | Q11: IMPNRGZ | S11: elc_wof_ARE_001 | T11: S01aH01 | U11: 0.0072997717 | V11: IMPNRGZ | X11: 0.0068493151 | Y11: 0.001465165 | Z11: S01aH01 | AA11: elc_roadtransport | AC11: elc_buildings | AD11: S01aH01 | AE11: 0.0049996723 | AG11: ELC | AH11: S01aH01 | AI11: 0.18841974 | AK11: 2025 | AL11: S01 | AM11: 0.3443 | AN11: hydro
C12: S02 | E12: H02 | G12: a | I12: elc_spv_ARE_001 | J12: S01aH02 | K12: 0 | L12: IMPNRGZ | N12: elc_won_ARE_001 | O12: S01aH02 | P12: 0.001395324 | Q12: IMPNRGZ | S12: elc_wof_ARE_001 | T12: S01aH02 | U12: 0.0014390461 | V12: IMPNRGZ | X12: 0.0011415525 | Y12: 0.001690575 | Z12: S01aH02 | AA12: elc_roadtransport | AC12: elc_buildings | AD12: S01aH02 | AE12: 0.0010034969 | AG12: ELC | AH12: S01aH02 | AI12: 0.044626701 | AK12: 2025 | AL12: S02 | AM12: 0.3443 | AN12: hydro
C13: S03 | E13: H03 | G13: a | I13: elc_spv_ARE_001 | J13: S01aH03 | K13: 0.0010636891 | L13: IMPNRGZ | N13: elc_won_ARE_001 | O13: S01aH03 | P13: 0.0013419452 | Q13: IMPNRGZ | S13: elc_wof_ARE_001 | T13: S01aH03 | U13: 0.0013577689 | V13: IMPNRGZ | X13: 0.0011415525 | Y13: 0.0019060405 | Z13: S01aH03 | AA13: elc_roadtransport | AC13: elc_buildings | AD13: S01aH03 | AE13: 0.0010169736 | AG13: ELC | AH13: S01aH03 | AI13: 0.045635244 | AK13: 2025 | AL13: S03 | AM13: 0.35325 | AN13: hydro
C14: S04 | E14: H04 | G14: a | I14: elc_spv_ARE_001 | J14: S01aH04 | K14: 0.0018562286 | L14: IMPNRGZ | N14: elc_won_ARE_001 | O14: S01aH04 | P14: 0.0011831395 | Q14: IMPNRGZ | S14: elc_wof_ARE_001 | T14: S01aH04 | U14: 0.0012148014 | V14: IMPNRGZ | X14: 0.0011415525 | Y14: 0.0014585353 | Z14: S01aH04 | AA14: elc_roadtransport | AC14: elc_buildings | AD14: S01aH04 | AE14: 0.0010080591 | AG14: ELC | AH14: S01aH04 | AI14: 0.043002243 | AK14: 2025 | AL14: S04 | AM14: 0.3622 | AN14: hydro
C15: S05 | E15: H05 | G15: a | I15: elc_spv_ARE_001 | J15: S01aH05 | K15: 0.018466945 | L15: IMPNRGZ | N15: elc_won_ARE_001 | O15: S01aH05 | P15: 0.0063573356 | Q15: IMPNRGZ | S15: elc_wof_ARE_001 | T15: S01aH05 | U15: 0.0068407665 | V15: IMPNRGZ | X15: 0.0079908676 | Y15: 0.010402009 | Z15: S01aH05 | AA15: elc_roadtransport | AC15: elc_buildings | AD15: S01aH05 | AE15: 0.0072517613 | AG15: ELC | AH15: S01aH05 | AI15: 0.068105813 | AK15: 2025 | AL15: S05 | AM15: 0.37815 | AN15: hydro
C16: S06 | E16: H06 | G16: a | I16: elc_spv_ARE_001 | J16: S01aH06 | K16: 0.0021713396 | L16: IMPNRGZ | N16: elc_won_ARE_001 | O16: S01aH06 | P16: 0.00093624583 | Q16: IMPNRGZ | S16: elc_wof_ARE_001 | T16: S01aH06 | U16: 0.0007205831 | V16: IMPNRGZ | X16: 0.0011415525 | Y16: 0.0022209515 | Z16: S01aH06 | AA16: elc_roadtransport | AC16: elc_buildings | AD16: S01aH06 | AE16: 0.0010659446 | AG16: ELC | AH16: S01aH06 | AI16: 0.040457513 | AK16: 2025 | AL16: S06 | AM16: 0.3941 | AN16: hydro
C17: S07 | E17: H07 | G17: a | I17: elc_spv_ARE_001 | J17: S01aH07 | K17: 0.0012066768 | L17: IMPNRGZ | N17: elc_won_ARE_001 | O17: S01aH07 | P17: 0.00088642436 | Q17: IMPNRGZ | S17: elc_wof_ARE_001 | T17: S01aH07 | U17: 0.00073586553 | V17: IMPNRGZ | X17: 0.0011415525 | Y17: 0.0022209515 | Z17: S01aH07 | AA17: elc_roadtransport | AC17: elc_buildings | AD17: S01aH07 | AE17: 0.0010345807 | AG17: ELC | AH17: S01aH07 | AI17: 0.02809352 | AK17: 2025 | AL17: S07 | AM17: 0.3941 | AN17: hydro
C18: S08 | E18: H08 | G18: a | I18: elc_spv_ARE_001 | J18: S01aH08 | K18: 0 | L18: IMPNRGZ | N18: elc_won_ARE_001 | O18: S01aH08 | P18: 0.0081074983 | Q18: IMPNRGZ | S18: elc_wof_ARE_001 | T18: S01aH08 | U18: 0.0063334397 | V18: IMPNRGZ | X18: 0.0068493151 | Y18: 0.0060330325 | Z18: S01aH08 | AA18: elc_roadtransport | AC18: elc_buildings | AD18: S01aH08 | AE18: 0.0044200068 | AG18: ELC | AH18: S01aH08 | AI18: 0.25804878 | AK18: 2025 | AL18: S08 | AM18: 0.4034 | AN18: hydro
C19: S09 | I19: elc_spv_ARE_001 | J19: S02aH01 | K19: 0 | L19: IMPNRGZ | N19: elc_won_ARE_001 | O19: S02aH01 | P19: 0.011683892 | Q19: IMPNRGZ | S19: elc_wof_ARE_001 | T19: S02aH01 | U19: 0.014188653 | V19: IMPNRGZ | X19: 0.004109589 | Y19: 0.00087909902 | Z19: S02aH01 | AA19: elc_roadtransport | AC19: elc_buildings | AD19: S02aH01 | AE19: 0.0029306057 | AG19: ELC | AH19: S02aH01 | AI19: 0.19998706 | AK19: 2025 | AL19: S09 | AM19: 0.4127 | AN19: hydro
C20: S10 | I20: elc_spv_ARE_001 | J20: S02aH02 | K20: 0 | L20: IMPNRGZ | N20: elc_won_ARE_001 | O20: S02aH02 | P20: 0.0020939759 | Q20: IMPNRGZ | S20: elc_wof_ARE_001 | T20: S02aH02 | U20: 0.0024087479 | V20: IMPNRGZ | X20: 0.00068493151 | Y20: 0.001014345 | Z20: S02aH02 | AA20: elc_roadtransport | AC20: elc_buildings | AD20: S02aH02 | AE20: 0.00058171396 | AG20: ELC | AH20: S02aH02 | AI20: 0.07073652 | AK20: 2025 | AL20: S10 | AM20: 0.45895 | AN20: hydro
C21: S11 | I21: elc_spv_ARE_001 | J21: S02aH03 | K21: 0.0006417243 | L21: IMPNRGZ | N21: elc_won_ARE_001 | O21: S02aH03 | P21: 0.0020893026 | Q21: IMPNRGZ | S21: elc_wof_ARE_001 | T21: S02aH03 | U21: 0.0024007576 | V21: IMPNRGZ | X21: 0.00068493151 | Y21: 0.0011436243 | Z21: S02aH03 | AA21: elc_roadtransport | AC21: elc_buildings | AD21: S02aH03 | AE21: 0.00058289244 | AG21: ELC | AH21: S02aH03 | AI21: 0.058817854 | AK21: 2025 | AL21: S11 | AM21: 0.5052 | AN21: hydro
C22: S12 | I22: elc_spv_ARE_001 | J22: S02aH04 | K22: 0.0010548282 | L22: IMPNRGZ | N22: elc_won_ARE_001 | O22: S02aH04 | P22: 0.0018547238 | Q22: IMPNRGZ | S22: elc_wof_ARE_001 | T22: S02aH04 | U22: 0.0023981988 | V22: IMPNRGZ | X22: 0.00068493151 | Y22: 0.0008751212 | Z22: S02aH04 | AA22: elc_roadtransport | AC22: elc_buildings | AD22: S02aH04 | AE22: 0.00058423427 | AG22: ELC | AH22: S02aH04 | AI22: 0.06687962 | AK22: 2025 | AL22: S12 | AM22: 0.5052 | AN22: hydro
C23: S13 | I23: elc_spv_ARE_001 | J23: S02aH05 | K23: 0.010539613 | L23: IMPNRGZ | N23: elc_won_ARE_001 | O23: S02aH05 | P23: 0.013190032 | Q23: IMPNRGZ | S23: elc_wof_ARE_001 | T23: S02aH05 | U23: 0.016915047 | V23: IMPNRGZ | X23: 0.0047945205 | Y23: 0.0062412053 | Z23: S02aH05 | AA23: elc_roadtransport | AC23: elc_buildings | AD23: S02aH05 | AE23: 0.0042070794 | AG23: ELC | AH23: S02aH05 | AI23: 0.07491239 | AK23: 2025 | AL23: S13 | AM23: 0.50615 | AN23: hydro
C24: S14 | I24: elc_spv_ARE_001 | J24: S02aH06 | K24: 0.0013462484 | L24: IMPNRGZ | N24: elc_won_ARE_001 | O24: S02aH06 | P24: 0.001815478 | Q24: IMPNRGZ | S24: elc_wof_ARE_001 | T24: S02aH06 | U24: 0.0021691512 | V24: IMPNRGZ | X24: 0.00068493151 | Y24: 0.0013325709 | Z24: S02aH06 | AA24: elc_roadtransport | AC24: elc_buildings | AD24: S02aH06 | AE24: 0.00062001451 | AG24: ELC | AH24: S02aH06 | AI24: 0.044687524 | AK24: 2025 | AL24: S14 | AM24: 0.5071 | AN24: hydro
C25: S15 | I25: elc_spv_ARE_001 | J25: S02aH07 | K25: 0.00077746221 | L25: IMPNRGZ | N25: elc_won_ARE_001 | O25: S02aH07 | P25: 0.001703681 | Q25: IMPNRGZ | S25: elc_wof_ARE_001 | T25: S02aH07 | U25: 0.0020527734 | V25: IMPNRGZ | X25: 0.00068493151 | Y25: 0.0013325709 | Z25: S02aH07 | AA25: elc_roadtransport | AC25: elc_buildings | AD25: S02aH07 | AE25: 0.00060496266 | AG25: ELC | AH25: S02aH07 | AI25: 0.037206399 | AK25: 2025 | AL25: S15 | AM25: 0.5071 | AN25: hydro
C26: S16 | I26: elc_spv_ARE_001 | J26: S02aH08 | K26: 0 | L26: IMPNRGZ | N26: elc_won_ARE_001 | O26: S02aH08 | P26: 0.0096040451 | Q26: IMPNRGZ | S26: elc_wof_ARE_001 | T26: S02aH08 | U26: 0.01157683 | V26: IMPNRGZ | X26: 0.004109589 | Y26: 0.0036198195 | Z26: S02aH08 | AA26: elc_roadtransport | AC26: elc_buildings | AD26: S02aH08 | AE26: 0.0026078427 | AG26: ELC | AH26: S02aH08 | AI26: 0.23898116 | AK26: 2025 | AL26: S16 | AM26: 0.44463333 | AN26: hydro
C27: S17 | I27: elc_spv_ARE_001 | J27: S03aH01 | K27: 0 | L27: IMPNRGZ | N27: elc_won_ARE_001 | O27: S03aH01 | P27: 0.0094805226 | Q27: IMPNRGZ | S27: elc_wof_ARE_001 | T27: S03aH01 | U27: 0.0062661705 | V27: IMPNRGZ | X27: 0.011643836 | Y27: 0.0024907806 | Z27: S03aH01 | AA27: elc_roadtransport | AC27: elc_buildings | AD27: S03aH01 | AE27: 0.0085113345 | AG27: ELC | AH27: S03aH01 | AI27: 0.3054789 | AK27: 2025 | AL27: S17 | AM27: 0.37385 | AN27: hydro
C28: S18 | I28: elc_spv_ARE_001 | J28: S03aH02 | K28: 0 | L28: IMPNRGZ | N28: elc_won_ARE_001 | O28: S03aH02 | P28: 0.0017115275 | Q28: IMPNRGZ | S28: elc_wof_ARE_001 | T28: S03aH02 | U28: 0.0012736134 | V28: IMPNRGZ | X28: 0.0019406393 | Y28: 0.0028739776 | Z28: S03aH02 | AA28: elc_roadtransport | AC28: elc_buildings | AD28: S03aH02 | AE28: 0.0016657746 | AG28: ELC | AH28: S03aH02 | AI28: 0.067587715 | AK28: 2025 | AL28: S18 | AM28: 0.358175 | AN28: hydro
C29: S19 | I29: elc_spv_ARE_001 | J29: S03aH03 | K29: 0.0017185408 | L29: IMPNRGZ | N29: elc_won_ARE_001 | O29: S03aH03 | P29: 0.0016297191 | Q29: IMPNRGZ | S29: elc_wof_ARE_001 | T29: S03aH03 | U29: 0.0012356089 | V29: IMPNRGZ | X29: 0.0019406393 | Y29: 0.0032402688 | Z29: S03aH03 | AA29: elc_roadtransport | AC29: elc_buildings | AD29: S03aH03 | AE29: 0.001677962 | AG29: ELC | AH29: S03aH03 | AI29: 0.076343086 | AK29: 2025 | AL29: S19 | AM29: 0.3773 | AN29: hydro
C30: S20 | I30: elc_spv_ARE_001 | J30: S03aH04 | K30: 0.0033086587 | L30: IMPNRGZ | N30: elc_won_ARE_001 | O30: S03aH04 | P30: 0.0013917532 | Q30: IMPNRGZ | S30: elc_wof_ARE_001 | T30: S03aH04 | U30: 0.0012337409 | V30: IMPNRGZ | X30: 0.0019406393 | Y30: 0.0024795101 | Z30: S03aH04 | AA30: elc_roadtransport | AC30: elc_buildings | AD30: S03aH04 | AE30: 0.001676626 | AG30: ELC | AH30: S03aH04 | AI30: 0.069408113 | AK30: 2025 | AL30: S20 | AM30: 0.3773 | AN30: hydro
I31: elc_spv_ARE_001 | J31: S03aH05 | K31: 0.032973577 | L31: IMPNRGZ | N31: elc_won_ARE_001 | O31: S03aH05 | P31: 0.0062328434 | Q31: IMPNRGZ | S31: elc_wof_ARE_001 | T31: S03aH05 | U31: 0.0060037314 | V31: IMPNRGZ | X31: 0.013584475 | Y31: 0.017683415 | Z31: S03aH05 | AA31: elc_roadtransport | AC31: elc_buildings | AD31: S03aH05 | AE31: 0.012067779 | AG31: ELC | AH31: S03aH05 | AI31: 0.082900629 | AK31: 2026 | AL31: S01 | AM31: 0.3835 | AN31: hydro
I32: elc_spv_ARE_001 | J32: S03aH06 | K32: 0.0037937251 | L32: IMPNRGZ | N32: elc_won_ARE_001 | O32: S03aH06 | P32: 0.00089001672 | Q32: IMPNRGZ | S32: elc_wof_ARE_001 | T32: S03aH06 | U32: 0.00064494386 | V32: IMPNRGZ | X32: 0.0019406393 | Y32: 0.0037756176 | Z32: S03aH06 | AA32: elc_roadtransport | AC32: elc_buildings | AD32: S03aH06 | AE32: 0.0017772225 | AG32: ELC | AH32: S03aH06 | AI32: 0.061329283 | AK32: 2026 | AL32: S02 | AM32: 0.3835 | AN32: hydro
I33: elc_spv_ARE_001 | J33: S03aH07 | K33: 0.0021842509 | L33: IMPNRGZ | N33: elc_won_ARE_001 | O33: S03aH07 | P33: 0.0010094157 | Q33: IMPNRGZ | S33: elc_wof_ARE_001 | T33: S03aH07 | U33: 0.00058915055 | V33: IMPNRGZ | X33: 0.0019406393 | Y33: 0.0037756176 | Z33: S03aH07 | AA33: elc_roadtransport | AC33: elc_buildings | AD33: S03aH07 | AE33: 0.0017366 | AG33: ELC | AH33: S03aH07 | AI33: 0.052513537 | AK33: 2026 | AL33: S03 | AM33: 0.38345 | AN33: hydro
I34: elc_spv_ARE_001 | J34: S03aH08 | K34: 0 | L34: IMPNRGZ | N34: elc_won_ARE_001 | O34: S03aH08 | P34: 0.0077155326 | Q34: IMPNRGZ | S34: elc_wof_ARE_001 | T34: S03aH08 | U34: 0.0035490121 | V34: IMPNRGZ | X34: 0.011643836 | Y34: 0.010256155 | Z34: S03aH08 | AA34: elc_roadtransport | AC34: elc_buildings | AD34: S03aH08 | AE34: 0.007453726 | AG34: ELC | AH34: S03aH08 | AI34: 0.26109682 | AK34: 2026 | AL34: S04 | AM34: 0.3834 | AN34: hydro
I35: elc_spv_ARE_001 | J35: S04aH01 | K35: 0 | L35: IMPNRGZ | N35: elc_won_ARE_001 | O35: S04aH01 | P35: 0.01663829 | Q35: IMPNRGZ | S35: elc_wof_ARE_001 | T35: S04aH01 | U35: 0.021109318 | V35: IMPNRGZ | X35: 0.016438356 | Y35: 0.0035163961 | Z35: S04aH01 | AA35: elc_roadtransport | AC35: elc_buildings | AD35: S04aH01 | AE35: 0.011975169 | AG35: ELC | AH35: S04aH01 | AI35: 0.22433141 | AK35: 2026 | AL35: S05 | AM35: 0.40485 | AN35: hydro
I36: elc_spv_ARE_001 | J36: S04aH02 | K36: 0 | L36: IMPNRGZ | N36: elc_won_ARE_001 | O36: S04aH02 | P36: 0.0031191758 | Q36: IMPNRGZ | S36: elc_wof_ARE_001 | T36: S04aH02 | U36: 0.0037819129 | V36: IMPNRGZ | X36: 0.002739726 | Y36: 0.0040573801 | Z36: S04aH02 | AA36: elc_roadtransport | AC36: elc_buildings | AD36: S04aH02 | AE36: 0.0023763437 | AG36: ELC | AH36: S04aH02 | AI36: 0.071480327 | AK36: 2026 | AL36: S06 | AM36: 0.4263 | AN36: hydro
I37: elc_spv_ARE_001 | J37: S04aH03 | K37: 0.0027374043 | L37: IMPNRGZ | N37: elc_won_ARE_001 | O37: S04aH03 | P37: 0.0030990612 | Q37: IMPNRGZ | S37: elc_wof_ARE_001 | T37: S04aH03 | U37: 0.0038476488 | V37: IMPNRGZ | X37: 0.002739726 | Y37: 0.0045744972 | Z37: S04aH03 | AA37: elc_roadtransport | AC37: elc_buildings | AD37: S04aH03 | AE37: 0.0023863608 | AG37: ELC | AH37: S04aH03 | AI37: 0.070028708 | AK37: 2026 | AL37: S07 | AM37: 0.4263 | AN37: hydro
I38: elc_spv_ARE_001 | J38: S04aH04 | K38: 0.0052068764 | L38: IMPNRGZ | N38: elc_won_ARE_001 | O38: S04aH04 | P38: 0.002555128 | Q38: IMPNRGZ | S38: elc_wof_ARE_001 | T38: S04aH04 | U38: 0.0036358404 | V38: IMPNRGZ | X38: 0.002739726 | Y38: 0.0035004848 | Z38: S04aH04 | AA38: elc_roadtransport | AC38: elc_buildings | AD38: S04aH04 | AE38: 0.0023957478 | AG38: ELC | AH38: S04aH04 | AI38: 0.067539395 | AK38: 2026 | AL38: S08 | AM38: 0.4357 | AN38: hydro
I39: elc_spv_ARE_001 | J39: S04aH05 | K39: 0.051168256 | L39: IMPNRGZ | N39: elc_won_ARE_001 | O39: S04aH05 | P39: 0.017471579 | Q39: IMPNRGZ | S39: elc_wof_ARE_001 | T39: S04aH05 | U39: 0.021306824 | V39: IMPNRGZ | X39: 0.019178082 | Y39: 0.024964821 | Z39: S04aH05 | AA39: elc_roadtransport | AC39: elc_buildings | AD39: S04aH05 | AE39: 0.017225792 | AG39: ELC | AH39: S04aH05 | AI39: 0.086191168 | AK39: 2026 | AL39: S09 | AM39: 0.4451 | AN39: hydro
I40: elc_spv_ARE_001 | J40: S04aH06 | K40: 0.0064835899 | L40: IMPNRGZ | N40: elc_won_ARE_001 | O40: S04aH06 | P40: 0.0023252072 | Q40: IMPNRGZ | S40: elc_wof_ARE_001 | T40: S04aH06 | U40: 0.0028895688 | V40: IMPNRGZ | X40: 0.002739726 | Y40: 0.0053302837 | Z40: S04aH06 | AA40: elc_roadtransport | AC40: elc_buildings | AD40: S04aH06 | AE40: 0.0025310394 | AG40: ELC | AH40: S04aH06 | AI40: 0.053837791 | AK40: 2026 | AL40: S10 | AM40: 0.47505 | AN40: hydro
I41: elc_spv_ARE_001 | J41: S04aH07 | K41: 0.0043624595 | L41: IMPNRGZ | N41: elc_won_ARE_001 | O41: S04aH07 | P41: 0.0022216566 | Q41: IMPNRGZ | S41: elc_wof_ARE_001 | T41: S04aH07 | U41: 0.0029408981 | V41: IMPNRGZ | X41: 0.002739726 | Y41: 0.0053302837 | Z41: S04aH07 | AA41: elc_roadtransport | AC41: elc_buildings | AD41: S04aH07 | AE41: 0.0024662406 | AG41: ELC | AH41: S04aH07 | AI41: 0.040868197 | AK41: 2026 | AL41: S11 | AM41: 0.505 | AN41: hydro
I42: elc_spv_ARE_001 | J42: S04aH08 | K42: 0 | L42: IMPNRGZ | N42: elc_won_ARE_001 | O42: S04aH08 | P42: 0.015958559 | Q42: IMPNRGZ | S42: elc_wof_ARE_001 | T42: S04aH08 | U42: 0.017661226 | V42: IMPNRGZ | X42: 0.016438356 | Y42: 0.014479278 | Z42: S04aH08 | AA42: elc_roadtransport | AC42: elc_buildings | AD42: S04aH08 | AE42: 0.010619411 | AG42: ELC | AH42: S04aH08 | AI42: 0.25249853 | AK42: 2026 | AL42: S12 | AM42: 0.505 | AN42: hydro
... I170: elc_spv_ARE_001 | J170: S20aH08 | K170: 0 | L170: IMPNRGZ | N170: elc_won_ARE_001 | O170: S20aH08 | P170: 0.006213324 | Q170: IMPNRGZ | S170: elc_wof_ARE_001 | T170: S20aH08 | U170: 0.0050125359 | V170: IMPNRGZ | X170: 0.0068493151 | Y170: 0.0060330325 | Z170: S20aH08 | AA170: elc_roadtransport | AC170: elc_buildings | AD170: S20aH08 | AE170: 0.0043305093 | AG170: ELC | AH170: S20aH08 | AI170: 0.20026012 | AK170: 2032 | AL170: S20 | AM170: 0.4017 | AN170: hydro
I171: elc_spv_ARE_002 | J171: S01aH01 | K171: 0 | L171: IMPNRGZ | N171: elc_won_ARE_002 | O171: S01aH01 | P171: 0.0080394541 | Q171: IMPNRGZ | S171: elc_wof_ARE_002 | T171: S01aH01 | U171: 0.0073519993 | V171: IMPNRGZ | AC171: elc_industry | AD171: S01aH01 | AE171: 0.0068044971 | AK171: 2033 | AL171: S01 | AM171: 0.428 | AN171: hydro
I172: elc_spv_ARE_002 | J172: S01aH02 | K172: 0 | L172: IMPNRGZ | N172: elc_won_ARE_002 | O172: S01aH02 | P172: 0.0015045966 | Q172: IMPNRGZ | S172: elc_wof_ARE_002 | T172: S01aH02 | U172: 0.0012949022 | V172: IMPNRGZ | AC172: elc_industry | AD172: S01aH02 | AE172: 0.0011482117 | AK172: 2033 | AL172: S02 | AM172: 0.428 | AN172: hydro
I173: elc_spv_ARE_002 | J173: S01aH03 | K173: 0.0011478268 | L173: IMPNRGZ | N173: elc_won_ARE_002 | O173: S01aH03 | P173: 0.001505307 | Q173: IMPNRGZ | S173: elc_wof_ARE_002 | T173: S01aH03 | U173: 0.0012728585 | V173: IMPNRGZ | AC173: elc_industry | AD173: S01aH03 | AE173: 0.0011493303 | AK173: 2033 | AL173: S03 | AM173: 0.4184 | AN173: hydro
I174: elc_spv_ARE_002 | J174: S01aH04 | K174: 0.0018324823 | L174: IMPNRGZ | N174: elc_won_ARE_002 | O174: S01aH04 | P174: 0.0013733559 | Q174: IMPNRGZ | S174: elc_wof_ARE_002 | T174: S01aH04 | U174: 0.001157593 | V174: IMPNRGZ | AC174: elc_industry | AD174: S01aH04 | AE174: 0.0011485904 | AK174: 2033 | AL174: S04 | AM174: 0.4088 | AN174: hydro
I175: elc_spv_ARE_002 | J175: S01aH05 | K175: 0.01776045 | L175: IMPNRGZ | N175: elc_won_ARE_002 | O175: S01aH05 | P175: 0.0067829804 | Q175: IMPNRGZ | S175: elc_wof_ARE_002 | T175: S01aH05 | U175: 0.0068433223 | V175: IMPNRGZ | AC175: elc_industry | AD175: S01aH05 | AE175: 0.0080563474 | AK175: 2033 | AL175: S05 | AM175: 0.45025 | AN175: hydro
I176: elc_spv_ARE_002 | J176: S01aH06 | K176: 0.0020541572 | L176: IMPNRGZ | N176: elc_won_ARE_002 | O176: S01aH06 | P176: 0.00085003122 | Q176: IMPNRGZ | S176: elc_wof_ARE_002 | T176: S01aH06 | U176: 0.00072269279 | V176: IMPNRGZ | AC176: elc_industry | AD176: S01aH06 | AE176: 0.0011533951 | AK176: 2033 | AL176: S06 | AM176: 0.4917 | AN176: hydro
I177: elc_spv_ARE_002 | J177: S01aH07 | K177: 0.0011459805 | L177: IMPNRGZ | N177: elc_won_ARE_002 | O177: S01aH07 | P177: 0.00079530604 | Q177: IMPNRGZ | S177: elc_wof_ARE_002 | T177: S01aH07 | U177: 0.00073637858 | V177: IMPNRGZ | AC177: elc_industry | AD177: S01aH07 | AE177: 0.0011507918 | AK177: 2033 | AL177: S07 | AM177: 0.4917 | AN177: hydro
I178: elc_spv_ARE_002 | J178: S01aH08 | K178: 0 | L178: IMPNRGZ | N178: elc_won_ARE_002 | O178: S01aH08 | P178: 0.0070896873 | Q178: IMPNRGZ | S178: elc_wof_ARE_002 | T178: S01aH08 | U178: 0.0061105027 | V178: IMPNRGZ | AC178: elc_industry | AD178: S01aH08 | AE178: 0.0067563823 | AK178: 2033 | AL178: S08 | AM178: 0.50995 | AN178: hydro
I179: elc_spv_ARE_002 | J179: S02aH01 | K179: 0 | L179: IMPNRGZ | N179: elc_won_ARE_002 | O179: S02aH01 | P179: 0.013516887 | Q179: IMPNRGZ | S179: elc_wof_ARE_002 | T179: S02aH01 | U179: 0.015327751 | V179: IMPNRGZ | AC179: elc_industry | AD179: S02aH01 | AE179: 0.0040769545 | AK179: 2033 | AL179: S09 | AM179: 0.5282 | AN179: hydro
I180: elc_spv_ARE_002 | J180: S02aH02 | K180: 0 | L180: IMPNRGZ | N180: elc_won_ARE_002 | O180: S02aH02 | P180: 0.002333685 | Q180: IMPNRGZ | S180: elc_wof_ARE_002 | T180: S02aH02 | U180: 0.0025970335 | V180: IMPNRGZ | AC180: elc_industry | AD180: S02aH02 | AE180: 0.00068723504 | AK180: 2033 | AL180: S10 | AM180: 0.52185 | AN180: hydro
I181: elc_spv_ARE_002 | J181: S02aH03 | K181: 0.0007416819 | L181: IMPNRGZ | N181: elc_won_ARE_002 | O181: S02aH03 | P181: 0.002309553 | Q181: IMPNRGZ | S181: elc_wof_ARE_002 | T181: S02aH03 | U181: 0.0025930393 | V181: IMPNRGZ | AC181: elc_industry | AD181: S02aH03 | AE181: 0.00068733286 | AK181: 2033 | AL181: S11 | AM181: 0.5155 | AN181: hydro
I182: elc_spv_ARE_002 | J182: S02aH04 | K182: 0.0010714076 | L182: IMPNRGZ | N182: elc_won_ARE_002 | O182: S02aH04 | P182: 0.0022044717 | Q182: IMPNRGZ | S182: elc_wof_ARE_002 | T182: S02aH04 | U182: 0.0025871859 | V182: IMPNRGZ | AC182: elc_industry | AD182: S02aH04 | AE182: 0.00068744424 | AK182: 2033 | AL182: S12 | AM182: 0.5155 | AN182: hydro
... I330: elc_spv_ARE_002 | J330: S20aH08 | K330: 0 | L330: IMPNRGZ | N330: elc_won_ARE_002 | O330: S20aH08 | P330: 0.0054140522 | Q330: IMPNRGZ | S330: elc_wof_ARE_002 | T330: S20aH08 | U330: 0.0067277358 | V330: IMPNRGZ | AC330: elc_industry | AD330: S20aH08 | AE330: 0.0067595496 | AK330: 2040 | AL330: S20 | AM330: 0.4069 | AN330: hydro
I331: elc_spv_ARE_003 | J331: S01aH01 | K331: 0 | L331: IMPNRGZ | N331: elc_won_ARE_003 | O331: S01aH01 | P331: 0.0095518429 | Q331: IMPNRGZ | AK331: 2041 | AL331: S01 | AM331: 0.357 | AN331: hydro
I332: elc_spv_ARE_003 | J332: S01aH02 | K332: 0 | L332: IMPNRGZ | N332: elc_won_ARE_003 | O332: S01aH02 | P332: 0.0016930683 | Q332: IMPNRGZ | AK332: 2041 | AL332: S02 | AM332: 0.357 | AN332: hydro
I333: elc_spv_ARE_003 | J333: S01aH03 | K333: 0.0010865824 | L333: IMPNRGZ | N333: elc_won_ARE_003 | O333: S01aH03 | P333: 0.0016914758 | Q333: IMPNRGZ | AK333: 2041 | AL333: S03 | AM333: 0.35865 | AN333: hydro
I334: elc_spv_ARE_003 | J334: S01aH04 | K334: 0.0020194416 | L334: IMPNRGZ | N334: elc_won_ARE_003 | O334: S01aH04 | P334: 0.0014631361 | Q334: IMPNRGZ | AK334: 2041 | AL334: S04 | AM334: 0.3603 | AN334: hydro
I335: elc_spv_ARE_003 | J335: S01aH05 | K335: 0.018685289 | L335: IMPNRGZ | N335: elc_won_ARE_003 | O335: S01aH05 | P335: 0.0076273621 | Q335: IMPNRGZ | AK335: 2041 | AL335: S05 | AM335: 0.3882 | AN335: hydro
I336: elc_spv_ARE_003 | J336: S01aH06 | K336: 0.0020936251 | L336: IMPNRGZ | N336: elc_won_ARE_003 | O336: S01aH06 | P336: 0.00084169208 | Q336: IMPNRGZ | AK336: 2041 | AL336: S06 | AM336: 0.4161 | AN336: hydro
I337: elc_spv_ARE_003 | J337: S01aH07 | K337: 0.0011299248 | L337: IMPNRGZ | N337: elc_won_ARE_003 | O337: S01aH07 | P337: 0.00081974517 | Q337: IMPNRGZ | AK337: 2041 | AL337: S07 | AM337: 0.4161 | AN337: hydro
I338: elc_spv_ARE_003 | J338: S01aH08 | K338: 0 | L338: IMPNRGZ | N338: elc_won_ARE_003 | O338: S01aH08 | P338: 0.0079315695 | Q338: IMPNRGZ | AK338: 2041 | AL338: S08 | AM338: 0.42985 | AN338: hydro
I339: elc_spv_ARE_003 | J339: S02aH01 | K339: 0 | L339: IMPNRGZ | N339: elc_won_ARE_003 | O339: S02aH01 | P339: 0.011220802 | Q339: IMPNRGZ | AK339: 2041 | AL339: S09 | AM339: 0.4436 | AN339: hydro
I340: elc_spv_ARE_003 | J340: S02aH02 | K340: 0 | L340: IMPNRGZ | N340: elc_won_ARE_003 | O340: S02aH02 | P340: 0.001953323 | Q340: IMPNRGZ | AK340: 2041 | AL340: S10 | AM340: 0.48015 | AN340: hydro
I341: elc_spv_ARE_003 | J341: S02aH03 | K341: 0.00060523687 | L341: IMPNRGZ | N341: elc_won_ARE_003 | O341: S02aH03 | P341: 0.0019281442 | Q341: IMPNRGZ | AK341: 2041 | AL341: S11 | AM341: 0.5167 | AN341: hydro
I342: elc_spv_ARE_003 | J342: S02aH04 | K342: 0.0011359805 | L342: IMPNRGZ | N342: elc_won_ARE_003 | O342: S02aH04 | P342: 0.0016894529 | Q342: IMPNRGZ | AK342: 2041 | AL342: S12 | AM342: 0.5167 | AN342: hydro
... I530: elc_spv_ARE_004 | J530: S05aH08 | K530: 0 | L530: IMPNRGZ | N530: elc_won_ARE_004 | O530: S05aH08 | P530: 0.0037900203 | Q530: IMPNRGZ | AK530: 2050 | AL530: S20 | AM530: 0.3998 | AN530: hydro
I531: elc_spv_ARE_004 | J531: S06aH01 | K531: 0 | L531: IMPNRGZ | N531: elc_won_ARE_004 | O531: S06aH01 | P531: 0.016747723 | Q531: IMPNRGZ
I532: elc_spv_ARE_004 | J532: S06aH02 | K532: 0 | L532: IMPNRGZ | N532: elc_won_ARE_004 | O532: S06aH02 | P532: 0.0028327937 | Q532: IMPNRGZ
I533: elc_spv_ARE_004 | J533: S06aH03 | K533: 0.0020858712 | L533: IMPNRGZ | N533: elc_won_ARE_004 | O533: S06aH03 | P533: 0.0028257346 | Q533: IMPNRGZ
I534: elc_spv_ARE_004 | J534: S06aH04 | K534: 0.0036250206 | L534: IMPNRGZ | N534: elc_won_ARE_004 | O534: S06aH04 | P534: 0.0023304981 | Q534: IMPNRGZ
I535: elc_spv_ARE_004 | J535: S06aH05 | K535: 0.032522637 | L535: IMPNRGZ | N535: elc_won_ARE_004 | O535: S06aH05 | P535: 0.017367971 | Q535: IMPNRGZ
I536: elc_spv_ARE_004 | J536: S06aH06 | K536: 0.0038937779 | L536: IMPNRGZ | N536: elc_won_ARE_004 | O536: S06aH06 | P536: 0.0026034357 | Q536: IMPNRGZ
I537: elc_spv_ARE_004 | J537: S06aH07 | K537: 0.0026732788 | L537: IMPNRGZ | N537: elc_won_ARE_004 | O537: S06aH07 | P537: 0.0025844289 | Q537: IMPNRGZ
I538: elc_spv_ARE_004 | J538: S06aH08 | K538: 0.00055618237 | L538: IMPNRGZ | N538: elc_won_ARE_004 | O538: S06aH08 | P538: 0.015769335 | Q538: IMPNRGZ
I539: elc_spv_ARE_004 | J539: S07aH01 | K539: 0 | L539: IMPNRGZ | N539: elc_won_ARE_004 | O539: S07aH01 | P539: 0.0023017163 | Q539: IMPNRGZ
I540: elc_spv_ARE_004 | J540: S07aH02 | K540: 0 | L540: IMPNRGZ | N540: elc_won_ARE_004 | O540: S07aH02 | P540: 0.00023743704 | Q540: IMPNRGZ
I541: elc_spv_ARE_004 | J541: S07aH03 | K541: 0.00045967685 | L541: IMPNRGZ | N541: elc_won_ARE_004 | O541: S07aH03 | P541: 0.00024925287 | Q541: IMPNRGZ
I542: elc_spv_ARE_004 | J542: S07aH04 | K542: 0.0007649468 | L542: IMPNRGZ | N542: elc_won_ARE_004 | O542: S07aH04 | P542: 0.00032849875 | Q542: IMPNRGZ
... I1610: elc_spv_ARE_010 | J1610: S20aH08 | K1610: 0 | L1610: IMPNRGZ | N1610: elc_won_ARE_010 | O1610: S20aH08 | P1610: 0.01175257 | Q1610: IMPNRGZ

Sheet ts_072P10
C9: =IF(A11="x","DeActivated","~TimeSlices") -> DeActivated | I9: =IF(A11="x","DeActivated","~TFM_DINS-AT") -> DeActivated | N9: =IF(A11="x","DeActivated","~TFM_DINS-AT") -> DeActivated | S9: =IF(A11="x","DeActivated","~TFM_DINS-AT") -> DeActivated | X9: =IF(A11="x","DeActivated","~TFM_DINS-AT") -> DeActivated | AC9: =IF(A11="x","DeActivated","~TFM_DINS-AT") -> DeActivated | AG9: =IF(A11="x","DeActivated","~TFM_DINS-AT") -> DeActivated | AK9: =IF(A11="x","DeActivated","~TFM_INS-AT") -> DeActivated
A10: ts_072P10 | C10: season | D10: weekly | E10: daynite | F10: wparent | G10: dparent | I10: commodity | J10: timeslice | K10: com_fr | L10: process | N10: commodity | O10: timeslice | P10: com_fr | Q10: process | S10: commodity | T10: timeslice | U10: com_fr | V10: process | X10: g_yrfr | Y10: com_fr | Z10: timeslice | AA10: commodity | AC10: commodity | AD10: timeslice | AE10: com_fr | AG10: commodity | AH10: timeslice | AI10: com_pkflx | AK10: Year | AL10: timeslice | AM10: ncap_afs | AN10: pset_ci
A11: =IFERROR(IF(Veda!D5=A10,"ok","x"),"") -> x | C11: S01 | D11: a | E11: H01 | F11: S01,S02,S03,S04,S05,S06,S07,S08,S09,S10 | G11: a | I11: elc_spv_ARE_001 | J11: S01aH01 | K11: 0 | L11: IMPNRGZ | N11: elc_won_ARE_001 | O11: S01aH01 | P11: 0.0027384244 | Q11: IMPNRGZ | S11: elc_wof_ARE_001 | T11: S01aH01 | U11: 0.0053165054 | V11: IMPNRGZ | X11: 0.0047945205 | Y11: 0.001893444 | Z11: S01aH01 | AA11: elc_roadtransport | AC11: elc_buildings | AD11: S01aH01 | AE11: 0.0035452587 | AG11: ELC | AH11: S01aH01 | AI11: 0.18272416 | AK11: 2025 | AL11: S01 | AM11: 0.3342 | AN11: hydro
C12: S02 | E12: H02 | G12: a | I12: elc_spv_ARE_001 | J12: S01aH02 | K12: 0.00065569813 | L12: IMPNRGZ | N12: elc_won_ARE_001 | O12: S01aH02 | P12: 0.00033249477 | Q12: IMPNRGZ | S12: elc_wof_ARE_001 | T12: S01aH02 | U12: 0.00072902807 | V12: IMPNRGZ | X12: 0.00068493151 | Y12: 0.0011436243 | Z12: S01aH02 | AA12: elc_roadtransport | AC12: elc_buildings | AD12: S01aH02 | AE12: 0.00058940324 | AG12: ELC | AH12: S01aH02 | AI12: 0.064510731 | AK12: 2025 | AL12: S02 | AM12: 0.32725 | AN12: hydro
C13: S03 | E13: H03 | G13: a | I13: elc_spv_ARE_001 | J13: S01aH03 | K13: 0.001141145 | L13: IMPNRGZ | N13: elc_won_ARE_001 | O13: S01aH03 | P13: 0.00028386544 | Q13: IMPNRGZ | S13: elc_wof_ARE_001 | T13: S01aH03 | U13: 0.00066216855 | V13: IMPNRGZ | X13: 0.00068493151 | Y13: 0.0008751212 | Z13: S01aH03 | AA13: elc_roadtransport | AC13: elc_buildings | AD13: S01aH03 | AE13: 0.00059143349 | AG13: ELC | AH13: S01aH03 | AI13: 0.062043535 | AK13: 2025 | AL13: S03 | AM13: 0.33405 | AN13: hydro
C14: S04 | E14: H04 | G14: a | I14: elc_spv_ARE_001 | J14: S01aH04 | K14: 0.012851784 | L14: IMPNRGZ | N14: elc_won_ARE_001 | O14: S01aH04 | P14: 0.0029013075 | Q14: IMPNRGZ | S14: elc_wof_ARE_001 | T14: S01aH04 | U14: 0.004510498 | V14: IMPNRGZ | X14: 0.0054794521 | Y14: 0.0075737762 | Z14: S01aH04 | AA14: elc_roadtransport | AC14: elc_buildings | AD14: S01aH04 | AE14: 0.0048810005 | AG14: ELC | AH14: S01aH04 | AI14: 0.077615645 | AK14: 2025 | AL14: S04 | AM14: 0.3478 | AN14: hydro
C15: S05 | E15: H05 | G15: a | I15: elc_spv_ARE_001 | J15: S01aH05 | K15: 0.00074615577 | L15: IMPNRGZ | N15: elc_won_ARE_001 | O15: S01aH05 | P15: 0.00054885164 | Q15: IMPNRGZ | S15: elc_wof_ARE_001 | T15: S01aH05 | U15: 0.0004753825 | V15: IMPNRGZ | X15: 0.00068493151 | Y15: 0.0013325709 | Z15: S01aH05 | AA15: elc_roadtransport | AC15: elc_buildings | AD15: S01aH05 | AE15: 0.00060688206 | AG15: ELC | AH15: S01aH05 | AI15: 0.038239712 | AK15: 2025 | AL15: S05 | AM15: 0.3478 | AN15: hydro
C16: S06 | E16: H06 | G16: a | I16: elc_spv_ARE_001 | J16: S01aH06 | K16: 0 | L16: IMPNRGZ | N16: elc_won_ARE_001 | O16: S01aH06 | P16: 0.0029791596 | Q16: IMPNRGZ | S16: elc_wof_ARE_001 | T16: S01aH06 | U16: 0.0029126728 | V16: IMPNRGZ | X16: 0.004109589 | Y16: 0.0036198195 | Z16: S01aH06 | AA16: elc_roadtransport | AC16: elc_buildings | AD16: S01aH06 | AE16: 0.0026081402 | AG16: ELC | AH16: S01aH06 | AI16: 0.2428762 | AK16: 2025 | AL16: S06 | AM16: 0.3478 | AN16: hydro
C17: S07 | I17: elc_spv_ARE_001 | J17: S02aH01 | K17: 0 | L17: IMPNRGZ | N17: elc_won_ARE_001 | O17: S02aH01 | P17: 0.035376988 | Q17: IMPNRGZ | S17: elc_wof_ARE_001 | T17: S02aH01 | U17: 0.032220448 | V17: IMPNRGZ | X17: 0.023173516 | Y17: 0.0091516462 | Z17: S02aH01 | AA17: elc_roadtransport | AC17: elc_buildings | AD17: S02aH01 | AE17: 0.017290953 | AG17: ELC | AH17: S02aH01 | AI17: 0.28471998 | AK17: 2025 | AL17: S07 | AM17: 0.36143333 | AN17: hydro
C18: S08 | I18: elc_spv_ARE_001 | J18: S02aH02 | K18: 0.0029858314 | L18: IMPNRGZ | N18: elc_won_ARE_001 | O18: S02aH02 | P18: 0.0052847293 | Q18: IMPNRGZ | S18: elc_wof_ARE_001 | T18: S02aH02 | U18: 0.0051152598 | V18: IMPNRGZ | X18: 0.0033105023 | Y18: 0.0055275174 | Z18: S02aH02 | AA18: elc_roadtransport | AC18: elc_buildings | AD18: S02aH02 | AE18: 0.0028769429 | AG18: ELC | AH18: S02aH02 | AI18: 0.071956933 | AK18: 2025 | AL18: S08 | AM18: 0.3862 | AN18: hydro
C19: S09 | I19: elc_spv_ARE_001 | J19: S02aH03 | K19: 0.0055185773 | L19: IMPNRGZ | N19: elc_won_ARE_001 | O19: S02aH03 | P19: 0.0046424465 | Q19: IMPNRGZ | S19: elc_wof_ARE_001 | T19: S02aH03 | U19: 0.0050064304 | V19: IMPNRGZ | X19: 0.0033105023 | Y19: 0.0042297525 | Z19: S02aH03 | AA19: elc_roadtransport | AC19: elc_buildings | AD19: S02aH03 | AE19: 0.0028679351 | AG19: ELC | AH19: S02aH03 | AI19: 0.067061891 | AK19: 2025 | AL19: S09 | AM19: 0.33682857 | AN19: hydro
C20: S10 | I20: elc_spv_ARE_001 | J20: S02aH04 | K20: 0.061237197 | L20: IMPNRGZ | N20: elc_won_ARE_001 | O20: S02aH04 | P20: 0.032188615 | Q20: IMPNRGZ | S20: elc_wof_ARE_001 | T20: S02aH04 | U20: 0.034823851 | V20: IMPNRGZ | X20: 0.026484018 | Y20: 0.036606585 | Z20: S02aH04 | AA20: elc_roadtransport | AC20: elc_buildings | AD20: S02aH04 | AE20: 0.023682334 | AG20: ELC | AH20: S02aH04 | AI20: 0.082104384 | AK20: 2025 | AL20: S10 | AM20: 0.3361 | AN20: hydro
I21: elc_spv_ARE_001 | J21: S02aH05 | K21: 0.0037620467 | L21: IMPNRGZ | N21: elc_won_ARE_001 | O21: S02aH05 | P21: 0.0037090138 | Q21: IMPNRGZ | S21: elc_wof_ARE_001 | T21: S02aH05 | U21: 0.0035968415 | V21: IMPNRGZ | X21: 0.0033105023 | Y21: 0.0064407594 | Z21: S02aH05 | AA21: elc_roadtransport | AC21: elc_buildings | AD21: S02aH05 | AE21: 0.0029675224 | AG21: ELC | AH21: S02aH05 | AI21: 0.051050491 | AK21: 2026 | AL21: S01 | AM21: 0.3095 | AN21: hydro
I22: elc_spv_ARE_001 | J22: S02aH06 | K22: 0 | L22: IMPNRGZ | N22: elc_won_ARE_001 | O22: S02aH06 | P22: 0.025698909 | Q22: IMPNRGZ | S22: elc_wof_ARE_001 | T22: S02aH06 | U22: 0.022522796 | V22: IMPNRGZ | X22: 0.019863014 | Y22: 0.017495794 | Z22: S02aH06 | AA22: elc_roadtransport | AC22: elc_buildings | AD22: S02aH06 | AE22: 0.012750915 | AG22: ELC | AH22: S02aH06 | AI22: 0.2630583 | AK22: 2026 | AL22: S02 | AM22: 0.3111 | AN22: hydro
I23: elc_spv_ARE_001 | J23: S03aH01 | K23: 0 | L23: IMPNRGZ | N23: elc_won_ARE_001 | O23: S03aH01 | P23: 0.020626455 | Q23: IMPNRGZ | S23: elc_wof_ARE_001 | T23: S03aH01 | U23: 0.023480234 | V23: IMPNRGZ | X23: 0.023173516 | Y23: 0.0091516462 | Z23: S03aH01 | AA23: elc_roadtransport | AC23: elc_buildings | AD23: S03aH01 | AE23: 0.017324721 | AG23: ELC | AH23: S03aH01 | AI23: 0.20852301 | AK23: 2026 | AL23: S03 | AM23: 0.32605 | AN23: hydro
I24: elc_spv_ARE_001 | J24: S03aH02 | K24: 0.0033341047 | L24: IMPNRGZ | N24: elc_won_ARE_001 | O24: S03aH02 | P24: 0.0031069474 | Q24: IMPNRGZ | S24: elc_wof_ARE_001 | T24: S03aH02 | U24: 0.0035126218 | V24: IMPNRGZ | X24: 0.0033105023 | Y24: 0.0055275174 | Z24: S03aH02 | AA24: elc_roadtransport | AC24: elc_buildings | AD24: S03aH02 | AE24: 0.0028882511 | AG24: ELC | AH24: S03aH02 | AI24: 0.068586813 | AK24: 2026 | AL24: S04 | AM24: 0.3394 | AN24: hydro
I25: elc_spv_ARE_001 | J25: S03aH03 | K25: 0.0063276264 | L25: IMPNRGZ | N25: elc_won_ARE_001 | O25: S03aH03 | P25: 0.0025333309 | Q25: IMPNRGZ | S25: elc_wof_ARE_001 | T25: S03aH03 | U25: 0.0033082298 | V25: IMPNRGZ | X25: 0.0033105023 | Y25: 0.0042297525 | Z25: S03aH03 | AA25: elc_roadtransport | AC25: elc_buildings | AD25: S03aH03 | AE25: 0.0029033379 | AG25: ELC | AH25: S03aH03 | AI25: 0.064994365 | AK25: 2026 | AL25: S05 | AM25: 0.3394 | AN25: hydro
I26: elc_spv_ARE_001 | J26: S03aH04 | K26: 0.069362855 | L26: IMPNRGZ | N26: elc_won_ARE_001 | O26: S03aH04 | P26: 0.016252693 | Q26: IMPNRGZ | S26: elc_wof_ARE_001 | T26: S03aH04 | U26: 0.020357548 | V26: IMPNRGZ | X26: 0.026484018 | Y26: 0.036606585 | Z26: S03aH04 | AA26: elc_roadtransport | AC26: elc_buildings | AD26: S03aH04 | AE26: 0.023928902 | AG26: ELC | AH26: S03aH04 | AI26: 0.11227077 | AK26: 2026 | AL26: S06 | AM26: 0.3394 | AN26: hydro
I27: elc_spv_ARE_001 | J27: S03aH05 | K27: 0.0050982778 | L27: IMPNRGZ | N27: elc_won_ARE_001 | O27: S03aH05 | P27: 0.0017176823 | Q27: IMPNRGZ | S27: elc_wof_ARE_001 | T27: S03aH05 | U27: 0.0024082123 | V27: IMPNRGZ | X27: 0.0033105023 | Y27: 0.0064407594 | Z27: S03aH05 | AA27: elc_roadtransport | AC27: elc_buildings | AD27: S03aH05 | AE27: 0.0029803007 | AG27: ELC | AH27: S03aH05 | AI27: 0.040769121 | AK27: 2026 | AL27: S07 | AM27: 0.38543333 | AN27: hydro
I28: elc_spv_ARE_001 | J28: S03aH06 | K28: 6.6718376e-05 | L28: IMPNRGZ | N28: elc_won_ARE_001 | O28: S03aH06 | P28: 0.015210561 | Q28: IMPNRGZ | S28: elc_wof_ARE_001 | T28: S03aH06 | U28: 0.015160503 | V28: IMPNRGZ | X28: 0.019863014 | Y28: 0.017495794 | Z28: S03aH06 | AA28: elc_roadtransport | AC28: elc_buildings | AD28: S03aH06 | AE28: 0.012868137 | AG28: ELC | AH28: S03aH06 | AI28: 0.2497818 | AK28: 2026 | AL28: S08 | AM28: 0.4065 | AN28: hydro
I29: elc_spv_ARE_001 | J29: S04aH01 | K29: 0 | L29: IMPNRGZ | N29: elc_won_ARE_001 | O29: S04aH01 | P29: 0.0087032254 | Q29: IMPNRGZ | S29: elc_wof_ARE_001 | T29: S04aH01 | U29: 0.008450574 | V29: IMPNRGZ | X29: 0.0039954338 | Y29: 0.00157787 | Z29: S04aH01 | AA29: elc_roadtransport | AC29: elc_buildings | AD29: S04aH01 | AE29: 0.0028600751 | AG29: ELC | AH29: S04aH01 | AI29: 0.23690484 | AK29: 2026 | AL29: S09 | AM29: 0.34518571 | AN29: hydro
I30: elc_spv_ARE_001 | J30: S04aH02 | K30: 0.00061369234 | L30: IMPNRGZ | N30: elc_won_ARE_001 | O30: S04aH02 | P30: 0.0012089109 | Q30: IMPNRGZ | S30: elc_wof_ARE_001 | T30: S04aH02 | U30: 0.0013053373 | V30: IMPNRGZ | X30: 0.00057077626 | Y30: 0.00095302025 | Z30: S04aH02 | AA30: elc_roadtransport | AC30: elc_buildings | AD30: S04aH02 | AE30: 0.00048375807 | AG30: ELC | AH30: S04aH02 | AI30: 0.080931961 | AK30: 2026 | AL30: S10 | AM30: 0.33 | AN30: hydro
I31: elc_spv_ARE_001 | J31: S04aH03 | K31: 0.0011423809 | L31: IMPNRGZ | N31: elc_won_ARE_001 | O31: S04aH03 | P31: 0.0011208592 | Q31: IMPNRGZ | S31: elc_wof_ARE_001 | T31: S04aH03 | U31: 0.0012427428 | V31: IMPNRGZ | X31: 0.00057077626 | Y31: 0.00072926767 | Z31: S04aH03 | AA31: elc_roadtransport | AC31: elc_buildings | AD31: S04aH03 | AE31: 0.00048687346 | AG31: ELC | AH31: S04aH03 | AI31: 0.078936471 | AK31: 2027 | AL31: S01 | AM31: 0.3769 | AN31: hydro
I32: elc_spv_ARE_001 | J32: S04aH04 | K32: 0.011703861 | L32: IMPNRGZ | N32: elc_won_ARE_001 | O32: S04aH04 | P32: 0.0082743423 | Q32: IMPNRGZ | S32: elc_wof_ARE_001 | T32: S04aH04 | U32: 0.0081399829 | V32: IMPNRGZ | X32: 0.00456621 | Y32: 0.0063114802 | Z32: S04aH04 | AA32: elc_roadtransport | AC32: elc_buildings | AD32: S04aH04 | AE32: 0.0040140665 | AG32: ELC | AH32: S04aH04 | AI32: 0.13643226 | AK32: 2027 | AL32: S02 | AM32: 0.3848 | AN32: hydro
... I70: elc_spv_ARE_001 | J70: S10aH06 | K70: 0 | L70: IMPNRGZ | N70: elc_won_ARE_001 | O70: S10aH06 | P70: 0.015263974 | Q70: IMPNRGZ | S70: elc_wof_ARE_001 | T70: S10aH06 | U70: 0.016089412 | V70: IMPNRGZ | X70: 0.011643836 | Y70: 0.010256155 | Z70: S10aH06 | AA70: elc_roadtransport | AC70: elc_buildings | AD70: S10aH06 | AE70: 0.0073706682 | AG70: ELC | AH70: S10aH06 | AI70: 0.20543633 | AK70: 2030 | AL70: S10 | AM70: 0.3229 | AN70: hydro
I71: elc_spv_ARE_002 | J71: S01aH01 | K71: 0 | L71: IMPNRGZ | N71: elc_won_ARE_002 | O71: S01aH01 | P71: 0.0031934356 | Q71: IMPNRGZ | S71: elc_wof_ARE_002 | T71: S01aH01 | U71: 0.0054491012 | V71: IMPNRGZ | AC71: elc_industry | AD71: S01aH01 | AE71: 0.0047669237 | AK71: 2031 | AL71: S01 | AM71: 0.2881 | AN71: hydro
I72: elc_spv_ARE_002 | J72: S01aH02 | K72: 0.00071764673 | L72: IMPNRGZ | N72: elc_won_ARE_002 | O72: S01aH02 | P72: 0.00042631725 | Q72: IMPNRGZ | S72: elc_wof_ARE_002 | T72: S01aH02 | U72: 0.00059713332 | V72: IMPNRGZ | AC72: elc_industry | AD72: S01aH02 | AE72: 0.00068787329 | AK72: 2031 | AL72: S02 | AM72: 0.28555 | AN72: hydro
I73: elc_spv_ARE_002 | J73: S01aH03 | K73: 0.001133456 | L73: IMPNRGZ | N73: elc_won_ARE_002 | O73: S01aH03 | P73: 0.00039978702 | Q73: IMPNRGZ | S73: elc_wof_ARE_002 | T73: S01aH03 | U73: 0.00050742808 | V73: IMPNRGZ | AC73: elc_industry | AD73: S01aH03 | AE73: 0.00068804181 | AK73: 2031 | AL73: S03 | AM73: 0.29865 | AN73: hydro
I74: elc_spv_ARE_002 | J74: S01aH04 | K74: 0.012677286 | L74: IMPNRGZ | N74: elc_won_ARE_002 | O74: S01aH04 | P74: 0.0034278045 | Q74: IMPNRGZ | S74: elc_wof_ARE_002 | T74: S01aH04 | U74: 0.0042407517 | V74: IMPNRGZ | AC74: elc_industry | AD74: S01aH04 | AE74: 0.0055167463 | AK74: 2031 | AL74: S04 | AM74: 0.3143 | AN74: hydro
I75: elc_spv_ARE_002 | J75: S01aH05 | K75: 0.00072023261 | L75: IMPNRGZ | N75: elc_won_ARE_002 | O75: S01aH05 | P75: 0.00042595757 | Q75: IMPNRGZ | S75: elc_wof_ARE_002 | T75: S01aH05 | U75: 0.00051734266 | V75: IMPNRGZ | AC75: elc_industry | AD75: S01aH05 | AE75: 0.0006893241 | AK75: 2031 | AL75: S05 | AM75: 0.3143 | AN75: hydro
I76: elc_spv_ARE_002 | J76: S01aH06 | K76: 0 | L76: IMPNRGZ | N76: elc_won_ARE_002 | O76: S01aH06 | P76: 0.0026342548 | Q76: IMPNRGZ | S76: elc_wof_ARE_002 | T76: S01aH06 | U76: 0.0031416948 | V76: IMPNRGZ | AC76: elc_industry | AD76: S01aH06 | AE76: 0.0040501885 | AK76: 2031 | AL76: S06 | AM76: 0.3143 | AN76: hydro
I77: elc_spv_ARE_002 | J77: S02aH01 | K77: 0 | L77: IMPNRGZ | N77: elc_won_ARE_002 | O77: S02aH01 | P77: 0.036150239 | Q77: IMPNRGZ | S77: elc_wof_ARE_002 | T77: S02aH01 | U77: 0.033260825 | V77: IMPNRGZ | AC77: elc_industry | AD77: S02aH01 | AE77: 0.023052292 | AK77: 2031 | AL77: S07 | AM77: 0.3595 | AN77: hydro
I78: elc_spv_ARE_002 | J78: S02aH02 | K78: 0.0032617715 | L78: IMPNRGZ | N78: elc_won_ARE_002 | O78: S02aH02 | P78: 0.0056964147 | Q78: IMPNRGZ | S78: elc_wof_ARE_002 | T78: S02aH02 | U78: 0.0054634448 | V78: IMPNRGZ | AC78: elc_industry | AD78: S02aH02 | AE78: 0.0033269513 | AK78: 2031 | AL78: S08 | AM78: 0.40215 | AN78: hydro
I79: elc_spv_ARE_002 | J79: S02aH03 | K79: 0.0053859057 | L79: IMPNRGZ | N79: elc_won_ARE_002 | O79: S02aH03 | P79: 0.0053401669 | Q79: IMPNRGZ | S79: elc_wof_ARE_002 | T79: S02aH03 | U79: 0.0053919187 | V79: IMPNRGZ | AC79: elc_industry | AD79: S02aH03 | AE79: 0.0033262036 | AK79: 2031 | AL79: S09 | AM79: 0.33614286 | AN79: hydro
I80: elc_spv_ARE_002 | J80: S02aH04 | K80: 0.060052327 | L80: IMPNRGZ | N80: elc_won_ARE_002 | O80: S02aH04 | P80: 0.035482669 | Q80: IMPNRGZ | S80: elc_wof_ARE_002 | T80: S02aH04 | U80: 0.035355658 | V80: IMPNRGZ | AC80: elc_industry | AD80: S02aH04 | AE80: 0.026670957 | AK80: 2031 | AL80: S10 | AM80: 0.2834 | AN80: hydro
I81: elc_spv_ARE_002 | J81: S02aH05 | K81: 0.0036396543 | L81: IMPNRGZ | N81: elc_won_ARE_002 | O81: S02aH05 | P81: 0.0039027473 | Q81: IMPNRGZ | S81: elc_wof_ARE_002 | T81: S02aH05 | U81: 0.0034635548 | V81: IMPNRGZ | AC81: elc_industry | AD81: S02aH05 | AE81: 0.0033344698 | AK81: 2032 | AL81: S01 | AM81: 0.3553 | AN81: hydro
I82: elc_spv_ARE_002 | J82: S02aH06 | K82: 0 | L82: IMPNRGZ | N82: elc_won_ARE_002 | O82: S02aH06 | P82: 0.025899636 | Q82: IMPNRGZ | S82: elc_wof_ARE_002 | T82: S02aH06 | U82: 0.022781405 | V82: IMPNRGZ | AC82: elc_industry | AD82: S02aH06 | AE82: 0.019587296 | AK82: 2032 | AL82: S02 | AM82: 0.3594 | AN82: hydro
... I130: elc_spv_ARE_002 | J130: S10aH06 | K130: 0 | L130: IMPNRGZ | N130: elc_won_ARE_002 | O130: S10aH06 | P130: 0.015579387 | Q130: IMPNRGZ | S130: elc_wof_ARE_002 | T130: S10aH06 | U130: 0.01815866 | V130: IMPNRGZ | AC130: elc_industry | AD130: S10aH06 | AE130: 0.011491965 | AK130: 2036 | AL130: S10 | AM130: 0.2915 | AN130: hydro
I131: elc_spv_ARE_003 | J131: S01aH01 | K131: 0 | L131: IMPNRGZ | N131: elc_won_ARE_003 | O131: S01aH01 | P131: 0.0029982892 | Q131: IMPNRGZ | AK131: 2037 | AL131: S01 | AM131: 0.3314 | AN131: hydro
I132: elc_spv_ARE_003 | J132: S01aH02 | K132: 0.0006652371 | L132: IMPNRGZ | N132: elc_won_ARE_003 | O132: S01aH02 | P132: 0.00033102717 | Q132: IMPNRGZ | AK132: 2037 | AL132: S02 | AM132: 0.35385 | AN132: hydro
I133: elc_spv_ARE_003 | J133: S01aH03 | K133: 0.0012050007 | L133: IMPNRGZ | N133: elc_won_ARE_003 | O133: S01aH03 | P133: 0.00024905735 | Q133: IMPNRGZ | AK133: 2037 | AL133: S03 | AM133: 0.379 | AN133: hydro
I134: elc_spv_ARE_003 | J134: S01aH04 | K134: 0.012818128 | L134: IMPNRGZ | N134: elc_won_ARE_003 | O134: S01aH04 | P134: 0.0022583694 | Q134: IMPNRGZ | AK134: 2037 | AL134: S04 | AM134: 0.3817 | AN134: hydro
I135: elc_spv_ARE_003 | J135: S01aH05 | K135: 0.00071717616 | L135: IMPNRGZ | N135: elc_won_ARE_003 | O135: S01aH05 | P135: 0.00054708693 | Q135: IMPNRGZ | AK135: 2037 | AL135: S05 | AM135: 0.3817 | AN135: hydro
I136: elc_spv_ARE_003 | J136: S01aH06 | K136: 0 | L136: IMPNRGZ | N136: elc_won_ARE_003 | O136: S01aH06 | P136: 0.0038986394 | Q136: IMPNRGZ | AK136: 2037 | AL136: S06 | AM136: 0.3817 | AN136: hydro
I137: elc_spv_ARE_003 | J137: S02aH01 | K137: 0 | L137: IMPNRGZ | N137: elc_won_ARE_003 | O137: S02aH01 | P137: 0.035873388 | Q137: IMPNRGZ | AK137: 2037 | AL137: S07 | AM137: 0.43616667 | AN137: hydro
I138: elc_spv_ARE_003 | J138: S02aH02 | K138: 0.0029245845 | L138: IMPNRGZ | N138: elc_won_ARE_003 | O138: S02aH02 | P138: 0.0050847545 | Q138: IMPNRGZ | AK138: 2037 | AL138: S08 | AM138: 0.46965 | AN138: hydro
I139: elc_spv_ARE_003 | J139: S02aH03 | K139: 0.0055855349 | L139: IMPNRGZ | N139: elc_won_ARE_003 | O139: S02aH03 | P139: 0.0043339585 | Q139: IMPNRGZ | AK139: 2037 | AL139: S09 | AM139: 0.38045714 | AN139: hydro
I140: elc_spv_ARE_003 | J140: S02aH04 | K140: 0.061333127 | L140: IMPNRGZ | N140: elc_won_ARE_003 | O140: S02aH04 | P140: 0.034392987 | Q140: IMPNRGZ | AK140: 2037 | AL140: S10 | AM140: 0.3597 | AN140: hydro
I141: elc_spv_ARE_003 | J141: S02aH05 | K141: 0.0035968595 | L141: IMPNRGZ | N141: elc_won_ARE_003 | O141: S02aH05 | P141: 0.0038931583 | Q141: IMPNRGZ | AK141: 2038 | AL141: S01 | AM141: 0.3821 | AN141: hydro
I142: elc_spv_ARE_003 | J142: S02aH06 | K142: 0 | L142: IMPNRGZ | N142: elc_won_ARE_003 | O142: S02aH06 | P142: 0.028298427 | Q142: IMPNRGZ | AK142: 2038 | AL142: S02 | AM142: 0.37795 | AN142: hydro
... I270: elc_spv_ARE_005 | J270: S04aH02 | K270: 0.00071512002 | L270: IMPNRGZ | N270: elc_won_ARE_005 | O270: S04aH02 | P270: 0.0010750166 | Q270: IMPNRGZ | AK270: 2050 | AL270: S10 | AM270: 0.3907 | AN270: hydro
I271: elc_spv_ARE_005 | J271: S04aH03 | K271: 0.0012238277 | L271: IMPNRGZ | N271: elc_won_ARE_005 | O271: S04aH03 | P271: 0.00091591511 | Q271: IMPNRGZ
I272: elc_spv_ARE_005 | J272: S04aH04 | K272: 0.012009231 | L272: IMPNRGZ | N272: elc_won_ARE_005 | O272: S04aH04 | P272: 0.0065270809 | Q272: IMPNRGZ
I273: elc_spv_ARE_005 | J273: S04aH05 | K273: 0.00082946545 | L273: IMPNRGZ | N273: elc_won_ARE_005 | O273: S04aH05 | P273: 0.00086032016 | Q273: IMPNRGZ
I274: elc_spv_ARE_005 | J274: S04aH06 | K274: 0 | L274: IMPNRGZ | N274: elc_won_ARE_005 | O274: S04aH06 | P274: 0.0054692154 | Q274: IMPNRGZ
I275: elc_spv_ARE_005 | J275: S05aH01 | K275: 0 | L275: IMPNRGZ | N275: elc_won_ARE_005 | O275: S05aH01 | P275: 0.010461554 | Q275: IMPNRGZ
I276: elc_spv_ARE_005 | J276: S05aH02 | K276: 0.0015286817 | L276: IMPNRGZ | N276: elc_won_ARE_005 | O276: S05aH02 | P276: 0.0022456138 | Q276: IMPNRGZ
I277: elc_spv_ARE_005 | J277: S05aH03 | K277: 0.0024889831 | L277: IMPNRGZ | N277: elc_won_ARE_005 | O277: S05aH03 | P277: 0.0019375338 | Q277: IMPNRGZ
I278: elc_spv_ARE_005 | J278: S05aH04 | K278: 0.024521117 | L278: IMPNRGZ | N278: elc_won_ARE_005 | O278: S05aH04 | P278: 0.012613261 | Q278: IMPNRGZ
I279: elc_spv_ARE_005 | J279: S05aH05 | K279: 0.0017621269 | L279: IMPNRGZ | N279: elc_won_ARE_005 | O279: S05aH05 | P279: 0.001511446 | Q279: IMPNRGZ
I280: elc_spv_ARE_005 | J280: S05aH06 | K280: 5.8974274e-05 | L280: IMPNRGZ | N280: elc_won_ARE_005 | O280: S05aH06 | P280: 0.0096859607 | Q280: IMPNRGZ
I281: elc_spv_ARE_005 | J281: S06aH01 | K281: 5.6726069e-08 | L281: IMPNRGZ | N281: elc_won_ARE_005 | O281: S06aH01 | P281: 0.0029935954 | Q281: IMPNRGZ
I282: elc_spv_ARE_005 | J282: S06aH02 | K282: 0.0005080915 | L282: IMPNRGZ | N282: elc_won_ARE_005 | O282: S06aH02 | P282: 0.00031477514 | Q282: IMPNRGZ
... I610: elc_spv_ARE_010 | J610: S10aH06 | K610: 0 | L610: IMPNRGZ | N610: elc_won_ARE_010 | O610: S10aH06 | P610: 0.022765714 | Q610: IMPNRGZ

Sheet ts_072P90
C9: =IF(A11="x","DeActivated","~TimeSlices") -> DeActivated | I9: =IF(A11="x","DeActivated","~TFM_DINS-AT") -> DeActivated | N9: =IF(A11="x","DeActivated","~TFM_DINS-AT") -> DeActivated | S9: =IF(A11="x","DeActivated","~TFM_DINS-AT") -> DeActivated | X9: =IF(A11="x","DeActivated","~TFM_DINS-AT") -> DeActivated | AC9: =IF(A11="x","DeActivated","~TFM_DINS-AT") -> DeActivated | AG9: =IF(A11="x","DeActivated","~TFM_DINS-AT") -> DeActivated | AK9: =IF(A11="x","DeActivated","~TFM_INS-AT") -> DeActivated
A10: ts_072P90 | C10: season | D10: weekly | E10: daynite | F10: wparent | G10: dparent | I10: commodity | J10: timeslice | K10: com_fr | L10: process | N10: commodity | O10: timeslice | P10: com_fr | Q10: process | S10: commodity | T10: timeslice | U10: com_fr | V10: process | X10: g_yrfr | Y10: com_fr | Z10: timeslice | AA10: commodity | AC10: commodity | AD10: timeslice | AE10: com_fr | AG10: commodity | AH10: timeslice | AI10: com_pkflx | AK10: Year | AL10: timeslice | AM10: ncap_afs | AN10: pset_ci
A11: =IFERROR(IF(Veda!D5=A10,"ok","x"),"") -> x | C11: S01 | D11: a | E11: H01 | F11: S01,S02,S03,S04,S05,S06,S07,S08,S09,S10 | G11: a | I11: elc_spv_ARE_001 | J11: S01aH01 | K11: 0 | L11: IMPNRGZ | N11: elc_won_ARE_001 | O11: S01aH01 | P11: 0.0027384244 | Q11: IMPNRGZ | S11: elc_wof_ARE_001 | T11: S01aH01 | U11: 0.0053165054 | V11: IMPNRGZ | X11: 0.0047945205 | Y11: 0.001893444 | Z11: S01aH01 | AA11: elc_roadtransport | AC11: elc_buildings | AD11: S01aH01 | AE11: 0.0035452587 | AG11: ELC | AH11: S01aH01 | AI11: 0.18272416 | AK11: 2025 | AL11: S01 | AM11: 0.3769 | AN11: hydro
C12: S02 | E12: H02 | G12: a | I12: elc_spv_ARE_001 | J12: S01aH02 | K12: 0.00065569813 | L12: IMPNRGZ | N12: elc_won_ARE_001 | O12: S01aH02 | P12: 0.00033249477 | Q12: IMPNRGZ | S12: elc_wof_ARE_001 | T12: S01aH02 | U12: 0.00072902807 | V12: IMPNRGZ | X12: 0.00068493151 | Y12: 0.0011436243 | Z12: S01aH02 | AA12: elc_roadtransport | AC12: elc_buildings | AD12: S01aH02 | AE12: 0.00058940324 | AG12: ELC | AH12: S01aH02 | AI12: 0.064510731 | AK12: 2025 | AL12: S02 | AM12: 0.40795 | AN12: hydro
C13: S03 | E13: H03 | G13: a | I13: elc_spv_ARE_001 | J13: S01aH03 | K13: 0.001141145 | L13: IMPNRGZ | N13: elc_won_ARE_001 | O13: S01aH03 | P13: 0.00028386544 | Q13: IMPNRGZ | S13: elc_wof_ARE_001 | T13: S01aH03 | U13: 0.00066216855 | V13: IMPNRGZ | X13: 0.00068493151 | Y13: 0.0008751212 | Z13: S01aH03 | AA13: elc_roadtransport | AC13: elc_buildings | AD13: S01aH03 | AE13: 0.00059143349 | AG13: ELC | AH13: S01aH03 | AI13: 0.062043535 | AK13: 2025 | AL13: S03 | AM13: 0.4392 | AN13: hydro
C14: S04 | E14: H04 | G14: a | I14: elc_spv_ARE_001 | J14: S01aH04 | K14: 0.012851784 | L14: IMPNRGZ | N14: elc_won_ARE_001 | O14: S01aH04 | P14: 0.0029013075 | Q14: IMPNRGZ | S14: elc_wof_ARE_001 | T14: S01aH04 | U14: 0.004510498 | V14: IMPNRGZ | X14: 0.0054794521 | Y14: 0.0075737762 | Z14: S01aH04 | AA14: elc_roadtransport | AC14: elc_buildings | AD14: S01aH04 | AE14: 0.0048810005 | AG14: ELC | AH14: S01aH04 | AI14: 0.077615645 | AK14: 2025 | AL14: S04 | AM14: 0.4394 | AN14: hydro
C15: S05 | E15: H05 | G15: a | I15: elc_spv_ARE_001 | J15: S01aH05 | K15: 0.00074615577 | L15: IMPNRGZ | N15: elc_won_ARE_001 | O15: S01aH05 | P15: 0.00054885164 | Q15: IMPNRGZ | S15: elc_wof_ARE_001 | T15: S01aH05 | U15: 0.0004753825 | V15: IMPNRGZ | X15: 0.00068493151 | Y15: 0.0013325709 | Z15: S01aH05 | AA15: elc_roadtransport | AC15: elc_buildings | AD15: S01aH05 | AE15: 0.00060688206 | AG15: ELC | AH15: S01aH05 | AI15: 0.038239712 | AK15: 2025 | AL15: S05 | AM15: 0.4394 | AN15: hydro
C16: S06 | E16: H06 | G16: a | I16: elc_spv_ARE_001 | J16: S01aH06 | K16: 0 | L16: IMPNRGZ | N16: elc_won_ARE_001 | O16: S01aH06 | P16: 0.0029791596 | Q16: IMPNRGZ | S16: elc_wof_ARE_001 | T16: S01aH06 | U16: 0.0029126728 | V16: IMPNRGZ | X16: 0.004109589 | Y16: 0.0036198195 | Z16: S01aH06 | AA16: elc_roadtransport | AC16: elc_buildings | AD16: S01aH06 | AE16: 0.0026081402 | AG16: ELC | AH16: S01aH06 | AI16: 0.2428762 | AK16: 2025 | AL16: S06 | AM16: 0.4394 | AN16: hydro
C17: S07 | I17: elc_spv_ARE_001 | J17: S02aH01 | K17: 0 | L17: IMPNRGZ | N17: elc_won_ARE_001 | O17: S02aH01 | P17: 0.035376988 | Q17: IMPNRGZ | S17: elc_wof_ARE_001 | T17: S02aH01 | U17: 0.032220448 | V17: IMPNRGZ | X17: 0.023173516 | Y17: 0.0091516462 | Z17: S02aH01 | AA17: elc_roadtransport | AC17: elc_buildings | AD17: S02aH01 | AE17: 0.017290953 | AG17: ELC | AH17: S02aH01 | AI17: 0.28471998 | AK17: 2025 | AL17: S07 | AM17: 0.50413333 | AN17: hydro
C18: S08 | I18: elc_spv_ARE_001 | J18: S02aH02 | K18: 0.0029858314 | L18: IMPNRGZ | N18: elc_won_ARE_001 | O18: S02aH02 | P18: 0.0052847293 | Q18: IMPNRGZ | S18: elc_wof_ARE_001 | T18: S02aH02 | U18: 0.0051152598 | V18: IMPNRGZ | X18: 0.0033105023 | Y18: 0.0055275174 | Z18: S02aH02 | AA18: elc_roadtransport | AC18: elc_buildings | AD18: S02aH02 | AE18: 0.0028769429 | AG18: ELC | AH18: S02aH02 | AI18: 0.071956933 | AK18: 2025 | AL18: S08 | AM18: 0.53135 | AN18: hydro
C19: S09 | I19: elc_spv_ARE_001 | J19: S02aH03 | K19: 0.0055185773 | L19: IMPNRGZ | N19: elc_won_ARE_001 | O19: S02aH03 | P19: 0.0046424465 | Q19: IMPNRGZ | S19: elc_wof_ARE_001 | T19: S02aH03 | U19: 0.0050064304 | V19: IMPNRGZ | X19: 0.0033105023 | Y19: 0.0042297525 | Z19: S02aH03 | AA19: elc_roadtransport | AC19: elc_buildings | AD19: S02aH03 | AE19: 0.0028679351 | AG19: ELC | AH19: S02aH03 | AI19: 0.067061891 | AK19: 2025 | AL19: S09 | AM19: 0.454 | AN19: hydro
C20: S10 | I20: elc_spv_ARE_001 | J20: S02aH04 | K20: 0.061237197 | L20: IMPNRGZ | N20: elc_won_ARE_001 | O20: S02aH04 | P20: 0.032188615 | Q20: IMPNRGZ | S20: elc_wof_ARE_001 | T20: S02aH04 | U20: 0.034823851 | V20: IMPNRGZ | X20: 0.026484018 | Y20: 0.036606585 | Z20: S02aH04 | AA20: elc_roadtransport | AC20: elc_buildings | AD20: S02aH04 | AE20: 0.023682334 | AG20: ELC | AH20: S02aH04 | AI20: 0.082104384 | AK20: 2025 | AL20: S10 | AM20: 0.3825 | AN20: hydro
I21: elc_spv_ARE_001 | J21: S02aH05 | K21: 0.0037620467 | L21: IMPNRGZ | N21: elc_won_ARE_001 | O21: S02aH05 | P21: 0.0037090138 | Q21: IMPNRGZ | S21: elc_wof_ARE_001 | T21: S02aH05 | U21: 0.0035968415 | V21: IMPNRGZ | X21: 0.0033105023 | Y21: 0.0064407594 | Z21: S02aH05 | AA21: elc_roadtransport | AC21: elc_buildings | AD21: S02aH05 | AE21: 0.0029675224 | AG21: ELC | AH21: S02aH05 | AI21: 0.051050491 | AK21: 2026 | AL21: S01 | AM21: 0.4328 | AN21: hydro
I22: elc_spv_ARE_001 | J22: S02aH06 | K22: 0 | L22: IMPNRGZ | N22: elc_won_ARE_001 | O22: S02aH06 | P22: 0.025698909 | Q22: IMPNRGZ | S22: elc_wof_ARE_001 | T22: S02aH06 | U22: 0.022522796 | V22: IMPNRGZ | X22: 0.019863014 | Y22: 0.017495794 | Z22: S02aH06 | AA22: elc_roadtransport | AC22: elc_buildings | AD22: S02aH06 | AE22: 0.012750915 | AG22: ELC | AH22: S02aH06 | AI22: 0.2630583 | AK22: 2026 | AL22: S02 | AM22: 0.41925 | AN22: hydro
I23: elc_spv_ARE_001 | J23: S03aH01 | K23: 0 | L23: IMPNRGZ | N23: elc_won_ARE_001 | O23: S03aH01 | P23: 0.020626455 | Q23: IMPNRGZ | S23: elc_wof_ARE_001 | T23: S03aH01 | U23: 0.023480234 | V23: IMPNRGZ | X23: 0.023173516 | Y23: 0.0091516462 | Z23: S03aH01 | AA23: elc_roadtransport | AC23: elc_buildings | AD23: S03aH01 | AE23: 0.017324721 | AG23: ELC | AH23: S03aH01 | AI23: 0.20852301 | AK23: 2026 | AL23: S03 | AM23: 0.4313 | AN23: hydro
I24: elc_spv_ARE_001 | J24: S03aH02 | K24: 0.0033341047 | L24: IMPNRGZ | N24: elc_won_ARE_001 | O24: S03aH02 | P24: 0.0031069474 | Q24: IMPNRGZ | S24: elc_wof_ARE_001 | T24: S03aH02 | U24: 0.0035126218 | V24: IMPNRGZ | X24: 0.0033105023 | Y24: 0.0055275174 | Z24: S03aH02 | AA24: elc_roadtransport | AC24: elc_buildings | AD24: S03aH02 | AE24: 0.0028882511 | AG24: ELC | AH24: S03aH02 | AI24: 0.068586813 | AK24: 2026 | AL24: S04 | AM24: 0.4569 | AN24: hydro
I25: elc_spv_ARE_001 | J25: S03aH03 | K25: 0.0063276264 | L25: IMPNRGZ | N25: elc_won_ARE_001 | O25: S03aH03 | P25: 0.0025333309 | Q25: IMPNRGZ | S25: elc_wof_ARE_001 | T25: S03aH03 | U25: 0.0033082298 | V25: IMPNRGZ | X25: 0.0033105023 | Y25: 0.0042297525 | Z25: S03aH03 | AA25: elc_roadtransport | AC25: elc_buildings | AD25: S03aH03 | AE25: 0.0029033379 | AG25: ELC | AH25: S03aH03 | AI25: 0.064994365 | AK25: 2026 | AL25: S05 | AM25: 0.4569 | AN25: hydro
I26: elc_spv_ARE_001 | J26: S03aH04 | K26: 0.069362855 | L26: IMPNRGZ | N26: elc_won_ARE_001 | O26: S03aH04 | P26: 0.016252693 | Q26: IMPNRGZ | S26: elc_wof_ARE_001 | T26: S03aH04 | U26: 0.020357548 | V26: IMPNRGZ | X26: 0.026484018 | Y26: 0.036606585 | Z26: S03aH04 | AA26: elc_roadtransport | AC26: elc_buildings | AD26: S03aH04 | AE26: 0.023928902 | AG26: ELC | AH26: S03aH04 | AI26: 0.11227077 | AK26: 2026 | AL26: S06 | AM26: 0.4569 | AN26: hydro
I27: elc_spv_ARE_001 | J27: S03aH05 | K27: 0.0050982778 | L27: IMPNRGZ | N27: elc_won_ARE_001 | O27: S03aH05 | P27: 0.0017176823 | Q27: IMPNRGZ | S27: elc_wof_ARE_001 | T27: S03aH05 | U27: 0.0024082123 | V27: IMPNRGZ | X27: 0.0033105023 | Y27: 0.0064407594 | Z27: S03aH05 | AA27: elc_roadtransport | AC27: elc_buildings | AD27: S03aH05 | AE27: 0.0029803007 | AG27: ELC | AH27: S03aH05 | AI27: 0.040769121 | AK27: 2026 | AL27: S07 | AM27: 0.50203333 | AN27: hydro
I28: elc_spv_ARE_001 | J28: S03aH06 | K28: 6.6718376e-05 | L28: IMPNRGZ | N28: elc_won_ARE_001 | O28: S03aH06 | P28: 0.015210561 | Q28: IMPNRGZ | S28: elc_wof_ARE_001 | T28: S03aH06 | U28: 0.015160503 | V28: IMPNRGZ | X28: 0.019863014 | Y28: 0.017495794 | Z28: S03aH06 | AA28: elc_roadtransport | AC28: elc_buildings | AD28: S03aH06 | AE28: 0.012868137 | AG28: ELC | AH28: S03aH06 | AI28: 0.2497818 | AK28: 2026 | AL28: S08 | AM28: 0.52875 | AN28: hydro
I29: elc_spv_ARE_001 | J29: S04aH01 | K29: 0 | L29: IMPNRGZ | N29: elc_won_ARE_001 | O29: S04aH01 | P29: 0.0087032254 | Q29: IMPNRGZ | S29: elc_wof_ARE_001 | T29: S04aH01 | U29: 0.008450574 | V29: IMPNRGZ | X29: 0.0039954338 | Y29: 0.00157787 | Z29: S04aH01 | AA29: elc_roadtransport | AC29: elc_buildings | AD29: S04aH01 | AE29: 0.0028600751 | AG29: ELC | AH29: S04aH01 | AI29: 0.23690484 | AK29: 2026 | AL29: S09 | AM29: 0.46792857 | AN29: hydro
I30: elc_spv_ARE_001 | J30: S04aH02 | K30: 0.00061369234 | L30: IMPNRGZ | N30: elc_won_ARE_001 | O30: S04aH02 | P30: 0.0012089109 | Q30: IMPNRGZ | S30: elc_wof_ARE_001 | T30: S04aH02 | U30: 0.0013053373 | V30: IMPNRGZ | X30: 0.00057077626 | Y30: 0.00095302025 | Z30: S04aH02 | AA30: elc_roadtransport | AC30: elc_buildings | AD30: S04aH02 | AE30: 0.00048375807 | AG30: ELC | AH30: S04aH02 | AI30: 0.080931961 | AK30: 2026 | AL30: S10 | AM30: 0.4421 | AN30: hydro
I31: elc_spv_ARE_001 | J31: S04aH03 | K31: 0.0011423809 | L31: IMPNRGZ | N31: elc_won_ARE_001 | O31: S04aH03 | P31: 0.0011208592 | Q31: IMPNRGZ | S31: elc_wof_ARE_001 | T31: S04aH03 | U31: 0.0012427428 | V31: IMPNRGZ | X31: 0.00057077626 | Y31: 0.00072926767 | Z31: S04aH03 | AA31: elc_roadtransport | AC31: elc_buildings | AD31: S04aH03 | AE31: 0.00048687346 | AG31: ELC | AH31: S04aH03 | AI31: 0.078936471 | AK31: 2027 | AL31: S01 | AM31: 0.4323 | AN31: hydro
I32: elc_spv_ARE_001 | J32: S04aH04 | K32: 0.011703861 | L32: IMPNRGZ | N32: elc_won_ARE_001 | O32: S04aH04 | P32: 0.0082743423 | Q32: IMPNRGZ | S32: elc_wof_ARE_001 | T32: S04aH04 | U32: 0.0081399829 | V32: IMPNRGZ | X32: 0.00456621 | Y32: 0.0063114802 | Z32: S04aH04 | AA32: elc_roadtransport | AC32: elc_buildings | AD32: S04aH04 | AE32: 0.0040140665 | AG32: ELC | AH32: S04aH04 | AI32: 0.13643226 | AK32: 2027 | AL32: S02 | AM32: 0.4145 | AN32: hydro
... I70: elc_spv_ARE_001 | J70: S10aH06 | K70: 0 | L70: IMPNRGZ | N70: elc_won_ARE_001 | O70: S10aH06 | P70: 0.015263974 | Q70: IMPNRGZ | S70: elc_wof_ARE_001 | T70: S10aH06 | U70: 0.016089412 | V70: IMPNRGZ | X70: 0.011643836 | Y70: 0.010256155 | Z70: S10aH06 | AA70: elc_roadtransport | AC70: elc_buildings | AD70: S10aH06 | AE70: 0.0073706682 | AG70: ELC | AH70: S10aH06 | AI70: 0.20543633 | AK70: 2030 | AL70: S10 | AM70: 0.4002 | AN70: hydro
I71: elc_spv_ARE_002 | J71: S01aH01 | K71: 0 | L71: IMPNRGZ | N71: elc_won_ARE_002 | O71: S01aH01 | P71: 0.0031934356 | Q71: IMPNRGZ | S71: elc_wof_ARE_002 | T71: S01aH01 | U71: 0.0054491012 | V71: IMPNRGZ | AC71: elc_industry | AD71: S01aH01 | AE71: 0.0047669237 | AK71: 2031 | AL71: S01 | AM71: 0.3716 | AN71: hydro
I72: elc_spv_ARE_002 | J72: S01aH02 | K72: 0.00071764673 | L72: IMPNRGZ | N72: elc_won_ARE_002 | O72: S01aH02 | P72: 0.00042631725 | Q72: IMPNRGZ | S72: elc_wof_ARE_002 | T72: S01aH02 | U72: 0.00059713332 | V72: IMPNRGZ | AC72: elc_industry | AD72: S01aH02 | AE72: 0.00068787329 | AK72: 2031 | AL72: S02 | AM72: 0.3899 | AN72: hydro
I73: elc_spv_ARE_002 | J73: S01aH03 | K73: 0.001133456 | L73: IMPNRGZ | N73: elc_won_ARE_002 | O73: S01aH03 | P73: 0.00039978702 | Q73: IMPNRGZ | S73: elc_wof_ARE_002 | T73: S01aH03 | U73: 0.00050742808 | V73: IMPNRGZ | AC73: elc_industry | AD73: S01aH03 | AE73: 0.00068804181 | AK73: 2031 | AL73: S03 | AM73: 0.4452 | AN73: hydro
I74: elc_spv_ARE_002 | J74: S01aH04 | K74: 0.012677286 | L74: IMPNRGZ | N74: elc_won_ARE_002 | O74: S01aH04 | P74: 0.0034278045 | Q74: IMPNRGZ | S74: elc_wof_ARE_002 | T74: S01aH04 | U74: 0.0042407517 | V74: IMPNRGZ | AC74: elc_industry | AD74: S01aH04 | AE74: 0.0055167463 | AK74: 2031 | AL74: S04 | AM74: 0.4822 | AN74: hydro
I75: elc_spv_ARE_002 | J75: S01aH05 | K75: 0.00072023261 | L75: IMPNRGZ | N75: elc_won_ARE_002 | O75: S01aH05 | P75: 0.00042595757 | Q75: IMPNRGZ | S75: elc_wof_ARE_002 | T75: S01aH05 | U75: 0.00051734266 | V75: IMPNRGZ | AC75: elc_industry | AD75: S01aH05 | AE75: 0.0006893241 | AK75: 2031 | AL75: S05 | AM75: 0.4822 | AN75: hydro
I76: elc_spv_ARE_002 | J76: S01aH06 | K76: 0 | L76: IMPNRGZ | N76: elc_won_ARE_002 | O76: S01aH06 | P76: 0.0026342548 | Q76: IMPNRGZ | S76: elc_wof_ARE_002 | T76: S01aH06 | U76: 0.0031416948 | V76: IMPNRGZ | AC76: elc_industry | AD76: S01aH06 | AE76: 0.0040501885 | AK76: 2031 | AL76: S06 | AM76: 0.4822 | AN76: hydro
I77: elc_spv_ARE_002 | J77: S02aH01 | K77: 0 | L77: IMPNRGZ | N77: elc_won_ARE_002 | O77: S02aH01 | P77: 0.036150239 | Q77: IMPNRGZ | S77: elc_wof_ARE_002 | T77: S02aH01 | U77: 0.033260825 | V77: IMPNRGZ | AC77: elc_industry | AD77: S02aH01 | AE77: 0.023052292 | AK77: 2031 | AL77: S07 | AM77: 0.5054 | AN77: hydro
I78: elc_spv_ARE_002 | J78: S02aH02 | K78: 0.0032617715 | L78: IMPNRGZ | N78: elc_won_ARE_002 | O78: S02aH02 | P78: 0.0056964147 | Q78: IMPNRGZ | S78: elc_wof_ARE_002 | T78: S02aH02 | U78: 0.0054634448 | V78: IMPNRGZ | AC78: elc_industry | AD78: S02aH02 | AE78: 0.0033269513 | AK78: 2031 | AL78: S08 | AM78: 0.58155 | AN78: hydro
I79: elc_spv_ARE_002 | J79: S02aH03 | K79: 0.0053859057 | L79: IMPNRGZ | N79: elc_won_ARE_002 | O79: S02aH03 | P79: 0.0053401669 | Q79: IMPNRGZ | S79: elc_wof_ARE_002 | T79: S02aH03 | U79: 0.0053919187 | V79: IMPNRGZ | AC79: elc_industry | AD79: S02aH03 | AE79: 0.0033262036 | AK79: 2031 | AL79: S09 | AM79: 0.45304286 | AN79: hydro
I80: elc_spv_ARE_002 | J80: S02aH04 | K80: 0.060052327 | L80: IMPNRGZ | N80: elc_won_ARE_002 | O80: S02aH04 | P80: 0.035482669 | Q80: IMPNRGZ | S80: elc_wof_ARE_002 | T80: S02aH04 | U80: 0.035355658 | V80: IMPNRGZ | AC80: elc_industry | AD80: S02aH04 | AE80: 0.026670957 | AK80: 2031 | AL80: S10 | AM80: 0.4159 | AN80: hydro
I81: elc_spv_ARE_002 | J81: S02aH05 | K81: 0.0036396543 | L81: IMPNRGZ | N81: elc_won_ARE_002 | O81: S02aH05 | P81: 0.0039027473 | Q81: IMPNRGZ | S81: elc_wof_ARE_002 | T81: S02aH05 | U81: 0.0034635548 | V81: IMPNRGZ | AC81: elc_industry | AD81: S02aH05 | AE81: 0.0033344698 | AK81: 2032 | AL81: S01 | AM81: 0.4269 | AN81: hydro
I82: elc_spv_ARE_002 | J82: S02aH06 | K82: 0 | L82: IMPNRGZ | N82: elc_won_ARE_002 | O82: S02aH06 | P82: 0.025899636 | Q82: IMPNRGZ | S82: elc_wof_ARE_002 | T82: S02aH06 | U82: 0.022781405 | V82: IMPNRGZ | AC82: elc_industry | AD82: S02aH06 | AE82: 0.019587296 | AK82: 2032 | AL82: S02 | AM82: 0.41325 | AN82: hydro
... I130: elc_spv_ARE_002 | J130: S10aH06 | K130: 0 | L130: IMPNRGZ | N130: elc_won_ARE_002 | O130: S10aH06 | P130: 0.015579387 | Q130: IMPNRGZ | S130: elc_wof_ARE_002 | T130: S10aH06 | U130: 0.01815866 | V130: IMPNRGZ | AC130: elc_industry | AD130: S10aH06 | AE130: 0.011491965 | AK130: 2036 | AL130: S10 | AM130: 0.3636 | AN130: hydro
I131: elc_spv_ARE_003 | J131: S01aH01 | K131: 0 | L131: IMPNRGZ | N131: elc_won_ARE_003 | O131: S01aH01 | P131: 0.0029982892 | Q131: IMPNRGZ | AK131: 2037 | AL131: S01 | AM131: 0.3527 | AN131: hydro
I132: elc_spv_ARE_003 | J132: S01aH02 | K132: 0.0006652371 | L132: IMPNRGZ | N132: elc_won_ARE_003 | O132: S01aH02 | P132: 0.00033102717 | Q132: IMPNRGZ | AK132: 2037 | AL132: S02 | AM132: 0.3564 | AN132: hydro
I133: elc_spv_ARE_003 | J133: S01aH03 | K133: 0.0012050007 | L133: IMPNRGZ | N133: elc_won_ARE_003 | O133: S01aH03 | P133: 0.00024905735 | Q133: IMPNRGZ | AK133: 2037 | AL133: S03 | AM133: 0.3599 | AN133: hydro
I134: elc_spv_ARE_003 | J134: S01aH04 | K134: 0.012818128 | L134: IMPNRGZ | N134: elc_won_ARE_003 | O134: S01aH04 | P134: 0.0022583694 | Q134: IMPNRGZ | AK134: 2037 | AL134: S04 | AM134: 0.3597 | AN134: hydro
I135: elc_spv_ARE_003 | J135: S01aH05 | K135: 0.00071717616 | L135: IMPNRGZ | N135: elc_won_ARE_003 | O135: S01aH05 | P135: 0.00054708693 | Q135: IMPNRGZ | AK135: 2037 | AL135: S05 | AM135: 0.3597 | AN135: hydro
I136: elc_spv_ARE_003 | J136: S01aH06 | K136: 0 | L136: IMPNRGZ | N136: elc_won_ARE_003 | O136: S01aH06 | P136: 0.0038986394 | Q136: IMPNRGZ | AK136: 2037 | AL136: S06 | AM136: 0.3597 | AN136: hydro
I137: elc_spv_ARE_003 | J137: S02aH01 | K137: 0 | L137: IMPNRGZ | N137: elc_won_ARE_003 | O137: S02aH01 | P137: 0.035873388 | Q137: IMPNRGZ | AK137: 2037 | AL137: S07 | AM137: 0.44606667 | AN137: hydro
I138: elc_spv_ARE_003 | J138: S02aH02 | K138: 0.0029245845 | L138: IMPNRGZ | N138: elc_won_ARE_003 | O138: S02aH02 | P138: 0.0050847545 | Q138: IMPNRGZ | AK138: 2037 | AL138: S08 | AM138: 0.51815 | AN138: hydro
I139: elc_spv_ARE_003 | J139: S02aH03 | K139: 0.0055855349 | L139: IMPNRGZ | N139: elc_won_ARE_003 | O139: S02aH03 | P139: 0.0043339585 | Q139: IMPNRGZ | AK139: 2037 | AL139: S09 | AM139: 0.39751429 | AN139: hydro
I140: elc_spv_ARE_003 | J140: S02aH04 | K140: 0.061333127 | L140: IMPNRGZ | N140: elc_won_ARE_003 | O140: S02aH04 | P140: 0.034392987 | Q140: IMPNRGZ | AK140: 2037 | AL140: S10 | AM140: 0.3844 | AN140: hydro
I141: elc_spv_ARE_003 | J141: S02aH05 | K141: 0.0035968595 | L141: IMPNRGZ | N141: elc_won_ARE_003 | O141: S02aH05 | P141: 0.0038931583 | Q141: IMPNRGZ | AK141: 2038 | AL141: S01 | AM141: 0.3462 | AN141: hydro
I142: elc_spv_ARE_003 | J142: S02aH06 | K142: 0 | L142: IMPNRGZ | N142: elc_won_ARE_003 | O142: S02aH06 | P142: 0.028298427 | Q142: IMPNRGZ | AK142: 2038 | AL142: S02 | AM142: 0.3362 | AN142: hydro
... I270: elc_spv_ARE_005 | J270: S04aH02 | K270: 0.00071512002 | L270: IMPNRGZ | N270: elc_won_ARE_005 | O270: S04aH02 | P270: 0.0010750166 | Q270: IMPNRGZ | AK270: 2050 | AL270: S10 | AM270: 0.366 | AN270: hydro
I271: elc_spv_ARE_005 | J271: S04aH03 | K271: 0.0012238277 | L271: IMPNRGZ | N271: elc_won_ARE_005 | O271: S04aH03 | P271: 0.00091591511 | Q271: IMPNRGZ
I272: elc_spv_ARE_005 | J272: S04aH04 | K272: 0.012009231 | L272: IMPNRGZ | N272: elc_won_ARE_005 | O272: S04aH04 | P272: 0.0065270809 | Q272: IMPNRGZ
I273: elc_spv_ARE_005 | J273: S04aH05 | K273: 0.00082946545 | L273: IMPNRGZ | N273: elc_won_ARE_005 | O273: S04aH05 | P273: 0.00086032016 | Q273: IMPNRGZ
I274: elc_spv_ARE_005 | J274: S04aH06 | K274: 0 | L274: IMPNRGZ | N274: elc_won_ARE_005 | O274: S04aH06 | P274: 0.0054692154 | Q274: IMPNRGZ
I275: elc_spv_ARE_005 | J275: S05aH01 | K275: 0 | L275: IMPNRGZ | N275: elc_won_ARE_005 | O275: S05aH01 | P275: 0.010461554 | Q275: IMPNRGZ
I276: elc_spv_ARE_005 | J276: S05aH02 | K276: 0.0015286817 | L276: IMPNRGZ | N276: elc_won_ARE_005 | O276: S05aH02 | P276: 0.0022456138 | Q276: IMPNRGZ
I277: elc_spv_ARE_005 | J277: S05aH03 | K277: 0.0024889831 | L277: IMPNRGZ | N277: elc_won_ARE_005 | O277: S05aH03 | P277: 0.0019375338 | Q277: IMPNRGZ
I278: elc_spv_ARE_005 | J278: S05aH04 | K278: 0.024521117 | L278: IMPNRGZ | N278: elc_won_ARE_005 | O278: S05aH04 | P278: 0.012613261 | Q278: IMPNRGZ
I279: elc_spv_ARE_005 | J279: S05aH05 | K279: 0.0017621269 | L279: IMPNRGZ | N279: elc_won_ARE_005 | O279: S05aH05 | P279: 0.001511446 | Q279: IMPNRGZ
I280: elc_spv_ARE_005 | J280: S05aH06 | K280: 5.8974274e-05 | L280: IMPNRGZ | N280: elc_won_ARE_005 | O280: S05aH06 | P280: 0.0096859607 | Q280: IMPNRGZ
I281: elc_spv_ARE_005 | J281: S06aH01 | K281: 5.6726069e-08 | L281: IMPNRGZ | N281: elc_won_ARE_005 | O281: S06aH01 | P281: 0.0029935954 | Q281: IMPNRGZ
I282: elc_spv_ARE_005 | J282: S06aH02 | K282: 0.0005080915 | L282: IMPNRGZ | N282: elc_won_ARE_005 | O282: S06aH02 | P282: 0.00031477514 | Q282: IMPNRGZ
... I610: elc_spv_ARE_010 | J610: S10aH06 | K610: 0 | L610: IMPNRGZ | N610: elc_won_ARE_010 | O610: S10aH06 | P610: 0.022765714 | Q610: IMPNRGZ

Sheet ts_annual
C9: =IF(A11="x","DeActivated","~TimeSlices") -> ~TimeSlices | I9: =IF(A11="x","DeActivated","~TFM_DINS-AT") -> ~TFM_DINS-AT | N9: =IF(A11="x","DeActivated","~TFM_DINS-AT") -> ~TFM_DINS-AT | S9: =IF(A11="x","DeActivated","~TFM_DINS-AT") -> ~TFM_DINS-AT | X9: =IF(A11="x","DeActivated","~TFM_DINS-AT") -> ~TFM_DINS-AT | AC9: =IF(A11="x","DeActivated","~TFM_DINS-AT") -> ~TFM_DINS-AT | AG9: =IF(A11="x","DeActivated","~TFM_DINS-AT") -> ~TFM_DINS-AT | AK9: =IF(A11="x","DeActivated","~TFM_INS-AT") -> ~TFM_INS-AT
A10: ts_annual | C10: season | D10: weekly | E10: daynite | F10: wparent | G10: dparent | I10: commodity | J10: timeslice | K10: com_fr | L10: process | N10: commodity | O10: timeslice | P10: com_fr | Q10: process | S10: commodity | T10: timeslice | U10: com_fr | V10: process | X10: g_yrfr | Y10: com_fr | Z10: timeslice | AA10: commodity | AC10: commodity | AD10: timeslice | AE10: com_fr | AG10: commodity | AH10: timeslice | AI10: com_pkflx | AK10: Year | AL10: timeslice | AM10: ncap_afs | AN10: pset_ci
A11: =IFERROR(IF(Veda!D5=A10,"ok","x"),"") -> ok | C11: AllS | D11: a | E11: AllH | F11: AllS | G11: a | I11: elc_spv_ARE_001 | J11: AllSaAllH | K11: 1 | L11: IMPNRGZ | N11: elc_won_ARE_001 | O11: AllSaAllH | P11: 1 | Q11: IMPNRGZ | S11: elc_wof_ARE_001 | T11: AllSaAllH | U11: 1 | V11: IMPNRGZ | X11: 1 | Y11: 1 | Z11: AllSaAllH | AA11: elc_roadtransport | AC11: elc_buildings | AD11: AllSaAllH | AE11: 1 | AG11: ELC | AH11: AllSaAllH | AI11: 0.33857759 | AK11: 2025 | AL11: AllS | AM11: 0.39875833 | AN11: hydro
I12: elc_spv_ARE_002 | J12: AllSaAllH | K12: 1 | L12: IMPNRGZ | N12: elc_won_ARE_002 | O12: AllSaAllH | P12: 1 | Q12: IMPNRGZ | S12: elc_wof_ARE_002 | T12: AllSaAllH | U12: 1 | V12: IMPNRGZ | AC12: elc_industry | AD12: AllSaAllH | AE12: 1 | AK12: 2026 | AL12: AllS | AM12: 0.41156667 | AN12: hydro
I13: elc_spv_ARE_003 | J13: AllSaAllH | K13: 1 | L13: IMPNRGZ | N13: elc_won_ARE_003 | O13: AllSaAllH | P13: 1 | Q13: IMPNRGZ | AK13: 2027 | AL13: AllS | AM13: 0.409175 | AN13: hydro
